,EXH1.DE,EXV6.DE,EXV7.DE,EXH3.DE,EXH9.DE,IOGP.L,WNRG.L,XDW0.DE,IESU.L,GDIG.L,ISAG.L,GDX.L,GJGB.L,SPGP.L,IAUP.L,EXXY.DE,XDBC.DE,CMFP.L,CMOD.L,EQNR.OL,AKRBP.OL,DNO.OL,SUBC.OL,TGS.OL,BORR.OL,SHEL.L,BP.L,TTE.PA,NESTE.HE,CNA.L,ENGI.PA,RWE.DE,EOAN.DE,FORTUM.HE,ORSTED.CO,XOM,CVX,COP,FANG,DVN,EOG,OXY,APA,EQT,AR,RRC,CNX,LNG,SLB,HAL,BKR,CNQ.TO,SU.TO,CVE.TO,TOU.TO,ARX.TO,BIR.TO,PEY.TO,WCP.TO,VET.TO,NEM,AEM,B,GFI,AU,KGC,HMY,FNV,WPM,RGLD,PAAS,SSRM,IAG,BTG,EDV.TO,K.TO,ELD.TO,EQX.TO,LUG.TO,FRES.L,HOC.L,ANTO.L,GLEN.L,RIO.L,AAL.L,BHP.L,FCX,SCCO,TECK-B.TO,FM.TO,HBM.TO,LUN.TO,IVN.TO,ERO.TO,CS.TO,NEXA,BOL.ST,ATYM.L,CAML.L,AA,CENX,KALU,CSTM,VALE,ERA.PA,OUT1V.HE,SBSW,FXPO.L,MT.AS,SSAB-B.ST,STLD,CIA.TO,LIF.TO,BTU,HCC,CNR,ARLP,NC,MPE.L,RE.L,ADM,BG,CCJ,CCO.TO,NXE,UEC,DNN,UUUU,URG,PDN.AX,U-UN.TO,BWXT,LEU,CCL,AFM.V,SIP.BR,LOTB.BR,AI.PA,HEI.DE,NHY.OL,CLF,HSY,BARN.SW,NESN.SW,FRO.OL,OET.OL,DHT,NAT,HAFNI.OL,TRMD-A.CO,TNK,SBLK,GNK,PANL,2020.OL
1985-01,,,,,,,,,,,,,,,,,,,,,,,,,,,,,,,,,,,,4.23815,5.17449,4.48002,,,,8.26422,7.43013,2.91886,,20.3682,,,11.8345,9.89117,,,,,,,,,,,20.8032,20.997,,12.4646,,8.14459,,,,15.4342,,,,,,,,,,,,,,,,,,,,,,,,,,,,,,17.5699,,,,,,,,,,,,,,,,,,1.80741,,,4.10919,,,,,,,,,,,,,,,,,,,,3.32982,3.82068,,,,,,,,,,,,,
1985-02,,,,,,,,,,,,,,,,,,,,,,,,,,,,,,,,,,,,4.24888,5.2993,4.57501,,,,8.66587,7.83526,3.21888,,21.9615,,,12.3676,10.2362,,,,,,,,,,,19.9447,19.8399,1.0693,12.0202,,9.62608,,,,15.6568,,,,,,,,,,,,,,,,,,,,,,,,,,,,,,16.9155,,,,,,,,,,,,,,,,,,1.81956,,,3.80575,,,,,,,,,,,,,,,,,,,,3.4582,4.03082,,,,,,,,,,,,,
1985-03,,,,,,,,,,,,,,,,,,,,,,,,,,,,,,,,,,,,4.47797,5.3175,3.51668,,,,8.92985,8.29595,3.24712,,18.5129,,,11.3819,9.83641,,,,,,,,,,,20.6272,25.5631,1.21747,14.5365,,8.07569,,,,14.4207,,,,,,,,,,,,,,,,,,,,,,,,,,,,,,15.5994,,,,,,,,,,,,,,,,,,1.72621,,,4.08124,,,,,,,,,,,,,,,,,,,,3.09658,4.24297,,,,,,,,,,,,,
1985-04,,,,,,,,,,,,,,,,,,,,,,,,,,,,,,,,,,,,4.56789,5.63409,3.63753,,,,8.88808,8.60852,3.49289,,15.0761,,,11.5126,10.0701,,,,,,,,,,,20.5308,26.755,1.21177,13.385,,7.53555,,,,13.7674,,,,,,,,,,,,,,,,,,,,,,,,,,,,,,14.0135,,,,,,,,,,,,,,,,,,1.74274,,,3.92455,,,,,,,,,,,,,,,,,,,,3.20456,4.02202,,,,,,,,,,,,,
1985-05,,,,,,,,,,,,,,,,,,,,,,,,,,,,,,,,,,,,4.85069,5.4946,3.63566,,,,9.29955,8.05134,3.73986,,16.6888,,,11.1399,10.2214,,,,,,,,,,,20.8587,24.826,1.20725,12.7001,,6.50646,,,,13.1324,,,,,,,,,,,,,,,,,,,,,,,,,,,,,,14.7021,,,,,,,,,,,,,,,,,,1.6913,,,4.3177,,,,,,,,,,,,,,,,,,,,3.13161,4.39521,,,,,,,,,,,,,
1985-06,,,,,,,,,,,,,,,,,,,,,,,,,,,,,,,,,,,,4.82597,5.72834,3.55557,,,,10.2497,7.2054,3.76932,,18.3065,,,11.3826,9.42741,,,,,,,,,,,19.2448,23.975,1.20389,11.8414,,5.49012,,,,12.2227,,,,,,,,,,,,,,,,,,,,,,,,,,,,,,15.5703,,,,,,,,,,,,,,,,,,1.73955,,,4.64055,,,,,,,,,,,,,,,,,,,,3.24455,4.72011,,,,,,,,,,,,,
1985-07,,,,,,,,,,,,,,,,,,,,,,,,,,,,,,,,,,,,4.69407,5.6221,3.5241,,9.43568,,10.1555,7.45515,3.76233,,18.2725,,,11.3983,9.61098,,,,,,,,,,,20.5894,29.1328,1.50207,9.79689,,6.97446,,,,11.6191,,,,,,,,,,,,,,,,,,,,,,,,,,,,,,16.4695,,,,,,,,,,,,,,,,,,1.85424,,,4.20898,,,,,,,,,,,,,,,,,,,,3.31949,4.47454,,,,,,,,,,,,,
1985-08,,,,,,,,,,,,,,,,,,,,,,,,,,,,,,,,,,,,4.7867,5.83967,3.51757,,8.76112,,9.5735,7.61644,3.69575,,18.2387,,,10.7532,9.37745,,,,,,,,,,,20.7809,31.1559,1.64922,9.33713,,9.94507,,,,8.11833,,,,,,,,,,,,,,,,,,,,,,,,,,,,,,16.2677,,,,,,,,,,,,,,,,,,1.91684,,,4.21074,,,,,,,,,,,,,,,,,,,,3.23253,4.3893,,,,,,,,,,,,,
1985-09,,,,,,,,,,,,,,,,,,,,,,,,,,,,,,,,,,,,4.69426,5.72676,3.43696,,8.1908,,9.54624,7.733,3.30904,,16.5347,,,10.1109,8.29435,,,,,,,,,,,19.2922,27.1859,1.79416,8.93378,,8.92577,,,,8.67411,,,,,,,,,,,,,,,,,,,,,,,,,,,,,,15.0273,,,,,,,,,,,,,,,,,,1.85052,,,4.12409,,,,,,,,,,,,,,,,,,,,2.90122,4.51471,,,,,,,,,,,,,
1985-10,,,,,,,,,,,,,,,,,,,,,,,,,,,,,,,,,,,,4.95873,6.03338,3.67143,,8.37827,,10.8046,8.4925,3.39557,,13.1791,,,9.77956,8.06128,,,,,,,,,,,20.3619,28.8916,1.48963,6.89506,,9.88102,,,,10.0826,,,,,,,,,,,,,,,,,,,,,,,,,,,,,,14.5958,,,,,,,,,,,,,,,,,,1.97743,,,4.48968,,,,,,,,,,,,,,,,,,,,2.70989,4.92174,,,,,,,,,,,,,
1985-11,,,,,,,,,,,,,,,,,,,,,,,,,,,,,,,,,,,,4.87826,5.97503,3.76901,,7.81267,,10.9266,8.55644,3.37638,,11.4999,,,10.4859,8.74649,,,,,,,,,,,21.8416,31.1274,1.48553,7.93875,,16.7515,,,,8.6184,,,,,,,,,,,,,,,,,,,,,,,,,,,,,,16.3823,,,,,,,,,,,,,,,,,,2.21548,,,4.8753,,,,,,,,,,,,,,,,,,,,2.88259,5.40741,,,,,,,,,,,,,
1985-12,,,,,,,,,,,,,,,,,,,,,,,,,,,,,,,,,,,,5.02438,5.93915,3.47229,,6.81732,,9.55507,7.62156,3.04316,,8.19169,,,10.7682,9.00914,,,,,,,,,,,21.3846,31.8115,1.59997,6.85721,,18.6709,,,,6.8758,,,,,,,,,,,,,,,,,,,,,,,,,,,,,,17.5327,,,,,,,,,,,,,,,,,,2.25795,,,5.15959,,,,,,,,,,,,,,,,,,,,2.85471,5.14292,,,,,,,,,,,,,
1986-01,,,,,,,,,,,,,,,,,,,,,,,,,,,,,,,,,,,,4.70385,5.67045,3.17639,,6.47492,,8.4915,7.33861,2.81946,,7.35234,,,9.81929,7.96352,,,,,,,,,,,22.9665,37.6088,1.71378,9.07648,,17.6398,,,,5.71415,,,,,,,,,,,,,,,,,,,,,,,,,,,,,,19.0742,,,,,,,,,,,,,,,,,,2.04193,,,5.46706,,,,,,,,,,,,,,,,,,,,2.96635,5.24088,,,,,,,,,,,,,
1986-02,,,,,,,,,,,,,,,,,,,,,,,,,,,,,,,,,,,,4.84663,5.82064,3.1485,,5.627,,8.20658,6.48272,2.92536,,8.19169,,,8.85056,7.59853,,,,,,,,,,,22.0085,34.6335,1.57034,9.66244,,14.7402,,,,4.87036,,,,,,,,,,,,,,,,,,,,,,,,,,,,,,20.4109,,,,,,,,,,,,,,,,,,2.18981,,,5.56353,,,,,,,,,,,,,,,,,,,,2.83475,5.65565,,,,,,,,,,,,,
1986-03,,,,,,,,,,,,,,,,,,,,,,,,,,,,,,,,,,,,5.19504,5.80761,2.90551,,6.52253,,7.72902,6.20876,2.89936,,8.22934,,,9.50574,7.5915,,,,,,,,,,,22.5655,35.5659,1.69662,8.0786,,19.2503,,,,5.46836,,,,,,,,,,,,,,,,,,,,,,,,,,,,,,19.5255,,,,,,,,,,,,,,,,,,2.73862,,,5.93842,,,,,,,,,,,,,,,,,,,,2.78761,6.43919,,,,,,,,,,,,,
1986-04,,,,,,,,,,,,,,,,,,,,,,,,,,,,,,,,,,,,5.2863,6.13712,2.87402,,6.20781,,7.9418,6.30906,3.33942,,8.24449,,,8.99834,7.39539,,,,,,,,,,,19.8098,33.3076,2.35579,8.03074,,16.8132,,,,6.63178,,,,,,,,,,,,,,,,,,,,,,,,,,,,,,18.7756,,,,,,,,,,,,,,,,,,2.60464,,,5.30693,,,,,,,,,,,,,,,,,,,,2.9133,6.47636,,,,,,,,,,,,,
1986-05,,,,,,,,,,,,,,,,,,,,,,,,,,,,,,,,,,,,5.65956,6.45737,3.17212,,6.62515,,9.06831,6.55752,3.61595,,8.22178,,,9.68396,7.20642,,,,,,,,,,,22.6587,30.3835,2.3493,6.75727,,17.7532,,,,6.03842,,,,,,,,,,,,,,,,,,,,,,,,,,,,,,19.0137,,,,,,,,,,,,,,,,,,2.87238,,,5.66676,,,,,,,,,,,,,,,,,,,,2.36429,7.2317,,,,,,,,,,,,,
1986-06,,,,,,,,,,,,,,,,,,,,,,,,,,,,,,,,,,,,5.72255,6.1611,2.85782,,6.15679,,8.61856,6.04333,3.49814,,9.81207,,,10.3208,7.5042,,,,,,,,,,,21.2323,32.0095,2.42515,6.3469,,16.675,,,,8.00712,,,,,,,,,,,,,,,,,,,,,,,,,,,,,,17.5836,,,,,,,,,,,,,,,,,,2.69771,,,5.4371,,,,,,,,,,,,,,,,,,,,2.29156,8.1384,,,,,,,,,,,,,
1986-07,,,,,,,,,,,,,,,,,,,,,,,,,,,,,,,,,,,,5.7108,5.79986,2.56718,,4.10453,,7.65199,5.51009,3.33156,,9.81207,,,8.63191,6.07081,,,,,,,,,,,20.6661,36.3628,2.57302,5.28908,,15.2037,,,,6.2913,,,,,,,,,,,,,,,,,,,,,,,,,,,,,,15.698,,,,,,,,,,,,,,,,,,2.54286,,,5.48169,,,,,,,,,,,,,,,,,,,,1.55427,7.7094,,,,,,,,,,,,,
1986-08,,,,,,,,,,,,,,,,,,,,,,,,,,,,,,,,,,,,6.55478,7.20948,3.09007,,4.74395,,9.40685,6.38715,3.48198,,8.978,,,10.1896,7.40784,,,,,,,,,,,24.3019,38.3414,3.09971,6.89432,,16.6446,,,,7.13617,,,,,,,,,,,,,,,,,,,,,,,,,,,,,,17.1783,,,,,,,,,,,,,,,,,,2.67257,,,6.52696,,,,,,,,,,,,,,,,,,,,1.47188,8.74515,,,,,,,,,,,,,
1986-09,,,,,,,,,,,,,,,,,,,,,,,,,,,,,,,,,,,,6.37109,7.13622,3.03854,,5.0444,,9.36158,6.23141,3.54408,,8.12479,,,10.1584,7.37423,,,,,,,,,,,26.8922,44.2742,3.29136,7.91414,,16.5691,,,,6.81965,,,,,,,,,,,,,,,,,,,,,,,,,,,,,,17.1003,,,,,,,,,,,,,,,,,,2.67265,,,5.52469,,,,,,,,,,,,,,,,,,,,1.485,6.53855,,,,,,,,,,,,,
1986-10,,,,,,,,,,,,,,,,,,,,,,,,,,,,,,,,,,,,6.43631,7.23103,3.19616,,5.14706,,9.51646,6.40363,3.61869,,4.87045,,,9.58532,7.45222,,,,,,,,,,,26.8116,39.4039,3.28837,6.79504,,17.5278,,,,7.09735,,,,,,,,,,,,,,,,,,,,,,,,,,,,,,16.7962,,,,,,,,,,,,,,,,,,2.75557,,,6.18897,,,,,,,,,,,,,,,,,,,,1.40453,7.62768,,,,,,,,,,,,,
1986-11,,,,,,,,,,,,,,,,,,,,,,,,,,,,,,,,,,,,6.63398,7.77421,3.34532,,4.92813,,9.22221,6.13126,4.12079,,4.86604,,,9.98975,8.50349,,,,,,,,,,,27.1242,39.6222,3.2854,7.77637,,17.0255,,,,6.80729,,,,,,,,,,,,,,,,,,,,,,,,,,,,,,16.1065,,,,,,,,,,,,,,,,,,2.76553,,,6.61114,,,,,,,,,,,,,,,,,,,,1.2649,7.58735,,,,,,,,,,,,,
1986-12,,,,,,,,,,,,,,,,,,,,,,,,,,,,,,,,,,,,6.71172,7.43927,3.57018,,4.17442,,9.16945,6.44079,4.253,,4.05137,,,9.61722,8.32503,,,,,,,,,,,27.6047,38.5713,3.54619,7.74691,,17.4961,,,,6.51775,,,,,,,,,,,,,,,,,,,,,,,,,,,,,,15.7434,,,,,,,,,,,,,,,,,,2.57965,,,5.71152,,,,,,,,,,,,,,,,,,,,1.50071,7.46677,,,,,,,,,,,,,
1987-01,,,,,,,,,,,,,,,,,,,,,,,,,,,,,,,,,,,,7.87022,8.6347,3.81909,,4.89268,,10.8098,7.37806,4.59289,,9.66207,,,10.9488,10.4787,,,,,,,,,,,31.1664,43.8761,4.60141,8.65245,,22.2154,,,,11.2639,,,,,,,,,,,,,,,,,,,,,,,,,,,,,,18.3575,,,,,,,,,,,,,,,,,,2.69704,,,5.63695,,,,,,,,,,,,,,,,,,,,1.56975,8.62501,,,,,,,,,,,,,
1987-02,,,,,,,,,,,,,,,,,,,,,,,,,,,,,,,,,,,,7.50833,8.12524,3.99567,,4.98112,,10.5235,6.99732,4.83412,,11.232,,,11.2845,10.272,,,,,,,,,,,36.5637,44.9751,5.57155,9.0018,,19.2485,,,,12.6264,,,,,,,,,,,,,,,,,,,,,,,,,,,,,,19.0095,,,,,,,,,,,,,,,,,,2.79638,,,5.8556,,,,,,,,,,,,,,,,,,,,1.66189,8.37175,,,,,,,,,,,,,
1987-03,,,,,,,,,,,,,,,,,,,,,,,,,,,,,,,,,,,,8.17821,9.17161,4.8113,,4.74789,,11.1925,8.42771,5.27548,,14.3767,,,12.1499,11.8811,,,,,,,,,,,41.894,50.0274,7.54004,11.9909,,26.3487,,,,20.1122,,,,,,,,,,,,,,,,,,,,,,,,,,,,,,19.6747,,,,,,,,,,,,,,,,,,2.55393,,,6.02124,,,,,,,,,,,,,,,,,,,,1.63501,8.29688,,,,,,,,,,,,,
1987-04,,,,,,,,,,,,,,,,,,,,,,,,,,,,,,,,,,,,8.21768,9.42756,4.22045,,5.03745,,11.5499,7.32396,4.8349,,10.3279,,,12.2349,11.5224,17.7251,,,,,,,,,,40.0704,55.7323,7.27002,13.2454,,29.0675,,,,23.3393,,,,,,,,,,,,,,,,,,,,,,,,,,,,,,22.0068,,,,,,,,,,,,,,,,,,2.4079,,,5.98918,,,,,,,,,,,,,,,,,,,,2.14905,7.43117,,,,,,,,,,,,,
1987-05,,,,,,,,,,,,,,,,,,,,,,,,,,,,,,,,,,,,8.30856,9.55554,4.74148,,4.70591,,12.2985,7.56184,5.0831,,9.49975,,,12.6763,12.1122,21.4647,,,,,,,,,,43.7398,49.3371,8.41828,11.4471,,25.6409,,,,26.5791,,,,,,,,,,,,,,,,,,,,,,,,,,,,,,21.9865,,,,,,,,,,,,,,,,,,2.39999,,,6.39445,,,,,,,,,,,,,,,,,,,,2.21862,7.63236,,,,,,,,,,,,,
1987-06,,,,,,,,,,,,,,,,,,,,,,,,,,,,,,,,,,,,8.87405,10.1132,5.02715,,4.3767,,12.6741,7.58516,4.89251,,9.46627,,,13.6928,12.8291,22.2446,,,,,,,,,,41.4421,44.4693,7.87503,11.965,,22.7116,,,,22.8989,,,,,,,,,,,,,,,,,,,,,,,,,,,,,,24.49,,,,,,,,,,,,,,,,,,2.37952,,,7.43389,,,,,,,,,,,,,,,,,,,,2.38382,8.35109,,,,,,,,,,,,,
1987-07,,,,,,,,,,,,,,,,,,,,,,,,,,,,,,,,,,,,8.9337,9.84247,5.4396,,4.57303,,12.6407,8.2689,4.83656,,9.44132,,,14.7761,13.7213,25.7141,,,,,,,,,,60.7385,55.1936,10.017,14.4491,,27.3708,,,,23.9392,,,,,,,,,,,,,,,,,,,,,,,,,,,,,,29.116,,,,,,,,,,,,,,,,,,2.37324,,,7.75475,,,,,,,,,,,,,5.14485,,,,,,,2.45423,8.25471,,,,,,,,,,,,,
1987-08,,,,,,,,,,,,,,,,,,,,,,,,,,,,,,,,,,,,9.50437,9.55969,5.41107,,4.34227,,12.6997,8.40055,4.83051,,9.3918,,,14.1587,13.6496,24.6047,,,,,,,,,,80.4166,55.1493,10.191,14.0525,,24.8801,,,,26.8245,,,,,,,,,,,,,,,,,,,,,,,,,,,,,,24.9269,,,,,,,,,,,,,,,,,,2.83842,,,8.18679,,,,,,,,,,,,,5.95614,,,,,,,3.05169,9.74214,,,,,,,,,,,,,
1987-09,,,,,,,,,,,,,,,,,,,,,,,,,,,,,,,,,,,,9.22938,8.75797,4.89349,,4.21677,,11.6662,7.46569,4.47637,,9.3428,,,13.899,13.1173,23.8705,,,,,,,,,,86.0301,52.1794,12.8975,13.4685,,23.8163,,,,31.3135,,,,,,,,,,,,,,,,,,,,,,,,,,,,,,28.0387,,,,,,,,,,,,,,,,,,2.66873,,,8.3408,,,,,,,,,,,,,5.61784,,,,,,,2.88398,10.0982,,,,,,,,,,,,,
1987-10,,,,,,,,,,,,,,,,,,,,,,,,,,,,,,,,,,,,8.06949,7.19487,3.57036,,3.38515,,9.10633,4.99338,3.62313,,9.31849,,,10.3786,9.02867,16.3154,,,,,,,,,,46.6999,30.3993,7.69591,11.0778,,15.8362,,,,13.8507,,,,,,,,,,,,,,,,,,,,,,,,,,,,,,19.5136,,,,,,,,,,,,,,,,,,1.90127,,,6.04311,,,,,,,,,,,,,3.58957,,,,,,,1.94919,7.56317,,,,,,,,,,,,,
1987-11,,,,,,,,,,,,,,,,,,,,,,,,,,,,,,,,,,,,7.03375,5.99373,3.18777,,2.66478,,8.34023,5.07658,3.53942,,9.31042,,,8.77715,7.9252,11.2298,,,,,,,,,,49.8193,42.2792,9.68255,12.8493,,17.684,,,,10.8539,,,,,,,,,,,,,,,,,,,,,,,,,,,,,,20.0256,,,,,,,,,,,,,,,,,,2.1141,,,5.84944,,,,,,,,,,,,,3.14908,,,,,,,2.1933,7.12091,,,,,,,,,,,,,
1987-12,,,,,,,,,,,,,,,,,,,,,,,,,,,,,,,,,,,,7.29692,6.50688,4.25036,,1.74236,,8.21387,5.29874,3.64014,,9.31042,,,8.60694,8.34676,13.1618,,,,,,,,,,46.0624,33.7748,9.34479,13.6222,,22.3376,,,,7.32639,,,,,,,,,,,,,,,,,,,,,,,,,,,,,,21.2772,,,,,,,,,,,,,,,,,,2.26937,,,6.67386,,,,,,,,,,,,,4.19877,,,,,,,2.25003,7.26926,,,,,,,,,,,,,
1988-01,,,,,,,,,,,,,,,,,,,,,,,,,,,,,,,,,,,,8.01773,7.34989,4.36492,,2.04451,,8.78075,5.90158,3.67375,,9.28627,,,9.74168,9.62854,15.1751,,,,,,,,,,42.5217,24.9624,8.30989,11.056,,21.3514,,,,7.984,,,,,,,,,,,,,,,,,,,,,,,,,,,,,,18.6118,,,,,,,,,,,,,,,,,,2.31114,,,6.18668,,,,,,,,,,,,,4.66775,,,,,,,2.22534,7.65732,,,,,,,,,,,,,
1988-02,,,,,,,,,,,,,,,,,,,,,,,,,,,,,,,,,,,,8.2162,7.329,4.58277,,1.73334,,8.79995,5.88632,3.88648,,9.26226,,,10.3866,10.7373,16.2152,,,,,,,,,,44.887,26.3482,9.07244,11.6917,,17.5925,,,,6.34369,,,,,,,,,,,,,,,,,,,,,,,,,,,,,,21.3231,,,,,,,,,,,,,,,,,,2.63846,,,6.49134,,,,,,,,,,,,,4.51778,,,,,,,2.37006,7.86891,,,,,,,,,,,,,
1988-03,,,,,,,,,,,,,,,,,,,,,,,,,,,,,,,,,,,,8.06098,7.66861,5.20954,,2.03047,,8.97383,5.64804,3.94173,,9.22251,,,10.2822,11.4068,17.23,,,,,,,,,,44.8568,28.8828,9.47961,12.303,,19.8218,,,,7.526,,,,,,,,,,,,,,,,,,,,,,,,,,,,,,19.7556,,,,,,,,,,,,,,,,,,2.76978,,,6.22986,,,,,,,,,,,,,4.71676,,,,,,,2.88431,7.31773,,,,,,,,,,,,,
1988-04,,,,,,,,,,,,,,,,,,,,,,,,,,,,,,,,,,,,8.56864,7.89593,5.4553,,1.91907,,9.18293,5.7947,3.90722,,9.17525,,,11.1595,11.2646,16.7821,,,,,,,,,,45.5972,28.9742,9.20912,11.0554,,18.3444,,,,7.22003,,,,,,,,,,,,,,,,,,,,,,,,,,,,,,19.8238,,,,,,,,,,,,,,,,,,3.27596,,,6.97268,,,,,,,,,,,,,4.38844,,,,,,,3.05586,7.05962,,,,,,,,,,,,,
1988-05,,,,,,,,,,,,,,,,,,,,,,,,,,,,,,,,,,,,8.67135,8.16473,5.24663,,1.71122,,9.02457,5.42497,3.46855,,9.14402,,,11.1759,10.893,16.8508,,,,,,,,,,49.3489,26.4892,9.14465,11.2801,,19.1961,,,,9.06093,,,,,,,,,,,,,,,,,,,,,,,,,,,,,,20.8558,,,,,,,,,,,,,,,,,,3.01948,,,6.68613,,,,,,,,,,,,,4.27925,,,,,,,2.85976,6.86327,,,,,,,,,,,,,
1988-06,,,,,,,,,,,,,,,,,,,,,,,,,,,,,,,,,,,,8.70656,7.49045,4.77011,,1.60373,,9.15709,5.27782,3.99844,,9.10527,,,9.97479,9.84172,15.402,,,,,,,,,,52.8454,28.5156,8.99553,10.7193,,18.6596,,,,7.16496,,,,,,,,,,,,,,,,,,,,,,,,,,,,,,24.0406,,,,,,,,,,,,,,,,,,3.03027,,,6.23448,,,,,,,,,,,,,4.56548,,,,,,,3.32841,7.23836,,,,,,,,,,,,,
1988-07,,,,,,,,,,,,,,,,,,,,,,,,,,,,,,,,,,,,9.05196,7.97255,5.37319,,1.49715,,8.98942,5.8687,3.76751,,9.06685,,,10.2292,9.67509,15.4617,,,,,,,,,,53.2642,26.2656,8.29812,10.1336,,17.6745,,,,6.34198,,,,,,,,,,,,,,,,,,,,,,,,,,,,,,23.7705,,,,,,,,,,,,,,,,,,2.98226,,,6.28481,,,,,,,,,,,,,4.37303,,,,,,,3.36961,7.20782,,,,,,,,,,,,,
1988-08,,,,,,,,,,,,,,,,,,,,,,,,,,,,,,,,,,,,8.95249,7.38428,5.23677,,2.38538,,9.08014,5.14624,3.78987,,9.02876,,,9.79481,8.92732,13.8855,,,,,,,,,,47.162,23.5633,7.60658,9.41827,,14.4412,,,,6.57847,,,,,,,,,,,,,,,,,,,,,,,,,,,,,,22.8707,,,,,,,,,,,,,,,,,,2.6554,,,6.00699,,,,,,,,,,,,,5.08478,,,,,,,3.52047,6.97361,,,,,,,,,,,,,
1988-09,,,,,,,,,,,,,,,,,,,,,,,,,,,,,,,,,,,,8.55803,7.19074,5.72952,,2.32009,,8.92935,4.64404,3.85012,,8.96846,,,9.98836,8.40975,13.0473,,,,,,,,,,45.0943,20.8313,7.33835,9.08808,,8.06895,,,,6.53454,,,,,,,,,,,,,,,,,,,,,,,,,,,,,,23.6133,,,,,,,,,,,,,,,,,,2.78939,,,6.28941,,,,,,,,,,,,,5.094,,,,,,,3.73374,7.29162,,,,,,,,,,,,,
1988-10,,,,,,,,,,,,,,,,,,,,,,,,,,,,,,,,,,,,8.52955,7.70073,6.09994,,3.14876,,9.20353,5.06524,3.65255,,8.93862,,,9.99199,8.54773,12.9938,,,,,,,,,,44.309,20.2954,7.42228,9.32425,,11.6164,,,,7.16408,,,,,,,,,,,,,,,,,,,,,,,,,,,,,,24.9714,,,,,,,,,,,,,,,,,,2.93133,,,6.83895,,,,,,,,,,,,,4.68981,,,,,,,4.02991,7.95775,,,,,,,,,,,,,
1988-11,,,,,,,,,,,,,,,,,,,,,,,,,,,,,,,,,,,,8.33958,7.61526,6.05702,,3.04782,,9.02236,4.88652,3.85836,,8.93119,,,9.83632,8.91699,12.8582,,,,,,,,,,45.2595,20.2785,7.53514,9.71578,,8.92824,,,,5.7265,,,,,,,,,,,,,,,,,,,,,,,,,,,,,,23.7732,,,,,,,,,,,,,,,,,,2.80295,,,6.43131,,,,,,,,,,,,,4.89282,,,,,,,3.5187,7.31276,,,,,,,,,,,,,
1988-12,,,,,,,,,,,,,,,,,,,,,,,,,,,,,,,,,,,,8.47011,7.60262,5.89579,,3.72984,,9.00739,5.53823,3.88059,,8.91636,,,9.68705,9.36194,13.9585,,,,,,,,,,42.1615,18.616,7.08967,9.17997,,10.2504,,,,5.71699,,,,,,,,,,,,,,,,,,,,,,,,,,,,,,25.0772,,,,,,,,,,,,,,,,,,2.93822,,,6.70153,,,,,,,,,,,,,5.44501,,,,,,,3.85691,7.59265,,,,,,,,,,,,,
1989-01,,,,,,,,,,,,,,,,,,,,,,,,,,,,,,,,,,,,8.88307,8.32251,6.38355,,3.80903,,9.88994,5.94815,3.93261,,8.87219,,,10.6362,9.8146,14.8715,,,,,,,,,,46.8603,18.0607,8.18543,9.27083,,11.9735,,,,5.68867,,,,,,,,,,,,,,,,,,,,,,,,,,,,,,29.5096,,,,,,,,,,,,,,,,,,3.26011,,,7.51485,,,,,,,,,,,,,6.29191,,,,,,,4.43239,7.44607,,,,,,,,,,,,,
1989-02,,,,,,,,,,,,,,,,,,,,,,,,,,,,,,,,,,,,8.47093,8.10039,6.47083,,5.44688,,9.58546,6.01081,3.78123,,8.83571,,,10.4979,9.48289,15.1837,,,,,,,,,,54.4291,19.1394,9.27801,10.4547,,14.1325,,,,5.92279,,,,,,,,,,,,,,,,,,,,,,,,,,,,,,27.9671,,,,,,,,,,,,,,,,,,3.30578,,,7.24511,,,,,,,,,,,,,5.77889,,,,,,,4.28855,7.39168,,,,,,,,,,,,,
1989-03,,,,,,,,,,,,,,,,,,,,,,,,,,,,,,,,,,,,8.42244,8.75979,6.88529,,5.319,,9.65876,6.19784,3.87351,,8.78513,,,11.2124,10.0101,16.7055,,,,,,,,,,50.0273,18.8005,8.95829,10.5298,,16.6862,,,,5.37681,,,,,,,,,,,,,,,,,,,,,,,,,,,,,,27.0723,,,,,,,,,,,,,,,,,,3.36759,,,7.52028,,,,,,,,,,,,,5.5717,,,,,,,3.88935,7.67521,,,,,,,,,,,,,
1989-04,,,,,,,,,,,,,,,,,,,,,,,,,,,,,,,,,,,,8.22467,8.95034,7.02744,,6.05307,,9.59599,7.19828,4.11716,,8.72804,,,11.5426,10.3165,17.3345,,,,,,,,,,46.5763,15.7172,8.68816,9.92493,,13.9603,,,,5.34187,,,,,,,,,,,,,,,,,,,,,,,,,,,,,,28.4124,,,,,,,,,,,,,,,,,,3.52903,,,8.41516,,,,,,,,,,,,,6.05445,,,,,,,4.34265,8.16486,,,,,,,,,,,,,
1989-05,,,,,,,,,,,,,,,,,,,,,,,,,,,,,,,,,,,,8.28571,9.18366,7.05374,,6.49654,,9.89512,8.88229,4.52681,,8.67869,,,11.564,10.0126,16.7345,,,,,,,,,,43.3906,13.3633,8.3543,9.60209,,13.0137,,,,5.5646,,,,,,,,,,,,,,,,,,,,,,,,,,,,,,29.1059,,,,,,,,,,,,,,,,,,3.70496,,,8.92334,,,,,,,,,,,,,6.22755,,,,,,,4.56484,8.23995,,,,,,,,,,,,,
1989-06,,,,,,,,,,,,,,,,,,,,,,,,,,,,,,,,,,,,8.43339,8.95419,6.51268,,6.48083,,9.86438,8.30513,4.60081,,8.65771,,,11.646,10.9377,18.9035,,,,,,,,,,49.2025,13.557,9.91653,10.8965,,16.877,,,,5.29882,,,,,,,,,,,,,,,,,,,,,,,,,,,,,,28.7552,,,,,,,,,,,,,,,,,,4.38045,,,8.90177,,,,,,,,,,,,,6.64392,,,,,,,3.93843,9.51226,,,,,,,,,,,,,
1989-07,,,,,,,,,,,,,,,,,,,,,,,,,,,,,,,,,,,,8.74766,9.0153,6.93178,,6.84551,,10.1102,10.3564,4.74506,,8.63683,,,12.3851,11.529,19.7074,,,,,,,,,,48.6178,13.9751,10.6819,11.6958,,15.1095,,,,5.53776,,,,,,,,,,,,,,,,,,,,,,,,,,,,,,31.0467,,,,,,,,,,,,,,,,,,4.17643,,,10.2513,,,,,,,,,,,,,7.91904,,,,,,,4.26219,10.0265,,,,,,,,,,,,,
1989-08,,,,,,,,,,,,,,,,,,,,,,,,,,,,,,,,,,,,8.4622,9.41072,8.43337,,6.3599,,10.5426,10.5983,4.48905,,8.62297,,,13.0369,12.9896,22.0123,,,,,,,,,,49.9661,15.3029,10.1394,11.1275,,21.5503,,,,8.042,,,,,,,,,,,,,,,,,,,,,,,,,,,,,,34.5907,,,,,,,,,,,,,,,,,,4.88832,,,10.0928,,,,,,,,,,,,,8.45448,,,,,,,4.47606,9.49531,,,,,,,,,,,,,
1989-09,,,,,,,,,,,,,,,,,,,,,,,,,,,,,,,,,,,,8.62792,10.1727,7.72783,,6.81265,,10.8704,10.2687,4.46053,,8.59538,,,12.5193,12.412,20.5935,,,,,,,,,,49.9613,14.8053,10.3688,12.7352,,25.7776,,,,6.0122,,,,,,,,,,,,,,,,,,,,,,,,,,,,,,34.368,,,,,,,,,,,,,,,,,,4.41835,,,10.3049,,,,,,,,,,,,,8.51342,,,,,,,4.532,9.46493,,,,,,,,,,,,,
1989-10,,,,,,,,,,,,,,,,,,,,,,,,,,,,,,,,,,,,8.82656,11.4466,7.12857,,7.91012,4.10875,10.1821,10.3914,4.34057,,8.55431,,,12.4231,12.1064,20.9773,,,,,,,,,,49.4138,14.5113,11.1532,13.2195,,17.103,,,,3.98898,,,,,,,,,,,,,,,,,,,,,,,,,,,,,,31.3783,,,,,,,,,,,,,,,,,,4.40855,,,9.72872,,,,,,,,,,,,,6.93226,,,,,,,4.12575,9.77652,,,,,,,,,,,,,
1989-11,,,,,,,,,,,,,,,,,,,,,,,,,,,,,,,,,,,,9.16401,11.482,7.11158,,8.83071,4.73942,11.0648,11.3091,4.28339,,8.53393,,,13.5565,13.2662,23.9869,,,,,,,,,,55.3309,16.4812,13.2895,15.2274,,18.7685,,,,3.48205,,,,,,,,,,,,,,,,,,,,,,,,,,,,,,32.4215,,,,,,,,,,,,,,,,,,4.65979,,,10.4017,,,,,,,,,,,,,6.74026,,,,,,,4.29032,9.87718,,,,,,,,,,,,,
1989-12,,,,,,,,,,,,,,,,,,,,,,,,,,,,,,,,,,,,9.68199,11.3177,7.62905,,10.1298,5.16673,10.9557,12.6247,4.70142,,8.5204,,,14.3507,14.0678,24.9264,,,,,,,,,,58.638,14.8985,13.1643,15.4225,,17.8869,,,,3.2282,,,,,,,,,,,,,,,,,,,,,,,,,,,,,,33.4863,,,,,,,,,,,,,,,,,,5.01375,,,11.2136,,,,,,,,,,,,,6.8153,,,,,,,4.06618,10.2545,,,,,,,,,,,,,
1990-01,,,,,,,,,,,,,,,,,,,,,,,,,,,,,,,,,,,,9.0082,11.0575,7.51991,,9.09809,4.6433,9.74583,10.3707,4.23295,,8.43345,,,13.6621,13.68,22.9734,,,,,,,,,,63.2327,17.1675,14.0085,17.1733,,15.1752,,,,3.19526,,,,,,,,,,,,,,,,,,,,,,,,,,,,,,27.9276,,,,,,,,,,,,,,,,,,4.64963,,,9.61219,,,,,,,,,,,,,6.27907,,,,,,,3.9553,9.01822,,,,,,,,,,,,,
1990-02,,,,,,,,,,,,,,,,,,,,,,,,,,,,,,,,,,,,9.07947,11.1632,7.67272,,9.05544,4.52052,10.2922,10.4913,4.27898,,8.39392,,,13.7191,14.5882,24.8014,,,,,,,,,,63.4219,16.868,15.2756,13.5657,,15.9432,,,,2.93564,,,,,,,,,,,,,,,,,,,,,,,,,,,,,,29.0988,,,,,,,,,,,,,,,,,,4.46354,,,10.0455,,,,,,,,,,,,,5.99291,,,,,,,4.13748,8.21955,,,,,,,,,,,,,
1990-03,,,,,,,,,,,,,,,,,,,,,,,,,,,,,,,,,,,,8.88599,11.1645,7.78061,,9.28189,4.69687,10.1396,10.9876,4.12972,,8.34827,,,15.1206,14.7115,26.5917,,,,,,,,,,57.6184,14.9867,14.7847,13.357,,14.6046,,,,2.43306,,,,,,,,,,,,,,,,,,,,,,,,,,,,,,29.1658,,,,,,,,,,,,,,,,,,4.8721,,,10.8234,,,,,,,,,,,,,7.1862,,,,,,,4.70283,8.95004,,,,,,,,,,,,,
1990-04,,,,,,,,,,,,,,,,,,,,,,,,,,,,,,,,,,,,8.68037,10.8789,7.50786,,8.99221,4.3734,9.93893,10.1267,3.82979,,6.9461,,,14.4141,13.8389,24.86,,,,,,,,,,50.8677,10.7825,13.0311,12.1239,,13.3321,,,,3.09734,,,,,,,,,,,,,,,,,,,,,,,,,,,,,,28.0612,,,,,,,,,,,,,,,,,,4.91994,,,11.1749,,,,,,,,,,,,,6.66857,,,,,,,4.09133,9.07688,,,,,,,,,,,,,
1990-05,,,,,,,,,,,,,,,,,,,,,,,,,,,,,,,,,,,,9.30661,11.6571,8.09268,,9.61215,4.76446,10.1464,10.2716,4.23812,,11.088,,,16.8392,16.0303,28.1734,,,,,,,,,,55.4673,12.2942,15.1748,11.827,,11.6385,,,,2.54483,,,,,,,,,,,,,,,,,,,,,,,,,,,,,,29.8022,,,,,,,,,,,,,,,,,,5.79573,,,12.5722,,,,,,,,,,,,,7.8311,,,,,,,4.43735,9.88387,,,,,,,,,,,,,
1990-06,,,,,,,,,,,,,,,,,,,,,,,,,,,,,,,,,,,,9.23235,11.6564,7.71213,,9.6514,4.73879,9.6673,10.0113,4.08924,,8.27115,,,16.4974,15.5403,26.1056,,,,,,,,,,52.6059,12.0096,15.7008,12.1997,,11.5758,,,,1.92847,,,,,,,,,,,,,,,,,,,,,,,,,,,,,,28.6311,,,,,,,,,,,,,,,,,,5.40077,,,12.0916,,,,,,,,,,,,,8.16781,,,,,,,4.41343,10.5679,,,,,,,,,,,,,
1990-07,,,,,,,,,,,,,,,,,,,,,,,,,,,,,,,,,,,,9.96537,13.2264,8.69287,,9.9772,4.78105,9.67698,11.3138,4.03171,,8.23943,,,18.6849,17.652,30.1756,,,,,,,,,,59.4615,12.6161,17.8605,12.6991,,12.3551,,,,2.16121,,,,,,,,,,,,,,,,,,,,,,,,,,,,,,31.4387,,,,,,,,,,,,,,,,,,6.19257,,,11.8219,,,,,,,,,,,,,7.00409,,,,,,,4.10456,10.8072,,,,,,,,,,,,,
1990-08,,,,,,,,,,,,,,,,,,,,,,,,,,,,,,,,,,,,9.62403,12.5279,8.46445,,9.16722,4.61408,8.98656,11.1276,4.12728,,8.1643,,,18.2105,16.9731,28.9513,,,,,,,,,,52.3718,11.6389,17.2977,13.5305,,10.202,,,,1.78459,,,,,,,,,,,,,,,,,,,,,,,,,,,,,,28.8548,,,,,,,,,,,,,,,,,,4.03788,,,11.2595,,,,,,,,,,,,,5.9058,,,,,,,3.49574,10.6495,,,,,,,,,,,,,
1990-09,,,,,,,,,,,,,,,,,,,,,,,,,,,,,,,,,,,,9.35337,12.1171,7.61772,,10.6956,5.23652,7.4503,13.057,4.14838,,7.42191,,,17.1777,16.3163,27.2992,,,,,,,,,,48.8303,10.9012,17.9476,13.1499,,8.49865,,,,1.88778,,,,,,,,,,,,,,,,,,,,,,,,,,,,,,27.8377,,,,,,,,,,,,,,,,,,3.24682,,,11.409,,,,,,,,,,,,,4.15379,,,,,,,3.05891,10.0401,,,,,,,,,,,,,
1990-10,,,,,,,,,,,,,,,,,,,,,,,,,,,,,,,,,,,,9.29732,11.0882,7.54343,,8.68237,5.2641,7.54626,10.5966,4.28846,,6.70676,,,15.6373,14.1271,24.8959,,,,,,,,,,43.2427,8.28626,15.3759,11.8707,,7.2409,,,,1.17279,,,,,,,,,,,,,,,,,,,,,,,,,,,,,,23.6449,,,,,,,,,,,,,,,,,,2.02248,,,10.7374,,,,,,,,,,,,,4.17019,,,,,,,2.83787,9.53098,,,,,,,,,,,,,
1990-11,,,,,,,,,,,,,,,,,,,,,,,,,,,,,,,,,,,,9.71528,11.4741,8.11973,,8.04413,4.37692,8.4179,11.0646,4.31815,,5.35338,,,15.8821,15.0867,25.7775,,,,,,,,,,41.7058,9.11565,15.383,11.5779,,6.02056,,,,1.05315,,,,,,,,,,,,,,,,,,,,,,,,,,,,,,24.369,,,,,,,,,,,,,,,,,,2.14904,,,11.1466,,,,,,,,,,,,,4.40563,,,,,,,3.33713,9.70941,,,,,,,,,,,,,
1990-12,,,,,,,,,,,,,,,,,,,,,,,,,,,,,,,,,,,,9.93117,11.9257,7.74897,,8.13252,4.13376,6.9716,9.63836,4.20743,,5.35338,,,16.2858,14.4532,24.0199,,,,,,,,,,48.1901,10.3876,17.158,11.4449,,6.8233,,,,0.702097,,,,,,,,,,,,,,,,,,,,,,,,,,,,,,25.5903,,,,,,,,,,,,,,,,,,2.61341,,,10.9658,,,,,,,,,,,,,4.69657,,,,,,,3.68656,10.4029,,,,,,,,,,,,,
1991-01,,,,,,,,,,,,,,,,,,,,,,,,,,,,,,,,,,,,9.8483,11.6508,7.51863,,6.76611,3.36963,7.02445,8.18896,3.87974,,5.32156,,,16.154,14.2885,23.2871,,,,,,,,,,42.0439,8.64,14.8995,10.8477,,6.78274,,,,0.930565,,,,,,,,,,,,,,,,,,,,,,,,,,,,,,28.6988,,,,,,,,,,,,,,,,,,3.4352,,,9.77459,,,,,,,,,,,,,5.53628,,,,,,,3.93486,10.9616,,,,,,,,,,,,,
1991-02,,,,,,,,,,,,,,,,,,,,,,,,,,,,,,,,,,,,10.6395,12.4026,8.14724,,7.458,4.01819,7.57892,9.64864,3.99666,,5.97787,,,17.8213,16.9002,27.9264,,,,,,,,,,42.7376,9.04802,15.8562,11.36,,5.5775,,,,0.929185,,,,,,,,,,,,,,,,,,,,,,,,,,,,,,28.545,,,,,,,,,,,,,,,,,,3.7121,,,10.6583,,,,,,,,,,,,,5.81518,,,,,,,4.18033,11.0436,,,,,,,,,,,,,
1991-03,,,,,,,,,,,,,,,,,,,,,,,,,,,,,,,,,,,,11.2741,12.6723,8.35805,,7.0089,3.89139,7.08853,8.53357,4.17088,,4.64256,,,16.3236,14.5883,25.0849,,,,,,,,,,41.5011,8.10266,15.735,9.89227,,6.36484,,,,0.463904,,,,,,,,,,,,,,,,,,,,,,,,,,,,,,29.1139,,,,,,,,,,,,,,,,,,3.63139,,,10.5229,,,,,,,,,,,,,6.63607,,,,,,,4.80419,11.3038,,,,,,,,,,,,,
1991-04,,,,,,,,,,,,,,,,,,,,,,,,,,,,,,,,,,,,11.4499,12.8533,8.20445,,6.47364,3.67786,7.17305,9.1764,4.17855,,5.96018,,,17.1389,13.0707,26.6699,,,,,,,,,,41.4397,8.72941,15.0286,10.2727,,6.35543,,,,0.694827,,,,,,,,,,,,,,,,,,,,,,,,,,,,,,30.1588,,,,,,,,,,,,,,,,,,3.54019,,,10.9252,,,,,,,,,,,,,8.03433,,,,,,,5.01335,11.08,,,,,,,,,,,,,
1991-05,,,,,,,,,,,,,,,,,,,,,,,,,,,,,,,,,,,,11.3049,12.2357,8.2176,,7.50123,4.05301,7.95708,10.4564,4.2754,,5.28231,,,17.9793,14.1754,26.5912,,,,,,,,,,43.1082,8.27909,16.2917,12.0808,,5.5446,,,,0.461851,,,,,,,,,,,,,,,,,,,,,,,,,,,,,,31.6846,,,,,,,,,,,,,,,,,,3.52151,,,10.7259,,,,,,,,,,,,,7.88661,,,,,,,4.86548,12.143,,,,,,,,,,,,,
1991-06,,,,,,,,,,,,,,,,,,,,,,,,,,,,,,,,,,,,11.2475,11.6217,7.59754,,6.60949,3.46379,8.17264,9.65619,3.97123,,5.26678,,,16.4587,11.4959,21.8616,,,,,,,,,,46.4901,8.88972,17.411,12.8309,,6.31804,,,,0.69074,,,,,,,,,,,,,,,,,,,,,,,,,,,,,,29.9814,,,,,,,,,,,,,,,,,,3.92864,,,11.2291,,,,,,,,,,,,,6.95292,,,,,,,4.93005,11.2449,,,,,,,,,,,,,
1991-07,,,,,,,,,,,,,,,,,,,,,,,,,,,,,,,,,,,,11.4725,11.8932,7.99547,,7.03399,3.90166,9.16282,10.9494,4.07632,,5.91642,,,19.54,12.4225,24.3762,,,,,,,,,,44.962,8.24262,17.9682,13.3349,,6.30877,,,,0.459817,,,,,,,,,,,,,,,,,,,,,,,,,,,,,,31.5008,,,,,,,,,,,,,,,,,,4.01907,,,11.8652,,,,,,,,,,,,,7.5626,,,,,,,5.45447,11.5384,,,,,,,,,,,,,
1991-08,,,,,,,,,,,,,,,,,,,,,,,,,,,,,,,,,,,,11.3494,11.9345,8.05638,,7.27314,4.49058,9.42149,11.895,4.28564,,5.8991,,,20.3313,12.3457,25.1189,,,,,,,,,,41.5025,6.9541,16.8504,10.9496,,5.50401,,,,0.45847,,,,,,,,,,,,,,,,,,,,,,,,,,,,,,30.797,,,,,,,,,,,,,,,,,,4.0741,,,12.8078,,,,,,,,,,,,,7.41679,,,,,,,5.04754,11.5742,,,,,,,,,,,,,
1991-09,,,,,,,,,,,,,,,,,,,,,,,,,,,,,,,,,,,,11.5423,12.1721,7.83461,,8.1034,4.56657,8.95049,11.8883,4.15571,,5.8733,,,18.7816,10.7209,22.6934,,,,,,,,,,44.2309,6.50407,16.8731,12.1995,,5.47994,,,,0.342349,,,,,,,,,,,,,,,,,,,,,,,,,,,,,,28.2824,,,,,,,,,,,,,,,,,,4.47149,,,12.6899,,,,,,,,,,,,,8.37443,,,,,,,5.10429,10.698,,,,,,,,,,,,,
1991-10,,,,,,,,,,,,,,,,,,,,,,,,,,,,,,,,,,,,11.8161,12.3611,7.86046,,8.0916,4.35432,8.6507,12.928,4.42723,,7.16803,,,19.31,10.5876,24.0427,,,,,,,,,,46.7817,6.2851,19.2555,12.0522,,5.47196,,,,0.11395,,,,,,,,,,,,,,,,,,,,,,,,,,,,,,28.2025,,,,,,,,,,,,,,,,,,4.25236,,,13.5368,,,,,,,,,,,,,8.73298,,,,,,,5.51012,11.335,,,,,,,,,,,,,
1991-11,,,,,,,,,,,,,,,,,,,,,,,,,,,,,,,,,,,,11.4475,11.1281,6.83262,,7.55313,4.05542,7.3389,10.7826,4.476,,7.14722,,,16.8991,9.4167,17.3717,,,,,,,,,,47.2658,7.52023,19.8137,13.4386,,4.67664,,,,0.113619,,,,,,,,,,,,,,,,,,,,,,,,,,,,,,25.9575,,,,,,,,,,,,,,,,,,3.44745,,,13.5097,,,,,,,,,,,,,7.64207,,,,,,,5.61186,10.4737,,,,,,,,,,,,,
1991-12,,,,,,,,,,,,,,,,,,,,,,,,,,,,,,,,,,,,11.8782,11.4949,7.20281,,6.08958,3.71874,6.89819,10.3361,4.5706,,7.14204,,,17.3522,8.97678,17.822,,,,,,,,,,46.9409,6.36668,21.4537,11.7502,,5.45212,,,,0.0567685,,,,,,,,,,,,,,,,,,,,,,,,,,,,,,28.5437,,,,,,,,,,,,,,,,,,4.04037,,,16.3355,,,,,,,,,,,,,8.6685,,,,,,,5.71231,12.2219,,,,,,,,,,,,,
1992-01,,,,,,,,,,,,,,,,,,,,,,,,,,,,,,,,,,,,11.3496,10.5841,7.08,,5.39561,3.42772,7.32172,8.69578,4.43836,,7.78003,,,16.5284,8.29543,18.2458,,,,,,,,,,53.6934,7.50389,21.0384,12.6357,,5.05535,,,,0.0566863,,,,,,,,,,,,,,,,,,,,,,,,,,,,,,28.5577,,,,,,,,,,,,,,,,,,4.06637,,,14.6498,,,,,,,,,,,,,8.82081,,,,,,,6.19747,11.3104,,,,,,,,,,,,,
1992-02,,,,,,,,,,,,,,,,,,,,,,,,,,,,,,,,,,,,11.2165,10.3478,6.95021,,5.88816,3.39163,7.43929,8.09758,4.19879,,7.75196,,,16.6904,8.69749,17.601,,,,,,,,,,51.7889,8.30758,21.0582,11.0485,,5.03711,,,,0.0564818,,,,,,,,,,,,,,,,,,,,,,,,,,,,,,30.8179,,,,,,,,,,,,,,,,,,4.46617,,,14.4251,,,,,,,,,,,,,10.8071,,,,,,,5.86193,11.6438,,,,,,,,,,,,,
1992-03,,,,,,,,,,,,,,,,,,,,,,,,,,,,,,,,,,,,10.6962,10.6717,6.99045,,5.85857,4.01175,7.45092,9.31559,3.98208,,7.07026,,,15.4649,7.23771,15.4387,,,,,,,,,,43.8787,6.94961,19.0476,11.6321,,5.0118,,,,0.168594,,,,,,,,,,,,,,,,,,,,,,,,,,,,,,31.1603,,,,,,,,,,,,,,,,,,4.42262,,,12.8868,,,,,,,,,,,,,10.1782,,,,,,,5.73396,11.0026,,,,,,,,,,,,,
1992-04,,,,,,,,,,,,,,,,,,,,,,,,,,,,,,,,,,,,11.705,11.6366,7.46831,,6.10453,4.60608,8.02,10.7582,4.24146,,7.06012,,,17.1701,7.93435,19.0896,,,,,,,,,,43.6717,6.51907,17.3085,10.8496,,3.8497,,,,0.168352,,,,,,,,,,,,,,,,,,,,,,,,,,,,,,34.3291,,,,,,,,,,,,,,,,,,4.59546,,,11.8316,,,,,,,,,,,,,9.63085,,,,,,,5.52897,11.2949,,,,,,,,,,,,,
1992-05,,,,,,,,,,,,,,,,,,,,,,,,,,,,,,,,,,,,11.955,12.0327,7.77083,,7.45041,4.67025,8.49096,11.389,4.50334,,7.69092,,,18.2302,9.1788,21.8349,,,,,,,,,,49.3946,6.92972,18.8519,11.5988,,4.61303,,,,0.224148,,,,,,,,,,,,,,,,,,,,,,,,,,,,,,34.3907,,,,,,,,,,,,,,,,,,4.98198,,,12.5586,,,,,,,,,,,,,9.41601,,,,,,,5.44972,11.1774,,,,,,,,,,,,,
1992-06,,,,,,,,,,,,,,,,,,,,,,,,,,,,,,,,,,,,12.158,11.2548,7.32762,,7.08639,4.79462,7.63406,10.2669,4.59946,,7.02487,,,17.3709,8.39704,18.6489,,,,,,,,,,55.8384,7.32349,21.0616,11.0304,,5.36268,,,,1.34009,,,,,,,,,,,,,,,,,,,,,,,,,,,,,,33.4956,,,,,,,,,,,,,,,,,,3.55488,,,11.4811,,,,,,,,,,,,,9.25952,,,,,,,5.39079,11.5145,,,,,,,,,,,,,
1992-07,,,,,,,,,,,,,,,,,,,,,,,,,,,,,,,,,,,,12.4506,11.9642,8.36732,,9.25998,5.47479,7.9574,12.181,4.92547,,7.64713,,,18.3677,9.95265,20.6687,,,,,,,,,,56.7244,8.35183,21.8687,10.6229,,4.58676,,,,1.33723,,,,,,,,,,,,,,,,,,,,,,,,,,,,,,32.4879,,,,,,,,,,,,,,,,,,3.88313,,,13.2145,,,,,,,,,,,,,9.11709,,,,,,,5.28076,11.9686,,,,,,,,,,,,,
1992-08,,,,,,,,,,,,,,,,,,,,,,,,,,,,,,,,,,,,12.7051,12.4288,8.42861,,10.241,5.8107,7.6929,13.0313,5.32082,,5.08362,,,19.0173,10.9871,22.3372,,,,,,,,,,55.3168,8.11991,23.317,10.2098,,6.09832,,,,1.77791,,,,,,,,,,,,,,,,,,,,,,,,,,,,,,28.5422,,,,,,,,,,,,,,,,,,3.36197,,,12.451,,,,,,,,,,,,,8.60826,,,,,,,5.17354,11.8035,,,,,,,,,,,,,
1992-09,,,,,,,,,,,,,,,,,,,,,,,,,,,,,,,,,,,,12.5952,12.499,8.32903,,10.3794,6.2148,6.89162,13.7611,5.38997,,4.43557,,,18.6193,10.7983,21.4702,,,,,,,,,,54.7304,8.09693,22.7804,9.16284,,5.51096,,,,3.54576,,,,,,,,,,,,,,,,,,,,,,,,,,,,,,29.1771,,,,,,,,,,,,,,,,,,3.23721,,,12.6057,,,,,,,,,,,,,8.46127,,,,,,,5.43562,12.386,,,,,,,,,,,,,
1992-10,,,,,,,,,,,,,,,,,,,,,,,,,,,,,,,,,,,,12.035,11.9298,7.54515,,9.84236,5.68962,6.62379,12.6701,5.39894,,5.68277,,,17.4219,9.66066,20.0072,,,,,,,,,,52.3959,7.03397,22.231,7.60878,,7.57452,,,,3.42285,,,,,,,,,,,,,,,,,,,,,,,,,,,,,,30.6102,,,,,,,,,,,,,,,,,,3.62249,,,13.3188,,,,,,,,,,,,,9.69411,,,,,,,5.29827,12.4787,,,,,,,,,,,,,
1992-11,,,,,,,,,,,,,,,,,,,,,,,,,,,,,,,,,,,,11.8168,11.6714,7.31507,,9.24545,5.28576,6.95491,12.2519,5.39556,,5.04424,,,16.7125,9.60783,18.1419,,,,,,,,,,43.6541,6.61088,21.0315,7.3448,,6.99657,,,,2.75647,,,,,,,,,,,,,,,,,,,,,,,,,,,,,,30.9087,,,,,,,,,,,,,,,,,,3.90231,,,13.7543,,,,,,,,,,,,,10.5408,,,,,,,5.5465,12.604,,,,,,,,,,,,,
1992-12,,,,,,,,,,,,,,,,,,,,,,,,,,,,,,,,,,,,12.1481,11.807,7.66336,,10.0021,5.47589,6.71235,12.0673,5.69542,,5.72083,,,15.7775,9.10024,18.0398,,,,,,,,,,47.1224,7.02901,23.3013,6.4442,,6.81227,,,,5.51683,,,,,,,,,,,,,,,,,,,,,,,,,,,,,,31.5921,,,,,,,,,,,,,,,,,,4.35826,,,13.3851,,,,,,,,,,,,,10.7118,,,,,,,5.65578,12.8871,,,,,,,,,,,,,
1993-01,,,,,,,,,,,,,,,,,,,,,,,,,,,,,,,,,,,,12.0884,12.2985,8.30864,,10.9483,5.90233,7.31788,13.6893,6.06025,,5.69275,,,15.8715,9.17369,18.7516,,,,,,,,,,43.4705,6.58307,21.878,7.37445,,4.89582,,,,5.70934,,,,,,,,,,,,,,,,,,,,,,,,,,,,,,32.644,,,,,,,,,,,,,,,,,,3.855,,,13.1938,,,,,,,,,,,,,11.5949,,,,,,,5.68727,13.1649,,,,,,,,,,,,,
1993-02,,,,,,,,,,,,,,,,,,,,,,,,,,,,,,,,,,,,12.685,13.1253,8.59435,,12.8937,6.53009,7.92855,15.7155,5.85111,,5.33916,,,16.3757,11.1039,21.4247,,,,,,,,,,44.337,7.17507,25.6214,7.92379,,7.13043,,,,6.12704,,,,,,,,,,,,,,,,,,,,,,,,,,,,,,30.8369,,,,,,,,,,,,,,,,,,4.28254,,,13.2855,,,,,,,,,,,,,12.2922,,,,,,,5.45753,14.3155,,,,,,,,,,,,,
1993-03,,,,,,,,,,,,,,,,,,,,,,,,,,,,,,,,,,,,13.1375,14.1201,8.56443,,15.3198,7.4073,8.68906,16.6637,6.48328,,8.47965,,,16.2844,11.4197,21.2359,,,,,,,,,,50.0073,8.58011,26.3678,8.97875,,8.97549,,,,6.97794,,,,,,,,,,,,,,,,,,,,,,,,,,,,,,28.2646,,,,,,,,,,,,,,,,,,4.37197,,,12.8646,,,,,,,,,,,,,10.7487,,,,,,,5.20121,14.6061,,,,,,,,,,,,,
1993-04,,,,,,,,,,,,,,,,,,,,,,,,,,,,,,,,,,,,13.0763,14.589,8.84431,,14.2094,7.25983,8.71416,17.0149,6.25536,,8.87061,,,17.4674,12.6838,24.5926,,,,,,,,,,55.252,12.0452,32.9608,9.46183,,8.95056,,,,8.04583,,,,,,,,,,,,,,,,,,,,,,,,,,,,,,28.8962,,,,,,,,,,,,,,,,,,4.24537,,,12.4552,,,,,,,,,,,,,10.5975,,,,,,,5.18676,13.9544,,,,,,,,,,,,,
1993-05,,,,,,,,,,,,,,,,,,,,,,,,,,,,,,,,,,,,13.1035,15.0612,9.4536,,14.0257,7.82513,8.55458,16.5943,6.73177,,8.9411,,,17.8664,12.8226,25.4633,,,,,,,,,,59.4551,16.5911,33.899,13.317,,10.4278,,,,7.81753,,,,,,,,,,,,,,,,,,,,,,,,,,,,,,29.6355,,,,,,,,,,,,,,,,,,4.74159,,,11.8901,,,,,,,,,,,,,11.0712,,,,,,,5.36512,14.4498,,,,,,,,,,,,,
1993-06,,,,,,,,,,,,,,,,,,,,,,,,,,,,,,,,,,,,13.2102,14.9764,8.56143,,17.6322,7.49253,8.34031,17.6456,6.40634,,9.67278,,,17.329,12.0168,23.9457,,,,,,,,,,59.5145,17.8107,37.3667,12.894,,13.3887,,,,7.15614,,,,,,,,,,,,,,,,,,,,,,,,,,,,,,30.6905,,,,,,,,,,,,,,,,,,4.19387,,,11.7493,,,,,,,,,,,,,12.6758,,,,,,,5.49659,12.8303,,,,,,,,,,,,,
1993-07,,,,,,,,,,,,,,,,,,,,,,,,,,,,,,,,,,,,13.1104,15.0831,9.40229,,14.5978,7.84863,8.38996,17.8841,6.23775,,10.4168,,,17.3974,12.4896,24.1738,,,,,,,,,,65.7494,21.9527,41.2514,13.7876,,14.8763,,,,7.58985,,,,,,,,,,,,,,,,,,,,,,,,,,,,,,31.2385,,,,,,,,,,,,,,,,,,4.25631,,,11.6871,,,,,,,,,,,,,13.1213,,,,,,,5.40828,12.1156,,,,,,,,,,,,,
1993-08,,,,,,,,,,,,,,,,,,,,,,,,,,,,,,,,,,,,13.1708,16.0061,10.0779,,15.9478,9.22707,8.4658,20.1333,7.23701,,11.8721,,,18.4559,12.8488,25.1232,,,,,,,,,,57.258,21.479,38.0013,10.6941,,13.908,,,,7.56888,,,,,,,,,,,,,,,,,,,,,,,,,,,,,,33.032,,,,,,,,,,,,,,,,,,3.84345,,,11.99,,,,,,,,,,,,,13.5732,,,,,,,5.11956,13.2516,,,,,,,,,,,,,
1993-09,,,,,,,,,,,,,,,,,,,,,,,,,,,,,,,,,,,,13.1687,16.7663,10.3642,,16.6698,9.71191,8.24891,18.7946,6.96863,,11.3539,,,18.2127,11.7175,21.4245,,,,,,,,,,53.6037,19.3736,33.3205,10.799,,11.1034,,,,7.55323,,,,,,,,,,,,,,,,,,,,,,,,,,,,,,29.4534,,,,,,,,,,,,,,,,,,3.8459,,,11.6401,,,,,,,,,,,,,14.2325,,,,,,,5.36766,13.5991,,,,,,,,,,,,,
1993-10,,,,,,,,,,,,,,,,,,,,,,,,,,,,,,,,,,,,13.0894,16.5692,9.86276,,13.1019,7.81045,7.41833,16.8218,6.58243,,11.7987,,,17.1849,10.0191,20.4284,,,,,,,,,,59.017,25.0409,39.7833,11.3872,,12.9006,,,,7.09229,,,,,,,,,,,,,,,,,,,,,,,,,,,,,,29.7144,,,,,,,,,,,,,,,,,,3.57128,,,11.9159,,,,,,,,,,,,,15.3014,,,,,,,6.18281,14.3917,,,,,,,,,,,,,
1993-11,,,,,,,,,,,,,,,,,,,,,,,,,,,,,,,,,,,,12.6967,14.9677,8.78624,,11.9544,7.05197,7.06498,13.8113,6.13815,,11.2994,,,15.6428,9.77298,18.2378,,,,,,,,,,58.5712,22.1522,38.7136,11.2529,,11.9709,,,,7.30219,,,,,,,,,,,,,,,,,,,,,,,,,,,,,,30.4188,,,,,,,,,,,,,,,,,,3.73777,,,11.532,,,,,,,,,,,,,15.5417,,,,,,,5.68514,13.884,,,,,,,,,,,,,
1993-12,,,,,,,,,,,,,,,,,,,,,,,,,,,,,,,,,,,,12.7726,15.0108,8.94038,,13.4406,7.12043,6.86109,14.8036,6.20165,,9.49801,,,16.1673,10.0895,18.2378,,,,,,,,,,65.0634,21.3317,41.6492,13.1302,,18.7851,,,,14.7118,,,,,,,,,,,,,,,,,,,,,,,,,,,,,,30.4738,,,,,,,,,,,,,,,,,,4.27767,,,11.7911,,,,,,,,,,,,,15.2995,,,,,,,6.47296,13.3723,,,,,,,,,,,,,
1994-01,,,,,,,,,,,,,,,,,,,,,,,,,,,,,,,,,,,,13.4186,16.0436,9.15845,,13.3226,8.04518,7.24481,15.7894,6.41687,,9.63534,,,16.1912,10.1803,18.3015,,,,,,,,,,60.3814,18.6142,40.8034,12.5858,,19.8357,,,,14.9928,,,,,,,,,,,,,,,,,,,,,,,,,,,,,,34.8431,,,,,,,,,,,,,,,,,,4.54554,,,13.71,,,,,,,,,,,,,15.942,,,,,,,6.97339,13.1316,,,,,,,,,,,,,
1994-02,,,,,,,,,,,,,,,,,,,,,,,,,,,,,,,,,,,,13.1879,14.9799,8.39241,,12.6295,7.81335,7.27026,15.7356,6.1251,,10.4163,,,15.537,9.94653,17.3186,,,,,,,,,,61.0531,19.3662,36.8349,12.0361,,18.6699,,,,15.5821,,,,,,,,,,,,,,,,,,,,,,,,,,,,,,33.0237,,,,,,,,,,,,,,,,,,4.7502,,,13.2121,,,,,,,,,,,,,15.5698,,,,,,,7.38816,13.983,,,,,,,,,,,,,
1994-03,,,,,,,,,,,,,,,,,,,,,,,,,,,,,,,,,,,,12.7379,14.4766,8.20974,,11.4744,7.74153,6.53814,14.5461,5.87195,,9.32658,,,14.3952,9.24137,16.1242,,,,,,,,,,64.4829,20.7225,36.8915,10.8588,,25.9031,,,,14.2528,,,,,,,,,,,,,,,,,,,,,,,,,,,,,,31.3261,,,,,,,,,,,,,,,,,,4.16681,,,12.3323,,,,,,,,,,,,,14.2339,,,,,,,7.44943,12.6099,,,,,,,,,,,,,
1994-04,,,,,,,,,,,,,,,,,,,,,,,,,,,,,,,,,,,,12.7206,15.3175,9.62276,,13.9604,8.6021,7.18725,17.0391,6.1171,,10.0428,,38.7949,14.9534,9.34715,16.6693,,,,,,,,,,57.8717,18.2102,33.3933,11.6006,,24.775,,,,14.2334,,,,,,,,,,,,,,,,,,,,,,,,,,,,,,29.7003,,,,,,,,,,,,,,,,,,4.13025,,,11.8024,,,,,,,,,,,,,14.8953,,,,,,,6.40429,12.1176,,,,,,,,,,,,,
1994-05,,,,,,,,,,,,,,,,,,,,,,,,,,,,,,,,,,,,12.5016,15.1237,10.0913,,13.709,7.96286,7.83992,17.0275,5.84402,,10.036,,45.2301,15.6376,9.65453,18.1313,,,,,,,,,,58.0033,19.0158,35.9831,11.8448,,29.1273,8.72194,,,14.8607,,,,,,,,,,,,,,,,,,,,,,,,,,,,,,31.0083,,,,,,,,,,,,,,,,,,4.68683,,,12.3848,,,,,,,,,,,,,15.0131,,,,,,,6.07672,11.7499,,,,,,,,,,,,,
1994-06,,,,,,,,,,,,,,,,,,,,,,,,,,,,,,,,,,,,11.5676,14.5095,9.6704,,14.4859,8.29669,7.7113,17.3259,5.82428,,10.1635,,25.7585,16.0952,10.7306,18.6383,,,,,,,,,,56.4059,19.6647,34.5937,13.8213,,24.6745,8.27854,,,13.7526,,,,,,,,,,,,,,,,,,,,,,,,,,,,,,31.9975,,,,,,,,,,,,,,,,,,4.42407,,,11.9592,,,,,,,,,,,,,14.1623,,,,,,,6.52866,11.8123,,,,,,,,,,,,,
1994-07,,,,,,,,,,,,,,,,,,,,,,,,,,,,,,,,,,,,12.0954,15.3343,10.1073,,13.0022,7.15986,8.09796,16.0282,5.70296,,11.1014,,25.689,16.0179,10.7412,19.1548,,,,,,,,,,55.2056,19.7134,32.5135,14.5429,,23.3414,8.66904,,,13.0825,,,,,,,,,,,,,,,,,,,,,,,,,,,,,,34.1478,,,,,,,,,,,,,,,,,,4.53528,,,12.5648,,,,,,,,,,,,,15.0817,,,,,,,6.87517,11.5089,,,,,,,,,,,,,
1994-08,,,,,,,,,,,,,,,,,,,,,,,,,,,,,,,,,,,,12.1934,14.7413,10.2696,,13.4294,6.90678,9.02913,15.7301,5.4736,,10.7362,,21.3213,15.4947,9.59935,17.0239,,,,,,,,,,59.8673,20.646,32.5625,14.8621,,27.7527,10.8955,,,12.8196,,,,,,,,,,,,,,,,,,,,,,,,,,,,,,36.697,,,,,,,,,,,,,,,,,,5.11389,,,13.7541,,,,,,,,,,,,,14.151,,,,,,,7.17699,13.0743,,,,,,,,,,,,,
1994-09,,,,,,,,,,,,,,,,,,,,,,,,,,,,,,,,,,,,11.752,14.4416,10.59,,13.3326,7.29085,8.59789,15.7309,5.0781,,10.3878,,12.7585,14.7416,9.96926,16.8651,,,,,,,,,,62.6662,23.2151,38.2168,16.0785,,33.0703,17.4271,,,15.3005,,,,,,,,,,,,,,,,,,,,,,,,,,,,,,36.9255,,,,,,,,,,,,,,,,,,4.8549,,,13.8505,,,,,,,,,,,,,13.9541,,,,,,,6.64344,12.2243,,,,,,,,,,,,,
1994-10,,,,,,,,,,,,,,,,,,,,,,,,,,,,,,,,,,,,12.8419,15.6021,11.4815,,13.9619,7.9235,8.95015,17.5104,5.15927,,9.90177,,14.875,15.9509,11.7021,18.5506,,,,,,,,,,57.5796,20.7787,34.2467,15.7539,,31.7011,16.1861,,,14.4524,,,,,,,,,,,,,,,,,,,,,,,,,,,,,,37.2938,,,,,,,,,,,,,,,,,,4.82101,,,15.2587,,,,,,,,,,,,,14.4612,,,,,,,6.53192,12.827,,,,,,,,,,,,,
1994-11,,,,,,,,,,,,,,,,,,,,,,,,,,,,,,,,,,,,12.4669,15.2636,10.2612,,12.2701,6.48233,8.01883,17.4092,4.60567,,8.53285,,14.8551,14.3738,11.0969,16.3583,,,,,,,,,,51.0553,15.5129,30.1551,14.2912,,26.9055,13.0952,,,13.178,,,,,,,,,,,,,,,,,,,,,,,,,,,,,,35.6603,,,,,,,,,,,,,,,,,,4.26718,,,14.7059,,,,,,,,,,,,,13.7754,,,,,,,6.00989,12.7623,,,,,,,,,,,,,
1994-12,,,,,,,,,,,,,,,,,,,,,,,,,,,,,,,,,,,,12.5443,15.6135,10.1835,,11.6524,6.70586,7.96776,15.5878,4.627,,8.7721,,21.2216,13.71,10.54,16.5855,,,,,,,,,,50.1841,17.1246,31.95,15.3206,,29.4167,15.346,,,13.5964,,,,,,,,,,,,,,,,,,,,,,,,,,,,,,37.8447,,,,,,,,,,,,,,,,,,3.96018,,,16.4693,,,,,,,,,,,,,13.5365,,,,,,,6.39135,13.2059,,,,,,,,,,,,,
1995-01,,,,,,,,,,,,,,,,,,,,,,,,,,,,,,,,,,,,12.8541,15.5512,9.95763,,10.8109,6.33328,7.67829,14.4388,4.86337,,7.62508,,17.9664,14.2991,11.4883,16.0554,,,,,,,,,,47.7275,14.5936,28.4257,11.7283,,22.8677,12.6354,,,9.58365,,,,,,,,,,,,,,,,,,,,,,,,,,,,,,34.4036,,,,,,,,,,,,,,,,,,3.98515,,,16.0261,,,,,,,,,,,,,13.3238,,,,,,,6.55939,13.2891,,,,,,,,,,,,,
1995-02,,,,,,,,,,,,,,,,,,,,,,,,,,,,,,,,,,,,13.243,16.6956,10.3848,,11.4014,7.41869,8.1097,15.4639,4.74401,,8.70234,,18.9476,15.4385,11.8386,17.3526,,,,,,,,,,50.1309,15.5449,30.9837,13.189,,24.2003,13.8031,,,12.8657,,,,,,,,,,,,,,,,,,,,,,,,,,,,,,33.9945,,,,,,,,,,,,,,,,,,4.18686,,,14.9709,,,,,,,,,,,,,15.0597,,,,,,,6.78155,13.3574,,,,,,,,,,,,,
1995-03,,,,,,,,,,,,,,,,,,,,,,,,,,,,,,,,,,,,13.7675,16.7715,11.3584,,13.2785,8.72248,9.06738,16.8451,4.74965,,8.8313,,23.0817,16.1315,11.5223,18.4257,,,,,,,,,,59.1286,19.3167,35.3184,14.0218,,31.9241,14.5667,,,13.4437,,,,,,,,,,,,,,,,,,,,,,,,,,,,,,36.0541,,,,,,,,,,,,,,,,,,4.42687,,,14.7238,,,,,,,,,,,,,14.773,,,,,,,6.62999,13.8907,,,,,,,,,,,,,
1995-04,,,,,,,,,,,,,,,,,,,,,,,,,,,,,,,,,,,,14.3143,16.4986,10.8187,,13.0772,8.08654,9.50232,16.6356,4.86139,,10.0597,,20.9143,16.9548,12.1158,20.2804,,,,,,,,,,57.7277,18.4509,34.1407,14.35,,33.9402,14.3171,,,11.9564,,,,,,,,,,,,,,,,,,,,,,,,,,,,,,38.8579,,,,,,,,,,,,,,,,,,4.48313,,,14.3799,,,,,,,,,,,,,15.6693,,,,,,,6.28634,14.2173,,,,,,,,,,,,,
1995-05,,,,,,,,,,,,,,,,,,,,,,,,,,,,,,,,,,,,14.8279,17.2361,11.2813,,13.5232,8.55572,9.48359,17.8327,5.1146,,10.0399,,20.873,17.5942,12.3679,20.3416,,,,,,,,,,57.605,20.8164,35.7508,13.6991,,40.9303,12.4776,,,12.3444,,,,,,,,,,,,,,,,,,,,,,,,,,,,,,40.3882,,,,,,,,,,,,,,,,,,4.86189,,,14.5681,,,,,,,,,,,,,14.6608,,,,,,,6.71325,14.0403,,,,,,,,,,,,,
1995-06,,,,,,,,,,,,,,,,,,,,,,,,,,,,,,,,,,,,14.6432,16.2392,10.3661,,13.5147,7.65859,9.5175,16.8422,4.93368,,9.55042,,21.8736,16.7829,11.3149,18.497,,,,,,,,,,57.6639,21.3748,35.6805,13.8819,,42.2584,12.4531,,,13.3467,9.46881,,,,,,,,,,,,,,,,,,,,,,,,,,,,,43.451,,,,,,,,,,,,,,,,,,4.84221,,,14.6376,,,,,,,,,,,,,14.6319,,,,,,,6.63541,14.9967,,,,,,,,,,,,,
1995-07,,,,,,,,,,,,,,,,,,,,,,,,,,,,,,,,,,,,15.032,17.2897,10.9873,,12.3361,7.62567,9.36148,16.8422,4.74146,,9.70698,,24.9984,18.0999,12.8579,19.9632,,,,,,,,,,59.0303,21.5745,35.1506,14.3519,,42.9627,14.7629,,,13.5521,9.75814,,,,,,,,,,,,,,,,15.7333,,,,,,,,,,,,,49.4107,,,,,,,,,,,,,,,,,,4.95341,,,12.9676,,,,,,,,,,,,,14.2386,,,,,,,7.47561,15.6413,,,,,,,,,,,,,
1995-08,,,,,,,,,,,,,,,,,,,,,,,,,,,,,,,,,,,,14.3692,17.0698,10.2737,,13.2442,8.17725,9.02576,17.872,4.80357,,10.4624,,29.0885,17.4838,13.4588,20.3548,,,,,,,,,,59.9087,21.5181,35.7633,14.7519,,45.6601,14.5864,,,13.9262,11.3328,,,,,,,,,,,,,,,,13.5853,,,,,,,,,,,,,49.5887,,,,,,,,,,,,,,,,,,4.65267,,,13.704,,,,,,,,,,,,,13.6991,,,,,,,7.83479,16.3431,,,,,,,,,,,,,
1995-09,,,,,,,,,,,,,,,,,,,,,,,,,,,,,,,,,,,,15.0712,17.1685,10.1366,,13.7051,7.6347,9.16223,16.1188,5.07365,,10.5977,,29.0315,17.6863,13.2343,18.3963,,,,,,,,,,58.4169,22.0725,36.3966,13.6001,,47.1482,15.771,,,13.899,11.5201,,,,,,,,,,,,,,,,14.8638,,,,,,,,,,,,,45.8095,,,,,,,,,,,,,,,,,,4.79498,,,12.6488,,,,,,,,,,,,,15.0866,,,,,,,7.10663,17.5004,,,,,,,,,,,,,
1995-10,,,,,,,,,,,,,,,,,,,,,,,,,,,,,,,,,,,,15.8798,16.4106,10.0259,,13.5824,7.00741,8.97586,15.6074,5.01429,,9.6312,,26.3741,16.7861,13.1122,17.6615,,,,,,,,,,51.7191,17.442,32.4226,10.9442,,40.5308,13.3012,,,13.0388,11.0651,,,,,,,,,,,,,,,,13.2721,,,,,,,,,,,,,44.0413,,,,,,,,,,,,,,,,,,4.60833,,,13.1202,,,,,,,,,,,,,14.5676,,,,,,,6.4376,16.1903,,,,,,,,,,,,,
1995-11,,,,,,,,,,,,,,,,,,,,,,,,,,,,,,,,,,,,16.2573,17.5244,10.4815,,15.0754,7.36258,9.24281,16.3065,5.32907,,10.881,,28.9559,17.1343,13.7919,18.458,,,,,,,,,,59.2984,19.8334,37.0865,10.4535,,46.1513,14.7216,,,12.8434,11.2812,,,,,,,,,,,,,,,,15.8347,,,,,,,,,,,,,50.7749,,,,,,,,,,,,,,,,,,4.60568,,,14.1987,,,,,,,,,,,,,16.3599,,,,,,,6.74341,16.8423,,,,,,,,,,,,,
1995-12,,,,,,,,,,,,,,,,,,,,,,,,,,,,,,,,,,,,17.0563,18.6013,10.724,,15.9643,8.41985,9.03685,18.1236,5.41925,,12.1422,,31.0444,18.7993,16.1077,22.096,,,,,,,,,,62.4329,19.8463,37.1107,12.4307,,42.6828,13.924,,,12.8518,11.0795,,,,,,,,,,,,,,,,16.4292,,,,,,,,,,,,,45.9226,,,,,,,,,,,,,,,,,,4.48739,,,14.8257,,,,,,,,,,,,,15.3474,,,,,,,7.12911,17.7403,,,,,,,,,,,,,
1996-01,,,,,,,,,,,,,,,,,,,,,,,,,,,,,,,,,,,,16.774,18.3164,10.3285,,15.3267,8.51226,9.03671,16.4147,4.892,,12.3809,,20.5756,18.9259,17.1353,23.3191,,,,,,,,,,76.603,26.0364,41.0909,14.73,,51.4773,17.6546,,,15.2106,13.9245,,,,,,,,,,,,,,,,17.2727,1.49214,,,,,,,,,,,,48.1139,,,,,,,,,,,,,,,,,,4.23014,,,15.5992,,,,,,,,,,,,,16.8228,,,,,,,7.54132,19.1631,,,,,,,,,,,,,
1996-02,,,,,,,,,,,,,,,,,,,,,,,,,,,,,,,,,,,,16.7175,19.753,11.0024,,13.8813,8.70234,9.68834,15.829,4.96929,,13.575,,31.7893,19.7044,18.1553,23.7987,,,,,,,,,,77.7065,26.7448,42.1782,15.1802,,51.3112,20.1973,,,16.7787,16.5726,,,,,,,,,,,,,,,,18.9605,1.39306,,,,,,,,,,,,49.1468,,,,,,,,,,,,,,,,,,4.46105,,,15.7535,,,,,,,,,,,,,17.6046,,,,,,,7.72449,20.4797,,,,,,,,,,,,,
1996-03,,,,,,,,,,,,,,,,,,,,,,,,,,,,,,,,,,,,17.05,19.8281,12.3533,,14.5257,9.1338,11.2154,16.3202,5.0517,,14.4399,,21.424,21.2844,18.8056,26.1451,,,,,,,,,,76.9674,28.1842,42.1349,15.7211,,44.839,20.4914,,,17.497,15.1479,,,,,,,,,,,,,,,,18.2849,1.30254,,,,,,,,,,,,53.8374,26.3275,,,,,,,,,,,,,,,,,4.54808,,,14.9601,,12.4767,,,,,,,,,,,17.1249,,,,,,,7.64163,20.138,,,,,,,,,,,,,
1996-04,,,,,,,,,,,,,,,,,,,,,,,,,,,,,,,,,,,,17.7139,20.4119,12.9289,,15.7015,9.15175,10.7528,17.6186,5.20435,,16.3738,,9.67494,23.6479,18.8981,28.3921,,,,,,,,,,78.3645,28.665,42.3186,15.6608,,48.1028,17.8363,,,16.7286,15.1924,,,,,,,,,,,,,,,,19.0608,1.55704,,,,,,,,,,,,53.4167,28.3919,,,,,,,,,,,,,,,,,5.02849,,,15.3082,,12.665,,,,,,,,,,,17.9897,,,,,,,7.18222,20.4309,,,,,,,,,,,,,
1996-05,,,,,,,,,,,,,,,,,,,,,,,,,,,,,,,,,,,,17.7961,21.1661,12.9997,,15.6714,8.70337,10.8369,17.283,5.15883,,16.8006,,4.05731,22.3977,18.2866,28.1099,,,,,,,,,,81.5954,31.3535,43.5431,14.5846,,49.3824,18,,,22.7953,14.3436,,,,,,,,,,,,,,,,19.2413,1.47504,,,,,,,,,,,,52.864,29.0579,,,,,,,,,,,,,,,,,4.46731,,,15.8267,,11.9336,,,,,,,,,,,18.5553,,,,,,,6.94501,19.6439,,,,,,,,,,,,,
1996-06,,,,,,,,,,,,,,,,,,,,,,,,,,,,,,,,,,,,18.2307,20.8871,13.1088,,15.0657,9.60204,10.4611,19.8807,4.89559,,17.4137,,4.29801,22.6183,18.3161,29.435,,,,,,,,,,66.8249,25.4584,37.4715,12.9959,,41.1258,15.0234,,,20.7824,11.9795,,,,,,,,,,,,,,,,18.4338,1.32669,,,,,,,,,,,,49.1868,30.2394,,,,,,,,,,,,,,,,,4.41463,,,15.5125,,11.1021,,,,,,,,,,,17.9228,,,,,,,6.7676,19.8,,,,,,,,,,,,,
1996-07,,,,,,,,,,,,,,,,,,,,,,,,,,,,,,,,,,,,17.2271,20.4497,12.4418,,14.3464,8.60377,9.43923,17.202,4.38897,,14.9411,,4.28979,21.4363,17.1694,26.2509,,,,,,,,,,65.1721,23.8461,38.434,12.9711,,39.6789,15.9318,,,17.1526,13.2851,,,,,,,,,,,,,,,,17.2224,1.2611,,,,,,,,,,,,49.8208,28.0258,,,,,,,,,,,,,,,,,4.08791,,,14.3697,,11.022,,,,,,,,,,,16.6495,,,,,,,6.34464,22.0852,,,,,,,,,,,,,
1996-08,,,,,,,,,,,,,,,,,,,,,,,,,,,,,,,,,,,,17.202,20.9572,12.7325,,13.9362,8.88792,9.78965,17.6963,4.99729,,15.3691,,14.1374,22.5655,17.3823,27.0874,,,,,,,,,,71.468,27.3122,37.1566,12.6997,,43.0173,15.3599,,,21.4994,13.2598,11.3642,,,,,,,,,,,,,,,17.0445,1.30381,,,,,,,,,,,,53.2623,30.6022,,,,,,,,,,,,,,,,,3.86636,,,15.101,,11.6775,,,,,,,,,,,17.5235,,,,,,,6.77728,23.5282,,,,,,,,,,,,,
1996-09,,,,,,,,,,,,,,,,,,,,,,,,,,,,,,,,,,,,17.5157,22.2214,13.3972,,15.5913,8.51735,9.91546,17.831,4.9597,,15.9517,,12.0794,22.6259,16.998,27.1131,,,,,,,,,,63.6627,23.7252,34.4667,10.6161,,36.7552,12.9557,,,21.8282,11.9977,10.6988,,,,,,,,,,,,,,,18.075,1.23576,,,,,,,,,,,,50.4229,28.2168,,,,,,,,,,,,,,,,,3.79451,,,16.3253,,11.5236,,,,,,,,,,,19.1684,,,,,,,6.92902,27.0541,,,,,,,,,,,,,
1996-10,,,,,,,,,,,,,,,,,,,,,,,,,,,,,,,,,,,,18.5877,23.2566,12.8288,,21.256,8.79956,10.3599,21.2996,4.98741,,19.8387,,12.0412,26.4582,18.5854,31.6896,,,,,,,,,,62.1186,21.7117,35.7253,12.9258,,39.3531,11.7407,,,20.1767,11.3517,10.0377,,,,,,,,,,,,,,,17.6425,1.17876,,,,,,,,,,,,50.2211,25.744,,,,,,,,,,,,,,,,,3.6637,,,18.4929,,10.6081,,,,,,,,,,,18.5685,,,,,,,7.07982,25.9624,,,,,,,,,,,,,
1996-11,,,,,,,,,,,,,,,,,,,,,,,,,,,,,,,,,,,,19.9339,23.8486,14.1792,,22.0523,9.08136,10.1292,21.7833,5.33387,,19.8012,,11.6178,27.7734,19.8195,32.632,,,,,,,,,,64.1794,21.2837,41.0462,11.2505,,37.9242,12.3044,,,20.336,10.7232,9.26729,,,,,,,,,,,,,,,18.2613,1.40013,,,,,,,,,,,,54.4013,29.502,,,,,,,,,,6.05031,,,,,,,3.79029,,,18.6045,,10.0615,,,,,,,,,,,19.5278,,,,,,,7.62657,26.8222,,,,,,,,,,,,,
1996-12,,,,,,,,,,,,,,,,,,,,,,,,,,,,,,,,,,,,20.6995,23.1367,13.9043,,21.1717,8.61238,9.96822,21.0752,5.20271,,20.7356,,15.9044,26.7092,19.8195,30.7387,,,,,,,,,,60.1442,21.6707,39.3359,9.87107,,38.6014,12.3044,,,21.1258,9.91393,8.51588,,,,,,,,,,,,,,,17.3192,1.26012,,,,,,,,,,,,54.5082,32.9335,,,,,,,,,,6.3404,,,,,,,4.24672,,,18.6045,,9.38909,,,,,,,,,,,20.3769,,,,,,,7.87899,23.5282,,,,,,,,,,,,,
1997-01,,,,,,,,,,,,,,,,,,,,,,,,,,,,,,,,,,,,21.8189,23.5519,13.9218,,21.4848,7.9142,10.8402,22.9528,5.66577,,26.8564,,21.4853,29.6244,23.7332,34.7413,,,,,,,,,,53.4237,20.788,36.655,8.9483,,36.4548,12.8498,,,18.1071,11.0929,8.98848,,,,,,,,,,,,,,,16.7424,1.39573,,,,,,,,,,,,58.8117,35.6847,,,,,,,,,,7.68371,,,,,,,4.14435,,,16.6493,,9.56433,,,,,,,,,,,22.6211,,,,,,,7.52968,22.7172,,,,,,,,,,,,,
1997-02,,,,,,,,,,,,,,,,,,,,,,,,,,,,,,,,,,,,21.205,22.9965,13.0133,,18.92,6.87142,10.8593,19.3034,5.19629,,19.252,,18.91,26.8378,21.1255,31.5245,,,,,,,,,,63.6335,22.0786,38.4096,11.2806,,39.0325,13.0764,,,18.8352,14.1745,11.076,,,,,,,,,,,,,,,19.7376,1.48212,,,,,,,,,,,,60.7394,31.3042,,,,,,,,,,6.58894,,,,,,,4.29411,,,15.5869,,8.65965,,,,,,,,,,,21.6971,,,,,,,7.47503,24.4929,,,,,,,,,,,,,
1997-03,,,,,,,,,,,,,,,,,,,,,,,,,,,,,,,,,,,,22.7344,24.7617,12.8239,,18.1455,7.02348,10.5109,19.9654,5.35826,,22.8292,,18.6244,28.5333,22.1774,33.9923,,,,,,,,,,51.7817,17.3869,32.2105,9.05085,,36.2498,12.5839,,,15.6568,10.6294,8.44137,,,,,,,,,,,,,,,17.5892,1.47842,,,,,,,,,,,,57.8239,32.0278,,,,,,,,,,5.7509,,,,,,,3.8886,,,15.0227,,9.01492,,,,,,,,,,,22.794,,,,,,,7.32629,26.7745,,,,,,,,,,,,,
1997-04,,,,,,,,,,,,,,,,,,,,,,,,,,,,,,,,,,,,23.865,24.3312,12.4457,,19.9352,6.30678,9.37877,20.2381,5.17683,,20.2507,,13.4055,29.4276,23.0897,30.5217,,,,,,,,,,46.2117,15.4357,30.3078,8.33715,,29.5,10.828,,,13.6826,10.0152,7.9349,,,,,,,,,,,,,,,16.9814,1.53086,,,,,,,,,,,,59.5576,31.277,,,,,,,,,,6.40015,,,,,,,3.64717,,,15.4236,,7.86728,,,,,,,,,,,22.6123,,,,,,,7.33879,29.014,,,,,,,,,,,,,
1997-05,,,,,,,,,,,,,,,,,,,,,,,,,,,,,,,,,,,,25.1648,25.0848,13.4418,,22.3655,7.2425,9.91785,20.3996,5.23151,,21.314,,15.8745,31.7727,25.3123,33.3075,,,,,,,,,,52.2502,16.4107,34.3312,8.3118,,32.2019,10.7138,,,14.0823,11.3243,7.84681,,,,,,,,,,,,,,,16.992,1.72746,,,,,,,,,,,,62.7931,33.9045,,,,,,,,,,7.3894,,,,,,,4.03003,,,16.8415,,9.15507,,,,,,,,,,,23.3848,,,,,,,7.37864,30.1425,,,,,,,,,,,,,
1997-06,,,,,,,,,,,,,,,,,,,,,,,,,,,,,,,,,,,,25.9818,26.4628,13.8199,,22.2184,6.13364,10.7925,19.3743,5.00452,,21.3114,,15.4979,33.298,25.9773,34.3194,,,,,,,,,,52.1804,14.8476,29.7053,6.66839,,24.1213,7.14975,,,13.2833,9.60861,6.69089,,,,,,,,,,,,,,,18.1361,1.7253,,,,,,,,,,,,64.2055,27.7903,,,,,,,,,,8.2002,,,,,,,4.46509,,,19.764,,8.76519,,,,,,,,,,,25.3532,,,,,,,7.1078,29.6691,,,,,,,,,,,,,
1997-07,,,,,,,,,,,,,,,,,,,,,,,,,,,,,,,,,,,,27.2204,28.2394,14.6399,,22.9832,6.89788,10.779,20.9874,5.2515,,20.6853,,13.3805,40.6395,30.119,39.1424,,,,,,,,,,55.2919,13.1921,30.9398,6.96842,,25.095,6.94784,,,12.0962,10.6963,7.30131,,,,,,,,,,,,,,,17.1609,1.64583,,,,,,,,,,,,75.2916,30.3652,,,,,,,,,,8.68139,,,,,,,5.4818,,,18.8994,,8.98771,,,,,,,,,,,25.8587,,,,,,,7.57801,29.5986,,,,,,,,,,,,,
1997-08,,,,,,,,,,,,,,,,,,,,,,,,,,,,,,,,,,,,26.0468,27.8385,15.0884,,25.7278,8.15219,10.0613,23.5854,5.42693,,21.0955,,14.0668,40.4641,31.2875,37.6839,,,,,,,,,,56.6103,13.552,30.7974,7.38629,,23.0444,7.53686,,,11.6842,10.3021,6.91713,,,,,,,,,,,,,,,16.3969,1.64187,,,,,,,,,,,,70.0428,31.2557,,,,,,,,,,8.25645,,,,,,,6.81872,,,19.0794,,8.12628,,,,,,,,,,,26.7961,,,,,,,7.30265,28.6524,,,,,,,,,,,,,
1997-09,,,,,,,,,,,,,,,,,,,,,,,,,,,,,,,,,,,,27.203,29.7865,16.3365,,26.4834,7.49995,11.2208,25.4593,5.57952,,23.0965,,12.337,44.7095,33.9878,38.7513,,,,,,,,,,59.9731,15.4358,33.3373,7.24516,,28.9838,6.53336,,,13.2092,13.3371,8.74817,,,,,,,,,,,,,,,16.8308,1.63218,,,,,,,,,,,,69.6567,33.4075,,,,,,,,,,7.66515,,,,,,,9.27114,,,21.0672,,8.74662,,,,,,,,,,,28.338,,,,,,,7.62309,30.2547,,,,,,2.00069,,,,,,,
1997-10,,,,,,,,,,,,,,,,,,,,,,,,,,,,,,,,,,,,26.0238,29.6681,15.3795,,26.8681,7.0915,12.0022,24.878,5.62092,,22.1446,,10.3406,46.3537,38.8751,40.6341,,,,,,,,,,46.595,10.9027,27.6983,7.04348,,22.2656,5.43897,,,10.4637,12.907,8.35779,,,,,,,,,,,,,,,14.0599,1.40994,,,,,,,,,,,,61.8579,29.7796,,,,,,,,,,6.9141,,,,,,,8.10262,,,19.5336,,8.71043,,,,,,,,,,,29.6431,,,,,,,7.57154,29.5121,,,,,,1.87925,,,,,,,
1997-11,,,,,,,,,,,,,,,,,,,,,,,,,,,,,,,,,,,,26.0287,28.9024,15.4089,,23.3552,6.42209,12.7923,21.7818,5.77722,,20.7407,,10.5043,43.6326,35.2699,37.0636,,,,,,,,,,39.9633,7.27294,22.4296,6.55756,,15.2963,3.71614,,,8.91903,14.7032,6.88715,,,,,,,,,,,,,,,12.3055,1.25087,,,,,,,,,,,,57.2171,27.6696,,,,,,,,,,6.02306,,,,,,,8.58634,,,19.2014,,8.26475,,,,,,,,,,,33.1604,,,,,,,7.57809,32.929,,,,,,1.89394,,,,,,,
1997-12,,,,,,,,,,,,,,,,,,,,,,,,,,,,,,,,,,,,26.1411,27.788,15.4878,,23.1905,7.14685,12.7786,20.8519,6.32039,,19.4567,,8.11452,42.8351,33.9633,38.6604,,,,,,,,,,39.218,8.24011,25.254,6.55776,,18.3118,3.45669,,,7.37703,16.313,9.85098,,,,,,,,,,,,,,,9.26814,1.21827,,,,,,,,,,,,59.9501,25.6602,,,,,,,,,,5.21559,,,,,,,8.46374,,,19.5063,,7.54862,,,,,,,,,,,34.0075,,,,,,,8.06034,33.272,,,,,,1.78793,,,,,,,
1998-01,,,,,,,,,,,,,,,,,,,,,,,,,,,,,,,,,,,,25.293,26.9259,14.0963,,20.968,6.74424,11.096,19.6631,5.86281,,19.0471,,10.0653,39.1373,29.3666,34.0553,,,,,,,,,,37.9791,9.88744,26.2221,6.60734,,20.604,4.67224,,,8.42907,15.0913,8.84943,,,,,,,,,,,,,,,8.65658,1.19328,,,,,,,,,,,,64.9405,26.7983,,,,,,,,,,6.50739,,,,,,,7.91602,,,18.909,,7.30098,,,,,,,,,,,34.2126,,,,,,,8.56124,34.1485,,,,,,1.71944,,,,,,,
1998-02,,,,,,,,,,,,,,,,,,,,,,,,,,,,,,,,,,,,27.3157,29.3091,15.6691,,20.4415,7.19455,11.1026,20.1451,5.65719,,19.7574,,9.34029,40.1928,30.3721,36.2475,,,,,,,,,,38.6149,9.67748,26.0891,6.53346,,19.239,5.23757,,,8.12333,15.6083,8.3423,,,,,,,,,,,,,,,8.86115,1.21499,,,,,,,,,,,,62.5786,31.483,,,,,,,,,,6.17056,,,,,,,10.2478,,,20.1523,,6.9668,,,,,,,,,,,36.1172,,,,,,,9.06348,35.8124,,,,,,1.73009,,,,,,,
1998-03,,,,,,,,,,,,,,,,,,,,,,,,,,,,,,,,,,,,28.9225,29.0514,15.9393,,23.3184,7.70619,12.7752,21.7751,5.96044,,19.5326,,10.7724,40.1848,32.7233,35.5728,,,,,,,,,,40.6201,8.60755,29.159,6.27528,,21.5211,5.20401,,,8.73574,15.6289,7.10233,,,,,,,,,,,,,,,11.7074,1.39092,,,,,,,,,,,,58.5789,28.4387,,,,,,,,,,6.88852,,,,,,,10.5385,,,19.6667,,7.23021,,,,,,,,,,,42.7094,,,,,,,9.46494,38.3928,,,,,,1.76834,,,,,,,
1998-04,,,,,,,,,,,,,,,,,,,,,,,,,,,,,,,,,,,,31.1904,29.8553,15.9036,,23.874,7.84856,12.8609,20.9217,5.81524,,16.4455,,11.73,43.9496,35.6766,35.8244,,,,,,,,,,42.7009,11.0737,30.1987,6.63215,,24.1252,8.53026,,,10.0203,15.7975,6.72254,,,,,,,,,,,,,,,11.0901,1.39409,,,,,,,,,,,,65.8526,32.4075,,,,,,,,,,7.4016,,,,,,,13.2028,,,19.2389,,7.69798,,,,,,,,,,,42.516,,,,,,,9.84294,39.1914,,,,,,1.7266,,,,,,,
1998-05,,,,,,,,,,,,,,,,,,,,,,,,,,,,,,,,,,,,30.2102,28.9948,15.9743,,21.9251,6.80771,12.0468,20.1821,5.13776,,14.4097,,8.54712,41.3593,30.8953,31.7852,,,,,,,,,,33.0219,9.90985,25.9793,6.00697,,20.4521,6.56428,,,8.27077,13.2061,5.85613,,,,,,,,,,,,,,,9.82338,1.24371,,,,,,,,,,,,59.0311,28.3339,,,,,,,,,,6.25757,,,,,,,11.4949,,,16.9548,,6.86885,,,,,,,,,,,41.4227,,,,,,,9.35178,37.0337,,,,,,1.73743,,,,,,,
1998-06,,,,,,,,,,,,,,,,,,,,,,,,,,,,,,,,,,,,30.5477,30.3641,15.4149,,20.8832,6.77844,11.8697,18.6139,5.49156,,12.4237,,9.12134,36.1491,28.9441,30.4786,,,,,,,,,,31.2814,8.37496,25.9474,5.02007,,17.1324,6.17615,,,7.6843,14.371,4.99597,,,,,,,,,,,,,,,8.89609,1.19618,,,,,,,,,,,,56.0373,27.919,,,,,,,,,,4.47573,,,,,,,10.129,,,17.3252,,6.56979,,,,,,,,,,,48.3944,,,,,,,9.46161,36.9214,,,,,,1.68632,,,,,,,
1998-07,,,,,,,,,,,,,,,,,,,,,,,,,,,,,,,,,,,,30.0293,29.9195,14.2441,,19.2532,5.3159,9.76949,15.6401,4.42832,,9.21349,,9.73308,32.0087,23.5823,22.1205,,,,,,,,,,24.9969,6.46363,22.0451,4.58591,,13.1626,6.35839,,,5.75616,12.7804,2.79919,,,,,,,,,,,,,,,8.69454,1.16599,,,,,,,,,,,,58.8334,22.6859,,,,,,,,,,4.6716,,,,,,,8.96205,,,15.2945,,5.33688,,,,,,,,,,4450.51,45.133,,,,,,,8.51382,33.7363,,,,,,1.58942,,,,,,,
1998-08,,,,,,,,,,,,,,,,,,,,,,,,,,,,,,,,,,,,28.1083,26.9892,13.1215,,15.7638,4.34785,8.11301,13.4841,3.97736,,8.08904,,3.88846,23.2169,17.259,16.1282,,,,,,,,,,18.1047,4.27217,17.48,3.32441,19.0737,9.5312,4.73926,,,5.36585,8.05165,1.45866,,,,,,,,,,,,,,,6.81521,0.810659,,,,,,,,,,,,50.9546,18.8818,,,,,,,,,,3.57986,,,,,,,7.46143,,,14.092,,4.19437,,,,,,,,,,4523.05,35.2579,,,,,,,6.4757,37.5052,,,,,,1.50846,,,,,,,
1998-09,,,,,,,,,,,,,,,,,,,,,,,,,,,,,,,,,,,,30.2995,30.5958,14.4903,,19.6485,5.84572,9.53941,15.8258,4.61945,,8.57682,,3.41767,26.9265,18.7457,18.5357,,,,,,,,,,32.0367,6.44783,26.8595,5.22646,31.5064,16.0847,7.3842,,,6.69911,9.21865,2.18531,,,,,,,,,,,,,,,6.98986,1.01787,,,,,,,,,,,,60.3483,20.3626,,,,,,,,,,4.17809,,,,,,,7.82394,,,15.7168,,4.21765,,,,,,,,,,4809.6,38.7973,,,,,,,6.91078,36.6232,,,,,,1.46357,,,,,,,
1998-10,,,,,,,,,,,,,,,,,,,,,,,,,,,,,,,,,,,,30.6536,29.5908,13.9672,,20.1584,5.57128,8.7969,16.6703,5.03843,,6.82971,,3.75801,27.7188,23.4156,19.4261,,,,,,,,,,28.0049,7.47259,28.6361,5.73509,29.2368,13.4258,7.83839,,,6.8737,9.58749,3.02775,,,,,,,,,,,,,,,7.18711,1.10192,,,,,,,,,,,,67.1963,18.6596,,,,,,,,,,4.36828,,,,,,,7.18047,,,15.62,,4.41188,,,,,,,,,,4545.35,39.387,,,,,,,7.01545,36.2002,,,,,,1.48198,,,,,,,
1998-11,,,,,,,,,,,,,,,,,,,,,,,,,,,,,,,,,,,,32.2781,30.5935,13.5635,,19.6005,5.00789,8.96288,13.5424,5.38896,,5.02847,,2.90568,23.594,19.1813,16.2068,,,,,,,,,,26.1928,6.81046,26.9104,4.90703,26.3862,13.0984,7.36619,,,6.49183,7.92436,1.93776,,,,,,,,,,,,,,,7.66381,1.09599,,,,,,,,,,,,63.1592,16.0614,,,,,,,,,,4.36828,,,,,,,6.81064,,,17.2506,,4.35345,,,,,,,,,,4299.2,42.0812,,,,,,,6.79471,36.0281,,,,,,1.48198,,,,,,,
1998-12,,,,,,,,,,,,,,,,,,,,,,,,,,,,,,,,,,,,31.4903,30.3605,13.7738,,18.3038,5.77497,7.57068,14.9551,5.335,,4.16425,,3.8766,24.5965,19.3563,15.6079,,,,,,,,,,24.104,6.24673,26.2536,3.92802,22.8917,12.1234,7.1817,,,5.54052,7.8313,1.5148,,,,,,,,,,,,,,,6.12745,0.880827,,,,,,,,,,,,63.4638,17.9463,,,,,,,,,,3.76944,,,,,,,7.20128,,,16.0869,,4.19626,,,,,,,,,,4400.95,58.5834,,,,,,,7.20076,33.3363,,,,,,1.35075,,,,,,,
1999-01,,,,,,,,,,,,,,,,,,,,,,,,,,,,,,,,,,,,30.1786,27.2054,12.4508,,15.5817,5.77091,6.79703,11.3456,4.7624,,3.70093,,6.53551,25.1979,19.3499,14.9073,,,,,,,,,,23.3042,6.82716,25.6021,4.59194,23.3467,11.767,6.88141,,,5.90821,8.10519,2.176,,,,,,,,,,,,,,,5.70991,0.785577,,,,,,,,,,,,70.9509,15.8871,,,,,,,,,,5.32037,,,,,,,6.61276,,,14.1736,,5.43452,,,,,,,,,,4587.99,59.7345,,,,,,,7.28346,30.0801,,,,,,1.29772,,,,,,,
1999-02,,,,,,,,,,,,,,,,,,,,,,,,,,,,,,,,,,,,28.724,28.2554,12.5641,,13.9285,5.51329,6.70495,11.7365,4.77633,,2.33856,,5.3302,25.7612,18.5533,15.9836,,,,,,,,,,22.7002,8.23945,23.7265,3.52638,21.8847,11.7527,6.59059,,,7.80459,8.63178,2.2941,,,,,,,,,,,,,,,5.52018,0.921391,,,,,,,,,,,,69.0255,10.4206,,,,,,,,,,5.03423,,,,,,,6.8795,,,14.2029,,5.03182,,,,,,,,,,4572.28,54.2287,,,,,,,6.66328,33.3753,,,,,,1.35643,,,,,,,
1999-03,,,,,,,,,,,,,,,,,,,,,,,,,,,,,,,,,,,,30.3579,32.5212,15.2984,,16.3617,5.53822,8.15752,15.3354,4.79636,,4.22672,,3.85076,31.8312,25.0976,21.5235,,,,,,,,,,22.9994,7.93123,22.8188,3.94744,24.2259,11.0661,7.03995,,,6.07293,7.97357,1.86583,,,,,,,,,,,,,,,6.34173,0.936041,,,,,,,,,,,,69.9845,10.8731,,,,,,,,,,5.27789,,,,,,,5.77237,,,13.7503,,5.14632,,,,,,,,,,4377.69,59,,,,,,,6.10537,29.9668,,,,,,1.38237,,,,,,,
1999-04,,,,,,,,,,,,,,,,,,,,,,,,,,,,,,,,,,,,35.4776,36.288,16.3855,,19.5954,6.29484,9.08282,17.9264,4.84166,,5.99458,8.2435,5.50506,33.5375,27.586,26.257,,,,,,,,,,31.3958,9.18628,26.7201,3.98018,28.5325,11.6325,8.29376,,,7.15953,8.9779,2.03162,,,,,,,,,,,,,,,8.86497,1.316,,,,,,,,,,,,105.01,15.1835,,,,,,,,,,5.33864,,,,,,,6.253,,,13.9414,,4.94859,,,,,,,,,,3967.3,50.5078,,,,,,,7.08448,27.9262,,,,,,1.33395,,,,,,,
1999-05,,,,,,,,,,,,,,,,,,,,,,,,,,,,,,,,,,,,34.2857,33.8661,16.9721,,20.4794,6.31555,9.50463,21.0297,5.82814,,5.76978,7.80963,5.84912,31.6014,26.7771,27.5101,,,,,,,,,,23.2789,8.15517,23.038,3.15352,24.051,9.0475,7.45507,,,6.02908,8.78483,2.03162,,,,,,,,,,,,,,,8.17748,1.14487,,,,,,,,,,,,93.0862,12.218,,,,,,,,,,5.39796,,,,,,,5.79122,,,13.9857,,4.861,,,,,,,,,,3595.7,49.5597,,,,,,,6.65039,28.9119,,,,,,1.41828,,,,,,,
1999-06,,,,,,,,,,,,,,,,,,,,,,,,,,,,,,,,,,,,33.1053,34.8042,16.2843,,21.135,6.70898,9.61579,22.8249,6.97069,,7.35885,6.94189,5.27568,33.5434,29.3736,29.55,,,,,,,,,,25.9744,9.28002,25.876,3.36784,25.6942,8.72438,7.22209,,,6.87692,9.26751,2.42001,,,,,,,,,,,,,,,10.3847,1.33568,,,,,,,,,,,,104.722,11.8295,,,,,,,,,,4.89376,,,,,,,5.70392,,,14.3936,,4.87675,,,,,,,,,,4862.36,58.6255,,,,,,,5.8191,31.6432,,,,,,1.41062,,,,,,,
1999-07,,,,,,,,,,,,,,,,,,,,,,,,,,,,,,,,,,,,33.9689,33.3082,16.6686,,21.66,7.07117,8.87786,24.7622,6.82321,,7.63624,6.41641,6.89879,31.8018,29.8518,30.6156,,,,,,,,,,24.1049,8.03725,24.7165,2.93039,25.1703,9.66468,6.03907,,,5.72923,8.46974,2.20425,,,,,,,,,,,,,,,9.74026,1.28556,,,,,,,,,,,,101.033,20.0142,,,,,,,,,,5.59862,,,,,,,6.05432,,,12.956,,4.18846,,,,,,,,,,3931.18,55.9641,,,,,,,5.73444,30.8177,,,,,,1.479,,,,,,,
1999-08,,,,,,,,,,,,,,,,,,,,,,,,,,,,,,,,,,,,33.845,33.8317,16.5274,,22.672,7.8793,9.81866,26.4857,6.80346,,6.57236,7.92392,5.93169,34.9343,30.0259,30.045,,,,,,,,,,26.6059,9.04357,25.7366,3.53241,31.541,10.9271,6.45946,,,6.184,8.25743,2.37726,,,,,,,,,,,,,,,9.24909,1.41699,,,,,,,,,,,,109.033,18.5401,,,,,,,,,,5.66388,,,,,,0.933726,6.02753,,,12.7038,,4.4268,,,,,,,,,,3599.61,53.8315,,,,,,,5.80354,28.5266,,,,,,1.56964,,,,,,,
1999-09,,,,,,,,,,,,,,,,,,,,,,,,,,,,,,,,,,,,32.456,32.3712,15.723,,24.235,6.97957,10.5373,25.0606,6.9668,,5.88253,8.43636,5.22226,32.5824,26.4193,25.4111,,,,,,,,,,33.5241,11.5058,28.7538,4.54022,38.139,14.7133,8.94425,,,7.46004,11.0849,3.07572,,,,,,,,,,,,,,,8.91848,1.54782,,,,,,,,,,,,104.311,20.4422,,,,,,,,,,4.91271,,,,,,0.80351,5.38256,,,11.7923,,4.31886,,,,,,,,,,3396.09,52.1513,,,,,,,5.607,25.8067,,,,,,1.49967,,,,,,,
1999-10,,,,,,,,,,,,,,,,,,,,,,,,,,,,,,,,,,,,31.5721,33.2464,15.0792,,22.6958,6.8331,10.3764,22.5904,6.71299,,4.45977,6.81028,4.49522,31.6109,24.2415,24.4365,,,,,,,,,,28.3719,11.7631,24.1662,4.65462,33.9838,13.0906,9.95133,,,7.35365,9.92042,2.8931,,,,,,,,,,,,,,,9.54613,1.48784,,,,,,,,,,,,101.923,17.0839,,,,,,,,,,4.27874,,,,,,0.765395,3.56595,,,11.8926,,3.91658,,,,,,,,,,3059.3,53.2551,,,,,,,5.37222,26.7197,,,,,,1.35092,,,,,,,
1999-11,,,,,,,,,,,,,,,,,,,,,,,,,,,,,,,,,,,,33.9914,32.4511,15.4957,,20.5672,6.07027,9.97245,20.7317,6.45114,,3.93713,5.99621,1.88763,31.6655,24.9075,22.1724,,,,,,,,,,30.6538,11.2007,23.8636,4.34581,31.0892,10.211,9.80599,,,6.46551,10.0099,2.36031,,,,,,,,,,,,,,,9.04021,1.3676,,,,,,,,,,,,110.191,18.9708,,,,,,,,,,4.29573,,,,,,0.708279,3.73886,,,12.056,,3.54912,,,,,,,,,,2814.78,52.8915,,,,,,,5.32572,26.1082,,,,,,1.35011,,,,,,,
1999-12,,,,,,,,,,,,,,,,,,,,,,,,,,,,,,,,,,,,34.5271,31.7412,15.2323,,19.2129,5.76265,9.95366,21.4253,6.18475,,3.78856,5.99621,2.71818,33.1186,25.9554,18.4953,,,,,,,,,,31.7053,11.0156,23.4493,4.43762,31.0892,9.5728,9.34126,,,5.39567,8.10322,2.47833,,,,,,,,,,,,,,,12.0774,1.41931,,,,,,,,,,,,139.632,28.5705,,,,,,,,,,4.97914,,,,,,0.694113,4.28884,,,11.8124,,3.56551,,,,,,,,,,2388.3,57.3116,,,,,,,5.66711,25.2114,,,,,,1.36619,,,,,,,
2000-01,,,,,,,,,,,,,,,,,,,,,,,,,,,,,,,,,,,,35.4129,30.5512,13.208,,20.467,5.20304,9.12107,21.1088,6.37429,,3.18481,7.24886,5.04386,35.9254,23.2264,21.6142,,,,,,,,,,26.289,9.50626,21.645,3.90574,28.9608,8.11277,7.96983,,,5.93621,7.22377,2.41216,,,,,,,,,,,,,,,9.93972,1.42084,,,,,,,,,,,,116.889,25.6373,,,,,,,,,,4.84758,,,,,,0.787391,3.90576,,,11.4132,,3.29053,,,,,,,,,,1849.7,53.8553,,,,,,,5.07168,22.5204,,,,,,1.39008,,,,,,,
2000-02,,,,,,,,,,,,,,,,,,,,,,,,,,,,,,,,,,,,32.1712,27.3547,12.3567,,21.5774,4.96876,7.32802,20.9845,6.99518,,2.35613,7.07586,4.45286,43.3208,24.4953,22.6312,,,,,,,,,,28.3789,10.3035,21.4354,4.45111,31.7125,8.14406,9.45626,,,5.90125,6.04735,2.39795,,,,,,,,,,,,,,,7.79161,1.38969,,,,,,,,,,,,114.618,25.7223,,,,,,,,,,4.76097,,,,,,0.728513,3.34002,,,9.75716,,2.97909,,,,,,,,,,1268.98,34.3535,,,,,,,4.56191,23.2746,,,,,,1.46415,,,,,,,
2000-03,,,,,,,,,,,,,,,,,,,,,,,,,,,,,,,,,,,,33.0468,33.5789,14.8675,,27.932,6.84687,9.52278,28.4131,8.23597,,2.48292,6.41429,2.67214,44.5027,26.1638,26.2414,,,,,,,,,,28.584,8.12065,20.4455,3.74948,29.4586,7.8422,9.01113,,,5.02992,5.71675,2.32033,,,,,,,,,,,,,,,6.77947,1.17882,,,,,,,,,,,,116.585,25.8463,,,,,,,,,,3.55113,,,,,,0.733394,3.65589,,,9.91781,,2.43033,,,,,,,,,,1649.2,29.3423,,,,,,,4.28647,25.6127,,,,,,1.64798,,,,,,,
2000-04,,,,,,,,,,,,,,,,,,,,,,,,,,,,,,,,,,,,32.8952,30.9045,15.3457,,27.6642,8.04412,9.83256,27.6474,8.51816,,1.67864,6.25971,2.07712,44.5131,28.0958,27.5807,,,,,,,,,,29.8405,7.84234,21.8989,3.17311,23.8444,6.2701,7.35173,,,4.56998,5.71341,3.13062,,,,,,,,,,,,,,,5.40637,1.13849,,,,,,,,,,,,107.602,26.3009,,,,,,,,,,3.4915,,,,,,0.783107,3.42034,,,9.55158,,2.89714,,,,,,,,,,1626.55,29.399,,,,,,,4.45397,23.8912,,,,,,1.93331,,,,,,,
2000-05,,,,,,,,,,,,,,,,,,,,,,,,,,,,,,,,,,,,35.4271,33.7562,18.4984,,34.3425,10.4976,10.8519,34.6882,9.18546,,3.28047,7.71998,3.26023,42.719,32.4364,31.5003,,,,,,,,,,29.3289,7.83319,23.7245,3.80329,23.9698,4.69709,7.20547,,,3.83431,5.63658,2.48999,,,,,,,,,,,,,,,5.1546,1.13614,,,,,,,,,,,,97.1872,19.1163,,,,,,,,,,2.85509,,,,,,0.830846,2.89013,,,11.5164,,3.21529,,,,,,,,,,1656.79,32.1523,,,,,,,4.67671,27.3464,,,,,,1.86389,,,,,,,
2000-06,,,,,,,,,,,,,,,,,,,,,,,,,,,,,,,,,,,,33.2064,30.81,16.2925,,32.0127,10.734,9.7044,33.3551,8.86488,,3.62594,9.30201,2.65354,43.2263,29.8916,27.662,,,,,,,,,,27.392,9.33264,23.6617,3.78344,25.0636,4.67257,8.12661,,,3.99593,5.39776,2.36179,,,,,,,,,,,,,,,5.16258,1.10195,,,,,,,,,,,,95.9561,20.3915,,,,,,,,,,2.76394,,,,,,0.900969,2.67512,,,9.41692,,2.87926,,,,,,,,,,1648.14,22.9934,,,,,,,4.72088,25.4338,,,,,,2.23836,,,,,,,
2000-07,,,,,,,,,,,,,,,,,,,,,,,,,,,,,,,,,,,,33.8417,28.6264,16.4067,,26.0927,9.48755,9.30845,28.15,9.54011,,3.47284,10.5351,3.78725,42.7199,29.141,29.8483,,,,,,,,,,22.3526,8.58785,20.7042,3.4751,24.0935,3.41862,7.28791,,,4.0605,4.64247,2.29885,,,,,,,,,,,,,,,5.01142,1.06557,,,,,,,,,,,,99.8605,24.5534,,,,,,,,,,3.44217,,,,,,0.925643,2.75916,,,8.97623,,2.81397,,,,,,,,,,1555.44,21.9108,,,,,,,4.52749,24.1977,,,,,,2.33941,,,,,,,
2000-08,,,,,,,,,,,,,,,,,,,,,,,,,,,,,,,,,,,,34.643,30.8715,19.9797,,33.409,12.2756,9.93332,35.6473,10.3729,,5.78807,12.9531,3.45632,49.3117,33.5057,31.6194,,,,,,,,,,23.4583,8.40705,20.7245,3.4751,24.7771,3.10783,7.80426,,,5.53705,5.59418,2.35632,,,,,,,,,,,,,,,5.47254,1.26352,,,,,,,,,,,,110.259,24.4365,,,,,,,,,,3.6894,,,,,,0.937166,3.57889,,,8.9207,,3.04846,,,,,,,,,,1605.37,23.5916,,,,,,,4.6531,22.4751,,,,,,2.65133,,,,,,,
2000-09,,,,,,,,,,,,,,,,,,,,,,,,,,,,,,,,,,,,37.6163,30.9784,20.1623,,34.1565,12.4116,10.0871,33.2814,11.6162,,5.54215,9.94504,2.56052,47.4269,30.8408,31.9532,,,,,,,,,,21.4068,8.36349,19.7085,2.92065,22.8603,2.78256,7.57896,,,5.14114,5.26499,2.40128,,,,,,,,,,,,,,,4.88159,1.39789,,,,,,,,,,,,83.4638,23.3524,,,,,,,,,,2.78109,,,,,,1.02401,3.19007,,,8.67029,,3.11859,,,,,,,,,,1551.42,28.9645,,,,,,,4.21446,28.3493,,,,,,2.98237,,,,,,,
2000-10,,,,,,,,,,,,,,,,,,,,,,,,,,,,,,,,,,,,37.5844,29.7913,19.9148,,28.5706,12.56,9.1753,31.0816,10.6101,,5.02964,10.4687,2.45569,43.7862,23.3168,29.5353,,,,,,,,,,17.0488,7.63087,17.2555,2.82636,17.8531,2.00616,5.62829,,,4.12415,4.33382,2.11177,,,,,,,,,,,,,,,4.38931,1.2548,,,,,,,,,,,,94.4293,16.3185,,,,,,,,,,3.62619,,,,,,1.05355,2.88602,,,11.0387,,3.46565,,,,,,,,,,1867.6,29.1347,,,,,,,3.79337,28.3984,,,,,,3.09147,,,,,,,
2000-11,,,,,,,,,,,,,,,,,,,,,,,,,,,,,,,,,,,,37.2434,29.9144,18.2112,,27.9027,13.5291,9.97745,29.418,10.244,,4.7395,11.9614,1.82474,35.6412,21.0566,28.4795,,,,,,,,,,19.6301,9.51068,19.4843,2.73554,15.3604,2.77617,5.62506,,,3.6638,3.87056,2.28168,,,,,,,,,,,,,,,4.45588,1.12921,,,,,,,,,,,,93.136,13.3968,,,,,,,,,,3.02009,,,,,,1.03723,2.92503,,,12.8462,,3.8746,,,,,,,,,,1710.08,26.7454,,,,,,,3.70866,33.2076,,,,,,2.58378,,,,,,,
2000-12,,,,,,,,,,,,,,,,,,,,,,,,,,,,,,,,,,,,36.8149,30.8684,18.3426,,34.5941,17.4245,11.3219,39.4695,12.2723,,7.90371,17.5405,2.20008,46.0941,22.8836,35.8218,,,,,,,,,,21.4872,8.61839,21.2891,3.33213,18.5517,2.46912,6.92003,,,4.21579,3.87278,2.45422,,,,,,,,,,,,,,,4.73493,1.17551,,,,,,,,,,,,110.753,21.3334,,,,,,,,,,3.324,,,,,,1.13217,3.33187,,,15.1219,,4.14481,,,,,,,,,,1617.3,36.3445,,,,,,,4.03856,33.8177,,,,,,2.89261,,,,,,,
2001-01,,,,,,,,,,,,,,,,,,,,,,,,,,,,,,,,,,,,35.4106,30.2539,18.7898,,30.8979,13.8749,10.5363,32.2449,10.7208,,6.76306,16.7268,2.04111,44.0067,25.8388,35.4148,,,,,,,,,,19.3343,8.707,19.9801,3.60684,17.7841,2.35547,6.87655,,,4.00717,4.58149,2.83581,,,,,,,,,,,,,,,6.42927,1.24751,,,,,,,,,,,,121.215,20.5005,,,,,,,,,,3.28435,,,,,,1.18735,4.18571,,,15.007,,4.24116,,,,,,,,,,2127.95,37.8128,,,,,,,3.03374,31.0603,,,,,,2.77085,,,,,,,
2001-02,,,,,,,,,,,,,,,,,,,,,,,,,,,,,,,,,,,,34.1485,31.2307,17.1206,,32.0104,13.7754,11.0858,32.7299,10.4969,,6.82716,18.8179,2.71064,36.4899,24.9564,33.533,,,,,,,,,,21.0023,9.26944,20.8396,3.94424,20.597,2.78598,7.6974,,,4.17263,4.51762,2.99399,,,,,,,,,,,,,,,7.68988,1.31032,,,,,,,,,,,,117.512,25.4076,,,,,,,,,,3.71991,,,,,,1.21459,5.04123,,,15.0673,,4.5173,,,,,,,,,,2393.34,39.0598,,,,,,,3.34567,33.4674,,,,,,2.85181,,,,,,,
2001-03,,,,,,,,,,,,,,,,,,,,,,,,,,,,,,,,,,,,34.0499,31.9382,17.6393,,32.6357,12.997,11.5261,32.0492,12.5895,,6.24402,21.5914,2.25374,32.9006,22.9801,30.9902,,,,,,,,,,20.0825,8.77825,18.3408,3.78275,18.2739,2.43829,7.12475,,,3.80114,3.73337,2.64902,,,,,,,,,,,,,,,7.12634,1.25689,,,,,,,,,,,,117.868,29.7212,,,,,,,,,,3.3198,,,,,,1.39122,4.70485,,,13.1353,,4.62105,,,,,,,,,,3259.68,32.3434,,,,,,,3.34737,36.1163,,,,,,3.0442,,,,,,,
2001-04,,,,,,,,,,,,,,,,,,,,,,,,,,,,,,,,,,,,37.0973,34.9858,19.1303,,32.9589,14.5793,13.9714,35.441,14.5388,,6.72817,23.8436,2.42441,37.7135,26.9127,33.401,,,,,,,,,,22.6213,10.6991,21.0168,4.31715,22.7993,2.67151,7.19609,,,3.93755,4.0052,2.73061,,,,,,,,,,,,,,,7.7019,1.27006,,,,,,,,,,,,135.2,41.1675,,,,,,,,,,4.26225,,,,,,1.46369,5.09569,,,11.8496,,5.60683,,,,,,,,,,3144.85,30.8533,,,,,,,3.56196,31.3496,,,,,,3.32696,,,,,,,
2001-05,,,,,,,,,,,,,,,,,,,,,,,,,,,,,,,,,,,,37.1752,34.882,20.6866,,32.3657,14.0444,13.8393,32.8488,13.4795,,6.75416,19.0049,1.98443,35.692,28.9802,33.4515,,,,,,,,,,25.3112,10.9331,21.1308,3.90086,22.6966,3.77163,7.11966,,,4.37928,4.60835,3.00446,,,,,,,,,,,,,,,8.48484,1.26052,,,,,,,,,,,,140.789,36.4695,,,,,,,,,,4.0892,,,,,,1.5364,5.49434,,,13.4227,,6.04867,,,,,,,,,,3566.72,32.8392,,,,,,,3.76275,31.4771,,,,,,3.30397,,,,,,,
2001-06,,,,,,,,,,,,,,,,,,,,,,,,,,,,,,,,,,,,36.5353,32.811,18.1827,,29.1669,11.1035,12.3587,27.9474,12.0821,,6.74278,15.7899,1.78476,29.8532,22.0958,28.3943,,,,,,,,,,22.9833,11.9709,19.3692,4.39677,22.4205,3.81354,8.33867,,,4.40057,5.19189,3.32076,,,,,,,,,,,,,,,5.97316,1.1213,,,,,,,,,,,,130.291,29.5706,,,,,,,,,,3.69239,,,,,,1.46734,5.852,,,12.9534,,4.88019,,,,,,,,,,3203.49,35.6523,,,,,,,3.42333,31.9786,,,,,,2.7508,,,,,,,
2001-07,,,,,,,,,,,,,,,,,,,,,,,,,,,,,,,,,,,,35.0318,33.227,18.3817,,30.2018,11.0855,12.8829,28.6888,13.04,,6.76177,15.1898,1.7003,30.5628,21.7908,30.2422,,,,,,,,,,23.1594,11.7081,19.0905,4.00216,22.2954,3.72747,7.46569,,,6.59407,4.70032,2.75719,,,,,,,,,,,,,,,5.83279,1.08075,,,,,,,,,,,,128.143,32.2606,,,,,,,,,,3.76204,,,,,,1.50577,5.19578,,,13.3283,,4.66336,,,,,,,,,,3239.19,38.8971,,,,,,,3.10823,31.3671,,,,,,2.78407,,,,,,,
2001-08,,,,,,,,,,,,,,,,,,,,4.03411,,0.0963911,11.8597,3.59,,,,,,,,,,,,33.87,33.2285,18.5137,,25.7782,9.91579,12.827,25.9166,11.6961,,6.64908,16.4667,1.52132,27.9695,17.3405,28.0924,,,,,,,,,,25.6859,13.417,20.5392,4.23205,22.9435,4.25996,7.0179,,,7.93326,4.91726,2.84671,,,,,,,,,,,,,,,6.71096,1.09711,,,,,,,,,,,,124.995,31.022,,,,,,,,,1.52706,3.95458,,,,,,1.60695,4.85647,,,14.0899,20.6846,5.46098,,,,,,,,,,2836.26,36.5486,,,,,,1.25807,3.13633,33.6706,,,84.3165,,,2.96801,,,,,,,
2001-09,,,,,,,,,,,,,,,,,,,,3.67491,,0.0660892,10.4376,2.71206,,,,,,,,,,,,33.0882,30.8924,17.2895,,19.1453,9.03152,11.3944,23.6397,10.9195,,5.32905,13.5115,1.02451,25.9688,14.0355,24.5788,,,,,,,,,,29.139,14.5659,22.1446,4.33009,20.4221,4.67457,7.89316,,,8.37588,5.96062,3.5647,,,,,,,,,,,,,,,5.93073,0.860094,,,,,,,,,,,,101.225,14.742,,,,,,,,,1.22593,2.91651,,,,,,1.54707,4.19116,,,13.1494,19.1814,5.3602,,,,,,,,,,2487.03,25.6135,,,,,,1.05529,2.67622,33.9822,,,55.584,,,2.49526,,,,,,,
2001-10,,,,,,,,,,,,,,,,,,,,3.96942,,0.0775077,10.0838,3.15705,,,,,,,,,,,,33.242,32.3865,17.6085,,21.3878,11.0923,11.8932,28.522,12.0152,,5.04311,17.4604,0.902826,27.6074,15.4193,30.5227,,,,,,,,,,28.7418,13.7263,19.9654,4.48171,21.2999,4.15846,8.74014,,,8.24422,5.05619,3.52308,,,,,,,,,,,,,,,6.01032,0.803638,,,,,,,,,,,,106.174,18.005,,,,,,,,,1.41011,3.07726,,,,,,1.68319,3.94507,,,14.598,19.948,5.27905,,,,,,,,,,2542,25.4198,,,,,,1.10028,3.03957,33.2415,,,45.7454,,,2.41866,,,,,,,
2001-11,,,,,,,,,,,,,,,,,,,,3.73686,,0.0739941,8.31528,2.72284,,,,,,,,,,,,31.753,31.388,18.0338,,19.2368,10.9886,11.7628,25.5635,11.9453,,4.72463,14.0923,0.716319,27.4199,13.486,28.2244,,,,,,,,,,24.4098,13.4245,19.5554,4.50889,21.7218,3.34208,8.23201,,,7.71927,5.06474,3.69026,,,,,,,,,,,,,,,7.24086,0.975902,,,,,,,,,,,,127.216,23.1223,,,,,,,,,1.60891,3.04689,,,,,,1.63339,4.23394,,,16.2096,21.9436,5.47261,,,,,,,,,,3096.65,30.6492,,,,,,1.121,3.17722,34.3579,,,51.8757,,,2.3967,,,,,,,
2001-12,,,,,,,,,,,,,,,,,,,,3.94297,,0.0753115,11.4683,3.12346,,,,,,,,,,,,33.4983,33.2175,19.6121,,21.7372,12.3346,12.6504,30.6192,12.5681,,5.15089,15.9745,0.898946,31.6222,8.27653,31.3444,,,,,,,,,,23.845,14.0026,20.6969,4.76293,23.3185,3.69572,9.76456,,,7.589,6.08724,4.76599,,,,,,,,,,,,,,,7.29132,1.10455,,,,,,,,,3.14916,,,117.628,24.8997,,,,,,,,,1.62809,3.45473,,,,,,1.83638,4.32612,,,15.1741,26.505,5.91419,,,,,,,,,,2842.89,33.0922,,,,,,1.21223,3.45201,35.6744,,,63.1687,,,2.41491,,,,,,,
2002-01,,,,,,,,,,,,,,,,,,,,3.69357,,0.079128,8.57757,3.22418,,,,,,,,,,,,33.21,30.9937,18.9866,,20.8856,10.708,12.3459,29.7623,11.3141,,4.77782,14.6616,1.22877,32.3776,8.66758,30.1845,,,,,,,,,,27.1898,16.2641,22.1391,6.30351,26.5895,4.65773,11.9574,,,8.34509,6.40688,4.25279,,,,,,,,,,,,,,,8.44839,1.09283,,,,,,,,,3.23379,,,118.353,23.9509,,,,,,,,,1.68663,4.06446,,,,,,1.7046,4.25631,,,14.7073,21.9808,6.25593,,,,,,,,,,2646.32,31.7946,,,,,,1.21125,3.27482,36.9976,,,58.1943,,,2.51092,,,,,,,
2002-02,,,,,,,,,,,,,,,,,,,,4.00282,,0.079221,8.77099,3.42321,,,,,,,,,,,,35.1932,31.374,19.2379,,24.4141,11.0424,12.7191,32.2496,12.0447,,5.23153,15.0557,1.05419,33.4034,10.4393,30.2612,,,,,,,,,,29.9101,17.0883,23.277,8.62086,30.7603,5.31597,15.8522,,,10.3612,7.19019,4.93312,,,,,,,,,,,,,,,7.92808,1.03531,,,,,,,,,3.28623,,,124.099,20.6337,,,,,,,,,1.71777,4.01889,,,,,,1.62514,4.27789,,,14.6092,22.3449,6.53989,,,,,,,,,,2778.73,32.0912,,,,,,1.23045,3.13633,37.1568,,,66.6883,,,2.39623,,,,,,,
2002-03,,,,,,,,,,,,,,,,,,,,3.99514,,0.079069,10.505,3.41664,,,,,,,,,,,,37.1402,33.3525,20.3246,,26.8576,12.6563,13.8605,34.5801,12.758,,5.80641,16.9033,1.09272,33.5647,10.7396,32.5974,,,,,,,,,,34.187,18.7482,23.8009,10.2322,32.775,6.1032,16.8682,,,12.861,8.04013,5.1899,,,,,,,,,,,,,,,9.48201,1.19038,,,,,,,,,3.29649,,,123.964,30.0402,,,1.21804,,,,,,1.71934,4.82569,,,,,,1.65018,5.01147,,,14.6114,24.4815,6.86622,,,,,,,,,,2570.41,38.1794,,,,,,1.38525,4.10121,35.8455,,,69.0918,,,2.69725,,,,,,,
2002-04,,,,,,,,,,,,,,,,,,,,4.81955,,0.0909713,11.2942,3.66636,,,,,,,,,,,,33.8495,31.859,19.3641,,27.2836,13.2166,13.5942,35.3267,13.1026,,6.43052,14.7217,0.821606,31.0684,10.6298,31.9331,,,,,,,,,,35.0036,19.3981,25.5941,11.8158,34.7155,8.02862,19.3722,,,12.8757,8.03825,5.19639,,,,,,,,,,,,,,,9.50419,1.32088,,,,,,,,,3.06572,,,111.156,27.8694,,,1.20685,,,,,,1.90999,5.10298,,,,,,1.66272,5.53315,,,13.8417,24.8738,6.3777,,,,,,,,,,2731.84,38.7346,,,,,,1.40161,5.00531,35.3652,,,65.8345,,,2.59476,,,,,,,
2002-05,,,,,,,,,,,,,,,,,,,,5.04004,,0.0862342,10.2617,3.67157,,,,,,,,,,,,33.8418,32.309,18.6324,,28.9104,12.7352,14.1191,33.7217,13.1904,,5.88537,15.6552,1.09547,29.3036,11.6058,31.1535,,,,,,,,,,38.3185,23.3922,27.9321,13.6028,41.4981,12.2819,24.0334,,,21.268,12.3501,10.9407,,,,,,,,,,,,,,,10.5691,1.27857,,,,,,,,,3.0724,,,114.765,29.8548,,,1.32669,,,,,,2.14385,5.21118,,,,,,1.66133,5.17176,,,15.2331,24.6267,6.47201,,,,,,,,,,3035.36,35.4718,,,,,,1.55945,5.30007,34.8605,,,70.7059,,,2.59656,,,,,,,
2002-06,,,,,,,,,,,,,,,,,,,,5.2242,,0.090073,6.84636,3.43126,,,,,,,,,,,,34.6616,32.7537,19.0524,,27.2808,12.3245,14.2927,34.7925,12.5535,,6.22679,13.7619,1.14784,26.4686,10.0357,28.2817,,,,,,,,,,32.3402,20.3364,24.3181,10.9504,33.7389,10.8899,20.0736,,,19.6188,10.6594,10.2987,,,,,,,,,,,,,,,9.54705,1.37312,,,,,,,,,2.90889,,,108.7,27.4518,,,1.22297,,,,,,2.33154,4.81372,,,,,,1.64379,4.38092,,,13.383,23.8227,6.07538,,,,,,,,,,3564.26,32.2917,,,,,,1.4788,5.1137,32.6325,,,57.4108,,,2.44974,,,,,,,
2002-07,,,,,,,,,,,,,,,,,,,,4.81599,,0.0857391,8.39016,3.10299,,,,,,,,,,,,31.1033,27.7265,16.7267,,23.0479,10.6453,12.8962,31.1988,12.4994,,5.64232,9.0566,0.820237,24.4036,8.30142,22.7428,,,,,,,,,,29.9363,16.0894,19.5966,9.72937,27.1369,7.96754,16.4501,,,16.6525,8.69479,7.5875,,,,,,,,,,,,,,,8.15807,1.33408,,,,,,,,,2.41266,,,89.1112,15.6535,,,1.08166,,,,,,1.98452,4.96894,,,,,,1.52847,3.53625,,,12.2289,23.0632,4.47162,,,,,,,,,,2868.47,30.8696,,,,,,1.27567,4.51578,40.9201,,,44.4771,,,2.17571,,,,,,,
2002-08,,,,,,,,,,,,,,,,,,,,4.94333,,0.0892255,6.69717,2.78365,,,,,,,,,,,,30.0875,28.4927,17.0653,,25.9035,10.7802,14.0918,33.2447,12.8746,,5.91141,9.20914,1.12518,24.5947,9.52747,23.3595,,,,,,,,,,34.8756,20.6772,20.4878,11.6777,30.8266,9.46273,21.6819,,,21.3577,10.0723,8.44164,,,,,,,,,,,,,,,8.72736,1.2342,,,,,,,,,1.57993,,,82.3799,16.6845,,,1.12647,,,,,,1.751,3.51792,,,,,,1.73498,3.04563,,,12.7625,24.1614,4.72795,,,,,,,,,,3100.36,28.5259,,,,,,1.3094,4.85495,39.5496,,,37.7812,,,2.0766,,,,,,,
2002-09,,,,,,,,,,,,,,,,,,,,4.43702,,0.0934202,3.10292,1.87687,,,,,,,,,,,,27.0296,25.706,14.9827,,26.5756,11.1083,13.5596,35.8359,12.6302,,5.1722,8.2374,0.833711,21.8548,8.14565,24.6183,,,,,,,,,,33.6201,22.2105,19.7919,12.6786,35.3216,10.3965,23.7726,,,27.3816,8.70829,7.11083,,,,,,,,,,,,,,,7.15532,1.26254,,,,,,,,,1.01024,,,63.2641,12.8402,,,0.999404,,,,,,1.59846,3.80259,,,,,,1.63423,2.99914,,,13.0758,27.2775,4.10004,,,,,,,,,,2566.37,29.2118,,,,,,1.16072,4.42888,32.3431,,,23.0479,,,1.9484,,,,,,,
2002-10,,,,,,,,,,,,,,,,,,,,4.21488,,0.0974556,2.14169,1.4509,,,,,,,,,,,,28.4737,25.0631,15.8176,,27.7689,11.1146,13.6087,32.5886,12.9925,,5.26294,8.37967,0.876138,22.7547,10.192,24.6908,,,,,,,,,,30.1604,16.7446,19.1493,10.8776,33.3048,7.82002,19.8358,,,25.3724,7.81599,6.67838,,,,,,,,,,,,,,,6.47477,1.28528,,,,,,,,,1.27438,,,72.1915,11.6954,,,1.15564,,,,,,1.7902,3.77889,,,,,,1.70909,3.24996,,,14.2125,28.5602,5.26107,,,,,,,,,,2742.21,30.3486,,,,,,1.18467,3.71373,33.8611,,,36.0091,,,2.00254,,,,,,,
2002-11,,,,,,,,,,,,,,,,,,,,4.23833,,0.107027,2.50414,1.66796,,,,,,,,,,,,29.6322,25.105,15.5926,,25.1789,11.9699,13.2844,32.4801,12.9349,,5.85874,9.18409,0.849854,25.1033,13.5511,27.8271,,,,,,,,,,28.5621,15.235,18.641,10.6107,35.2102,8.10438,19.4719,,,24.412,7.64608,6.81861,,,,,,,,,,,,,,,8.22614,1.33228,,,,,,,,,1.39425,,,84.1529,14.1082,,,1.21871,,,,,,2.02342,4.11821,,,,,,1.71627,3.71249,,,13.9708,27.7367,5.40083,,,,,,,,,,2799.96,32.7121,,,,,,1.22548,3.81485,33.6761,,,42.0137,,,2.18957,,,,,,,
2002-12,,,,,,,,,,,,,,,,,,,,4.91213,,0.104153,1.74181,1.73605,,,,,,,,,,,,29.8172,24.9541,15.8167,,25.3213,12.3521,13.7245,34.4309,12.8789,,5.97122,11.3771,1.12394,24.0309,11.8906,27.4201,,,,,,,,,,35.5429,20.6266,19.7671,13.8353,45.4329,11.6372,25.5488,,,35.8737,11.1255,9.39851,,,,,,,,,,,,,,,8.92515,1.3306,,,,,,,,,1.23243,,,75.1954,13.6779,,,1.30877,,,,,,2.07953,3.49659,,,,,,1.74309,3.3168,,,13.0248,27.2432,5.71433,,,,,,,,,,2521.35,29.1612,,,,,,1.3812,3.65746,35.3492,,,52.3133,,,2.56362,,,,,,,
2003-01,,,,,,,,,,,,,,,,,,,,4.47814,,0.110202,2.02112,1.87347,,,,,,,,,,,,29.0147,24.0669,15.6819,,24.8802,11.9527,14.0291,37.6,13.6053,,6.44034,10.1471,1.22389,21.4297,11.8699,25.6626,,,,,,,,,,35.2889,20.135,21.0082,12.9554,46.6324,11.2549,23.56,,,39.1124,10.9635,9.67195,,,,,,,,,,,,,,,9.93966,1.44618,,,,,,,,,1.51906,,,64.9723,11.8351,,,1.24622,,,,,,2.04336,3.84871,,,,,,1.79826,3.0555,,,12.6015,29.3102,5.74856,,,,,,,,,,2610.33,28.0437,,,,,,1.28595,3.75876,33.6593,,,62.923,,,2.68223,,,,,,,
2003-02,,,,,,,,,,,,,,,,,,,,4.41211,,0.103579,1.62885,1.79551,,,,,,,,,,,,28.8778,24.0586,16.5081,,26.2706,12.6386,14.2507,39.0284,13.2417,,6.47849,11.6836,1.19718,23.5854,12.7209,26.2008,,,,,,,,,,33.0594,18.8976,20.4294,12.6009,43.667,11.0594,21.5559,,,27.6629,9.05706,8.62605,,,,,,,,,,,,,,,8.94403,1.42796,,,,,,,,,1.6449,,,67.3794,11.854,,,1.29707,,,,,,2.09274,3.4833,,,,,,1.66249,3.3771,,,11.3681,29.0883,5.6881,,,,,,,,,,2553.05,26.6467,,,,,,1.16656,3.83742,33.6304,,,62.7828,,,2.69108,,,,,,,
2003-03,,,,,,,,,,,,,,,,,,,,4.4366,,0.0934113,1.36171,1.72775,,,,,,,,,,,,29.4901,24.0938,17.3481,,26.1513,12.0338,14.3176,38.5261,13.6013,,6.20089,10.7852,1.27627,21.4162,13.0177,25.1292,,,,,,,,,,31.4892,17.9117,19.6019,10.3641,40.2829,9.57836,18.4416,,,20.7823,8.50126,8.09147,,,,,,,,,,,,,,,8.9063,1.33271,,,,,,,,,1.31497,,,63.3178,11.4388,,,1.19819,,,,,,2.06967,3.34261,,,,,,1.61647,3.443,,,11.1965,28.0884,6.48242,,,,,,,,,,2314.74,27.8021,,,,,,1.13981,3.37479,32.4206,,,63.207,,,2.73337,,,,,,,
2003-04,,,,,,,,,,,,,,,,,,,,4.51234,,0.103645,2.07024,2.15903,,,,,,,,,,,,29.7657,23.459,16.446,,25.7074,11.4074,14.2961,35.8627,13.9616,,6.43205,11.2468,1.60745,23.6763,13.474,23.5599,,,,,,,,,,32.6077,13.7197,18.8744,10.0404,37.7488,9.53688,15.8674,,,22.5986,8.77116,8.09178,,,,,,,,,,,,,,,9.10589,1.43075,,,,,,,,,1.5664,,,75.5784,12.0632,,,1.26973,,,,,,2.38833,3.46431,,,,,,1.80232,3.93807,,,11.5118,31.3382,6.11396,,,,,,,,,,2361.96,31.8843,,,,,,1.27492,3.26426,33.8341,,,62.0882,,,2.9059,,,,,,,
2003-05,,,,,,,,,,,,,,,,,,,,4.99757,,0.121646,2.38484,2.29493,,,,,,,,,,,,31.0504,26.8156,17.6748,,28.3379,13.1745,16.1855,41.3613,14.7298,,6.54068,14.7537,2.33721,27.4988,15.0467,27.9695,,,,,,,,,,35.8521,15.2782,22.2413,11.2755,39.0163,10.8792,19.8288,,,28.7805,9.24716,8.2782,,,,,,,,,,,,,,,11.5656,1.46594,,,,,,,,,1.46187,,,81.2484,12.738,,,1.36459,,,,,,2.48122,3.83674,,,,,,1.93223,4.36595,,,12.5258,32.5047,6.97786,,,,,,,,,,2704.36,35.5496,,,,,,1.46201,2.74282,37.108,,,83.3918,,,3.27101,,,,,,,
2003-06,,,,,,,,,,,,,,,,,,,,5.24814,,0.142529,1.9852,2.52635,,,,,,,,,,,,30.5991,27.2621,17.9271,,29.0692,12.7754,16.1996,40.7772,14.8892,,6.82757,14.9948,3.89976,26.9799,14.56,28.3786,,,,,,,,,,39.2469,15.8918,22.7509,12.055,42.6946,10.5243,20.3666,,,30.3652,9.85196,8.51138,,,,,,,,,,,,,,,12.8952,1.41086,,,,,,,,,1.58647,,,84.095,12.7241,,,1.34766,,,,,,2.43085,3.94706,,,,,,2.01517,4.44337,,,13.453,32.1322,7.71438,,,,,,,,,,3029.39,37.7274,,,,,,1.75152,3.23882,36.3168,,,89.3005,,,3.02463,,,,,,,
2003-07,,,,,,,,,,,,,,,,,,,,5.56209,,0.167471,2.70415,2.77285,,,,,,,,,,,,30.2849,27.1985,17.2339,,25.7586,11.8435,15.7672,38.8539,14.1027,,7.02682,12.2845,3.99053,25.5342,14.0193,26.6221,,,,,,,,,,43.6005,16.4356,21.7358,11.8442,44.1589,10.1391,18.8945,,,31.6664,12.4237,12.7877,7.96475,,,,,,,,,,,,,,14.1362,1.51526,,,,,,,,,1.88189,,,91.4816,16.3055,,,1.58085,,,,,,2.44011,4.31731,,,,,,2.14964,5.51617,,,13.7203,33.6124,7.37403,,,,,,,,,,3133.86,39.773,,,,,,1.85065,3.57061,37.9178,,,95.6986,,,3.13634,,,,,,,
2003-08,,,,,,,,,,,,,,,,,,,,5.73207,,0.182789,3.37635,2.94856,,,,,,,,,,,,32.1881,27.6529,18.3166,,28.0337,12.9,16.4955,43.092,14.4649,,7.26024,13.3552,5.09401,28.0499,15.2324,28.2521,,,,,,,,,,47.2862,19.6452,25.5616,13.3511,50.713,11.6367,21.5162,,,34.6006,14.6433,13.2213,9.34229,,,,,,,,,,,,,,15.77,1.58168,,,,,,,,,2.02724,,,94.2544,16.7321,,,1.72391,,,,,,2.57315,4.60286,,,,,,2.15235,5.85766,,,14.4915,33.9615,8.16099,,,,,,,,,,3142.41,40.0637,,,,,,1.93446,4.67655,36.4648,,,108.604,,,3.08876,,,,,,,
2003-09,,,,,,,,,,,,,,,,,,,,5.35376,,0.180861,1.79011,2.25839,,,,,,,,,,,,31.1476,27.0262,17.9009,,26.0465,12.6581,17.0002,43.1766,15.0134,,7.38793,12.2443,5.14613,27.3322,15.3061,24.9035,,,,,,,,,,46.9289,16.7958,23.739,14.0516,50.7236,11.5371,22.0395,,,25.7501,13.3484,11.5483,9.90199,,,,,,,,,,,,,,17.3432,2.03939,,,,,,,,,2.25314,,,86.0542,19.3283,,,1.87295,,,,,,2.56482,4.31823,,,,,,2.2156,5.37279,,,13.653,30.7639,8.24996,,,,,,,,,,2848.67,37.9713,,,,,,1.75691,4.6074,37.7922,,,102.6,,,3.06764,,,,,,,
2003-10,,,,,,,,,,,,,,,,,,,,5.63494,,0.187237,2.20422,2.46214,,,,,,,,,,,,31.1643,28.1346,18.847,,26.2424,12.8083,17.0331,43.5344,15.0662,,8.27175,14.3159,5.581,26.5533,15.0889,23.9113,2.4898,10.8161,,,5.92187,0.148357,3.23754,2.22453,4.70159,52.6162,14.7871,24.5724,14.2157,52.0446,12.7263,23.0226,,,29.1501,14.6117,12.162,11.9719,,34.4539,12.6863,29.0757,,2.76819,,,,,,,,20.3765,2.62675,8.0135,2.53151,,1.93457,,,1.35691,,2.91793,,,103.963,29.7097,,,2.12484,,,,,,2.62675,5.29492,,,,,,2.23391,5.92774,,,14.9606,30.3492,10.252,10.3282,,,,,,,,,3253.52,40.3469,1.41581,,,,,1.94988,5.40514,40.1339,217.781,20.2685,120.12,,,2.82711,,,,,,,
2003-11,,,,,,,,,,,,,,,,,,,,5.77766,,0.187745,2.65942,2.48434,,,,,,,,,,,,31.1409,28.792,18.7624,,26.7801,12.782,17.7671,44.9547,15.2182,,8.56522,14.1479,5.12261,26.5969,14.8734,24.4851,2.61252,11.3928,,,6.1888,0.150925,3.54728,1.81043,4.67652,58.013,16.1639,28.4112,13.6371,64.7863,13.6922,24.169,,,30.2336,18.3941,18.3614,13.3648,,41.0059,13.6939,31.3818,,3.46598,,,,,,,,22.9521,3.5258,8.19961,3.00456,,1.78583,,,1.3804,,3.05149,,,108.849,30.0436,,,2.03932,,,,,,2.83556,5.7054,,,,,,2.40416,5.9118,,,15.0013,32.1108,12.0409,11.8318,,,,,,,,,3359.18,40.9303,1.36093,,,,,1.91832,6.97345,40.765,252.464,21.5756,126.884,,,3.0184,,,,,,,
2003-12,,,,,,,,,,,,,,,,,,,,6.63768,,0.203783,3.06108,2.95342,,46.457,14.5112,23.3721,,6.69558,9.60152,29.1208,11.4369,3.19375,,35.3083,33.1564,21.7058,,31.129,14.0865,20.6203,50.8326,15.8707,,10.2569,17.2625,10.084,31.1671,16.5794,27.3145,2.96956,12.9593,,,6.74378,0.240113,4.00282,1.94305,5.04634,58.7021,16.4818,28.9131,13.8911,63.1395,12.4171,24.8066,,,29.6959,19.9184,19.2434,11.2148,,39.9022,12.3419,27.0878,,3.47188,,,6.78626,,40.8413,41.6352,15.6465,22.238,4.38623,10.4664,3.55849,,2.09919,,,1.67606,,3.89353,,0.320712,126.204,34.4427,,,2.72733,63.5486,30.691,,,,3.31069,6.56176,,,,,,2.62849,6.78926,5.0056,7.6894,15.995,37.1571,13.7227,13.7781,,,,,,,,,3751.36,46.261,1.87447,17.162,99.3357,31.9377,45.6589,2.10754,9.21459,40.4363,284.642,23.1404,158.853,,,3.45827,,,,,,,
2004-01,,,,,,,,,,,,,,,,,,,,6.47231,,0.180017,3.21758,3.99383,,42.3347,13.924,22.0829,,6.56241,9.93661,29.6211,11.1957,3.05502,,34.9567,32.98,21.7025,,30.5449,13.769,21.3994,48.0729,16.1505,,11.1356,15.3215,13.2599,34.6773,19.1322,29.6497,2.83249,12.9754,,,6.59695,0.216604,3.89056,1.95614,5.45451,50.0647,17.3258,24.9591,12.7625,54.2622,10.8103,23.2259,,,24.2145,19.974,19.1328,10.501,,38.3034,10.8358,24.1099,,3.17111,,,7.82811,,39.2235,43.7296,14.6932,19.4524,4.06318,9.45306,3.7823,,2.31192,,,1.22469,,3.86291,,0.325518,112.965,45.4179,,,2.48999,69.8575,29.0011,,,,3.18344,6.39928,,,,,,2.58604,6.47463,5.03161,7.28374,16.3774,38.4143,10.7564,10.7657,,,,,,,,,3679.8,51.4706,1.63806,15.7221,101.029,30.2443,47.286,2.12134,7.98917,39.4663,304.678,24.4201,180.007,,,3.88445,,,,,,,
2004-02,,,,,,,,,,,,,,,,,,,,7.0161,,0.177816,4.44254,4.14592,,43.8271,14.3795,22.961,,7.05985,10.6102,32.4997,11.8455,3.27688,,36.1685,33.8452,22.7064,,30.5531,13.4502,21.4536,51.1572,15.8788,,11.936,16.7488,14.2976,36.4657,20.1719,31.7287,3.20199,13.3415,,,6.85313,0.222497,4.00795,1.86975,6.01792,51.9354,18.4356,25.7702,12.3718,58.0933,10.4138,22.7683,,,23.9159,24.3613,25.9081,10.7965,,39.6018,10.2536,24.8431,,3.1321,,,8.15289,,39.5604,48.0498,16.4281,22.3872,3.50221,11.5734,3.93046,,2.63478,,,1.12898,,3.81503,,0.415803,123.718,48.7786,,,2.67182,70.9258,30.7385,,,,3.35781,6.84778,,,,,,2.86464,6.15708,5.69263,9.31868,17.9713,43.7573,11.2552,11.2984,,,,,,,,,3768.77,51.277,2.02239,16.2818,124.764,32.0456,48.3199,2.45577,10.5884,43.3003,343.802,24.4207,196.062,,,4.64789,,,,,,,
2004-03,,,,,,,,,,,,,,,,,,,,7.12583,,0.184381,3.59884,3.8328,,41.9626,14.8052,22.7847,,7.34046,9.63493,32.6161,11.3957,3.33851,,35.4426,33.4116,22.8689,,31.1455,13.7846,22.241,53.2989,16.264,,12.9601,17.6771,14.6977,35.8726,19.1317,30.5702,3.22574,13.9912,,,7.08258,0.216579,4.63958,1.32497,6.41043,55.4433,20.0947,29.7746,12.9421,56.8074,11.203,23.2806,,,24.7652,24.4107,27.2345,10.3618,,39.3249,11.1607,24.5632,,3.17073,,,6.74723,,36.004,45.3456,16.1171,20.3871,3.72374,11.3767,3.66606,,3.37856,,,1.08848,,3.95714,,0.406286,113.805,50.3015,,,2.51716,72.2354,31.1089,,,,3.18515,6.95265,,,,,,3.05643,6.17763,5.49709,8.61322,17.5137,44.7797,11.6952,11.7403,,,,,,,,,3775.92,51.5688,1.93667,14.8561,117.836,30.3892,48.1616,2.3589,11.6376,42.9971,328.119,23.2362,175.559,,,6.24382,,,,,,,
2004-04,,,,,,,,,,,,,,,,,,,,7.25756,,0.187017,3.18609,3.32539,,42.1718,15.223,22.8281,,6.75941,9.40297,32.3819,11.8593,3.63959,,36.145,34.7163,23.2824,,32.6745,14.7653,22.7237,51.5977,17.1501,,13.3234,18.8239,12.8765,32.7788,18.7004,30.6397,3.18598,12.1126,,,6.59815,0.247499,4.21882,1.50211,6.34705,44.3269,16.2606,24.0008,9.97728,42.0911,8.40972,16.6039,,,17.1312,18.038,17.8674,7.60398,,28.6109,8.4317,21.3441,,3.01951,,,5.89368,,31.9185,38.165,14.0803,15.9406,2.66391,9.00999,2.9328,,3.30209,,,1.03657,,3.39324,,0.406386,100.558,35.168,,,2.10817,65.9318,34.3778,,,,3.13451,6.73188,,,,,,2.99052,6.35819,4.83201,7.60975,18.1718,41.1187,10.1983,10.1982,,,,,,,,,3064.54,48.8402,1.80215,15.0276,117.401,31.0979,47.8525,2.18895,8.40029,45.9844,293.328,23.5103,159.858,,,6.13831,,,,,,,
2004-05,,,,,,,,,,,,,,,,,,,,7.49822,,0.192604,2.94052,2.82324,,43.8879,15.2833,24.0432,,6.74353,9.13547,32.7468,12.3589,3.73487,,36.762,34.3702,23.9469,,31.5078,15.9253,21.1556,49.4475,17.7051,,12.5793,20.2626,12.6756,31.9364,18.1175,28.348,3.12757,12.1044,,,6.53042,0.247558,4.52912,1.86307,6.24631,46.8785,18.5535,25.7855,11.3432,46.6409,9.31502,17.9128,,,19.3319,18.3132,19.9146,8.88271,,26.4304,9.42135,21.4113,,3.02023,,,5.78125,,34.7317,39.4052,14.6957,17.4742,2.90211,10.2654,3.6704,,2.71005,,,0.842413,,3.20928,,0.720504,102.254,40.9142,,,2.33544,63.7529,34.1649,,,,3.1811,7.11814,,,,,,3.09229,6.62249,4.66216,6.77161,17.1855,41.1072,12.1816,12.0608,,,,,,,,,3527.81,48.6384,1.88691,14.3743,121.068,32.2677,47.4674,2.5032,8.26506,45.8395,321.812,23.9892,213.874,,,6.85816,,,,,,,
2004-06,,,,,,,,,,,,,,,,,,,,7.55376,,0.1955,3.66974,3.39862,,43.4528,15.4248,24.1845,,7.04377,9.69606,34.8289,12.8146,4.11857,,37.6286,35.6675,24.8347,,34.9792,17.7409,23.2392,53.1871,18.8561,,15.4235,23.5704,16.3868,35.3659,18.9002,31.2643,3.45758,12.859,,,6.85324,0.21015,4.59993,1.83663,6.64311,45.6123,17.5641,24.5599,10.2184,42.6964,8.39475,15.7844,,,19.6291,17.7951,20.6892,8.76041,,24.0458,8.38768,21.9374,,9.84516,,,5.98152,,34.7014,38.4689,15.1681,17.1703,3.83467,10.8741,3.38272,,2.67438,,,0.792129,,3.19381,,0.396312,107.564,43.6364,,,2.18341,75.5763,35.8123,,,,3.19473,7.93546,,,,,,3.57608,7.06723,4.53636,7.44157,17.2856,42.9632,13.6457,13.6575,,,,,,,,,3938.83,53.4798,1.93287,13.6534,121.488,33.1666,54.1331,2.61911,9.90814,47.6566,328.743,24.5531,215.051,,,8.29495,,,,,,,
2004-07,,,,,,,,,,,,,,,,,,,,7.45421,,0.193474,4.06611,3.51354,,43.5668,16.3862,24.5903,,7.43975,9.19133,36.228,12.6217,4.43632,,39.2921,36.3086,25.8271,,36.8872,18.9301,23.6895,56.9896,18.7289,,17.7228,23.5028,15.4231,35.8736,19.8623,33.5179,3.83427,14.5649,,,7.16981,0.202489,5.24179,1.65907,7.05637,47.7,17.6186,23.8141,9.99117,43.6017,8.02999,16.3617,,,19.4937,18.5823,20.8898,9.21458,,23.855,8.0102,20.9397,,8.23459,,,6.37663,,37.6,39.9376,15.923,18.1832,3.6363,11.1052,3.34002,,2.51107,,,0.636043,,3.3076,,0.397352,104.473,41.5194,,,2.47891,79.3304,34.9712,,,,3.36666,9.11355,,,,,,3.82807,6.80945,4.73977,7.11288,15.9201,44.3463,13.8749,13.7061,,,,,,,,,3819.12,53.12,1.88612,13.6214,119.22,32.4238,49.1756,2.54881,11.5341,49.9706,268.406,23.4959,239.592,,,8.57558,,,,,,,
2004-08,,,,,,,,,,,,,,,,,,,,7.63431,,0.221483,4.75588,3.91023,,44.1442,15.4725,24.7233,,7.55082,9.03249,36.2913,12.6078,4.533,,39.3362,37.3001,24.3912,,34.3847,17.1993,24.8208,54.707,19.2826,,15.8628,21.1094,14.4929,34.5543,18.3176,32.7876,3.74989,14.0542,,,7.29,0.213722,5.36118,1.86784,7.38355,52.2927,18.1151,24.897,11.8793,47.5662,9.28024,18.621,,,21.3555,20.0762,24.216,11.8343,,27.09,9.30051,22.5675,,7.71797,,,6.29207,,35.7794,42.432,16.4347,19.6233,4.21592,11.8653,3.15333,,2.54436,,,0.832446,,3.34635,,0.392869,106.065,43.6648,,,2.65549,79.365,35.1242,,,,3.2849,8.72214,,,,,,3.82527,5.93576,4.85986,7.96002,16.5463,44.2015,15.217,15.2599,,,,,,,,,3893.36,52.3054,1.63811,14.903,120.763,31.8912,47.8679,2.52659,11.7408,50.0094,259.222,21.7565,236.655,,,7.55113,,,,,,,
2004-09,,,,,,,,,,,,,,,,,,,,8.54935,,0.244156,5.81727,4.07149,,44.9361,16.6234,25.8033,,7.83498,9.97122,35.3498,13.0858,4.49854,,41.1522,40.9551,27.0933,,37.6495,19.5636,26.9609,61.2127,19.9319,,18.4686,22.9101,16.5285,37.5558,21.1114,36.3706,4.61356,16.1539,,,8.06091,0.239627,6.45522,1.55129,8.47168,53.6133,18.9668,26.1365,13.3287,52.012,10.226,20.3542,,,23.6894,23.0079,27.6458,12.5936,,29.6038,10.2283,27.3,,9.96145,,,7.1569,,38.6948,44.9605,18.3408,21.0755,4.88395,13.0164,4.21511,,2.9147,,,1.11511,,3.54012,,0.394287,109.797,48.7601,,,3.09208,104.38,38.3132,,,,3.5957,10.741,,,,,,4.32094,6.43816,5.19412,7.67851,17.5557,44.2079,18.4665,18.5689,,,,,,,,,4728.76,53.9051,1.58724,16.3229,145.515,31.423,50.4688,2.94022,14.1945,48.2812,263.079,21.085,295.538,,,8.85783,,,,,,,
2004-10,,,,,,,,,,,,,,,,,,,,8.59415,,0.241776,6.02188,3.98498,,46.9799,16.7979,26.3284,,6.84176,10.8652,39.1575,14.4246,4.92613,,41.6905,40.3,27.5859,,39.0134,19.6883,26.7718,61.7055,20.1889,,16.4916,23.1233,20.6688,34.9336,23.0891,35.4436,4.82751,17.1609,,,8.11417,0.274362,7.24279,2.13139,8.7679,55.6634,20.4133,27.8161,14.0069,49.3188,11.1626,17.542,,,22.089,22.6857,23.0063,11.7943,,31.0139,11.2162,26.8246,,7.81021,,,6.38158,,37.4696,40.9407,17.6409,18.8672,4.06087,14.3643,3.91434,,3.19119,,,1.29271,,3.40609,,0.398426,105.677,40.476,,,2.96049,101.298,38.5061,,,,3.78265,9.1852,,,,,,4.51768,6.94786,4.96061,7.07904,19.9218,52.501,18.7963,18.8351,,,,,,,,,4381.93,57.3306,1.65895,15.9129,158.6,32.3358,53.3751,2.95929,12.7285,52.1206,267.696,21.7107,309.296,,,9.94957,,,,,,,
2004-11,,,,,,,,,,,,,,,,,,,,9.33647,,0.290934,7.04859,4.81473,,49.4552,17.626,28.1708,,7.29729,10.8669,39.0638,14.8352,5.54456,,43.622,41.7633,29.756,,43.6688,22.1939,28.857,65.7604,21.8585,,21.7743,27.9841,47.2872,36.4076,25.8413,36.7651,4.92314,17.3164,,,8.80341,0.281168,7.81796,2.38903,9.32629,55.5487,20.7592,30.5068,13.7083,53.0551,11.8916,15.5715,,,24.4355,24.3404,23.2771,11.9597,,38.0357,11.7717,27.7015,,8.69001,,,7.58839,,41.8078,45.1337,20.2163,20.3723,4.5482,18.1759,4.97099,,4.036,,,1.20702,,3.37291,,0.412947,110.95,44.7905,,,3.47074,121.223,41.2416,,,,4.61587,11.2073,,,,,,5.47842,8.16935,5.29067,7.20364,21.8722,58.1139,22.8459,22.8528,,,,,,,,,4835.86,60.2508,1.97547,17.0877,166.852,34.4185,61.4178,3.26934,16.9498,53.4616,340.642,23.4344,380.264,,,10.6733,,,,,,,
2004-12,,,,,,,,,,,,,,,,,,,,9.28299,,0.289709,7.83536,5.35427,,49.9831,16.9193,28.1416,,7.02144,12.3397,40.7047,16.0833,5.92917,,43.791,40.3125,28.5,,41.2381,21.1746,28.2136,61.7414,22.3666,,21.5815,27.0017,53.1705,37.3836,24.6129,35.5185,4.91722,17.7947,,,9.10339,0.362769,8.70972,2.64205,9.42004,52.2913,18.2245,30.1583,12.1607,48.5003,10.5958,13.8243,,,25.2451,21.5566,20.1898,10.4953,,34.1299,10.5699,24.8349,,11.3483,,,7.49646,,42.1856,44.1788,20.3489,20.1101,4.53515,18.6222,4.93361,,4.00184,,,1.72387,,3.75003,,3.33342,102.936,46.0782,,,4.07157,117.542,39.7459,,,,4.60662,10.5399,,,,,,5.79209,7.89311,5.85725,7.36968,23.102,63.074,24.4308,24.407,,,,,,,,,4466.47,65.7428,2.07944,17.178,179.365,36.8367,64.9939,3.1569,18.2341,57.5325,345.255,23.9017,280.43,,,10.3521,,,,,,,
2005-01,,,,,,,,,,,,,,,,,,,,8.98323,,0.31236,8.47371,5.29829,,50.263,17.06,27.6593,,6.78948,12.464,42.4726,15.8247,5.72638,,43.989,41.6758,30.3924,,43.0019,22.0057,28.1641,66.4038,20.9877,,23.3573,27.6933,62.388,37.9126,25.7443,35.9673,5.07582,16.1065,,,9.58922,3.37111,8.55108,2.35697,9.55489,48.8681,16.8504,27.1626,11.0072,43.632,9.8827,12.0988,,,22.4274,20.2326,19.7141,10.426,,33.2844,9.94926,22.5816,,9.21263,,,7.99044,,44.4699,43.2688,21.4478,19.4593,4.51414,18.28,4.85753,,4.22551,,,1.36952,,3.91316,,4.08095,96.5068,43.6352,,,4.2367,120.19,39.4392,,,,4.55735,10.4956,,,,,,5.47845,7.46927,6.03162,7.119,25.0065,62.4228,23.9587,23.9535,,,,,,,,,5390.83,65.5708,2.18191,16.2687,191.654,34.3028,72.6877,3.04846,22.9436,60.4612,334.32,24.018,314.243,,,12.8832,,,,,,,
2005-02,,,,,,,,,,,,,,,,,,,,10.668,,0.436684,9.58031,6.58926,,54.2424,18.5672,30.3541,,6.97175,12.4337,44.3295,15.7545,6.09381,,53.925,47.6142,36.295,,49.1891,26.8506,33.7057,76.2867,21.8564,,26.4154,30.0131,61.6162,41.9168,27.3641,39.1499,6.49278,19.3566,,,9.47893,3.3678,9.43752,2.48547,10.5764,52.5716,19.0288,30.7625,11.7288,48.0314,9.91562,12.6361,,,24.2546,22.6194,22.6001,11.2588,,37.6783,9.95156,25.6664,,15.5584,,,9.18001,,50.0926,46.1318,25.6717,21.981,6.14996,22.9566,5.80543,4.79324,4.84811,,,1.53744,,4.44491,,2.47975,104.972,56.5989,,,4.87386,139.55,40.1766,,,,4.95433,12.2961,,,,,,6.04408,8.29791,6.02545,7.42662,24.8462,60.1971,31.63,31.5414,,,7.79922,,,,,,6835.83,61.7139,1.95032,17.7117,195.688,35.5324,70.6746,3.44768,28.0337,64.9808,355.044,25.2296,356.673,,,15.2332,,,,,,,
2005-03,,,,,,,,,,,,,,,,,,,,9.94969,,0.428281,9.21516,6.05764,,51.4188,17.7023,29.7465,,6.64502,12.2873,43.9063,14.9392,6.15335,,50.371,44.3756,35.0228,,49.89,28.5018,34.0172,73.7085,20.9889,,24.2792,30.5468,53.0109,38.8519,26.7832,36.5537,6.42219,20.0176,,,9.12962,4.36467,9.3183,2.31787,10.6513,49.0849,19.0256,29.3715,11.0694,45.6447,8.89037,11.4516,,,25.0504,21.0627,19.038,9.54001,,35.2855,8.9999,23.5937,,13.3123,,,8.26801,,45.6279,43.6163,22.965,20.9134,5.37959,22.1144,5.82112,4.45967,4.18081,,,1.71375,,3.97051,,2.42243,98.5479,52.2729,,,4.36763,130.333,39.2244,,,,4.60258,9.46323,,,,,,5.00518,7.54788,5.9186,7.49951,25.1445,58.8238,30.4855,30.5042,,,6.78468,,,,,,7461.06,58.341,1.9747,17.4233,176.602,36.1701,68.4528,3.26337,25.2267,61.877,328.192,24.6868,330.676,,,12.7959,,,,,,,
2005-04,,,,,,,,,,,,,,,,,,,,10.1952,,0.583588,8.71768,5.51986,,49.5896,17.294,28.1425,6.47788,6.41688,12.3631,44.3426,15.1561,6.74166,,47.877,39.3092,33.8243,,46.8791,27.6435,32.7597,67.401,20.9213,,23.384,27.9034,45.2207,37.4589,25.5832,36.0076,5.58398,18.1791,,,8.23627,3.33464,8.48679,2.39708,9.18881,43.8178,17.0801,27.1783,9.5217,41.8258,7.87429,9.1438,,,25.6464,18.099,17.2777,9.39911,,27.4729,7.92039,19.5424,,11.4123,,,7.28233,,42.3072,40.4892,20.7109,18.2965,5.13583,19.092,5.1241,3.36088,3.82233,,,1.2243,,3.5474,,2.43082,93.4766,39.9809,,,3.75765,120.34,31.8972,,,,4.43965,7.42997,,,,,,5.03052,7.66,5.69503,7.95084,18.2802,61.5974,26.613,26.7238,,,6.34114,,,,,,5986.33,54.674,1.80351,16.9403,168.104,34.8227,62.8361,3.16955,19.9482,64.9608,348.863,24.0606,300.302,,,12.4827,,,,,,,
2005-05,,,,,,,,,,,,,,,,,,,,10.656,,0.728146,9.09371,5.66279,,49.6931,17.0117,28.5206,6.45696,6.39241,12.2058,45.5113,15.5954,6.72775,,47.4693,41.0624,35.0296,,47.6857,29.0338,34.7467,70.4309,23.2581,,23.8731,31.004,47.8819,37.4755,26.394,37.8331,6.53436,19.3342,,,9.13779,3.05325,9.17023,2.22368,10.5382,43.1378,15.4074,28.1629,10.5278,45.2415,7.85292,11.1678,,,23.9149,18.8703,19.6332,9.96497,,24.334,7.71915,19.0265,,12.3457,,,7.16704,,41.6302,43.616,20.5151,18.6535,4.67063,19.3,5.18326,3.53601,3.84977,,,1.08237,,3.51111,8.18383,3.86196,87.8316,38.4933,,,4.05183,131.526,31.2473,,,,4.70804,7.34475,,,,,,5.57649,7.58134,6.08218,6.98916,20.2792,67.5051,28.3328,28.2212,,,6.87244,,,,,,6290.07,59.4601,1.78302,16.6401,165.692,34.8812,70.1654,3.63159,20.2194,65.5651,362.952,24.2082,295.298,,,10.9963,,,,,,,
2005-06,,,,,,,,,,,,,,,,,,,,12.4094,,0.979603,10.8419,5.50352,,49.7048,17.6584,30.3123,7.47511,6.28603,12.3026,48.0431,16.0328,7.1044,,48.5171,42.6744,37.3296,,52.7077,33.0381,36.697,77.3911,24.87,,27.8087,34.6989,50.7973,41.7266,29.516,41.8823,8.20048,23.383,,,9.96931,3.65947,10.4849,1.88514,10.9911,45.188,16.3741,30.6461,10.867,47.0486,8.98277,12.4898,,,27.4029,19.5205,19.1002,10.5312,,26.8048,9.00213,21.8165,,10.6715,,,7.44599,,42.89,42.8383,21.6553,19.7741,4.3045,20.2022,5.49922,3.30888,3.77402,,,1.09342,,3.69911,8.40159,4.56215,84.6442,35.0228,,,4.08462,137.013,29.174,,,,4.39771,7.19445,,,,,,5.792,7.92638,6.07906,6.99992,21.8311,68.9495,30.6884,30.5797,,,6.40492,,,,,,6742.8,61.2832,1.59626,17.9001,174.476,34.2882,78.7103,4.09893,19.9091,63.378,346.335,23.4906,278.373,,,11.6638,,,,,,,
2005-07,,,,,,,,,,,,,,,,,,,,13.1473,,1.00207,13.6514,6.16548,,51.8307,18.6625,32.2325,7.9944,6.20437,14.825,49.6411,16.5933,8.06497,,49.3692,44.0654,40.6582,,58.0655,35.3986,39.0682,81.664,25.8659,,31.4263,43.422,55.262,45.8005,34.4365,46.0735,9.38758,24.1206,,,11.0766,4.09185,12.1373,3.56316,11.8977,43.2743,15.8072,29.8591,10.2833,45.0624,8.14987,11.9094,,4.54801,26.083,20.8232,19.0773,9.91397,,28.1148,8.08645,22.1441,,14.1081,,,7.97747,,46.4413,45.9677,23.9269,21.312,5.1208,22.8028,6.72078,3.64413,4.03512,,,1.11766,,3.83172,7.74614,2.59588,90.4453,41.8166,,,4.52127,147.116,31.0328,,,61.4008,4.79608,8.77363,,,,,,6.53974,8.50652,6.31709,6.99322,23.3161,66.456,32.0488,32.06,,,7.54509,,,,,,7193.12,58.5966,1.76131,18.4872,180.579,35.5836,78.6671,4.23501,24.9468,64.8841,356.999,25.0926,296.29,,,12.4579,,,,,,,
2005-08,,,,,,,,,,,,,,,,,,,,14.6979,,1.67723,14.7148,8.57769,,54.9236,19.1634,33.6042,9.62131,6.75785,15.3154,49.2896,17.0132,8.5577,,50.3247,46.7483,42.6162,,62.59,36.7919,39.2236,85.073,27.4766,,35.6583,44.7925,63.1655,46.9223,37.9774,47.725,11.0195,29.0061,,,11.7658,4.73599,11.7754,3.18389,13.0799,45.3815,16.8335,31.7926,10.927,46.6098,9.21671,10.9385,,4.97314,32.2923,20.4035,18.786,10.7504,,32.4175,9.12457,24.4536,,15.7782,,,8.90136,,49.0789,45.7764,25.0011,22.1984,4.97007,23.0578,6.59554,4.40113,4.67357,,,1.14433,,4.11625,7.80718,3.03406,86.3933,41.1447,,,4.75106,144.58,33.1717,,,58.6908,5.12152,8.55797,,,,,,7.19135,8.01104,6.26241,8.11679,22.8566,63.4045,34.1947,34.167,,,7.24696,,,,,,5433.15,55.1174,1.80335,18.4742,184.145,34.6584,78.4367,4.70981,24.3283,59.9641,399.695,25.555,321.416,,,11.495,,,,,,,
2005-09,,,,,,,,,,,,,,,,,,,,14.7777,,1.56445,13.4473,8.62091,,55.0001,19.7413,34.4825,10.4812,6.43457,15.1387,48.222,16.1868,8.71491,,52.7384,48.6887,44.6365,,69.9251,42.6516,40.0177,88.2706,28.1241,,39.0733,48.423,66.0944,45.4712,41.4645,47.8952,10.003,29.3209,,,12.5426,5.74834,11.377,3.01429,14.3862,53.562,18.8298,34.7988,13.687,55.0646,11.0648,15.6172,,6.04795,35.9103,22.8043,21.9002,11.1192,,38.28,11.0449,28.4297,,16.8313,,,9.13496,,56.1378,53.3411,26.8689,25.5577,5.60979,26.261,7.93853,4.44447,4.90838,,,1.71896,,4.13008,7.76899,2.19972,77.7997,37.7589,,,5.98622,142.375,29.5941,,,59.7236,5.61817,9.13393,,,,,,7.10067,8.31386,6.12737,7.54357,24.7374,56.1319,35.9363,35.7951,,,7.18414,,,,,,5089.37,55.1583,1.75062,17.681,199.645,36.2377,77.2506,4.89899,29.4549,56.4532,395.07,26.3424,304.531,,,10.353,,,,,,,
2005-10,,,,,,,,,,,,,,,,,,,,13.3023,,1.27557,12.1359,7.55658,,51.3811,18.2969,31.628,8.74205,6.24795,13.8845,46.4265,15.9269,7.66727,,46.5028,42.8408,41.867,,61.387,38.5421,36.8753,74.8717,27.773,,36.0457,38.5871,59.3751,48.8165,35.6922,44.0187,9.03242,25.8331,,,11.2657,5.36324,9.59161,3.28792,12.769,48.2756,17.3328,30.1861,12.4092,50.6291,10.0361,14.8877,,6.20155,30.7507,20.4775,20.6597,10.4636,,39.0169,9.96858,24.514,,15.2014,,,8.52587,,52.1846,52.7287,24.3697,26.0787,5.51649,24.5989,7.13629,4.5585,4.63321,,,1.34716,,4.28338,7.66074,2.42055,77.2301,30.475,,,5.72943,126.974,28.4044,,,52.3769,5.51577,8.31301,,,,,,6.51568,8.41751,6.21857,7.43084,24.3974,55.2953,32.0431,32.1767,,,5.4413,,,,,,4551.21,54.7061,1.21108,19.1202,205.293,35.7411,80.3805,4.37417,27.5161,56.8601,377.869,26.7169,273.016,,43.9861,8.95901,,,,,,,
2005-11,,,,,,,,,,,,,,,,,,,,13.0703,,1.29109,12.193,7.79893,,51.7059,18.3408,32.2877,8.3419,5.93778,13.809,50.7722,16.899,7.68803,,48.7049,43.7163,39.0622,,61.6995,41.13,37.3718,77.1925,27.2361,,37.9157,41.4319,57.605,51.9008,38.8283,46.41,10.106,27.7112,,,13.2987,5.90529,9.87353,3.22562,14.6,52.7984,18.7139,32.1986,14.1681,54.9682,10.9291,17.3349,,7.40744,35.0396,24.6707,24.1722,11.3539,,41.4464,10.8572,32.4075,,15.985,,,9.67134,,55.9262,56.5651,25.0831,27.7208,6.61283,27.053,7.79301,5.44374,5.34087,,,1.42018,,5.31463,7.44789,2.17082,88.3948,39.1205,,,6.05951,112.711,30.0114,,,57.5954,5.82996,9.38423,,,,,,6.25093,8.59289,6.33822,7.78609,23.8724,57.585,38.4927,38.4641,,,6.16048,,,,,,5106.75,60.7847,1.35551,18.8613,203.326,35.8752,94.0288,4.4141,32.4903,54.9356,429.198,26.8482,284.9,,47.9781,9.21702,,,,,,,
2005-12,,,,,,,,,,,,,,,,,,,,13.813,,2.31911,13.656,9.53037,,51.1763,17.8736,32.4954,8.07547,6.5645,13.4022,54.5016,18.4099,8.22235,,47.3355,43.4804,37.7107,,64.4312,42.2296,37.9606,81.3531,26.8349,,40.4196,41.896,60.083,52.9973,37.951,49.3856,11.1164,30.9017,,,14.0986,6.60443,9.72828,4.33578,15.1392,61.3811,25.3787,33.8604,16.7759,64.6546,13.4186,18.8186,,8.10861,46.959,24.5622,24.771,12.0259,,46.0145,13.4348,39.8068,,24.5128,,,10.8361,,63.3367,61.5276,27.4346,29.0018,6.99148,31.8302,9.8868,7.90324,6.43441,,,1.7093,,6.93946,7.87132,1.44452,95.7483,44.4715,,,5.77264,124.283,33.2828,,,55.4205,6.68953,9.67551,,,,,,5.86633,8.6315,6.54408,7.83092,25.0779,61.1802,43.0547,43.1087,,,6.2902,,,,,,5570.33,59.8893,2.07949,19.9506,206.958,38.2839,96.401,4.53877,30.3218,56.2068,440.814,27.1709,265.963,,49.5656,8.12307,,,,,,,
2006-01,,,,,,,,,,,,,,,,,,,,16.4384,,2.16083,14.7294,10.4852,,56.7076,20.0237,35.4169,9.15673,7.05129,14.3315,60.1541,19.7139,9.71735,,52.4806,45.1354,41.6196,,69.7411,48.3153,46.0825,89.1213,26.7843,,45.4898,46.5038,62.2879,69.0006,48.399,62.4464,13.7846,38.8432,,,14.6049,7.15592,8.9651,4.80021,15.9342,70.4992,31.254,37.9328,22.2679,79.5793,16.668,26.662,,10.7944,52.4521,31.3153,29.4074,14.3463,,64.2439,16.5872,40.7181,,34.4617,,,12.1152,,70.1608,68.8897,30.7813,34.5523,9.02286,38.149,11.7002,10.3767,9.58596,,,2.02595,,11.9756,10.3176,1.48184,101.226,57.3874,,,7.13963,141.508,38.2805,,,73.6068,7.99401,12.5525,,,,,,5.94716,10.006,8.17185,9.12525,31.7914,63.2379,53.3051,53.0971,,,7.88489,,,,,,7073.32,57.5355,1.64784,21.0944,243.512,40.5778,109.345,5.39031,36.643,51.6926,499.701,26.4367,274.84,,50.8715,8.97727,,,,,,,
2006-02,,,,,,,,,,,,,,,,,,,,15.1807,,1.72166,15.5492,11.3444,,50.1025,18.3695,32.2352,8.667,7.55851,15.6763,62.4655,19.5223,10.5125,,49.817,43.1879,39.3765,,59.8253,38.4421,43.0857,78.803,26.4944,,36.3703,40.8376,63.3936,62.2664,41.3422,54.779,12.1178,36.2465,,,14.3755,6.11755,9.21292,5.07231,15.9897,60.2478,32.6535,32.9349,20.9507,66.1003,13.2614,19.9812,,11.3127,42.1535,28.6166,26.6293,13.5254,,62.4498,13.2767,34.4715,,28.0167,,,12.0303,,64.5735,66.7719,28.0077,27.173,8.51639,36.8765,9.71862,9.84271,8.15226,,,2.36505,,10.4482,12.4737,1.27625,94.4809,59.8095,,,6.45262,152.996,40.2947,,,68.9263,8.28579,12.4139,,,,,,5.83339,10.1631,8.27063,9.49731,32.0528,60.8424,49.9418,49.9472,,,6.33372,,,,,,5743.29,57.5736,1.38262,22.2728,223.623,38.922,115.341,5.11464,29.2377,51.778,532.446,26.469,264.429,,49.8372,8.83925,,,,,,,
2006-03,,,,,,,,,,,,,,,,,,,,17.0762,,1.90865,18.1663,12.238,,51.6868,18.9871,33.5886,9.95459,7.21554,16.2735,63.0499,19.2744,11.4901,,50.7861,44.0832,40.5665,,62.1971,40.8397,43.5402,76.7179,26.4572,,41.3141,47.0454,64.5074,68.1536,44.1498,54.8382,12.2814,37.0435,,,14.4018,6.29864,9.98544,6.63864,16.5155,58.8604,38.5658,32.598,20.6011,70.005,15.6684,22.5557,,14.6931,48.2703,32.6348,32.7336,13.0723,,79.4626,15.6044,38.6648,,35.3638,,,12.3245,,69.3585,68.61,30.2246,32.2233,8.9831,37.7712,12.4843,12.8463,10.4775,,,2.79164,,12.8061,10.8747,1.14952,97.9345,70.945,,,6.70734,170.823,45.7508,,,78.8163,8.64934,15.2818,,,,,,5.67397,11.2111,7.89518,9.13865,33.8158,59.4615,48.2164,48.1364,,,6.23011,,,,,,5532.61,52.512,1.33909,21.4168,231.514,40.7796,121.569,6.02928,29.4383,52.5801,550.616,26.5422,229.684,,50.7084,8.47915,,,,,,,
2006-04,,,,,,,,,,,,,,,,,,,,19.3608,,2.6488,18.7107,13.3205,,56.1381,20.2284,34.9462,10.0287,7.97334,16.049,63.8889,21.1707,11.4165,,52.1946,46.0111,42.6129,,60.6037,39.5318,47.8746,82.6098,25.5155,,39.7956,53.5678,67.5579,73.8308,46.8529,64.2569,13.1724,40.9869,,,14.7217,6.51494,10.5663,7.56423,17.4368,65.641,46.2903,36.1676,23.615,70.1327,17.4125,23.6612,,15.3474,45.3936,31.5951,34.0977,14.3738,,92.8965,17.3318,41.4707,,32.2539,,,14.1322,,74.5224,75.188,33.7817,34.699,10.4435,40.1351,14.6348,17.8421,13.6826,,,3.60349,,16.8435,10.641,1.49576,107.34,78.8975,,,7.13978,197.277,54.1655,,,75.3567,10.7607,16.6781,,,,,,6.60482,11.632,7.82795,9.06,36.211,56.4622,53.985,54.0049,,,7.08301,,,,,,5781.85,51.4644,1.32677,22.2537,237.48,42.064,129.352,6.65185,28.6773,53.2445,497.254,27.7202,221.37,,48.4591,9.73023,,,,,,,
2006-05,,,,,,,,,,,,,,,,,,,,17.6028,,2.3617,16.9589,15.1401,,53.6491,19.08,34.9084,9.57715,7.58805,15.9513,62.5823,21.601,11.1577,,50.4024,45.2466,40.343,,57.5455,36.7768,45.9457,75.074,24.21,,38.6587,55.3242,61.0745,69.6729,44.5885,68.37,11.4835,38.4684,,,15.7076,6.24673,9.62546,7.08471,17.7255,58.3666,41.688,36.2717,20.2617,59.0018,15.5444,20.0968,,12.0923,37.2744,24.3906,29.1114,14.0936,,74.1924,15.4414,40.0233,,29.5534,,,12.781,,74.741,70.8075,32.0737,29.935,9.17248,36.8681,14.949,19.0122,12.6849,,,2.63621,,16.172,10.4008,1.90873,100.737,68.6799,,,6.42468,181.041,50.4456,,,72.3033,10.3235,15.4395,,,,,,5.80406,10.2995,7.80089,8.94082,41.3115,59.7582,54.8153,54.1887,,,6.27783,,,,13.181,,5463.37,43.91,1.24266,21.6672,238.461,41.1197,126.614,6.37105,24.62,56.7751,509.401,26.9713,220.023,,50.2409,9.4463,,,,,,,
2006-06,,,,,,,,,,,,,,,,,,,,17.2295,,2.04894,17.3296,13.9078,,54.8247,18.9781,35.3334,10.0403,7.66298,15.2568,60.8112,21.5075,11.4682,,50.6664,46.8718,41.6885,,60.6179,38.7614,47.631,78.8178,24.0546,,40.5397,58.4624,57.8695,69.1784,44.2739,64.7167,12.0625,38.5401,,,15.3455,5.02919,9.47762,6.57243,18.3481,59.2354,41.2566,35.0058,21.1355,61.2929,15.3726,22.7846,,12.7736,36.5958,22.761,31.3251,13.2753,,84.6365,15.3845,38.3187,,26.1482,,,12.632,,71.1064,71.889,31.5938,30.0412,9.58229,35.3111,13.4919,19.2551,12.6807,,,2.62797,,15.3451,8.43189,2.10781,102.567,58.736,,,6.61708,182.509,52.1837,,,67.7193,11.1128,17.4987,,,,,,5.669,9.88565,7.61588,8.46256,40.9424,52.9493,52.7668,52.6119,,,5.72883,,,43.9857,12.5345,,5357.65,45.8329,1.16482,21.8794,286.152,42.4248,120.089,6.07108,26.4638,54.8312,554.556,28.313,255.326,,52.9734,11.0495,,,,,,,
2006-07,,,,,,,,,,,,,,,,,,,,17.9543,,1.96582,19.3542,13.8889,,57.3248,19.5583,36.4361,9.80756,7.92949,16.1277,64.0543,22.4669,12.1233,,55.7787,49.5349,43.7679,,64.6712,41.3634,49.8987,81.2658,25.7807,,41.7878,51.3531,54.6235,70.8177,39.688,63.0281,11.5465,38.2677,,,16.0548,5.52601,10.1175,6.8647,18.7323,57.1639,44.5049,36.3175,19.1867,61.7091,16.2984,19.9422,,13.2091,38.9356,23.9176,32.1385,13.8905,,78.8658,16.1797,37.1124,,25.7044,,,12.7332,,69.278,72.9767,30.766,29.6622,10.5601,38.8163,13.6684,20.8745,12.5186,,,2.13346,,14.7622,8.0352,1.89591,94.6488,50.6538,41.4223,,6.36704,203.534,53.9821,,,74.1943,10.9851,15.3982,,,,,,5.67881,9.91101,8.21325,9.26355,43.5115,57.3424,52.5191,52.4402,,,5.78425,,,49.7307,12.8007,,4746.82,42.6541,1.18046,25.0536,291.749,43.852,132.377,6.4893,24.0597,54.5703,580.578,29.4712,266.727,,57.6794,11.7423,,,,,,,
2006-08,,,,,,,,,,,,,,,,,,,,16.3009,,1.76593,19.973,13.8689,,56.1567,18.4062,36.0877,8.94269,8.11671,17.1954,66.6859,23.623,12.0069,,55.8698,48.78,40.3665,,62.3976,36.0879,47.134,75.133,26.5007,,41.513,45.492,51.26,64.8109,38.8181,56.0959,11.392,36.7362,,,16.1569,4.98556,9.2743,6.67055,18.8654,57.074,46.8501,39.4002,18.4022,58.8383,19.6939,19.1376,,14.8024,39.0691,28.5289,38.5591,16.2975,,81.1096,19.6816,38.8449,,18.662,,,14.408,,67.6871,75.4402,30.8778,31.5845,10.0829,38.9744,16.3016,20.4444,12.7529,,,2.34311,,15.5549,8.40256,3.16113,90.6378,56.843,37.2364,,5.87248,200.754,56.4407,,,72.6885,10.652,13.9827,,,,,,5.789,9.59458,8.38116,10.4765,40.7323,59.2523,53.7954,53.762,,,6.43678,,,58.0027,13.4061,,4548.54,46.0929,1.02528,24.5687,312.888,45.7469,132.67,5.87395,24.2675,53.7329,582.876,30.8571,279.006,,57.6243,11.2049,,,,,,,
2006-09,,,,,,,,,,,,,,,,,,,,14.3239,,1.41584,19.3996,12.4184,,53.7341,17.7348,35.2837,8.29589,8.84568,18.5123,67.5201,22.1734,11.9606,,55.6722,49.3705,38.0713,,63.4773,36.3944,44.8843,73.0975,25.2731,,37.6623,39.7745,46.518,66.0406,34.0226,54.0124,9.95095,34.1739,,,15.0056,3.94037,8.11059,6.49115,17.6744,47.9363,38.8246,36.3303,16.5952,48.3741,17.6735,18.085,,12.8007,35.7559,24.7221,34.5202,12.6637,,70.2191,17.6504,34.2213,,21.0605,,,14.0117,,63.6259,73.282,28.1124,29.4505,10.1524,36.8305,14.0788,18.8653,11.4387,,,2.32809,,15.7796,9.11214,3.42914,89.3323,55.3787,43.8594,,5.93445,199.397,56.989,,,76.4871,10.4125,13.5099,,,,,,5.52102,9.81371,8.52918,10.77,37.662,61.2459,48.3253,48.1392,,,7.24685,,,51.0893,13.335,,4358.46,51.9912,0.982751,23.8473,318.151,44.4979,139.411,5.10153,25.4838,53.4874,625.498,31.3925,261.543,,55.4484,10.8336,,,,,,,
2006-10,,,,,,,,,,,,,,,,,,,,15.4338,,1.70942,20.6925,14.0927,,56.8334,18.2112,36.585,9.02807,9.23497,18.7843,72.688,22.5526,12.4145,,59.5795,51.4306,38.9608,,67.5527,37.4606,44.0315,76.1368,29.4353,,40.7331,44.6042,41.4348,67.5246,38.8974,54.9836,11.4311,36.7987,,,15.216,4.17971,9.05495,5.19889,19.9128,51.0387,46.3595,36.8613,15.6756,54.8626,18.735,21.8541,,14.9974,39.0979,28.1898,38.7398,12.6878,,69.7589,18.6306,33.6955,,25.2099,,,15.9,,74.6436,79.5283,31.5998,33.8229,11.3399,43.5415,17.3084,26.3523,15.5197,,,2.5963,,18.5061,8.86788,3.90578,92.606,64.4008,46.9827,,7.11837,214.505,69.24,,,94.541,11.7882,16.1845,,,,,,5.67706,10.9337,9.33972,12.3651,38.4871,68.1255,46.6755,46.739,,,9.0168,,,64.7825,16.8907,,5073.19,54.2642,0.827899,24.8826,323.271,46.6588,143.888,5.28932,28.4331,53.2356,639.837,30.9899,261.201,,57.1292,10.8144,,,,,,,
2006-11,,,,,,,,,,,,,,,,,,,,16.9968,,1.92773,22.4874,15.3842,,58.0764,18.5053,38.9965,9.2549,9.51605,20.2073,83.5381,24.1806,13.2096,,64.4495,55.8441,43.5918,,74.2627,39.772,47.2911,81.6316,31.7311,,46.7138,46.4244,48.4966,73.4142,40.7225,58.6708,11.9115,37.8167,,,12.5489,3.71521,7.69655,4.71157,17.828,52.9665,55.1691,37.5791,17.9189,62.2366,17.8105,23.8865,,16.0438,42.3748,33.0474,49.0804,14.3889,,81.3025,17.822,45.1791,,28.8642,,9.74639,15.5268,,72.3171,82.0033,31.127,35.2118,12.4117,44.5995,15.881,28.3955,15.1757,,,2.75782,,20.2588,10.2498,5.23997,100.516,70.7111,56.774,,7.77909,206.567,75.3057,,,90.8198,11.7381,17.5326,,,,,,5.54532,10.8804,9.69524,12.4189,35.2384,75.2056,50.5905,50.3663,,,12.2334,,,80.6592,17.9839,,5672.59,54.841,0.531265,28.3716,341.117,49.6919,151.061,5.71342,32.4375,53.65,676.458,32.0766,246.782,,58.2505,10.5781,,,,,,,
2006-12,,,,,,,,,,,,,,,,,,,,16.195,,1.89247,22.0344,16.3744,,57.296,18.2016,39.5795,8.71597,10.1469,21.4836,81.0327,25.5039,12.8336,,64.2029,56.694,46.5344,,67.9033,35.1633,46.0044,77.5239,30.4934,,41.2396,40.572,45.4492,67.7341,37.4201,59.5649,11.7113,37.7218,,,11.8482,3.69689,7.09415,6.25385,18.4095,51.0113,51.7139,36.64,17.6584,60.6878,16.8615,22.1494,,14.2884,47.7833,32.0188,48.4091,13.3074,,74.4107,16.7985,42.8953,,28.2303,,10.3086,16.3887,,72.0245,86.0369,29.9881,31.5522,12.2075,45.0483,16.2931,28.476,15.9556,,,2.51271,,21.5715,10.9254,3.609,97.1159,73.8823,55.6751,,8.32155,206.284,87.7995,,,92.9086,13.3606,17.5538,,,,,,5.58236,9.95011,9.7904,14.0391,32.0384,77.2348,53.791,53.7944,,,14.2651,,,101.706,17.4612,,5782.35,54.8266,0.865998,32.4289,351.737,52.0222,157.147,7.14785,32.6589,50.3643,666.901,32.2132,225.411,,67.649,11.1191,,,,,,,
2007-01,,,,,,,,,,,,,,,,,,,,16.2306,,2.03298,22.0997,16.1294,,54.967,17.1276,36.9054,8.70083,10.6095,20.0063,76.3737,25.4333,12.3673,,61.8942,56.0218,42.8206,,70.7343,38.845,43.5445,84.9879,31.4928,,45.9502,43.344,43.4432,67.8808,35.492,54.9056,10.9636,35.4346,,,12.094,3.74491,7.13863,4.88202,16.5511,50.7998,50.4815,35.2435,15.7491,60.3874,18.8195,18.7732,,14.6799,42.7236,35.9924,53.0031,13.282,,80.3142,18.8462,45.1714,,23.989,,9.99334,14.9584,,71.8796,81.5762,30.3937,32.653,14.1148,43.9666,16.0261,28.1059,14.8121,,,2.33019,,19.3986,11.158,3.20509,104.76,75.1916,65.8968,,9.46506,209.115,89.2839,,,102.004,13.7715,21.1461,,,,,,5.51701,10.4899,9.49973,13.8325,31.9808,81.7146,50.5515,50.5104,,,13.7193,,,97.1287,18.7117,,6145.44,57.4568,0.62796,31.7596,388.025,50.8349,157.1,7.41291,36.7404,51.4612,724.167,33.1407,227.278,,62.6525,11.5008,,,,,,,
2007-02,,,,,,,,,,,,,,,,,,,,15.4543,,1.80407,21.4158,16.2433,,52.7184,16.6449,36.7278,9.13367,10.6488,20.4105,74.3708,24.4406,12.3421,,59.8078,52.7668,42.1498,,65.9511,37.8614,43.0885,79.3108,31.0902,,47.5523,44.7658,43.3212,66.9695,37.0394,51.6093,10.9323,33.6703,,,11.2843,3.83943,6.78435,4.8772,16.7122,50.5294,49.0901,35.3518,16.469,56.411,19.8171,19.3008,,13.5472,43.6704,37.8696,52.7991,12.5972,,86.2397,19.7401,46.8729,,21.351,,9.25841,14.8514,,72.0727,82.953,32.5892,32.4227,16.2731,41.7564,17.4286,28.9797,14.0095,,,2.80469,,17.5712,11.1022,3.98629,107.783,74.7094,66.7494,,9.46186,217.877,82.8568,,,111.599,15.0361,20.245,,,,,,5.65197,9.30907,9.46816,12.5881,34.2595,83.8977,48.8055,48.693,,,16.8253,,,102.896,19.8432,,6396.74,51.7678,0.707184,30.6263,372.869,49.803,154.637,7.07199,37.744,53.3215,905.01,33.4852,242.382,,62.0999,10.9618,,,,,,,
2007-03,,,,,,,,,,,,,,,,,,,,16.3332,,1.81128,23.9918,17.9592,,53.5897,17.4798,37.7844,10.0668,10.9213,21.3021,76.4418,25.1095,13.6921,,62.3854,56.4422,43.707,,69.0077,39.5137,45.8734,81.1667,34.8565,,49.342,48.6513,48.1903,73.0228,37.6786,51.9448,11.9448,35.8818,,,11.2105,3.97588,7.05641,4.31404,16.7697,46.7289,43.7886,33.4846,17.1073,56.9203,19.2338,19.2096,,12.7014,39.354,36.9904,53.9476,11.4296,,91.783,19.2383,45.5618,,20.804,,8.38829,16.4572,,75.926,91.2948,35.8964,37.044,16.3823,40.9588,19.8258,26.3326,14.2032,,,2.9319,,18.1627,11.5047,2.84236,108.377,76.2305,76.2333,,10.1711,263.889,79.0527,,,115.877,16.6842,23.048,,,,,,6.12071,9.8701,9.86405,12.9422,36.273,86.2347,53.5587,53.5853,,,16.7973,282.937,,112.052,22.7645,,7259.27,51.7646,0.802546,34.4628,389.49,52.4937,155.706,7.49556,42.5105,54.5984,968.272,34.7011,246.231,,62.4693,11.9255,,,,,,,
2007-04,,,,,,,,,,,,,,,,,,,,16.9202,,1.98672,24.4223,17.9217,,55.992,18.0792,39.8344,10.3876,11.0713,21.5417,79.4366,27.6339,14.5517,,65.2112,58.9818,44.0603,,72.1776,40.4627,46.8621,82.8621,37.2762,,53.647,51.722,51.2608,77.5178,37.4708,62.7384,12.8008,37.5702,,,11.8904,4.21811,7.75944,4.18609,18.5931,46.1066,43.334,32.7558,16.5278,56.5276,18.4722,21.8043,,14.8026,38.1816,35.0873,56.0134,11.9752,,103.191,18.4135,44.8317,,31.4423,,9.0029,17.249,,81.1719,91.8959,36.1131,37.5122,18.239,44.2005,20.5644,27.8687,15.5388,,,3.50897,,20.6962,11.3732,2.39803,112.728,76.4331,76.3239,,11.185,302.723,76.8966,,,119.744,19.8286,23.4877,,,,,,6.36987,11.3743,10.9707,15.978,38.0028,78.9464,60.5958,60.4995,,9.48346,16.5112,300.498,,112.685,23.5873,,8952.27,53.6585,0.888198,38.4377,397.852,53.3692,168.897,7.87995,45.7201,54.5437,1068.91,35.9718,261.749,,66.8954,12.5905,,,,,,,
2007-05,,,,,,,,,,,,,,,,,,,,16.8639,,1.97474,25.0709,16.2245,,59.251,17.7581,40.8761,10.8982,10.7596,23.4542,84.4284,30.9795,15.2477,,68.203,61.8564,49.1756,,75.5886,42.1117,50.5003,91.7308,37.2136,,56.5161,59.7564,58.1602,81.263,42.2496,64.0797,14.1801,40.4334,,,12.9668,4.65299,9.003,4.17508,20.246,44.7057,44.3283,33.9142,15.8332,52.5916,18.3738,20.3754,,15.1757,34.8573,34.6026,57.721,10.6859,,108.455,18.3348,43.9047,,30.3067,,7.71936,17.6094,,95.3797,102.95,38.71,43.6909,20.3584,48.9719,23.6887,34.028,15.3438,,,3.76645,,17.3466,13.8089,2.3594,130.963,90.469,73.5923,,12.442,307.918,81.4138,,,132.874,20.2488,24.7096,,,,,,7.09146,12.0933,11.7201,15.6095,34.3102,81.0919,67.1393,66.8502,,7.6274,17.6743,240.062,,101.906,24.0243,,10190.5,55.4284,0.854364,43.6287,408.265,51.6368,169.172,8.58214,58.0003,52.2629,1050.22,35,318.892,,67.9139,13.2261,,66835,,,,,
2007-06,,,,,,,,,,,,,,,,,,,,19.1773,,2.08692,25.2207,15.7205,,64.8329,19.2052,44.1614,11.3509,11.0426,23.6552,79.9836,31.6405,14.5256,,68.6522,63.8202,49.7587,,77.064,39.9315,53.2718,92.5057,35.3852,,54.5129,56.5968,59.1456,88.668,40.4671,65.2352,14.1824,41.9082,,,12.4678,4.36166,8.10568,3.70022,20.7062,42.946,44.474,33.7789,14.3245,47.5831,16.0563,19.437,,15.4369,30.6962,32.4411,52.4235,11.2065,,106.992,15.9721,44.9876,,26.6648,,8.38549,19.6352,,100.697,100.972,44.2895,45.8892,21.5976,49.6385,25.2241,30.7807,15.1822,,,4.14028,,17.4084,13.2575,1.99062,128.335,87.5535,70.2037,,12.172,338.69,76.7685,,5.88249,139.176,22.4406,22.1201,,,,,,6.76651,11.0397,12.0018,17.2345,32.3381,87.545,65.4868,65.4043,,6.41065,16.2436,201.936,,98.302,21.8305,,9677.62,53.4896,0.734741,41.579,407.01,57.4412,160.378,9.28127,50.925,50.0936,972.513,34.2273,318.577,,66.461,13.6691,,63351.5,,,,,
2007-07,,,,,,,,,,,,,,,,,,,,18.385,,1.86811,29.9229,15.0071,,62.2114,18.5907,43.1505,10.3931,10.3497,21.8973,79.9281,29.783,15.055,,69.693,64.6093,51.5132,,73.4603,38.3697,52.2175,91.836,33.6445,,54.1333,51.1354,57.3762,98.9024,42.2607,61.3117,14.6414,42.0421,,,12.3456,4.08547,7.69104,3.48413,22.2586,45.9153,51.8468,38.2391,15.0765,53.0569,17.8479,18.8561,,18.109,31.9637,34.2241,52.7419,12.1313,,122.506,17.7559,34.8998,,27.081,,9.25661,23.5472,,95.9019,91.6103,47.4387,52.2658,25.8315,51.8459,27.6826,36.0772,16.1313,,,4.67337,,19.4273,15.5928,2.41442,120.988,82.6223,65.2045,,13.394,385.89,71.2979,,6.1466,138.163,22.1031,22.1363,,,,,,6.53273,9.3402,12.1713,17.0622,32.8449,93.8991,52.6455,52.3448,,5.53059,14.0099,183.552,,85.8566,18.2577,,7394.38,48.6104,0.611119,43.4835,403.768,57.0029,155.537,9.30127,45.429,45.6321,938.914,34.7369,323.856,,75.9443,13.2909,,67886.5,,,,,
2007-08,,,,,,,,,,,,,,,,,,,,17.8341,,1.77933,29.4416,13.2298,,61.7642,17.8735,40.8923,9.98795,11.0288,23.6602,84.4089,31.6619,15.3596,,70.5942,67.098,52.2781,,74.2858,36.9377,52.2858,88.0668,35.3466,,53.0208,49.1409,55.1286,101.132,40.7689,65.2691,14.6105,41.7757,,,12.042,3.87301,7.61667,3.24382,21.7517,46.5615,54.2742,37.8668,13.987,49.3816,16.8338,12.2162,,15.059,36.0187,30.7805,44.6463,9.69059,,99.27,16.8229,37.9397,,22.9168,,8.31903,22.8854,,90.8465,89.3496,46.7911,48.7069,24.5569,49.9161,22.4889,33.3671,14.4287,,,4.1059,,17.5679,17.7111,1.60288,116.429,78.9839,65.721,,13.5062,350.52,68.7929,,6.04886,146.796,19.9344,22.9438,,,,,,5.49562,8.46587,12.2975,16.5863,33.1138,95.123,52.2249,52.1771,,5.62106,11.7394,134.905,,69.5739,15.3591,,5907.84,50.5033,0.618445,44.8491,388.097,55.6962,157.979,8.93131,50.2049,46.4167,928.428,39.1072,322.413,,65.8737,12.7687,,73108.7,,,,,
2007-09,,,,,,,,,,,,,,,,,,,,21.0217,,2.0651,33.017,15.7156,,65.4531,18.4013,44.0238,10.5381,11.0107,24.4399,94.09,34.7744,16.9859,,76.0088,71.3511,55.8779,,81.9891,39.5541,59.1927,102.216,37.17,,59.2536,57.2636,59.6855,109.738,45.1351,70.1426,16.2416,44.2516,,,13.3898,4.82764,8.68062,3.06712,22.7433,49.2641,60.6395,46.7738,16.6445,59.1633,20.5791,16.2117,,18.5015,42.3765,35.5841,56.8396,12.6757,,115.122,20.526,47.4321,,31.3285,,9.77447,24.8236,,113.258,104.507,56.7682,58.2798,28.8126,55.5651,29.1055,38.1529,16.0781,,,4.82352,,17.7692,15.7044,1.62114,124.342,84.3243,68.0975,,18.5285,462.128,81.4273,,8.41597,175.683,21.6958,24.7128,,,,,,5.48379,7.37436,11.4683,18.1012,32.4152,111.471,59.7049,59.6083,,7.04705,15.2437,136.136,,96.3853,18.4391,,4510.01,53.5019,0.524855,45.3299,430.92,58.2926,155.104,10.4497,57.7474,46.1995,944.388,40.3298,337.902,,65.083,13.5485,,77758.8,,,,,
2007-10,,,,,,,,,,,,,,,,,,,,20.7819,,1.85361,31.9449,12.8038,,69.3011,20.5586,43.4812,10.3071,10.8249,26.6062,101.739,36.6135,19.9877,,75.3795,69.6239,54.2357,,91.8442,48.4015,63.6475,117.756,40.2727,,65.3365,69.2809,61.5803,100.712,46.2351,67.166,17.671,50.7146,,,14.2774,5.48187,9.64421,2.3485,25.8792,55.9398,69.1248,51.1351,16.5906,58.483,26.9781,15.2127,,22.2149,45.7233,40.7053,64.5819,12.7945,,120.345,27.0013,53.2735,,47.2089,,12.2442,27.6592,,122.014,106.823,60.2539,65.4211,32.4358,58.2573,31.734,42.2356,16.9442,,,5.38524,,14.659,23.399,1.64456,126.111,92.9983,73.1428,,20.6318,563.985,84.2355,,8.14351,177.757,18.6434,28.1029,,,,,,6.27339,7.36644,12.7585,19.2592,34.9861,119.245,63.198,63.2885,,6.28086,19.1322,157.421,,106.778,23.2966,,3863.74,52.8916,0.43939,53.4898,435.194,59.7016,167.046,10.8278,62.6548,42.8229,1025.51,41.2421,312.428,,67.7355,13.3301,,79088.2,,,,,
2007-11,,,,,,,,,,,,,,,,,,,,19.8144,,1.77238,23.4923,10.4278,,63.6282,19.08,44.3748,10.0484,10.5043,26.2143,101.766,38.1715,19.8064,,72.9115,66.8305,50.7932,,80.9498,44.9551,63.9314,109.144,37.7219,,58.8069,72.3915,52.601,96.883,42.7932,61.896,13.7374,44.1387,,,12.0796,4.94463,8.20568,1.91474,22.1032,54.2876,58.1235,46.8337,15.014,61.0414,23.6436,14.0967,,19.5966,36.9389,38.8405,54.8109,12.4289,,106.2,23.4157,44.4125,,40.7101,,11.3165,24.788,,150.667,104.125,51.9865,54.6728,25.9303,44.3673,27.8893,31.36,12.1916,,,4.30378,,11.9029,22.5131,1.69753,115.17,91.0987,68.2589,,18.8226,582.27,72.7164,,7.74728,164.41,15.9161,26.4094,,,,,,6.26421,7.20475,12.5585,16.1582,35.4456,115.787,52.988,53.0403,,5.79893,12.4331,127.1,,83.7545,17.9774,,3583.41,49.8998,0.258343,53.9243,421.856,62.9386,170.956,10.1115,58.8345,39.7065,991.335,42.6587,319.207,,59.1669,11.8636,,72797.3,,,,,
2007-12,,,,,,,,,,,,,,,,,,,,19.0051,,1.82695,24.5564,10.4292,,66.0376,19.2238,45.3961,10.0611,10.0068,27.2479,104.016,39.6586,20.6502,,76.6674,71.1117,56.0726,,87.1113,48.5012,70.8465,121.348,38.0472,,74.3588,87.3973,49.3693,102.244,44.3425,62.578,15.4312,49.9904,,,13.1328,7.41739,8.37139,2.8082,21.444,53.4916,66.0311,48.6468,12.9691,53.6177,25.0914,13.9305,20.3548,22.2296,39.2803,42.6921,55.2713,11.8443,,104.874,24.9709,44.4908,,32.6814,,10.7643,22.5003,,137.292,94.3358,48.3416,56.6506,24.6532,41.7973,25.061,28.5418,11.9216,,,4.47812,,10.4039,20.3415,1.64079,115.818,85.7545,76.3123,,17.7949,643.223,69.6362,,7.18413,175.216,15.5083,31.3692,,,,,,5.97674,7.088,12.3901,17.1642,45.3052,120.063,51.0869,50.8511,,4.86483,11.9976,116.056,,82.6265,16.7491,,3930.86,49.2361,0.285167,56.3657,429.284,64.2082,161.293,10.4783,65.7927,39.2254,966.794,40.8828,333.117,,54.6522,11.3892,,66300.1,92.632,514.956,,,
2008-01,50.8371,92.8082,81.9947,54.1736,67.4434,,,,,,,,,,,81.9288,85.9878,,,15.6571,,1.24904,19.9328,9.08897,,55.8621,16.5804,39.4172,9.01805,9.22645,24.9602,90.5102,34.1076,18.3326,,69.7822,63.1176,50.6201,,82.9172,47.2688,62.0813,107.233,39.6141,,75.23,88.6187,44.2637,77.9815,38.6063,49.9113,13.534,43.3547,,,14.3936,8.25878,8.29645,2.34441,21.2974,59.135,75.8675,59.2155,13.632,51.7823,30.0014,13.5927,25.7357,20.0602,38.5854,44.062,52.3783,11.5674,,92.5312,29.9637,49.9326,,34.1178,,9.14626,20.4159,,127.593,83.9803,46.048,49.0979,21.9389,38.3376,21.9594,26.8011,9.61363,,,4.80288,,7.40219,17.6874,2.33708,104.335,82.2456,61.2876,,16.2652,642.954,69.8791,,7.50518,147.504,14.8716,27.326,,,,,,5.79797,7.07912,12.8859,18.6555,42.7023,120.105,43.1727,43.3164,,4.79331,8.92691,80.6794,,54.9383,14.535,,3507.24,48.8935,0.257007,58.3186,394.337,59.3902,154.656,8.56264,66.2466,35.8316,989.688,39.5797,291.059,,49.8501,10.7804,,59545.9,79.6047,457.778,,,
2008-02,53.9882,105.021,83.2513,55.3896,67.6725,,,,,,,,,,,92.2353,97.2427,,,18.7156,,1.28042,23.7763,11.2356,,56.122,16.9354,41.2231,10.0119,8.93911,26.7083,89.3364,34.9257,19.166,,70.9487,65.9845,52.4136,,99.8541,64.2188,70.639,128.737,43.8238,,87.8829,92.241,44.0155,89.3741,44.5548,51.6153,15.7265,47.1993,,,15.4755,9.2191,10.0096,2.37149,24.7855,55.6162,82.5075,59.6295,12.8586,44.9729,33.5541,16.2747,30.452,22.5105,40.3295,48.5061,55.7244,11.737,,95.6923,33.3203,52.2695,,36.0016,,10.8589,25.2977,,146.552,98.2773,50.5737,55.5919,26.9589,46.4584,26.9783,27.595,10.5392,,,5.60949,,9.44994,17.3662,2.32564,117.377,104.311,70.0817,,18.8283,954.61,85.7836,,10.2778,172.624,16.12,30.4392,,,,,,6.30006,5.74718,15.269,21.4443,43.7925,113.593,49.9741,49.6804,,5.58389,12.3174,136.442,,80.2447,18.4586,,2764.73,43.6236,0.285973,65.4068,433.917,61.1786,165.801,10.4331,77.4796,36.9233,1085.79,42.3209,319.263,,51.2827,9.91822,,57232.8,71.0683,479.561,,,
2008-03,51.5961,99.6828,86.0157,56.8264,65.9073,,,,,,,,,,,85.8052,94.5545,,,17.99,,1.72712,23.3013,10.8598,,53.3901,15.7253,39.8897,10.2481,8.17331,27.6531,89.5561,33.9085,18.3643,,68.3745,64.4361,47.8795,,100.861,64.2073,66.4419,134.429,41.5293,,90.4204,83.276,29.4585,89.1697,45.3598,52.0919,14.3181,44.0294,,,16.6604,9.52681,9.4478,2.26328,22.166,48.9105,80.7024,49.4444,12.4246,41.9201,29.7063,15.7362,24.7453,20.0106,38.2826,46.1296,45.14,10.543,,79.3943,29.9559,51.7105,,31.0415,,10.6976,21.6123,,132.762,91.1307,45.9308,52.5786,24.3194,47.5226,23.4692,22.8338,8.372,,,4.86547,,8.64884,14.1752,2.30286,112.984,103.587,65.6432,,18.5594,997.386,104.745,,10.8515,183.366,16.4084,34.2781,,,,,,5.7604,5.69005,13.7309,19.8393,39.6232,88.2727,41.6526,41.6922,,4.39432,8.32182,93.8288,,63.6825,14.5659,,1589.59,44.4907,0.198491,65.6871,469.494,64.6667,176.185,10.5033,77.0452,37.1885,1084.58,43.6836,314.138,,47.9496,9.71502,,55105.9,71.3747,452.781,,,
2008-04,58.149,109.844,92.6205,56.7264,68.0819,,,,,,,,,,,87.9035,95.7772,,,21.7081,,1.83942,26.752,12.0526,,62.0708,18.6865,45.0731,8.87155,8.0253,30.171,87.3643,36.5593,19.9879,,74.7843,72.1437,53.7981,,108.968,69.4599,75.1033,149.108,46.5142,,94.0256,96.8547,14.4038,102.436,52.6294,61.1357,17.6239,50.9942,,,16.7528,10.8003,9.69262,2.00222,24.5445,47.4458,73.9844,43.6831,12.0551,41.8638,25.2537,15.4431,23.2137,16.9955,35.7658,40.032,38.0334,8.54942,,78.703,25.1681,50.7302,,33.54,,9.12101,24.6369,,149.328,97.9676,55.0674,62.0309,26.7174,50.0217,25.3615,26.9097,8.22252,,,5.24297,,8.8329,23.6024,2.29312,108.851,107.703,64.7853,,20.9613,1105.27,109.807,,10.8366,197.824,19.2264,35.9379,,,,,,6.78411,6.28184,13.8264,19.6782,42.1593,115.22,43.9781,43.6095,,3.76162,8.90287,87.0457,,54.5833,13.2154,,1981.42,43.8838,0.213223,75.6639,473.154,63.8215,171.973,10.7088,102.517,36.6797,929.863,42.7911,381.475,,46.0434,11.6291,,62600.7,83.6249,497.072,,,
2008-05,60.2184,114.135,94.8224,56.502,70.6256,,,,,,,,,,,89.2575,99.1221,,,24.0376,,1.87011,27.8451,11.7166,,64.9891,18.3645,47.1709,9.64423,7.9183,31.7262,96.9559,39.8925,22.483,,71.0415,74.2674,57.9461,,110.479,67.9032,82.2808,147.182,48.9652,,92.3695,115.884,7.18578,102.167,55.327,66.5338,20.1507,61.2123,,,19.0011,12.1186,9.70393,2.66145,24.9555,50.5829,83.047,45.4141,11.5239,42.3294,26.4466,15.5893,28.4127,18.4157,38.5387,39.2829,44.1998,8.37879,,87.4944,26.3681,59.7956,,30.1237,16.5308,9.91378,20.9091,,151.055,101.183,57.8235,62.5728,25.842,56.4611,22.5142,24.932,9.9376,,,6.577,,9.55324,25.8212,1.50965,125.974,112.523,60.0506,,21.1586,1236.87,101.721,,11.5981,219.512,19.7369,36.9161,,,,,,7.52438,6.05491,12.8815,18.8227,37.7836,119.722,51.0393,50.7216,,3.91517,10.9281,91.7137,,75.3086,15.4032,,2951.54,43.8453,0.264952,76.6212,539.184,63.0791,175.188,12.0617,135.313,38.4425,906.642,43.4174,421.684,,46.8716,13.4641,,62648.3,92.7736,561.957,,,
2008-06,57.7315,112.231,90.7232,50.0921,65.6051,,,,,,,,,,,96.2361,108.776,,,22.8162,,1.9753,23.7099,10.148,,62.158,17.5601,45.6839,8.45147,8.33608,29.6409,93.8291,37.4651,23.4041,,69.8336,73.5117,58.1629,,113.513,68.5689,79.9048,151.083,47.6692,,91.1973,132.144,6.3446,107.672,59.8376,64.9186,20.1883,51.6162,,,21.5519,14.68,9.80422,2.42987,26.8245,55.0736,86.4987,50.7751,11.1619,40.8832,30.9552,15.8877,30.8052,18.4206,38.9237,40.5687,41.6094,8.4917,1.4207,83.4859,30.9451,62.3006,,25.5853,14.8115,9.36704,19.8895,,149.424,104.013,57.8175,62.7409,24.7486,55.0671,19.5885,19.4844,7.30211,,,5.86877,,6.83057,25.2823,2.25716,109.446,101.466,49.6093,,18.8622,1212.08,78.9,,11.8686,217.769,17.8624,39.6541,,,,,,9.0642,5.13115,12.5223,17.7897,31.8004,106.93,52.9803,53.0514,,4.57809,11.3355,73.2494,,82.046,14.5971,,2548.97,35.7146,0.30443,71.1956,544.256,62.1032,146.921,10.9645,149.644,31.834,796.554,39.5532,476.188,,45.2755,13.5249,,65926.9,97.3421,469.198,,,
2008-07,49.7754,96.0452,83.1562,46.9083,62.0616,,,,,,,,,,,84.6245,97.4269,,,20.0131,,1.52012,17.7527,9.22181,,53.6532,15.5415,41.0079,6.93629,8.3711,28.849,88.6426,35.2568,20.3062,,63.3992,62.3795,50.3189,,89.173,52.3182,69.7305,121.448,35.8775,,67.2171,87.0234,4.37614,101.297,50.2716,61.4109,15.8737,48.0922,,,18.636,11.8554,8.18768,2.47677,23.8951,50.3745,63.2306,47.013,10.3662,39.5073,23.6722,13.9469,26.7087,16.2105,44.1529,36.1203,40.8719,9.24321,0.946178,72.2703,23.7567,59.3944,,23.0497,11.8428,7.28719,17.3088,,131.439,85.2908,50.464,51.7406,19.242,52.1956,19.4506,13.4766,6.45681,,,5.17789,,4.93974,22.0946,1.93634,103.159,90.203,48.8656,,15.7307,846.569,52.6653,,8.57312,195.484,15.1765,31.9857,,8.32197,,,,7.80068,6.93394,9.68557,17.8797,26.8353,97.709,44.1717,43.8829,,3.30937,8.66911,59.2042,2.82359,68.1277,12.9225,,2176.99,39.8181,0.241348,57.8248,513.209,61.4549,120.348,9.45261,135.399,35.5223,825.812,38.2847,427.238,,42.1202,13.8355,,60434.5,94.539,444.973,,,
2008-08,47.9408,87.1948,77.9446,47.4729,58.4235,,,,,,,,,,,79.5779,85.9347,,,18.8982,,1.53034,18.2609,9.79859,,52.5212,14.4457,38.5223,6.85752,7.97792,26.6605,80.2434,32.5695,18.9566,,63.6443,64.4166,51.0714,,96.2859,54.5604,70.4807,124.337,34.5622,,64.5124,79.6519,5.45222,94.521,49.5795,59.5004,17.3902,50.8025,,,18.7264,11.6658,8.24596,2.32863,25.2219,47.5604,66.4927,38.7085,8.16633,32.4709,21.541,11.2825,25.5242,14.4671,43.1247,31.1446,36.4665,9.14007,0.625297,65.6209,21.5342,57.9872,,21.6216,11.1243,5.47405,16.9902,,117.976,78.4824,46.9398,47.9586,18.1902,47.6103,18.3519,14.1527,5.7153,,,4.46209,,5.27735,17.7726,2.04797,99.1302,74.3171,50.2798,,13.9635,672.347,54.2592,,6.99959,173.59,13.5998,25.17,,8.46399,,,,7.6901,8.13742,8.39779,12.9568,24.0825,88.7982,37.128,37.0745,,3.03304,7.34992,46.4863,2.24049,66.6846,12.3963,,2411.83,40.548,0.268406,55.445,485.592,57.2784,114.377,8.02657,127.054,35.2826,805.871,38.6686,406.568,,40.17,12.7628,,64367.4,88.26,431.245,,,
2008-09,39.1909,57.4771,64.8039,45.0715,51.3103,,,,,,,,,,,69.6215,73.4447,,,14.4904,,0.855139,10.3837,5.76218,,43.6028,12.495,32.1263,5.88813,7.54604,23.7248,70.6636,27.9336,15.3131,,61.8606,61.6363,45.4025,,86.3173,46.8084,62.9291,113.515,25.4358,,59.7176,54.0583,3.26715,78.448,36.5977,45.0837,14.0308,36.8115,,,14.463,8.39905,7.33863,2.32966,20.0929,41.0267,64.0605,41.0055,8.61797,27.9018,21.1939,12.5564,24.1253,10.2491,44.7396,26.0837,24.0106,7.88931,0.590038,67.5087,21.0954,45.6405,,11.1501,8.66888,5.37443,10.8138,,77.1956,48.9419,33.9104,30.5667,13.6134,32.4486,10.7212,9.24157,3.55676,,,3.27269,,3.43893,15.8882,1.34574,69.7622,42.2619,40.002,,10.0856,458.238,35.107,,4.21909,109.814,8.42926,17.4321,,7.28141,,,,5.20539,6.55278,7.35769,9.91828,20.7533,62.8698,27.6389,26.8403,,1.44994,3.835,35.1038,0.961539,41.3037,8.87072,,2268.41,38.7306,0.16345,37.5482,452.634,51.3126,106.402,4.95846,66.5439,38.7089,733.312,37.6257,319.465,,31.2351,11.647,,44331.6,74.2586,288.72,,,
2008-10,33.824,40.31,48.4622,38.432,41.2949,,,,,,,,,,,54.5421,49.7032,,,12.0341,,0.636059,7.05534,4.09396,,41.6674,12.4456,29.4051,4.54681,6.66738,20.5044,61.7407,21.1964,11.3558,,59.6432,56.3165,32.8743,,77.3119,42.8536,50.1171,90.7197,24.3153,,59.4123,37.3547,5.48615,52.4163,22.5891,26.4127,10.4187,21.5867,,,10.3595,4.83846,5.09413,1.4831,15.8282,28.1649,32.4922,25.6391,6.03695,22.2685,13.8528,9.57889,18.602,4.57343,36.3055,13.7617,12.3993,4.67979,0.377098,33.3479,13.8069,30.5083,,3.57755,3.01375,2.59958,9.34779,,58.0349,36.8276,25.8412,15.9924,10.4944,11.4839,6.06768,6.39194,1.8057,,,1.38166,,2.01521,7.98046,1.53267,35.8924,19.3808,31.851,,7.13689,245.734,23.4042,,0.942666,56.9738,5.65157,12.2827,,4.75525,,,,5.33859,4.31482,4.86799,6.68476,19.836,38.6114,20.2993,20.4673,,0.70924,1.64357,14.6474,0.80175,20.499,7.94453,,1749.38,28.1131,0.0832439,30.543,377.423,40.6085,75.6578,3.15982,34.2718,36.8293,616.419,34.3049,211.821,,24.6984,10.8814,,30493.5,53.8364,150.416,,,
2008-11,33.4702,35.3548,46.2951,36.9504,39.6114,,,,,,,,,,,51.5842,47.7524,,,10.6566,,0.898748,6.21669,4.87097,,41.5497,12.5841,29.5382,4.1168,5.66283,19.4257,64.0637,20.0159,9.46015,,66.133,61.337,33.8449,,70.5163,45.9041,49.8077,86.8404,23.9899,,59.4964,35.2604,4.69596,52.4983,20.4816,26.8361,8.81333,21.0996,,,11.3893,4.59374,4.40739,1.46738,14.0499,36.6839,45.1194,34.1103,7.60792,26.5598,19.9731,11.5428,17.6332,4.46845,51.3555,17.112,15.3342,6.7953,0.409266,18.6501,20.6812,45.3984,,3.53962,3.70289,1.70933,10.3592,,31.7211,35.8993,28.4062,13.4601,10.3441,5.68107,4.32525,4.56875,1.20096,,,1.27841,,2.01993,5.78171,1.19367,34.7118,12.8113,20.4262,,6.62183,232.024,23.1346,,0.780647,54.1561,4.82131,8.67751,,3.19764,,,,4.60151,2.64786,3.95325,5.37493,26.8469,43.7203,21.9844,22.7341,,0.424422,1.06391,8.64563,0.801686,21.2596,9.35388,,1662.62,24.2121,0.123542,27.7442,343.981,41.0346,49.3809,2.78359,30.8724,36.6309,737.99,32.6473,201.694,,27.0477,11.4927,,22272.7,49.3311,106.539,,,
2008-12,33.7052,34.1795,53.4042,39.6234,43.8758,,,,,,,,,,,48.2519,52.2724,,,10.4125,,0.629178,6.17166,3.77887,,41.6373,12.1253,31.2034,4.41289,6.14571,24.313,68.8258,23.0446,10.208,,66.5573,58.0244,33.7298,,64.8659,36.3236,56.1554,84.6035,24.3714,,49.9059,35.1492,4.3068,44.4385,21.4875,24.9677,8.54827,18.092,,,11.8507,4.20036,4.52266,1.21154,13.8382,44.9726,62.1397,43.0192,9.28664,34.8321,25.2033,14.8087,23.1348,8.49371,63.9465,20.8442,24.0958,9.02466,0.451138,17.7679,25.276,60.3657,,4.26194,5.33278,2.02046,9.84534,,28.362,34.9107,29.83,13.8559,12.1993,5.88273,4.29559,3.67139,1.21898,,,1.18876,,1.97982,3.84103,0.863841,36.7045,15.8836,22.0183,,6.7863,241.46,27.1262,,0.690005,56.1514,5.2725,11.9788,,3.20367,,,,4.71806,2.74224,4.59597,4.70957,28.5641,53.8638,22.3097,22.3669,,0.492392,1.58567,13.5011,0.921249,24.3311,9.35329,,1959.27,28.333,0.191254,25.6844,436.832,44.7742,46.6837,3.11726,33.6381,35.7182,841.606,36.3227,204.86,,28.3009,13.4085,,20821.4,64.2692,121.466,,,
2009-01,31.6834,30.8952,46.7972,36.8764,37.8503,,35.2925,,,,,,,,,47.5978,46.2158,,,10.9751,2.74504,0.623948,6.07881,4.34788,,39.0751,11.1614,28.7538,4.32908,5.83658,18.9424,60.195,18.7186,9.37363,,63.488,55.0784,30.8152,,60.5452,36.8869,50.8419,84.9391,24.7576,,51.7847,33.3805,5.29622,42.6571,20.3,25.938,7.53872,17.5652,,,9.59023,3.78858,4.49572,1.18676,14.05,43.7655,63.9316,43.6714,9.78647,35.9077,24.086,15.8602,27.5857,8.50903,62.2074,22.1156,29.9968,10.0591,0.848456,16.4361,23.9119,58.8251,,4.5724,8.04804,2.67366,9.51545,,28.0688,27.9918,26.6574,14.1909,10.543,4.53721,5.21132,5.75881,0.903066,,,1.44597,,1.76304,3.07266,0.845829,25.2832,5.61425,24.4184,,7.87281,202.425,26.7765,,1.11477,53.5245,4.27742,11.3294,,3.40018,,,,5.34073,2.33478,5.01023,6.76366,27.0099,44.483,21.273,21.1706,,0.72748,1.67246,18.187,0.996331,27.4051,8.79096,,2211.46,21.0996,0.0936717,23.2815,424.311,35.7112,40.9082,2.78909,30.3013,38.1636,564.132,31.0645,205.466,,31.5861,11.337,,20971.2,59.1032,104.34,,,
2009-02,29.197,28.6969,43.2572,32.9437,32.6049,,31.9362,,,,,,,,,44.8925,43.8949,,,10.564,2.71084,0.602309,5.71073,4.9342,,34.4042,9.97516,27.007,3.70655,6.03205,15.6402,48.513,14.86,8.21468,,56.3692,47.6162,24.3663,,42.7098,27.1018,48.1048,66.5896,22.2669,,51.1403,33.3176,6.19826,39.7848,19.2023,22.7036,6.80161,19.1402,,,7.92597,3.67593,3.12543,1.149,12.9586,45.5743,59.8012,35.0054,9.4562,37.1497,21.3912,16.0224,27.3699,8.67438,52.0894,17.421,22.5997,11.8239,0.769765,16.0132,21.4358,63.6573,,3.46454,7.82132,3.89136,9.87658,,33.0971,21.8168,24.6145,17.0864,10.3178,4.14262,7.76837,6.37209,0.738325,,,1.48668,,2.40102,2.60815,0.833761,20.5546,3.49351,21.5587,,7.15651,184.2,23.6968,,1.28201,46.3407,4.48096,8.86373,,3.63401,,,,4.70773,1.54365,5.41921,4.88251,26.2984,48.509,18.7435,18.8343,,0.739617,1.45117,13.376,0.865509,26.556,7.49535,,2174.58,22.5765,0.282151,22.8438,424.569,35.7503,27.7883,2.50369,20.1471,34.6157,549.346,29.576,147.957,,28.5383,10.3617,,17207.3,57.6576,69.3731,,,
2009-03,30.2322,34.0198,45.1477,33.7913,32.7422,,33.3831,,,,,,,,,45.6878,47.5594,,,11.1129,3.49177,0.852861,6.81134,5.84255,,35.062,10.5162,28.1072,3.914,5.09019,16.6622,53.4372,15.8675,9.00756,,56.3981,52.6099,25.4851,,43.7669,29.5862,51.8166,72.0489,22.6318,,59.0951,30.7851,6.36244,42.3578,18.1692,22.0612,8.18534,20.4767,,,8.13573,4.83135,3.55327,1.15366,14.3951,49.0086,68.3706,37.4875,10.5082,45.7508,24.2175,14.596,28.4363,10.6453,60.0541,21.0235,24.0837,12.4813,0.582116,15.0732,24.5614,67.9065,,4.83138,10.2613,3.77603,11.2922,,43.2834,25.9071,30.8932,21.3538,13.1831,6.56017,8.24585,6.75211,1.95084,,,2.07736,,4.42461,3.96321,0.83564,24.1581,3.31235,22.5602,,7.36623,275.185,26.4315,,1.2404,47.7523,5.08306,9.42612,,3.97632,,,,5.16293,2.01224,5.39783,5.43349,27.3368,58.4762,22.0924,21.8628,,0.941901,0.956244,13.3436,0.832012,32.3272,7.58795,,2070.11,24.8706,0.252942,31.853,418.301,39.2378,34.0244,2.91189,23.6542,35.6182,576.598,30.4076,125.931,,20.3958,11.8629,,14635.7,50.9656,104.513,,,
2009-04,33.0092,40.9999,51.8284,35.2741,36.5936,,35.551,,,,,,,,,46.6942,48.6217,,,11.9583,3.84133,0.841757,8.57537,5.63547,,36.101,11.0664,28.701,4.15071,5.21898,17.5375,59.7173,19.3912,10.3295,,55.0763,51.5891,26.6162,,50.6526,34.2923,52.282,81.8819,24.2328,,57.2436,38.0571,5.86986,50.9587,23.6888,27.5368,9.70791,23.0429,,,9.47058,4.98607,4.41053,1.21653,15.3428,43.9499,52.8517,33.5647,9.61312,38.2376,20.8858,12.4036,27.8268,9.83172,46.4042,19.8395,25.3054,11.6348,0.691858,15.1529,20.79,59.547,,6.52119,12.3394,4.08838,13.58,,52.54,33.3349,32.6628,23.8382,14.0185,12.2948,11.3038,9.65004,2.23201,,,2.62343,,5.59734,3.90204,0.85931,29.7777,6.32634,28.9914,,9.25789,272.997,36.7694,,3.36428,56.0813,6.23073,13.2875,,4.14693,,,,5.82082,2.82475,6.79445,9.25448,24.1669,49.4343,29.2506,29.3126,,2.06702,2.47739,25.8378,1.36236,45.9278,9.62799,,2662.93,30.8731,0.394755,36.363,468.63,39.4949,43.8474,3.46717,29.9618,36.9507,607.651,30.5468,142.016,,22.3053,13.1137,,19087.2,64.4704,144.17,,,
2009-05,38.2167,49.4142,59.6539,40.0234,41.114,,40.6239,,,,,,,,,52.6961,58.4288,,,13.8398,4.86372,1.24694,10.9402,7.37036,,41.5675,12.7878,33.3549,4.8631,6.16981,19.9702,68.2084,21.4324,12.3251,,57.4662,52.386,29.9775,,61.6016,39.4238,62.152,94.4207,26.9297,,65.4185,50.0936,6.16491,59.3584,26.896,30.143,12.4712,32.0528,,,11.6598,5.74615,5.8538,1.59425,20.1654,53.2217,73.9059,44.034,12.5164,52.4006,27.2553,16.0571,36.3143,13.5344,59.5913,28.1131,35.5008,16.3637,0.911607,20.1355,27.05,74.2217,,8.23437,16.9095,5.7278,15.802,,57.852,43.544,36.9323,30.3347,15.7893,18.3775,13.0106,10.5517,2.95424,,,3.32338,,6.73393,3.97288,0.937403,30.2726,9.38411,30.4052,,10.7073,351.57,48.0462,,4.04451,77.9157,8.30484,15.8991,,4.82229,,,,6.85028,2.61885,8.34286,9.05441,27.0878,65.1795,35.3221,35.0608,,3.66933,2.5231,28.8862,1.71756,54.9695,11.2021,,2294.94,29.135,0.139817,42.8329,509.798,46.1236,37.3922,4.09921,35.3632,36.2082,681.953,33.6748,166.186,,30.4824,13.8666,,21282.5,68.8714,228.041,,,
2009-06,35.7764,46.688,55.7799,40.5906,39.7338,,38.1551,,,,,,,,,50.9657,55.2037,,,12.8976,4.63019,1.19405,10.5961,7.31055,,38.3594,12.0663,31.0471,4.36589,5.64412,18.8233,64.3436,21.3721,11.4237,,57.4368,51.6126,27.2713,,52.7683,36.2735,60.7213,80.1618,25.0231,,58.6831,40.9789,4.33024,55.8493,24.0735,27.8816,10.985,27.5982,,,11.1826,5.13168,4.7425,1.23551,17.0817,44.2214,62.1653,38.4653,11.0116,44.9583,24.2567,13.5783,31.2641,10.5108,52.9911,21.8157,27.6254,14.5688,0.769488,15.0664,24.3405,66.8549,,7.24378,13.2044,5.56947,14.8945,,53.1291,43.6086,34.4421,27.6892,15.2883,18.4857,13.9925,9.39677,3.49947,,,3.42368,,6.54228,6.10929,0.945979,33.6283,9.67573,34.8423,,9.77349,332.527,41.6052,,3.38236,77.1163,7.2709,15.6934,,5.02824,,,,5.79974,2.12822,8.16559,10.016,26.1252,61.5397,32.5492,32.4863,,4.48954,2.12178,22.4477,1.22301,53.8695,9.938,,2262.63,29.2615,0.162532,45.9201,509.672,45.1529,42.3508,3.90625,31.4851,36.6949,679.585,34.7343,172.309,,28.5255,13.0435,,20785.5,51.449,170.386,,,
2009-07,36.2238,53.3939,61.8567,44.4133,40.155,,39.8945,,,,,,,,,52.6691,57.7326,,,14.0444,4.46111,1.17802,11.5318,8.41773,,40.3627,12.7581,31.9394,4.4507,5.66415,19.3415,69.1492,22.8986,11.6436,,57.923,54.2071,28.6864,,56.3336,39.6884,65.9282,93.6062,27.554,,65.8732,42.9415,4.38137,55.3074,25.7309,31.1573,12.547,29.3384,,,11.9344,5.72133,4.99326,0.800034,18.8666,44.8118,69.4657,40.0767,11.0383,48.189,26.2897,12.203,33.005,11.7284,52.2987,23.4954,29.0269,15.2264,0.831877,18.0022,26.3309,74.5612,,7.81768,16.113,5.08801,19.5003,,63.8311,48.4932,40.1016,33.3728,19.298,30.49,19.2623,10.5374,3.7429,,,4.3419,,9.38623,6.20752,3.20396,38.3443,12.9938,32.342,,10.955,358.476,47.3563,,3.63514,84.6948,8.12132,17.3751,,6.49484,,,,6.34874,3.12392,8.63184,10.8304,29.4411,71.5813,35.2115,34.778,,4.15554,2.2301,21.7081,1.42653,51.7281,10.6247,,1648.55,31.8328,0.152021,44.9889,522.183,51.6874,44.9982,4.48443,35.2981,40.7858,725.227,38.0106,161.911,,27.5837,12.5921,,20751.8,53.694,163.066,,,
2009-08,37.6375,52.7633,63.1873,44.981,43.1638,,40.5421,,,,,,,,,52.7226,59.2907,,,14.2838,4.36643,1.00723,10.848,9.36977,,42.7561,13.2861,32.9257,5.21389,6.30374,21.2819,75.6602,25.5321,13.1014,,57.1221,54.9966,29.4866,,59.3909,38.5137,67.4035,94.5093,28.5735,,68.5015,45.2334,4.04774,58.1816,27.6592,26.4437,11.9509,27.7398,,,11.7184,6.03284,5.45116,1.04925,18.3098,43.4572,67.9489,39.7578,11.1183,47.225,25.3093,12.3598,33.1518,13.2064,50.4033,23.1217,26.7829,16.7317,0.781192,15.9938,25.3269,76.5231,,8.12908,15.655,5.63966,19.2136,,60.229,49.413,40.6451,34.7781,21.2015,27.949,17.1382,10.9623,4.12518,,,3.9314,,8.87639,11.5146,1.87064,39.2937,15.8269,31.5571,,10.6424,409.992,50.9458,,3.88356,84.6915,8.93865,17.5376,,6.12455,,,,6.02536,4.36949,8.1488,9.89679,28.2634,68.6147,33.7732,33.6654,,4.13077,1.74082,20.1124,1.29957,52.5171,9.19213,,1933.88,33.1914,0.0920193,49.9303,538.621,52.7131,60.3577,4.5574,32.5937,40.2659,675.159,38.284,156.245,,28.4521,12.3973,,19305.9,49.2843,162.231,,,
2009-09,39.3888,56.083,66.793,47.1364,45.0081,,42.7014,,,,,,,,,52.5002,60.748,,,14.7448,4.60859,0.675335,13.5899,11.0955,,44.2626,13.5564,34.1559,5.80226,6.18119,22.4379,75.9082,25.6036,12.8644,,56.6406,55.3473,29.5532,,65.2669,44.6427,72.5746,102.1,30.6647,,69.9153,54.5096,4.30999,61.6629,31.6175,32.7252,14.1211,31.7934,,,14.0106,7.60102,6.09825,1.27492,19.1385,47.6775,80.2693,43.3971,12.6856,50.0699,29.0295,14.457,34.0391,16.039,57.9895,27.1011,31.4307,20.33,0.890489,19.5214,29.1638,84.2595,,10.566,19.0267,6.09713,18.6882,,65.3667,47.8314,41.8641,37.8633,23.0101,31.9321,18.9347,17.1443,4.09617,,,4.25423,,9.31104,8.5233,1.8362,42.7562,14.4564,35.4685,,12.8061,441.659,45.3875,,3.59445,88.4906,9.55057,16.3189,,6.38915,,,,6.59647,4.48395,8.18338,9.48026,28.6279,64.0692,35.3711,35.2025,,4.56111,2.43301,26.2844,1.32968,53.8344,9.39115,,1992.14,37.7408,0.176543,49.5065,576.109,56.2133,72.2848,5.06973,41.6465,39.8612,737.55,39.2893,162.73,,20.5602,12.3105,,20482.1,48.2142,163.539,,,
2009-10,40.021,56.9715,66.9985,49.6911,41.7501,,43.4795,,,,,,,,,55.0271,64.2438,,,15.5353,4.44271,0.753651,13.6393,11.2841,,45.515,14.4065,34.3299,5.56892,6.26404,21.1691,71.71,23.1506,11.8953,,59.1098,60.091,33.129,,62.6669,43.6824,70.1743,104.696,30.103,,70.8245,51.6806,3.4241,64.291,34.0213,32.3567,13.557,30.1839,,,13.4422,6.66656,6.75122,1.59189,18.7482,47.0256,63.2672,41.1018,11.7261,46.0701,24.8318,13.1493,32.0754,15.8836,56.117,24.8425,27.3137,18.8885,0.901819,21.7233,24.837,82.6049,,9.11103,18.7661,5.49887,19.4936,,67.7397,54.5879,41.3657,40.4457,23.5947,33.6082,19.7916,18.4053,4.87903,,,4.17667,,10.7122,8.37182,1.00563,40.436,13.3921,39.1574,,14.2261,398.315,40.0198,,3.72871,79.9359,9.6834,14.2307,,6.64303,,,,6.80822,4.44459,7.63295,10.2808,29.4812,58.3337,34.5871,35.3244,,4.17056,1.94715,21.6251,1.29751,50.6867,9.65496,,1638.01,32.9914,0.104707,51.8568,604.832,53.2991,66.8393,5.01406,45.7336,38.7263,694.839,42.84,161.444,,18.683,11.7664,,21977.5,46.7256,143.194,,,
2009-11,41.228,64.9026,74.5718,50.6872,43.1719,,44.5705,,,,,,,,,56.3276,68.3754,,,16.035,4.21304,0.83795,15.8618,12.0717,,45.3533,14.4653,36.4809,5.46389,6.42235,21.067,74.8997,23.841,12.7055,,62.2303,61.7642,34.1546,,65.1774,46.2334,74.6622,105.911,29.7277,,66.6453,55.5255,2.79021,66.2113,34.1718,31.3117,13.9324,32.6996,26.4603,,14.3565,6.96674,6.93626,1.35847,20.3141,57.9998,74.0056,49.0232,13.5834,54.0088,26.7374,14.6439,35.1349,20.4382,68.3287,29.9513,31.7455,27.2002,1.4492,21.2989,26.5983,98.5491,,8.87496,21.3328,6.14036,22.7508,,77.6678,64.1437,46.7473,45.618,26.2247,39.9825,22.5428,19.655,5.28348,,,4.10131,,10.8809,8.75149,5.02763,40.8295,15.0497,37.8467,,15.9895,411.452,41.5814,,5.02193,92.7616,9.85123,17.9697,,6.79392,,,,7.23989,3.80203,7.83437,11.6695,30.268,63.4657,36.5823,36.3656,,4.89308,1.81518,18.5227,1.23485,51.089,9.63809,,1552.04,36.2626,0.202535,51.4985,626.507,57.3304,73.9877,5.3615,56.7229,36.5134,812.671,43.4969,190.259,,21.9452,13.3242,,21392.8,46.7888,153.74,,,
2009-12,41.663,67.45,76.8315,52.1794,44.3899,,45.1445,,,,,,,,,57.9762,66.031,,,16.3835,4.33628,0.840436,17.0657,13.3999,,46.6937,14.8777,38.0214,5.58304,6.98424,22.4963,79.4665,25.2489,13.6186,,56.6268,61.0407,33.7522,,71.433,52.1036,75.6314,114.884,31.7848,,70.6801,60.3234,3.56012,67.5739,35.1911,31.1667,15.0988,32.2099,26.2403,,14.2534,8.84232,8.37779,1.36293,21.6988,51.3396,63.89,45.3019,12.0699,49.362,24.6172,13.4407,34.9634,19.1365,60.0039,28.3042,32.1841,22.5784,1.42736,21.0128,24.591,104.996,,10.0457,19.741,6.73365,24.6858,,83.982,65.801,49.4531,44.3132,24.8157,40.4767,22.0483,18.3159,4.95514,,,4.12949,,11.2482,8.61996,2.53794,52.6624,25.0343,40.8374,,16.2189,401.953,45.7562,,4.90936,109.78,10.6213,18.9312,,7.82984,,,,8.05088,3.75371,7.70417,10.3508,30.8134,65.56,41.0067,40.9003,,5.84495,1.6614,17.7822,1.19064,50.833,9.69916,,1635.49,35.941,0.406402,48.8384,606.781,58.6927,77.0477,6.40368,59.441,37.0122,785.414,44.6845,195.848,,20.1246,12.5252,,20036.1,50.1647,134.462,,,
2010-01,39.002,61.8299,69.48,50.6481,40.9288,,42.5164,,,,,,,,,53.6753,59.2567,,,14.7551,4.05772,0.929217,16.5629,14.2104,,42.5368,14.3186,34.2917,5.14622,6.59803,19.661,72.5089,22.2294,12.7578,,53.3221,56.9848,31.6152,,64.8068,48.3279,72.5849,109.762,31.7487,,64.9992,56.267,4.17842,65.6573,34.0456,34.8535,13.313,28.6931,24.0238,,13.9648,8.36029,7.62476,1.3382,21.364,46.3522,59.746,39.9198,10.4782,43.6966,21.68,12.0778,33.0213,17.4714,54.123,25.1039,25.5188,19.0054,1.41034,20.5149,21.5769,87.7508,,7.84586,16.4681,5.24323,21.5218,,75.5373,55.4521,45.5109,36.7468,20.0119,37.7884,20.9172,16.0221,4.74075,,,3.75154,,11.6576,9.03434,6.09045,41.4459,17.4443,34.5783,,14.3596,385.538,43.9012,,4.98121,93.801,10.0806,16.1623,,8.09226,,,,7.32231,4.0429,8.48636,10.0858,29.3942,60.1778,34.3883,34.2047,,4.63846,1.72093,16.9512,1.23281,43.5249,8.74396,,1693.42,37.6722,0.293401,53.5,571.868,52.5338,67.4954,5.56543,51.3469,37.5457,801.263,43.708,212.951,,20.5466,12.3452,,22542.9,50.4627,120.223,,,
2010-02,37.4817,61.5519,68.6588,50.7022,39.4348,,42.6325,,,,,,,,,55.0488,59.6712,,,14.6211,3.52838,1.05084,17.6879,14.1036,,41.5165,13.4144,32.8353,4.46798,6.49553,19.0005,69.0686,21.4274,12.7392,,54.1313,57.6594,31.9311,,66.6789,50.2556,73.9655,115.145,31.7155,,71.4955,60.9132,4.36793,63.4055,35.2382,36.8764,14.0488,26.2624,25.389,,15.8031,8.86842,8.28702,1.35976,23.5202,53.282,67.865,43.1649,10.6015,44.5303,24.154,12.0221,33.7369,19.257,57.055,25.4954,24.9406,21.2445,1.55585,27.0044,24.1538,93.3072,,7.28896,17.4847,4.78758,20.5497,,77.9018,54.2206,46.5009,41.4036,22.3644,42.4444,22.4739,17.8962,5.11606,,,4.16387,,10.5867,8.40722,4.6286,43.3862,18.7649,32.8387,,15.5083,380.961,42.2834,,6.51893,91.0888,10.2779,17.3824,,8.49789,,,,7.82142,3.55168,7.86404,12.2686,28.9346,61.2028,34.9004,34.7559,,5.63871,1.77264,16.1766,1.23251,43.7644,9.03149,,1845.37,40.7565,0.453157,54.603,587.81,58.803,56.7029,5.10293,72.6199,41.3,747.223,45.6809,186.524,,19.1793,12.1916,,21788.9,59.8839,128.27,,,
2010-03,39.444,70.7082,72.5612,52.4252,40.5204,,44.2494,,,,,,,,,54.198,58.2602,30.8916,,15.0337,3.70408,1.1829,19.5448,15.5692,,44.1279,14.3946,33.9703,5.42926,6.79883,19.8754,71.763,22.0901,12.8197,,55.5521,60.2273,33.9007,,62.2728,49.4594,78.3051,112.306,29.5936,,65.9927,51.3886,4.51064,65.5852,35.0708,35.8979,15.3833,29.4878,27.2103,,15.2809,8.43607,8.49789,1.26103,24.7658,54.9482,65.5564,43.7646,11.5965,46.3761,22.7512,12.4319,34.5258,19.823,58.5414,27.3398,25.9776,18.9373,1.48896,29.6567,22.735,89.2013,,7.74546,19.6796,5.16887,24.096,,90.0793,64.948,52.1666,45.8317,24.0253,50.0081,23.6011,17.636,6.38532,,,4.5625,,12.268,7.50226,2.88166,46.2626,21.1124,37.7781,,17.8453,434.135,53.6022,,8.64669,104.373,10.9597,18.6003,,10.017,,,,7.8645,5.60428,8.87068,11.9883,28.3648,63.0392,34.7574,34.551,,4.94055,1.8952,16.8776,1.28884,48.5811,8.97393,,2432.17,43.8858,0.368641,61.547,636.109,58.7786,61.7246,5.75066,90.9807,44.2863,799.653,46.8146,213.956,,21.2714,12.6473,,20933.1,75.2149,140.166,,,
2010-04,38.6604,65.726,70.8526,51.9602,38.8656,,45.1391,,,,,,,,,55.0961,58.5179,31.6369,,15.704,3.95694,1.41566,20.4442,14.1253,,47.5846,13.3672,31.823,5.15223,6.85737,18.2998,70.22,22.0465,13.5516,,56.1099,64.5708,39.1461,,64.9628,59.649,81.9788,112.559,31.3365,,67.1292,53.7286,6.04747,73.6838,35.6142,38.0696,15.9441,30.8966,30.5107,,16.3244,8.65067,8.37362,1.32564,24.7007,60.3996,74.2476,49.6256,12.3286,51.0655,25.2102,12.79,36.959,24.6348,64.7252,31.1711,29.7809,25.554,1.78848,28.4416,25.2882,112.397,,5.84379,18.7105,4.60376,23.2831,,78.407,63.7752,47.0304,41.439,23.1582,44.9303,22.0576,17.8541,5.65133,,,4.3934,,12.2895,7.89766,2.31897,43.5554,20.6469,39.5302,,17.0641,459.541,51.8022,,8.154,93.6376,10.5908,16.7081,,9.51431,,,,9.061,6.55956,8.11304,11.8602,27.375,54.0668,31.1527,30.9825,,4.38058,2.07333,14.5509,1.40914,49.6059,8.99744,,2524.73,46.9872,0.489513,60.6788,628.487,57.0821,68.6865,5.83994,80.0445,48.5468,781.983,46.1986,254.833,,25.5681,13.0299,,22020,76.1,137.038,,,
2010-05,32.2374,57.4556,62.678,47.4977,33.8482,,39.6707,,,,,,,,,51.0218,49.442,29.8269,,13.4091,2.98757,1.12945,15.5312,9.97988,,40.187,10.8998,27.9054,4.75327,6.06648,16.3339,61.1462,19.3114,11.6839,,50.3585,59.0699,34.625,,61.5574,55.7327,76.2331,98.9657,28.3584,,63.1307,43.9407,4.12074,58.0882,28.9298,29.2497,14.807,28.1789,28.9466,,15.3334,8.77228,8.82267,1.36078,23.0569,57.9206,68.8103,48.1437,12.6032,51.0991,22.8535,12.6624,36.6479,23.8212,63.3609,29.427,26.2184,24.734,1.77502,29.8693,23.2877,126.962,,4.1031,20.0172,5.08724,19.587,,70.1805,57.3696,42.1267,38.4027,22.6801,40.1054,15.5655,16.3733,4.70569,,,3.40401,,10.6519,5.49282,1.6495,37.8111,16.0854,36.787,,15.1408,348.566,38.6112,,5.8659,73.1437,8.8203,15.58,,8.87691,,,,8.64995,6.41318,7.62926,11.1706,24.8772,49.9566,30.9136,31.0702,,3.93334,1.74802,11.4786,1.45396,44.8081,8.23125,,2220.04,40.9014,0.226748,52.9267,566.257,52.5277,60.0193,4.53923,71.6274,48.6262,747.123,42.5754,225.136,,23.0331,12.0719,,15402.8,67.4544,133.268,,,
2010-06,29.567,53.688,64.4328,48.9082,32.6364,,37.0164,,,,,,,,,51.056,48.4704,29.3049,,13.1446,2.30986,1.04387,16.0334,9.17375,,38.6258,7.23633,27.2374,4.6271,6.74702,15.1391,56.0937,17.2554,11.5698,,47.5814,54.3171,32.8076,,58.9291,52.3444,71.6966,93.1434,26.1769,,56.4901,40.7041,4.1102,57.3061,28.6315,31.9113,13.8282,26.776,27.0005,,14.2381,8.90429,8.97175,3.34278,22.8589,66.6277,71.4643,52.0043,12.2669,52.6864,22.7164,13.8401,39.4086,25.3719,60.8286,29.8095,26.0253,25.2874,1.83719,25.6228,22.7328,131.727,,2.91181,22.3416,5.55036,17.9105,,67.2935,52.2001,39.7988,32.4478,20.4382,34.1462,14.5219,14.7909,3.40288,,,3.11413,,9.89126,5.57236,2.03895,32.7106,13.5274,34.1077,,13.5726,318.002,37.0655,,5.6192,65.4356,8.18296,14.097,,7.76528,,,,8.56696,6.73829,7.77338,11.1521,25.4435,50.4465,27.0226,26.9227,,3.61547,1.55531,9.95787,1.19494,40.5103,8.14576,,2003.36,34.1724,0.351796,55.9948,538.928,54.7248,53.0684,3.77075,60.5308,49.849,769.656,45.5464,202.959,,21.389,11.9518,,15227.7,68.6302,118.686,,,
2010-07,33.0911,61.4004,68.193,50.8438,35.7277,,40.4814,,,,,,,,,54.3261,54.0465,30.8726,,13.7077,2.84228,1.30491,17.5535,10.4238,,41.8413,9.67421,30.4059,4.66834,7.25778,17.5049,60.3193,18.9873,12.1766,,49.7469,60.9878,37.2731,,60.435,51.9459,72.4062,105.908,26.5625,,52.2159,45.1798,4.16762,61.7666,34.8403,37.1608,14.3008,29.8946,29.4446,,14.9158,9.47466,9.90108,3.10518,23.3244,60.3127,65.5362,47.0585,12.411,49.4304,21.7813,13.091,39.2846,23.789,55.9124,27.0681,23.8478,22.608,1.9939,26.2058,21.7487,119,,2.7742,24.6972,5.47884,23.6289,,78.6721,58.8797,46.4904,39.4367,24.1834,40.5166,18.0311,17.5212,4.66742,,,3.72014,,10.5121,6.24113,0.921967,36.3122,15.9752,40.5766,,15.4924,351.568,40.4338,,6.57874,72.9842,8.67947,15.3014,,9.06698,,,,9.94792,6.75812,8.73788,12.8413,26.9553,50.9075,32.3618,32.1328,,4.24269,1.96964,16.8482,1.33254,46.7339,9.30035,,2326.94,39.1815,0.205757,61.562,587.922,60.3709,55.8129,4.44892,72.5934,48.8714,781.047,46.5009,212.475,,23.3285,12.2003,,16225.9,82.2403,128.958,,,
2010-08,31.3239,57.6363,65.6819,50.1231,34.3182,,38.7132,,,,,,,,,53.4697,52.6367,31.0602,,12.7335,2.2238,1.27797,16.4064,10.5769,,40.6667,8.92366,28.091,4.25191,7.64344,16.2766,55.7981,17.8621,12.0227,,49.5559,59.7551,35.3411,,58.2173,46.2186,67.8063,99.4216,23.7105,,47.4943,38.8632,3.52158,55.3454,32.9491,28.8912,13.4367,27.6375,28.2962,,14.4509,8.25051,8.82683,2.74346,24.509,66.0693,76.2694,53.6047,12.9881,51.5185,22.5249,13.3083,38.1268,28.4318,62.0857,29.1805,25.6345,26.7609,2.12389,26.2279,22.608,144.693,,2.46598,25.6904,6.52659,24.2828,,77.3038,53.6995,42.9273,39.6301,23.5234,38.7247,16.7448,19.5616,4.7976,,,3.69403,,9.97057,6.37777,1.75564,33.2644,15.2954,36.4982,,14.8867,321.268,39.7747,,6.99233,70.2403,8.12522,14.5868,,8.28762,,,,10.4451,5.91485,8.73216,15.0331,30.4645,54.4995,30.8972,30.969,,3.88504,1.75988,16.825,1.26952,44.3066,8.49915,20.9382,1974.96,35.2852,0.316891,65.3843,588.175,55.636,44.3378,3.93563,78.5935,48.5793,845.203,48.1763,184.91,,21.4659,11.4769,,14216.3,72.9151,139.003,,,
2010-09,35.2537,66.9167,76.0968,54.3968,36.8554,,42.6502,,,,,,,,,56.4564,60.3521,32.5251,,14.1828,2.84299,1.45966,19.7711,11.3439,,45.893,10.2383,30.9733,4.93388,7.75963,18.81,57.5288,18.7104,13.6542,,51.7726,65.3393,38.6889,,62.6486,49.4353,72.9701,108.111,26.2117,,53.5895,44.5822,3.66497,63.9011,38.6031,32.7315,14.3455,29.5126,29.9638,,15.4668,8.26347,10.0784,3.09158,27.3831,67.8006,83.3348,53.035,14.0776,56.4178,24.9998,14.8403,40.4774,33.5668,63.1352,34.8525,29.0676,25.2753,2.2915,33.1524,24.8471,134.939,,2.76206,29.8798,8.46079,29.6864,,88.9729,59.1579,48.454,46.9793,27.3126,47.172,21.8818,20.0688,5.97138,,,5.00761,,13.3935,7.12481,2.36549,39.3931,20.1324,42.2651,,17.392,374.125,48.3082,,7.35928,79.2554,9.47877,15.1266,,10.2752,,,,11.2634,6.66234,9.40616,16.5759,31.5437,60.7984,35.2243,35.0365,,5.01399,2.13391,25.9871,1.51337,46.5743,9.64484,19.8797,2179.59,43.193,0.361511,73.2849,693.847,65.2445,53.2519,5.00133,82.0522,49.7213,969.902,50.2961,198.592,,23.4833,11.5959,,15023.6,82.0844,141.909,,,
2010-10,36.4138,70.6129,82.2487,55.3811,39.0183,,44.5838,,,,,,,,,59.1315,64.727,33.7887,,14.6483,3.10234,1.47514,21.3593,13.4933,,48.401,10.1638,32.3012,5.18197,7.94748,20.7438,60.3758,19.6528,14.6351,,55.6414,66.5061,40.3209,,62.8413,50.9141,73.1865,111.741,27.181,,52.4841,44.2859,4.76435,72.3989,37.1444,35.7375,15.0023,28.8595,28.8078,,16.3419,8.07535,10.1214,3.26432,28.5224,65.614,90.9181,55.0288,14.5205,57.4078,23.8525,15.1369,44.3468,36.1668,62.6392,37.5501,35.2795,26.0564,2.67411,35.0318,23.681,122.818,,4.15306,29.9936,9.18583,31.669,,96.2526,67.9396,52.826,52.2504,33.244,50.9506,25.0348,22.1083,7.52297,,,5.3167,,14.7196,6.67332,2.05546,42.6905,20.6417,44.6234,,18.0359,434.068,43.2218,,7.72336,76.5005,8.19507,15.5682,,11.656,,,,11.3458,7.55786,10.0406,16.4603,32.8863,61.6568,39.2783,38.7436,,5.90854,2.71251,45.8026,2.06112,53.3106,10.8116,21.2918,2252.38,48.7647,0.459017,78.2319,718.305,68.4205,57.1708,5.00574,83.5912,51.642,986.991,51.0374,197.244,,24.4195,11.2655,,15004.8,74.8616,145.214,,,
2010-11,34.6175,70.3679,80.718,53.7431,35.2516,,45.1589,,,,,,,,,59.9342,60.7741,34.1864,,13.4965,3.08866,1.21568,21.3633,13.5152,,45.5986,10.0227,30.19,4.47999,7.24245,18.0883,53.4521,18.3553,13.8859,,58.5524,65.7239,40.8333,,68.1767,47.2932,82.0315,119.014,29.5397,,58.9163,50.6536,8.08727,80.3046,44.0977,40.1397,16.0859,30.6973,30.2194,18.9267,18.6686,9.27559,11.3127,4.26987,30.3916,63.3988,94.5342,59.217,15.3611,57.0426,23.1518,14.8681,42.5356,46.3873,65.1548,44.0685,37.8499,23.3383,2.98604,33.3822,23.2365,128.408,,3.95431,33.3751,9.83278,31.0531,,95.9057,64.9577,53.7564,55.8264,32.8569,57.4599,25.773,23.7559,7.76039,,,6.49792,,15.1815,6.40058,2.34923,42.7369,21.1519,46.4982,,17.7703,394.347,40.2303,,8.18611,77.0494,7.89434,17.0921,,13.0778,,,,12.1189,7.08694,10.5886,15.894,28.7434,62.6398,45.9956,46.0046,,10.6828,4.00249,46.5464,3.31166,62.6399,12.4119,22.6539,2494.61,46.7572,0.267913,80.4212,670.256,63.1277,60.5253,4.88018,87.7661,49.1527,964.357,51.0473,183.736,,25.4572,11.2964,,14579.6,76.5224,145.136,,,
2010-12,38.4176,80.8745,86.4286,58.0185,37.5052,,49.5924,,,,,,,,,65.1904,67.3559,58.2182,,15.9189,3.36006,1.45843,25.8924,17.5311,,49.8967,10.8519,32.5063,5.0045,7.74706,19.2618,56.3435,19.2981,15.5934,,61.4434,73.9412,46.1356,,75.883,48.5177,91.4886,131.603,32.6733,,63.0629,58.7374,8.00093,86.552,47.6138,43.9197,18.4221,34.7933,34.8919,20.7209,19.9253,9.25779,12.5952,4.47376,34.1674,66.2465,89.6833,60.8665,16.6579,59.8631,25.1408,16.4277,42.6415,49.0066,68.9693,48.4098,40.9168,25.4308,3.24535,34.5973,25.0444,135.02,,5.15004,39.0848,11.8519,37.7103,,104.487,76.0995,59.4526,66.6498,38.1277,71.222,31.0687,25.324,8.67658,,,6.84323,,17.7802,8.45423,2.1015,50.007,23.6599,49.5757,,19.3581,430.659,44.7652,,9.66955,91.2406,9.84516,19.6335,,13.537,,,,12.8318,8.27874,11.6069,18.3538,29.773,67.3647,51.2113,50.8765,,9.20191,4.40808,67.0338,4.55525,66.7943,12.0709,23.8253,2519.63,52.1006,0.334707,93.3818,690.157,67.1171,68.7238,5.96491,100.013,49.4353,1018.17,54.7917,178.44,,26.9187,11.3424,,14028.5,79.5498,134.79,,,
2011-01,40.4859,76.597,84.1592,54.7996,39.365,,52.4192,,,,,,,,,64.7447,69.4163,37.4184,,16.1402,3.53004,1.56014,25.499,18.1866,,52.3505,11.534,35.5645,5.86077,7.62726,21.11,60.3408,20.8079,15.8152,,67.4747,76.5584,48.1823,,85.3159,56.2912,89.7368,131.276,34.9478,,69.5873,59.6104,10.5452,91.8053,52.2278,52.3819,18.4091,37.404,36.0066,22.6143,19.4827,10.9325,12.7452,4.41951,34.893,59.1063,79.6457,54.1192,14.5123,52.088,21.9599,14.2246,35.4807,38.4797,58.4244,38.3595,33.2767,27.0449,2.75146,34.8293,21.8745,116.559,,6.46322,30.9919,9.15468,33.567,,101.725,71.3065,56.6069,60.3176,34.895,69.3891,33.0796,23.1918,8.50542,,,7.01936,,17.9825,11.1444,2.22662,53.586,22.547,47.2362,,19.5137,442.482,44.5781,,10.0319,86.8827,9.36474,19.4337,,13.916,,,,13.6429,7.62212,11.3439,19.0672,32.1833,69.6547,52.3444,52.0152,,7.9301,4.81051,97.7996,4.92788,64.0938,13.7815,27.1039,2311.9,50.2792,0.332223,92.0313,688.877,65.7065,71.0295,6.08122,109.045,48.7209,980.818,50.4525,175.884,,29.3261,10.6075,,14206.2,76.6706,130.132,,,
2011-02,42.4569,79.3105,87.6405,56.2178,40.2385,,55.4867,,,,,,,,,66.3753,72.6751,38.5771,,17.4481,3.58635,1.57884,26.8169,19.841,,53.3057,11.9124,37.2325,5.50317,8.20732,21.55,56.4865,20.4576,15.8896,,71.5551,83.8872,52.7108,,87.5297,59.1319,94.1825,136.388,35.738,,75.397,60.6454,14.9004,96.1686,54.316,54.1761,20.5819,42.0267,40.0796,23.6013,22.7281,11.0358,13.8308,5.26044,38.5147,59.0298,81.6562,60.0097,16.2974,58.8173,20.8278,15.2836,43.1553,52.8986,62.1723,45.5189,38.9722,29.9968,3.10698,34.412,20.6541,122.318,,6.23433,38.5809,11.3049,33.9987,,103.67,78.5587,58.582,58.4486,33.2169,62.7392,36.8515,24.0464,9.25845,,,6.71381,,18.2766,12.0984,2.11542,54.3182,25.5747,49.7827,,19.0834,449.417,42.9087,,10.0745,88.1303,9.00425,19.6146,,14.6766,,,,15.1088,9.46519,10.3939,18.1942,36.6062,73.7254,51.1706,50.5364,,8.60034,4.8252,88.2666,4.20964,66.4032,13.9369,31.1387,2205.22,48.0058,0.502141,90.5451,705.877,68.0338,76.018,6.64207,123.447,54.6949,1001.01,52.4986,184.753,,27.1907,10.68,,13456.7,68.2499,129.493,,,
2011-03,41.7836,78.5618,88.7819,56.8207,39.2858,,55.2645,,,,,,,,,66.3202,75.6046,39.1747,,18.1887,3.70241,1.49828,26.1301,20.4374,,53.9555,10.809,36.6696,6.34489,7.76161,21.4763,52.8543,18.8813,17.2677,,69.7041,86.0719,53.5359,,87.1592,61.7937,96.0046,141.9,35.8236,,80.4577,63.5181,13.2354,95.0768,57.1148,55.4502,20.1355,39.9699,40.7547,24.9686,21.0934,11.9086,14.2037,4.84293,38.1372,57.8986,76.2696,58.4063,15.8207,57.319,20.5506,19.1063,45.9605,53.4267,65.159,42.8081,44.6255,30.8562,3.65465,32.3056,20.4894,116.447,,5.97394,36.9252,12.1892,32.5161,,104.164,74.7315,58.5588,60.7264,31.3026,59.7783,36.4113,22.6023,9.70905,,,6.78301,,18.5294,11.6021,1.74217,56.3795,27.9128,48.0531,,18.4133,455.955,41.8926,,10.2576,86.0306,9.08549,19.8573,,16.5514,,,,15.7745,8.32915,10.2766,17.6769,35.1118,73.1753,37.4942,37.2781,,5.9621,3.00875,40.345,2.46553,48.734,10.0899,30.4818,1806.25,42.7401,0.587987,95.744,709.881,69.238,75.2,6.55954,123.778,56.2684,985.089,52.5735,168.643,,27.8547,10.7281,,11283.6,67.504,121.174,,,
2011-04,43.5733,81.4118,101.6,61.6788,42.3706,,56.2068,,,,,,,,,68.3686,81.1313,67.9662,,19.285,4.49219,1.38425,27.3323,20.139,,56.9661,11.3342,38.4762,5.96457,7.8827,21.5198,58.4509,21.088,18.2426,,72.4276,87.0726,52.5472,,85.875,58.6555,104.337,143.809,37.5346,,77.1942,63.653,12.8258,90.913,57.4781,58.0817,18.9917,40.7258,39.3262,26.3297,20.8516,13.0129,14.1499,5.15892,39.0961,61.7759,79.4708,57.0265,16.0615,60.5511,20.5358,19.8777,49.2166,49.7303,75.343,41.3772,49.0877,28.8905,3.99439,30.1677,20.4332,131.763,,6.08091,40.4226,11.8736,33.6132,,106.741,74.8393,61.8491,60.0418,28.932,60.7745,39.9474,21.9577,11.3457,,,5.9063,,19.4161,9.90452,2.09149,53.9252,29.6643,48.8321,,18.5421,484.6,40.1834,,12.1951,87.3077,10.5188,19.1205,,15.6587,,,,15.8526,7.86906,10.8948,19.5765,35.8657,75.8333,36.5598,36.2725,,5.16676,2.93925,36.3752,2.39037,46.9228,10.297,28.4993,1868.11,42.1456,0.660866,101.402,751.354,76.9165,82.1522,7.12042,117.448,59.3647,1133.58,58.0384,150.284,,25.4899,9.86125,,12797.5,60.2752,117.89,,,
2011-05,40.8508,75.4898,97.1045,60.9554,38.6814,,53.3514,,,,,,,,,65.0818,75.3256,38.7766,,17.9352,3.98023,1.27725,27.2411,21.3196,,52.9981,11.3124,35.2547,5.40024,7.70155,19.6239,51.7216,18.6946,17.5388,,68.781,83.7201,48.9862,,78.9638,56.3616,97.9968,133.723,38.6351,,76.1114,60.1729,16.4633,86.6786,56.9361,55.3258,17.4238,36.5793,37.4745,28.2989,21.2635,12.6397,14.3696,4.6729,38.0676,59.3465,73.734,53.2787,14.7318,54.3331,20.2848,17.6753,47.7339,44.7816,76.2692,38.6694,41.4462,29.171,3.73085,28.7241,20.0768,111.363,,5.87671,35.3983,10.1684,32.2273,12.858,102.431,71.6238,58.0258,56.6381,26.9704,58.1531,37.8024,20.6291,8.54254,,,5.40164,,17.2483,7.9374,2.08552,53.1664,23.8509,51.1544,,17.8254,414.554,35.2111,,11.0225,78.7885,9.51886,17.8906,,14.9389,,,,14.1249,7.32139,10.1895,16.6655,31.4094,74.721,34.6358,34.0556,,4.65491,2.86298,31.7716,2.43829,43.6184,9.56256,25.3315,1696.98,43.0301,0.726098,92.1739,739.444,73.2332,74.345,6.47115,113.131,57.4123,1175.23,60.4331,122.389,,23.437,10.1019,,10350.6,60.5571,108.305,,,
2011-06,39.9444,75.3286,97.0544,59.9879,37.8186,,52.052,,,,,,,,,61.5157,72.825,36.6831,,17.4298,4.16647,1.05619,26.5577,22.1744,,52.343,10.813,35.5446,4.91089,7.64008,19.6071,49.3792,18.7754,15.2455,,67.1307,82.1562,50.3581,,74.2614,54.0492,95.0672,132.567,37.4915,,75.6788,56.9594,12.892,87.4598,57.9633,54.3588,16.9215,34.6413,38.74,30.5555,20.1431,12.677,14.8679,4.44613,38.7086,56.8989,72.0219,50.5775,13.0881,49.8114,20.4099,16.8165,46.3826,40.2941,72.2411,35.2841,37.5767,26.1638,3.88658,28.536,20.304,104.202,,6.24817,33.2239,8.6067,32.9944,11.6026,105.761,71.236,57.7917,58.0823,25.6791,57.0672,40.7742,20.4932,8.87338,,,5.48977,,16.3857,7.12405,2.04442,50.2156,23.1516,53.0347,,17.6731,411.341,31.7889,,11.0408,82.5564,8.72388,17.1286,,16.1486,,,,15.0267,7.2558,10.3538,17.027,29.2505,69.2752,32.6927,32.4662,,4.52676,2.40298,27.3677,2.36693,34.8985,9.72561,25.0513,1357.41,41.7665,0.808462,96.9654,738.589,75.8867,68.5364,6.25572,115.438,58.6289,1192.75,58.9552,98.0873,,22.465,9.84436,,8284.12,61.7386,105.864,,,
2011-07,39.23,72.1245,92.3104,59.7347,36.2237,,52.1275,,,,,,,,,63.1466,76.047,37.5113,,16.8563,3.47893,1.03303,27.1996,22.9687,,53.6447,11.0564,33.3017,4.10645,7.37079,17.543,46.6763,18.2224,13.9298,,65.7608,83.0252,48.5993,,74.0921,52.7696,89.6332,132.962,45.2752,,88.7724,62.9192,14.4837,91.3976,62.1474,57.9184,16.4353,34.1587,39.7887,34.6048,20.5004,13.7554,16.4427,5.16061,37.1565,58.576,63.5461,53.0766,13.9727,49.5899,21.0888,17.2592,51.959,44.0159,78.9919,34.4426,38.5422,27.8685,4.01141,28.4165,21.1684,122.608,,6.17829,42.4291,9.13851,33.9504,11.4356,103.027,68.0675,54.4997,58.3665,26.6632,56.0948,39.0934,19.0482,8.76319,,,5.5099,,15.3139,7.51907,2.09775,46.5965,19.2439,54.3854,,17.9282,346.071,25.6223,,11.0619,74.1946,7.86337,16.45,,15.6062,,,,14.8894,6.80462,10.3524,16.9892,29.4476,69.0733,32.9241,33.0065,,4.96616,2.63843,28.0824,2.4683,37.2932,9.55672,22.5633,1384.63,36.9278,0.898846,89.391,675.547,72.8557,59.1976,5.78963,112.054,58.1546,1236.09,58.9001,78.8106,,21.6598,8.85814,,7078.9,53.7438,79.7107,,,
2011-08,35.4979,62.9113,79.6648,58.0896,32.8422,,46.9486,,,,,,,,,63.7365,77.2241,38.1343,,16.4134,5.77696,1.00207,23.9301,19.6563,,49.261,9.59086,30.0585,3.49011,7.14644,16.9545,33.5427,14.5252,14.1943,,61.2393,79.3041,45.8266,,63.6829,47.7696,78.9713,110.465,42.7007,,87.9848,53.5801,10.8679,79.0468,50.3506,45.7099,15.2531,28.3253,37.1092,31.9371,19.436,12.9754,15.1201,4.71453,34.5131,65.7784,78.7068,56.6021,14.9365,53.0507,22.2535,16.9456,53.0899,48.2016,94.2346,37.2921,39.7969,28.6256,4.52369,28.5936,22.3623,141.183,,5.26502,50.3022,9.55876,32.2719,10.066,90.5158,59.8789,50.1694,51.7765,26.8248,49.8796,34.488,18.0404,6.5904,,,4.89512,,12.1581,6.84047,1.77202,40.4656,17.9381,50.398,,15.9033,267.15,24.2114,,8.95216,53.8869,5.9549,13.3696,,14.61,,,,14.0667,5.76766,9.92675,15.5411,27.6866,65.043,28.7294,28.5716,,5.1736,2.05756,24.3203,1.87193,28.9313,9.03715,20.7447,882.756,36.8258,0.7228,87.4884,705.984,68.6309,46.2778,4.9454,103.482,60.6374,1110.06,57.0694,54.4812,,17.8802,7.8704,,4642.87,43.8797,74.8876,,,
2011-09,32.475,48.775,67.8937,53.626,31.5275,32.1057,41.134,,,,32.9813,,,32.3249,32.3926,55.4851,60.4437,32.5545,,14.9154,5.77068,0.858888,20.087,14.8792,,45.5692,8.84291,28.1391,2.77135,6.79246,16.2759,33.4185,14.6362,12.6139,,59.9982,74.1768,42.5642,,52.1104,36.5804,65.361,85.8665,38.0317,,79.3555,39.7551,7.21097,60.347,34.5813,34.4675,11.9807,22.8337,32.0689,27.2704,17.0734,9.19632,12.8932,3.69754,31.4125,66.3335,67.7117,51.9505,13.7888,48.8375,19.0589,14.9384,44.5787,35.8023,78.7317,30.4458,25.702,27.4445,4.29621,22.9231,19.3237,123.039,,4.95954,36.2852,7.39421,21.1707,9.19227,65.6815,49.6515,39.5517,33.4155,19.8204,33.3976,18.8125,13.0097,4.06081,,,3.4335,,9.31732,4.29834,1.56754,30.2085,13.1572,42.9581,,12.8203,175.516,16.1124,,6.01955,39.1559,4.48435,10.4987,,13.0582,,,,12.8123,4.75969,9.74448,14.2013,24.0822,58.5011,22.7261,22.8954,,4.03252,1.31982,17.6607,1.32455,15.2867,8.04461,17.5833,650.955,33.7308,0.750104,77.095,658.256,63.0563,39.8257,3.77312,63.8157,61.1545,1014.05,52.1956,33.1691,,12.2216,6.17295,,2502.05,31.0063,67.9286,,,
2011-10,38.4669,57.9314,79.9919,58.4194,32.8332,39.096,48.2307,,,,36.8028,,,34.4063,34.4727,58.4518,67.2519,34.2162,,17.8552,10.8761,1.10489,22.9501,18.3437,,52.0214,10.8603,33.3918,3.88552,7.00649,15.5187,38.9086,16.3427,13.1036,,64.642,84.3328,47.3769,,61.1754,46.256,85.1358,107.014,45.3524,,93.6388,50.2046,16.0793,74.3824,42.419,43.3999,14.3202,28.3386,35.4891,30.673,20.1494,14.2877,14.7588,4.82437,35.1763,70.5676,49.4638,55.2382,15.7203,53.4939,18.5427,16.7559,49.2915,42.1501,88.1558,31.8649,27.4955,29.8926,4.35163,24.9374,18.4477,133.552,,5.53371,40.2067,8.37704,27.5991,10.3427,79.6643,52.8756,46.3409,44.5867,24.3836,45.1488,29.4967,15.2104,4.55032,,,5.01631,,12.9144,5.33847,1.59887,34.035,16.4584,45.4135,,14.6512,199.887,20.7344,,7.59271,50.8102,5.7688,13.2459,,13.2792,,,,14.8695,6.17631,9.74253,13.7009,28.1491,62.1219,26.639,26.6256,,4.95521,1.97134,30.2327,1.90245,20.6725,8.25168,19.8188,850.827,39.2778,0.543209,79.0088,738.527,70.0773,49.9857,4.33508,85.2551,59.2017,1150.87,55.3158,35.5371,,9.60539,6.32609,,2180.39,33.3669,73.3456,,,
2011-11,36.7423,54.5981,75.5718,56.0795,30.9418,38.8265,48.2315,,,,35.3505,,,34.3499,34.5977,56.1872,62.7362,33.6247,,17.4189,10.2939,1.30425,19.9814,17.1493,,50.8212,10.5182,31.9245,3.85835,6.90542,15.4676,36.4334,16.1608,11.9583,,67.0406,83.2654,48.5538,,61.7079,53.7029,90.6718,106.9,44.4851,,97.6251,49.0699,14.1831,76.6065,41.9306,41.0164,15.035,26.5203,34.1668,27.2463,19.6731,12.7204,16.0614,5.67659,34.5485,72.7936,51.4066,59.2466,15.2913,56.9338,18.0669,18.0728,52.6088,41.0564,100.396,29.5373,20.6636,28.081,4.1224,28.8815,17.9637,127.246,,4.72123,39.3242,8.03328,27.1308,9.11751,76.1394,54.058,44.4784,43.8927,25.3072,40.6634,28.0013,13.8916,4.48556,,,4.10432,,12.4971,5.17255,1.2644,31.8128,14.214,45.5888,,13.417,160.73,18.9313,,6.81726,44.9384,5.14266,13.9894,,14.8181,,,,14.1855,6.01703,9.16479,11.469,29.4949,63.1596,23.5636,23.1733,,4.50183,1.7857,22.8782,1.60885,20.0659,8.48036,20.4579,571.752,37.3577,0.663011,77.6431,682.972,66.2371,44.5966,3.8351,85.1388,60.086,1075.62,52.0779,19.8108,,5.02746,5.61922,,1134.43,26.4997,64.2806,,,
2011-12,37.0771,52.5721,73.5227,57.0877,29.3508,36.8805,48.0547,,,,34.3355,,,30.3149,30.4218,54.6169,58.4702,32.6302,,17.5281,10.4166,1.14404,19.1169,17.3785,,53.6805,10.4155,32.5689,3.17352,6.55834,15.3206,31.4869,14.3032,11.2672,,70.8156,86.3776,49.7317,,58.7462,51.1216,86.5265,97.6162,39.4027,,84.5874,43.3554,12.2333,69.6393,39.4186,36.6228,15.2204,25.7208,34.5668,24.0847,19.6549,12.5579,16.2539,5.57499,33.4907,63.9137,41.7046,50.8233,13.7998,50.5174,14.7796,14.9037,47.4443,35.4954,83.3204,24.9633,19.4614,22.2825,3.59559,28.4683,14.7535,97.6846,,4.61876,34.7161,6.92991,27.5843,8.88605,70.6021,52.6519,42.4514,40.879,24.5956,40.079,27.6376,13.8014,4.40091,,,4.03161,,12.9017,5.55189,1.28208,27.5311,12.5919,44.9954,,12.4089,152.325,15.8221,,6.06201,44.3704,5.02727,14.0975,,15.2892,,,,15.0426,6.78219,9.87475,12.9873,28.0757,57.9466,22.6371,22.5159,,4.52776,1.56479,19.9754,1.27251,17.9976,8.15024,21.8287,463.41,36.8184,0.684146,73.7523,685.523,65.6869,45.6874,3.75935,78.4771,64.5161,1174.52,54.0017,28.8022,,4.5482,5.39035,,1271.94,24.6078,49.0181,,,
2012-01,37.7424,60.6869,79.5628,56.9119,29.4007,38.6267,48.9474,,,,37.0578,,,33.2541,33.3233,55.9415,62.3487,33.3814,,17.2375,10.8718,1.2784,20.9966,19.7587,,51.462,10.8041,33.6389,3.52255,6.74781,15.1985,34.2404,14.1607,11.5907,,69.6569,83.3481,46.3474,,60.1963,54.925,91.7281,106.261,36.1728,,78.2072,42.0363,17.9261,76.2971,41.8275,36.8297,16.0591,30.6432,37.8879,22.2536,19.3726,12.5484,13.3648,6.37207,34.5558,65.1924,42.7566,55.0848,14.8025,54.2653,14.5729,15.3739,56.1643,43.4548,93.8487,26.0733,24.1851,23.4306,4.41669,30.7493,14.5655,107.937,,4.5094,40.0404,9.00769,29.7812,9.45655,87.2126,58.9169,48.6989,51.4377,28.1472,48.0922,30.6759,16.1519,5.84278,,,5.08499,,15.228,6.23904,1.45411,32.1954,14.776,48.4589,,14.572,187.252,19.7183,,7.79044,48.781,6.09941,17.0244,,14.9528,,,,15.7237,7.73485,10.1793,15.4371,27.9821,57.7634,29.0558,28.8287,,5.30344,2.14371,25.044,2.04772,25.1224,8.81791,22.3723,773.014,33.9168,0.669404,79.8619,698.86,66.7626,52.8635,4.31127,90.5394,63.5057,1126.65,54.0787,34.6844,,6.48644,6.20375,,1377.47,31.2514,62.5122,,,
2012-02,40.2903,62.0744,87.0772,60.8938,30.667,41.2515,51.538,,,,37.9734,,,32.4376,32.4952,56.8541,65.8487,34.551,,19.5328,11.3578,1.712,24.7281,22.6458,,53.0055,11.4033,35.7017,3.87626,7.05559,14.5642,40.9,15.2758,13.1406,,72.0294,88.484,52.2558,,68.8552,58.6617,95.5367,115.478,37.965,,86.2031,42.0847,20.9873,78.7057,41.429,37.6404,14.9145,31.7383,39.9968,23.6755,20.5297,10.3942,12.6124,6.79667,36.8489,62.7424,41.5454,53.3036,13.7868,50.0756,14.2392,16.1441,54.645,46.6176,85.2499,28.421,23.9395,21.0704,4.67505,28.7362,14.138,107.905,,4.47161,44.2708,9.39726,30.9138,10.0258,82.9133,60.0341,47.1732,47.1671,26.1258,45.0064,31.7629,16.5266,5.99542,,,4.67898,,15.5768,9.35678,2.23002,32.1809,14.4032,47.2303,,14.4164,201.373,16.7652,,7.4069,51.7048,6.09433,15.7383,,15.0425,,,,14.3396,7.40819,10.6559,15.17,30.533,67.8606,30.5321,30.2482,,5.5002,2.40731,25.6676,1.7014,25.9329,8.9004,23.0719,539.947,34.1465,0.912414,85.2312,776.575,69.1102,58.0606,4.86816,79.5033,63.2299,1192.45,57.6439,37.2217,,6.96551,6.35271,,1262.62,31.4551,53.7474,,,
2012-03,38.1392,56.2626,86.5997,61.4554,30.372,38.2694,48.9498,,,,37.7891,,,28.5729,28.5529,54.1402,63.3092,32.653,,18.2984,10.8277,1.60117,26.92,21.2216,,50.5355,10.6947,32.3841,3.95841,7.33147,14.2383,42.0776,15.6154,12.6013,,71.6766,86.28,51.4961,,66.4817,56.8082,86.9781,106.654,34.2606,,78.1608,39.7619,20.746,70.3827,37.3894,31.1603,13.3105,28.7929,37.1268,20.0634,18.342,6.73506,11.0888,5.98766,34.5839,54.059,37.9155,48.1913,12.629,43.5055,12.5853,13.8303,52.8449,40.0323,79.4541,24.8778,20.836,18.3806,4.82357,26.2836,12.5429,96.6446,,4.53343,37.1345,8.52275,26.733,9.02251,79.5913,52.8745,44.0916,41.8401,25.566,39.9852,26.3768,15.11,5.11404,,,4.12901,,13.7208,7.7701,2.46865,31.4672,12.9263,45.8271,,13.2776,173.138,18.9669,,7.04449,46.009,5.55934,15.4405,,14.4877,,,,11.9174,8.74839,11.0215,16.5667,30.7496,68.4696,26.6334,26.4614,,5.6771,1.88424,18.9237,1.77591,24.2066,8.31638,22.9069,423.903,35.8918,0.795098,90.9317,838.263,69.6049,64.0789,4.35598,86.0885,63.4046,1198.09,58.2705,51.237,,5.97882,7.16684,,1084.57,42.8718,49.4929,,,
2012-04,36.6593,56.072,84.7064,61.9349,29.0437,37.5374,48.4282,,,,37.0222,,,26.5824,26.5004,53.2316,61.4373,32.0052,,17.8947,9.98512,1.42508,26.1946,22.2488,,51.4379,10.4272,30.218,3.78653,7.20945,13.1273,39.9933,14.7208,11.8024,,71.1394,85.4986,48.3825,,65.0979,56.0721,83.0647,101.757,35.2981,,89.3448,38.6423,25.2814,74.3952,38.4336,32.6738,14.0122,29.2338,37.5967,21.9696,16.606,6.37763,11.6122,6.10621,36.6636,50.0908,45.2075,44.6759,11.6579,40.3904,11.4708,12.2369,55.0448,36.8017,75.423,21.9358,19.9169,17.098,4.28233,24.263,11.5453,100.15,,4.6087,36.7447,9.3407,27.7745,9.99388,80.3456,54.2964,46.2541,42.3611,26.4295,41.971,29.0221,14.5663,5.56885,,,4.36464,,13.942,7.16676,2.09267,30.4645,13.3518,51.0918,,12.9154,162.309,14.6359,,6.82618,41.4966,5.98356,13.5306,,14.7082,,,,12.7672,8.50469,11.7001,16.4352,29.8533,64.3336,27.3069,27.3977,,4.28128,2.24691,18.8667,1.5819,21.1907,8.15227,21.818,334.911,36.241,0.85442,89.0366,820.994,66.9349,58.0128,3.86947,77.8874,69.0681,1146.58,58.5233,43.88,,4.96735,6.53332,,701.293,36.3348,54.8264,,,
2012-05,31.4684,44.293,74.9394,57.2004,25.9869,31.7187,42.7507,,,,33.5349,,,25.0049,24.8606,48.9603,51.945,29.6955,,15.9147,9.16,1.16137,20.0412,19.2843,,44.9148,8.81112,27.2502,2.94772,6.9199,11.283,34.0316,12.7108,9.97583,,65.3097,79.6826,46.8618,,55.5358,50.765,72.2678,86.4152,33.0463,,77.0776,32.8022,19.4084,63.8032,33.8011,31.0521,11.5448,24.0523,32.5437,20.8921,16.1785,5.55926,11.4816,5.0561,31.8668,49.6339,42.5561,43.4298,12.0163,42.5576,10.2268,12.4534,51.5736,30.8632,82.4339,18.7069,15.211,14.7299,3.4276,24.1568,10.3103,78.1564,,4.39373,30.2298,7.65691,22.4406,7.6145,61.9543,43.0279,37.7928,35.479,23.2875,33.5869,24.3919,10.1347,4.49061,,,3.31474,,11.5665,5.72824,1.76978,26.8895,10.2871,46.6954,,10.6648,122.381,9.24644,,4.38639,33.6262,4.49269,11.1721,,12.53,,,,11.471,7.91421,11.1115,10.6791,31.0708,59.6596,23.7144,23.7301,,3.34187,1.84389,18.1623,1.29316,16.1726,7.39117,21.888,287.404,36.1188,0.803094,75.0528,788.233,63.8034,46.237,3.42438,59.8431,69.3828,1056.17,54.2132,31.2501,,4.35153,5.77429,,647.903,29.781,43.3638,,,
2012-06,33.8914,46.9076,78.2289,61.0561,29.0376,32.8566,45.2124,,,,35.8542,,,24.9811,24.9699,50.8089,54.3657,30.4778,,16.6971,9.24356,1.03844,20.0677,21.5941,,48.7288,9.56489,28.9871,3.60074,7.22573,13.5771,37.9988,14.9849,10.4268,,71.1784,85.6359,50.2777,,54.3767,46.1344,78.8329,93.4651,38.2681,,83.2033,35.3773,20.4059,65.5739,32.0664,30.6282,10.8228,25.6228,33.0496,23.9829,18.2555,5.10116,12.9052,4.45821,34.324,51.4852,46.1796,41.8345,11.6343,40.5872,10.4731,11.8898,55.7123,32.5582,95.6876,19.0734,15.5657,16.4936,3.43263,25.6573,10.4827,86.7424,,4.44532,33.1955,8.46123,24.7554,6.71476,68.3541,46.3205,40.9223,37.7823,25.8302,35.158,24.6169,10.6315,4.7342,,,3.19037,,12.5861,6.93222,1.56054,27.5589,10.666,50.5156,,11.5788,144.627,8.76228,,4.86315,37.3492,4.86789,12.5517,,13.2312,,,,11.3085,8.78088,10.8736,12.0609,28.813,63.0007,27.321,27.2386,,3.33222,1.64963,14.5512,1.06224,16.3081,7.88294,21.7868,395.761,38.6291,0.768009,71.7585,815.17,67.3247,51.0183,3.68749,61.825,74.8576,1084.77,57.1318,30.0729,,3.9734,6.25775,,692.983,33.4154,40.4098,,,
2012-07,34.156,46.8658,79.5878,62.2812,27.1289,34.7758,46.7963,,,,36.3062,,,24.826,24.7774,54.837,56.6417,32.6585,,16.7817,9.60339,1.1975,21.4437,23.6783,,49.4081,9.65483,29.7712,3.39454,7.21772,12.7637,36.6417,14.8278,9.19772,,72.3611,89.0929,49.6391,,55.5268,50.355,80.1216,91.9147,40.3104,,84.3225,33.9586,18.9001,72.1064,37.4813,34.5746,11.0271,27.1484,31.8375,26.3696,20.3837,6.45949,14.6454,4.7247,35.6574,47.2745,50.1077,36.6719,11.7351,40.2628,10.6962,12.4413,60.373,33.4619,92.6953,16.9089,17.7412,15.5965,3.74871,27.7494,10.7547,76.357,,4.5226,33.2405,7.56952,24.4411,7.28851,66.8488,42.2258,42.4363,37.7568,26.5046,31.912,25.337,11.6706,4.89639,,,3.27494,,13.882,6.43183,2.24361,26.7206,8.9053,53.4958,,10.546,133.904,7.89109,,4.11675,39.0679,4.91759,13.8272,,13.2867,,,,12.3604,7.57713,11.9672,12.406,25.5067,66.1511,26.0565,26.0149,,2.91499,1.96762,17.4899,1.38462,15.6741,8.3693,22.3568,384.394,37.5744,0.745844,76.4214,798.181,65.9494,49.5896,3.35535,51.3726,74.6779,1077.26,58.7799,25.3468,,3.53589,5.40422,,1235.72,28.5522,29.2325,,,
2012-08,35.8061,46.9821,82.3981,63.1934,28.7193,35.2356,47.9803,,,,35.8589,,,26.1826,26.3506,54.7276,59.2792,32.4994,,17.9265,11.1698,1.32664,23.2888,23.3702,,50.0855,10.0196,31.9012,3.66508,7.43362,13.9436,38.7495,15.8593,10.0678,,72.8036,91.4118,51.4953,,54.0146,55.3338,77.8288,91.0133,38.5033,,87.3253,35.336,20.3537,73.1046,36.959,33.9571,12.1306,27.4843,33.6598,25.1162,19.1266,6.26653,14.0691,4.99051,34.5059,53.5779,55.1738,42.9522,11.1455,37.7032,11.3922,10.7598,63.7312,41.9315,107.213,19.8663,20.457,18.2391,4.37979,23.3565,11.2788,92.9043,,5.10437,35.6161,7.79555,25.2223,8.76141,62.0304,38.8708,41.6593,40.2689,26.7603,31.0022,26.5905,11.653,5.11832,,,3.53377,,13.1427,6.08474,2.12888,26.9505,9.02994,54.4775,,9.51151,138.028,8.00281,,3.65959,36.5019,4.36305,13.0359,,12.0708,,,,12.6476,8.04783,12.0731,12.6265,26.1839,63.9295,27.1025,26.6956,,3.69604,2.0292,14.4943,1.46392,17.1558,7.85606,21.8522,246.881,39.2218,0.772009,79.8162,806.873,68.8207,53.3977,3.49863,45.4107,74.7393,1119.41,58.965,20.5229,,3.05025,5.50697,,958.015,29.8692,29.0707,,,
2012-09,36.1924,49.8713,88.2828,64.2786,29.6559,35.7573,48.7946,,,,37.2147,,,29.8555,29.8266,55.3834,60.944,33.0822,,17.9872,11.4326,1.70561,23.3333,26.0445,,49.5494,10.0872,32.1493,4.17158,7.59342,13.233,41.3537,16.37,10.0386,,75.9256,94.5759,51.6186,,56.4436,56.9955,78.9559,91.3698,41.9126,,93.2312,35.0043,21.3204,72.7296,37.8393,33.532,12.3575,28.9646,36.1312,28.0602,19.7725,6.19825,16.7893,5.02408,35.7876,59.3702,58.9755,46.3582,11.7455,41.2422,13.1136,10.6237,72.2508,47.9105,121.058,24.0933,22.0141,21.9145,4.55387,26.2924,13.1097,106.815,,4.7262,43.0366,8.91694,29.2707,7.94687,66.5936,41.0827,44.4706,43.9424,28.1315,33.1488,29.4524,13.5779,5.77109,,,3.72384,,14.9992,6.80451,2.25466,27.7711,10.3318,56.7021,,10.3543,146.215,9.54911,,4.46472,35.1229,4.14774,12.0438,,12.8231,,,,12.1888,9.44356,12.2901,11.6654,26.4866,67.0453,24.1267,24.0137,,3.7662,2.15006,13.7084,1.42856,16.2902,7.66759,22.4605,309.212,41.018,0.7274,81.4949,867.536,72.5253,55.3954,3.81773,49.359,73.4438,1097.86,59.8337,25.511,,3.43757,4.71936,,908.786,27.8733,34.4061,,,
2012-10,35.717,51.1883,86.9151,64.5605,29.5812,35.4825,48.0374,,,,37.0848,,,28.9244,29.0154,53.6853,59.3551,31.9294,,17.1585,10.6201,1.55331,22.1093,27.0696,,48.9602,10.2035,32.6411,3.98224,7.47779,13.5935,42.276,15.6894,10.0919,,75.7226,89.4827,52.8532,18.691,54.3283,59.3698,72.4702,87.6092,43.0873,,87.2473,40.9727,22.0978,69.9413,36.281,31.1272,12.0813,29.5746,36.5479,29.7232,19.8453,7.53136,16.7027,5.32436,36.5836,57.8666,64.241,44.9769,11.4392,39.9987,12.836,10.4888,70.6207,48.8826,107.124,24.6985,20.9236,21.6179,4.71509,26.8345,12.7348,103.611,,4.48758,44.3919,9.04587,29.0386,7.91405,71.3747,42.8557,45.6855,43.5208,31.2057,35.6835,31.0914,12.8093,5.88906,6.70136,,3.56732,,15.7013,6.34295,2.25026,26.9661,10.2781,59.1032,,10.9448,158.503,7.58444,,4.79342,36.316,4.15789,13.5492,,12.2107,,,,13.2492,11.6303,11.5482,11.1551,26.1655,71.0526,24.012,23.9281,,3.40678,1.87662,12.2702,1.31363,14.8694,7.17797,22.7339,269.674,42.6559,0.469885,75.2299,940.786,69.0802,56.0887,3.65614,45.7692,71.3581,1129.39,60.2061,20.7681,,2.31824,3.93433,,985.204,25.6474,29.2565,,,
2012-11,35.1977,50.676,91.454,67.5032,28.3519,35.0277,47.545,,,,38.0881,,,26.5702,26.5283,53.5723,60.3841,32.2006,,17.0753,9.96891,1.57731,23.1706,25.3568,,48.2766,9.96211,32.5324,4.07931,7.53936,13.3532,38.6663,12.4653,9.84985,,74.015,86.941,52.2694,19.8496,48.454,60.231,69.3571,82.0351,43.0382,,85.8654,36.8362,23.1827,72.6692,37.6504,32.2701,11.6055,29.0799,35.0006,30.0787,20.6766,7.29132,17.2655,5.81827,39.3131,50.1632,63.9873,38.754,11.2823,36.6983,13.0133,9.91656,69.4734,44.6663,98.5882,21.5759,18.6351,16.4822,3.97083,24.7791,13.0611,101.876,,6.24044,46.1106,8.54778,29.8341,7.99181,71.3113,39.1201,45.2651,43.8742,32.1709,38.2856,28.5729,13.4298,5.8299,6.85044,,3.25725,,15.9473,7.40531,2.20561,26.5886,11.2698,59.6688,,10.4627,165.202,8.3628,,5.04087,37.9543,4.76194,13.9153,,12.5265,,,,11.8217,13.1637,11.1622,9.41757,26.3354,73.8124,22.6675,22.638,,3.27796,1.62447,10.8782,1.14583,11.522,7.4347,22.4037,195.249,44.041,0.356413,74.7246,914.746,71.6891,57.6377,3.9163,37.1096,76.7446,1205.63,62.3776,22.0651,,2.05743,4.41621,,768.598,20.8371,26.2449,,,
2012-12,35.7245,55.2787,95.4101,68.2703,29.3197,34.6787,48.0519,,,,38.7364,,,25.0343,25.0147,52.4608,60.7824,31.3105,,17.5247,10.3196,1.50552,24.1706,26.2195,,49.5334,9.90632,34.2336,4.14711,7.79712,12.2939,38.5132,12.9647,10.288,,72.8761,89.1966,53.377,21.1417,49.12,62.0214,71.3562,83.7611,42.3785,,84.5491,37.9577,25.985,70.5051,39.3761,30.6325,11.6841,29.3416,35.2004,28.4848,20.4231,6.94685,16.0177,5.86646,40.6291,49.9874,60.3196,39.3988,11.5063,37.2727,12.5825,11.4075,70.8266,43.9584,99.5888,21.2707,20.6094,16.1997,4.0963,24.4566,12.5579,90.9889,,4.82837,43.2822,8.97104,30.9843,8.20981,81.7822,43.208,49.6364,38.5683,33.644,41.7418,30.7274,14.0208,5.87181,7.31265,,3.5247,,17.0091,7.04161,2.93316,27.5164,12.74,60.6359,,12.6156,184.618,9.48104,,5.83902,42.9531,5.02738,14.9379,,14.7066,,,,12.1017,15.0237,11.406,10.1608,27.0889,73.5362,24.654,24.6303,,3.72311,1.81793,13.0891,1.23619,13.6287,7.89766,23.3649,211.758,42.5643,0.261706,77.013,935.184,74.1806,64.6299,4.11108,49.9194,75.8491,1150.57,62.487,22.0985,,2.26873,4.26251,,593.51,21.9532,23.8113,,,
2013-01,37.1164,55.2458,99.3437,71.6259,29.4849,36.6138,50.8384,,,,41.776,,,23.4918,23.5923,53.299,62.8413,31.8645,,18.6435,10.9075,1.52598,24.5836,29.9507,,50.9787,10.6073,35.8374,5.10093,7.97661,12.1979,34.9315,12.0501,10.2691,,75.5324,94.6986,53.2288,24.7175,53.8219,64.0709,81.9741,89.2979,42.5615,,90.1229,36.9497,29.2883,79.1732,46.0391,33.5476,12.1563,30.0834,34.6352,30.5439,19.4828,6.72506,15.9086,6.45598,39.7211,46.1052,52.541,35.8155,10.6732,33.1942,10.6222,8.20033,66.0684,42.3347,91.355,19.8266,16.6293,11.6176,4.34735,24.896,10.5201,78.8847,,4.55189,37.8635,7.62761,26.0444,8.96063,80.7998,41.9406,48.9967,39.9867,34.9004,41.5232,27.901,16.0578,5.82028,6.94497,,3.57377,,16.7276,7.97736,2.90297,27.9409,12.4704,61.2092,,12.1043,177.838,9.30574,,5.76731,42.8426,4.83948,16.4994,,14.3546,,,,13.3005,16.0826,11.6285,10.7872,28.1332,80.3497,26.8624,26.7423,,3.26262,1.95757,12.3254,1.29055,15.0786,8.04459,23.6872,227.069,44.6895,0.235367,86.1685,980.566,75.1402,66.9065,3.9219,48.1462,83.1963,1196.86,66.915,23.1875,,2.52817,4.27238,,486.037,21.5865,26.0461,,,
2013-02,34.6737,51.6557,96.1986,72.1377,28.0797,36.1438,49.5461,,,,40.5018,,,21.1853,21.1858,51.0886,57.7654,30.5412,,17.4624,10.9451,1.6205,24.0996,30.4546,,47.0156,9.6473,33.0421,4.81204,7.63742,11.2377,34.1032,11.571,10.4442,,75.0455,96.3047,53.3517,24.8338,50.6496,63.9217,75.8367,78.5372,44.8529,,102.206,37.5968,29.1461,78.6305,46.5968,33.3495,12.356,27.0486,33.925,32.2171,21.0457,7.01512,16.9363,5.81833,40.4031,42.8885,45.7704,33.8735,8.76867,28.4829,9.75504,7.78117,59.2332,38.111,79.5335,18.6463,13.9756,9.41411,3.41559,18.6183,9.80575,69.9537,,4.36658,33.7743,6.6694,23.7381,8.40425,76.5358,40.692,45.189,35.9151,33.407,35.4267,25.887,13.3244,5.14623,5.87423,,3.28844,,15.3077,8.41379,2.55935,26.8007,11.65,59.8134,,11.3036,160.071,7.8661,5.03562,4.91197,37.596,4.54501,16.4299,,14.4517,,,,13.0243,14.2834,11.4865,10.1937,31.3513,74.4173,26.3598,26.5784,,3.32241,1.85537,10.787,1.09309,15.1393,7.5044,23.9027,189.662,41.2316,0.262899,84.0432,1058.57,71.516,73.2371,3.63532,32.758,87.0128,1175.64,66.7503,13.5651,,2.37514,4.38482,,354.864,18.7865,21.9098,,,
2013-03,34.1501,46.8926,93.884,74.0928,27.8143,37.018,49.8871,,,,40.4966,,,21.0158,20.9727,50.8386,55.6156,30.7061,,16.7854,10.5688,1.53743,23.4823,29.9163,,46.0965,9.94801,31.7872,4.45941,7.97047,11.3231,34.2336,11.9691,10.916,,75.3178,97.4229,55.1868,29.2735,52.7173,64.9519,72.564,81.3805,48.0403,,107.622,39.2483,38.2143,75.4436,45.3833,34.4425,12.8596,26.4338,32.3052,34.5384,21.8795,7.69342,18.2274,6.42551,40.105,44.9622,46.7912,32.8467,8.26304,27.6611,10.228,8.12593,55.9052,37.8417,85.9709,18.4848,14.4034,10.0304,3.46327,17.0847,10.1754,66.9426,,4.38088,29.4703,4.70255,21.3566,7.71808,66.6482,35.8066,41.4049,37.1457,33.1259,31.836,26.1205,13.3107,4.9088,6.11905,,3.18642,,14.3745,6.77552,2.69793,26.7308,11.1032,62.9793,,10.2649,134.161,6.76277,5.01361,3.73248,31.8734,4.38831,17.161,,14.1382,,,,13.3271,13.0861,11.0665,10.4647,33.1049,73.9428,25.7435,25.6681,,3.15595,1.97964,10.7589,1.39149,12.9418,7.88145,25.0668,145.817,39.4341,0.206421,79.4368,1090.95,70.6462,75.5041,3.51015,24.3954,91.1492,1146.67,68.1996,14.6108,,2.63338,5.65018,,292.583,21.533,27.0593,,,
2013-04,34.9413,44.9198,98.0146,74.4953,30.3618,35.8286,50.0836,,,,41.6301,,,16.2369,16.3131,49.3278,54.8943,29.7705,,16.8123,9.69154,1.54252,21.538,28.2726,,48.439,10.2966,33.3327,5.07421,8.21025,13.1066,35.4281,12.3769,10.6911,,74.4591,100.143,55.566,28.6707,51.5001,61.6016,82.7333,78.2212,53.3216,,97.7371,39.2774,38.9098,75.0582,48.0838,33.7206,11.7458,27.4597,31.1683,35.3816,23.1939,7.13968,19.7945,6.95115,39.8409,34.8124,36.8533,22.0436,7.96212,22.9279,7.02371,6.51005,53.6328,29.6403,67.5388,14.9117,9.75801,7.48878,2.7531,12.4984,6.99486,55.3164,,4.41036,25.5589,4.35441,19.8808,7.01116,64.3619,33.8017,39.5221,34.5055,29.4181,30.0331,24.0883,10.9726,4.40758,4.25822,,2.89559,,14.0344,5.99872,2.53404,26.6958,11.7179,61.7509,,10.4313,131.936,6.15745,3.41991,3.91285,30.1634,4.33223,16.2701,,13.8474,,,,15.5882,14.2438,11.1852,10.2301,33.3457,72.3956,24.1953,24.0756,,2.22582,1.78066,9.3341,1.17753,9.81861,6.82735,24.0242,126.243,39.7168,0.242445,76.7518,1069.04,73.3322,75.366,3.77334,27.414,92.9432,1154.13,69.0419,12.1136,,2.37141,4.44021,,242.898,19.1352,24.2341,,,
2013-05,35.5811,45.488,100.63,71.9058,30.0767,37.0335,50.4116,,,,40.4523,,,16.3046,16.2411,48.8578,54.0933,29.3835,,16.7099,10.9344,1.60639,22.4476,28.1303,,47.7698,10.2565,33.4143,4.81481,8.25078,12.5917,34.0909,12.7711,10.9236,,76.0857,101.382,56.8675,36.8047,53.0798,65.522,85.1861,86.8014,56.6218,,99.7663,40.5652,40.0272,73.5155,46.9659,33.8415,12.0404,27.1211,31.4562,36.6196,23.2557,7.92925,20.7358,7.24252,39.6154,36.767,36.7316,23.8274,6.46705,21.3602,8.26139,5.29506,51.2789,28.7595,66.4241,13.9089,10.7229,7.35019,2.77083,10.3413,8.49324,57.0161,,3.78303,25.0986,4.3603,20.5612,7.01448,61.8065,32.3482,41.4721,35.1459,27.6061,30.419,24.9158,11.0925,4.65897,3.75689,,3.17249,,13.5284,4.25068,2.5619,26.7388,14.2056,62.0717,21.0719,8.77376,133.332,6.20918,3.20989,3.67104,32.6154,4.18665,16.576,,13.9405,,,,15.346,13.7893,11.3871,8.70609,31.7871,69.9152,26.8262,27.0862,,3.06761,1.8205,12.1844,1.54814,12.4383,7.05461,26.244,145.709,38.3096,0.18108,67.8155,1049.24,77.337,80.8366,3.82161,23.2902,93.1684,1113.33,64.711,11.94,,2.56027,4.16867,,495.63,21.4599,22.3682,,,
2013-06,33.2891,39.7617,95.3729,69.2963,28.6312,35.4648,48.553,,,,38.382,,,12.9803,12.8274,46.2435,51.5285,27.7218,,15.0028,9.41321,1.62073,17.6044,23.977,,45.3534,9.82257,32.8556,4.77069,7.78946,11.9709,31.4471,12.2724,10.7967,,75.8028,97.5056,55.9544,36.2273,48.5166,66.6714,82.9292,88.386,56.1256,,102.415,31.623,37.7681,72.2734,46.8478,34.243,11.3331,26.1125,29.9378,35.7103,21.8696,7.06155,19.9729,7.0957,38.2319,32.3782,31.5266,17.7152,5.58002,16.7982,6.55729,4.8148,43.913,23.7919,50.921,13.2278,8.62857,6.01328,2.40316,6.14858,6.57589,43.2649,,4.06475,19.1223,2.65944,17.2189,5.88462,57.8092,26.7201,36.2703,32.5886,24.4191,24.5579,20.4561,9.14086,4.26308,2.07949,,2.43287,,11.5031,3.6637,2.36859,24.5408,13.2707,60.4589,23.095,7.99296,106.289,5.75342,2.60069,2.86267,28.1126,3.54645,16.1857,,12.0219,,,,14.9598,14.0657,11.4821,8.80228,33.3639,70.9203,25.632,25.6006,,2.55976,1.68744,10.0102,1.91624,9.99988,6.80932,26.4899,113.931,39.5919,0.132658,67.9289,1072.35,73.4984,71.0712,3.32015,20.9291,93.1227,1085.63,63.6035,11.7626,,2.47139,3.75672,,454.144,20.0372,20.7234,,,
2013-07,35.1595,43.8132,99.6236,72.3822,30.3541,37.7665,51.1292,,,,37.5378,,,14.4211,14.3662,46.1908,52.9411,27.9867,,15.6461,9.99456,1.9035,19.1049,26.294,,48.4348,9.82796,35.7946,4.70973,8.47319,12.7855,29.5536,12.6488,11.3451,,78.6244,103.686,60.6011,41.495,51.4235,73.7304,82.7293,84.7836,61.1434,,104.732,36.1946,38.8548,81.9939,50.7243,35.1941,12.4217,27.9162,30.9941,34.2617,21.0874,6.78566,19.8708,7.35759,41.9836,32.4194,32.5098,19.092,6.40653,15.4647,6.72179,4.86344,51.8659,27.7725,62.8112,14.4949,10.4346,7.40464,3.30445,7.62283,6.65162,55.0296,,3.77278,22.356,2.99619,19.1432,6.01284,63.8029,29.7793,40.6031,33.749,23.0396,26.8476,22.0904,9.27908,4.40696,2.01212,,2.69208,,13.0363,3.83452,2.43827,24.9389,11.9932,63.9586,26.0306,8.33615,110.136,5.49643,2.74998,3.64454,33.0655,3.80389,16.8846,,13.1676,,,,16.2009,15.0543,11.5711,8.92957,35.8685,76.1414,25.2003,25.1146,,3.30207,1.81542,12.8652,1.67248,11.3545,6.89673,26.9292,312.598,42.7387,0.203163,68.4118,1082.93,78.7673,80.9256,3.50823,25.1179,98.9143,1144.72,65.4197,16.9923,,2.56416,4.77797,,456.596,21.7072,24.0479,,,
2013-08,35.8112,45.9004,98.2475,70.3726,29.8698,38.1923,50.6121,,,,36.8502,,,15.7292,15.691,48.2399,54.7726,29.0444,,15.9543,9.06919,1.92241,20.7946,24.2966,,45.9262,9.8073,37.2547,5.98578,8.50006,13.2394,27.0589,11.8294,11.4563,,73.5144,99.8878,61.8721,43.6813,53.3037,79.493,81.8505,90.4116,60.5408,,99.1575,36.5307,38.0203,81.8166,53.9527,34.5645,12.2415,29.9636,30.0112,34.3765,20.1212,6.12257,18.9275,7.25285,42.2429,34.2909,34.5928,21.5735,5.465,15.6807,7.06031,4.5674,55.7607,31.9392,70.4306,13.9981,11.4547,8.59506,2.99634,8.97151,7.06329,59.7445,,3.68219,28.7747,4.55941,18.862,6.72284,63.9411,31.789,41.2482,36.0208,24.3839,28.882,22.926,9.05627,4.60912,2.65453,,2.97957,,13.5209,4.31215,2.89504,24.2175,11.1507,67.6706,25.2712,8.74486,116.119,5.34868,3.64752,3.64112,32.3119,4.01831,16.5392,,12.1782,,,,16.1684,13.6878,11.2431,8.69994,34.7683,76.1192,23.5845,23.5597,0.656765,3.35521,1.65619,14.2775,1.47058,6.23158,6.58214,27.3656,258.25,41.8934,0.176253,70.8294,1091.39,78.2181,73.3364,3.34599,27.002,96.2447,1114.9,63.5974,16.1552,,2.24119,3.87115,,583.808,19.2977,30.9032,,,
2013-09,36.6159,48.7773,103.756,73.6321,32.242,39.788,51.8733,,,,38.7184,,,14.2155,14.2181,46.594,54.35,28.2811,,16.4832,9.27695,1.96736,21.0691,24.25,,46.7302,9.91157,39.4075,7.17701,8.47978,15.2812,33.3454,13.2358,12.9186,,72.4855,100.658,64.7923,46.2328,54.0693,85.5839,87.3181,89.7374,62.5868,,100.295,39.3158,46.3203,89.2131,54.0584,36.4626,12.6381,31.7425,31.456,36.0941,21.4837,6.19019,20.5178,8.10685,43.3114,30.5348,30.4362,20.952,4.84389,15.5571,6.47512,4.25963,55.6594,29.9892,58.9897,12.071,8.34693,6.77394,2.79034,7.59686,6.44276,47.2676,,3.83513,22.3725,3.29075,18.8019,7.72229,69.0895,33.9829,41.6294,39.384,24.1253,30.7818,25.672,11.2792,4.91247,3.07014,,3.4297,,13.8199,5.00787,3.1342,25.5088,11.4515,69.6749,27.6662,9.46209,126.161,5.94431,4.596,4.04205,34.4526,3.7445,18.2203,,13.0377,,,,15.9029,13.6325,10.5248,8.81636,36.3356,76.1612,22.4747,22.4107,0.456349,3.20871,1.54018,11.4087,1.65427,5.63241,6.81791,29.7417,164.862,37.8446,0.134981,68.5383,1131.33,82.4871,81.0994,3.44378,26.4925,96.7079,1186.55,67.6138,16.8693,,2.41546,4.1432,,511.276,20.12,38.2724,,,
2013-10,39.2373,50.9347,108.272,76.5975,34.0469,41.5349,54.0344,,,,39.4904,,,14.1092,14.1405,46.6028,55.1385,27.9892,,17.3521,9.8492,2.53172,21.6265,22.8706,,47.2681,10.9774,42.3983,6.53867,8.05507,15.3871,36.77,13.8077,12.9657,,75.6964,99.639,69.214,56.1465,59.3332,90.5216,89.9207,94.0444,60.5488,80.7679,100.315,42.7557,54.1391,94.8692,59.6909,43.3615,12.7474,32.2216,31.2799,34.4056,22.4148,6.47276,20.951,8.0399,43.4078,29.6985,34.0424,21.8748,4.88828,17.7348,6.51755,4.2959,55.4534,27.5176,58.6288,12.1825,7.6609,7.29185,2.78626,6.83442,6.49179,47.1758,,4.2399,22.2923,2.98678,19.5172,7.74907,71.7223,33.0357,43.8799,44.3,24.818,30.6137,26.123,11.2216,5.02903,3.56147,,3.7798,,13.3656,5.14807,3.56363,29.1967,12.4104,66.4308,26.4079,9.99794,120.818,4.99365,5.12237,4.11644,40.2261,3.90963,19.6549,,13.0876,,,,16.3268,14.05,10.7781,9.18481,40.4442,82.6146,23.6924,23.5527,0.450379,2.5164,1.55845,10.0084,1.50126,4.97892,6.659,28.4832,126.637,40.2789,0.177581,77.5662,1194.47,81.9359,84.2086,3.74472,33.2724,104.022,1248.85,70.5858,13.9753,,2.84286,4.11357,,591.047,20.3277,29.9243,,,
2013-11,38.4869,49.8103,111.079,76.0883,33.9494,40.2589,54.0536,,,,40.4165,,,12.5116,12.5218,45.7883,53.5787,27.8726,,16.4449,9.53208,3.28341,19.7863,21.799,,47.7204,11.2204,41.4596,6.24565,7.89199,14.8813,37.9324,14.423,13.2144,,79.6567,102.763,68.8544,54.1809,57.0095,83.8937,89.0544,97.0915,60.3398,78.6552,103.096,41.911,53.9636,89.6874,59.4183,42.6051,13.1741,30.7978,30.8841,35.3465,22.944,6.30667,20.8176,8.42539,44.2019,27.1065,32.0795,18.6989,4.27003,15.994,6.06716,3.60835,49.9922,25.5808,55.1412,12.5496,8.14017,6.24657,2.35113,6.21378,6.0445,42.3404,,3.67938,19.483,2.6247,18.5504,7.22776,75.8125,30.715,43.2471,41.891,22.4278,27.7469,23.1436,9.98773,4.59248,2.76639,,3.63005,,13.5692,5.9715,3.75186,30.4228,12.8943,66.4385,30.975,9.58064,117.813,4.62401,4.52093,4.19455,43.5125,4.15696,19.9469,,12.8651,,,,16.0335,16.0682,11.0254,10.5961,40.0679,81.0527,25.6276,25.3519,0.372502,2.77944,1.64761,8.02312,1.67626,4.6867,7.52999,28.863,149.095,42.3593,0.164641,71.9478,1238.4,83.1905,82.8761,3.55853,32.6482,102.289,1356.39,71.0387,20.1331,,3.10451,4.17561,,548.494,23.1009,36.1344,,,
2013-12,39.4045,50.7073,114.304,77.2889,34.1992,39.6462,55.6306,,,,41.3011,,,11.8173,11.8494,47.0544,54.2146,28.1252,,17.6321,7.55065,3.53972,19.4377,21.8828,,50.7927,11.4497,42.6665,6.48538,8.17446,15.1413,36.2817,13.8825,13.2582,,86.2425,104.845,66.8267,57.6062,58.4013,85.3449,89.8085,91.2096,63.6561,90.8983,112.004,44.8126,58.7803,91.7342,57.4119,41.337,13.7358,31.4106,30.514,37.5224,23.7837,6.23054,21.4895,8.34662,46.8942,25.3564,30.731,19.9933,3.4078,13.7944,5.64255,3.20347,50.5599,24.6667,56.6081,13.6091,9.49087,4.7713,2.2835,5.21926,5.61823,39.9152,,3.95226,17.5723,2.62933,19.4013,7.35105,79.87,30.2888,43.8184,45.578,25.6556,30.4832,24.9342,11.3816,4.85514,2.51703,,4.03802,,14.2558,6.01801,3.30114,33.6548,14.9873,69.3262,33.3418,9.53769,122.217,4.99514,4.39344,4.46571,45.219,4.42931,21.5163,,14.3328,,,,16.8512,15.4343,11.0583,10.5731,43.2074,83.073,26.0729,25.9915,0.40119,2.86565,1.71939,8.16709,1.9773,5.20301,7.60493,30.3946,104.234,47.126,0.240855,80.7377,1255.78,84.6849,80.6612,3.71432,34.2176,102.657,1497.65,71.5576,25.5126,,3.81269,5.00085,,473.036,30.6737,50.6002,,10.0872,
2014-01,36.7199,49.5742,107.198,73.0528,33.6881,37.6863,52.0283,,,,38.6428,,,13.2537,13.2188,46.2592,51.64,27.6143,,17.2747,6.97235,2.8891,17.4919,21.3798,,49.2221,11.1746,39.6824,5.84934,7.29067,14.1956,36.6033,13.6351,12.4384,,78.2475,93.3507,61.2074,56.4159,55.6927,83.8049,82.391,85.0636,65.5606,83.8521,114.077,43.8366,59.6761,88.818,55.238,42.3261,13.2689,29.3398,27.8063,37.5786,22.2915,6.88456,20.561,7.44947,43.9974,23.6938,36.0719,21.7835,3.69224,17.1673,5.87833,3.63313,59.9885,26.4254,68.481,14.6017,10.6377,5.21042,2.62418,6.92582,5.86943,44.6165,,3.7871,18.0743,2.83342,19.9549,7.55483,75.7148,32.8349,41.9475,39.3364,24.9106,28.0885,24.6826,10.9439,4.88654,2.07296,,3.69805,,14.1531,6.52603,4.07986,36.3058,16.6591,68.9942,36.9868,8.47421,120.399,5.19363,5.25077,3.54139,42.015,4.85426,18.1015,,12.9079,,,,17.9661,14.5982,10.2927,11.054,39.1591,76.3644,26.539,26.5367,0.33832,2.4696,1.95569,11.2631,1.94142,5.5514,7.06341,30.3617,71.2188,45.8059,0.416315,78.5505,1287.52,75.1001,79.043,3.78469,25.1291,104.559,1409.12,70.6228,27.5552,,4.55938,5.61923,,516.631,26.6497,44.8154,,10.1752,
2014-02,39.4755,52.2955,113.273,76.5861,36.2909,39.7378,54.9898,,,,39.9511,,,14.3925,14.4643,48.4267,54.5093,29.0462,,18.9608,7.35455,3.58946,19.1309,25.7361,,51.38,11.8876,44.3972,6.89662,7.53324,16.2225,38.9845,14.0907,13.4789,,82.0127,96.9431,63.1049,69.5626,60.3597,95.7143,90.4771,83.726,72.0136,85.8188,113.473,46.9684,66.8849,94.3962,64.0067,47.1138,14.7113,29.4543,27.9479,40.4376,22.9798,8.23096,22.7752,7.60688,44.9634,25.4207,37.2319,22.996,3.90062,20.5389,6.67507,4.07221,63.1725,30.9606,83.804,16.4102,13.9553,5.27656,3.22045,8.26353,6.63411,46.2838,,3.77438,22.5282,3.73491,21.2973,7.77353,80.7682,35.2875,45.4155,39.4454,27.167,25.7951,26.5825,11.307,5.284,2.30159,,3.68254,,14.3871,6.66718,4.13898,36.9918,16.8395,69.4687,39.5244,8.79685,122.025,5.17557,7.26234,3.59323,39.3823,4.70783,19.0622,,12.7518,,,,18.9916,14.5054,11.1078,10.8577,40.3591,80.2666,30.2293,30.0348,0.651392,2.5885,2.31827,15.2892,2.4605,5.80262,7.54409,29.1678,86.1166,46.4767,0.405607,82.7175,1421.67,80.9683,86.0567,4.0669,26.1279,111.404,1476.31,72.3541,28.4815,,4.34868,5.47428,,646.716,36.7035,46.5343,,10.1169,
2014-03,39.166,50.9964,111.239,76.6973,37.3339,40.3031,55.7638,,,,40.6705,,,13.2392,13.2554,48.2348,54.2399,28.9183,,20.2235,7.08124,3.33445,18.5905,26.6514,,51.208,11.2078,45.3558,6.56011,7.71383,17.276,39.4573,14.4222,12.9195,,82.6814,99.3128,66.3311,72.3192,62.5267,98.4908,89.4173,87.0302,67.8313,88.4633,108.761,46.4933,74.4161,98.3305,65.8792,48.0995,15.4724,31.1365,30.7678,41.6805,23.5099,8.95702,23.8542,7.85334,49.8386,25.6115,34.8399,19.99,3.89732,19.8271,5.26015,3.80888,56.3448,27.3525,75.8874,14.8934,13.3549,4.9743,2.99915,8.16159,5.24617,38.7337,,3.775,19.7862,3.12605,19.577,7.2243,77.8225,34.8667,43.0313,39.7336,25.7545,24.9928,25.2873,10.6906,5.09434,2.19966,,3.7343,,13.8644,7.3981,3.86475,40.2928,18.6677,69.8753,41.476,8.53084,149.167,6.65516,7.73831,3.5988,40.0454,4.50825,19.446,,12.0677,,,,18.4277,13.3261,10.2147,10.813,42.8566,79.6528,28.4644,28.4718,0.534172,1.86536,2.07733,12.7184,2.19039,5.32736,7.14889,29.1922,62.4272,44.0834,0.364067,82.5935,1425.8,79.5473,89.3615,4.08619,26.5181,109.206,1596.59,71.9587,25.2372,,4.28778,5.0636,,518.453,27.4679,53.4247,,10.1349,
2014-04,41.8256,51.7713,114.432,79.263,37.3487,42.551,58.7499,,,,41.1848,,,13.4749,13.5217,49.4395,55.0624,29.5858,,21.5013,7.30601,2.99554,19.7805,27.7213,,55.2662,11.7437,49.1105,6.84794,7.78158,16.4087,38.1845,14.027,13.6631,,86.4003,104.489,69.8347,77.0398,65.1798,98.2066,89.5537,91.0408,75.9889,92.4968,118.176,51.63,75.6456,102.078,70.3234,51.5396,16.4006,34.2882,31.5992,45.5165,25.3279,10.4077,25.7513,9.29202,53.0951,27.0412,33.9334,19.522,4.45298,20.9421,5.14155,4.09509,58.9884,26.7441,80.2291,14.9482,13.2843,4.9157,3.21155,8.93481,5.13719,42.3087,,3.44661,20.1248,3.07955,18.5916,7.50721,75.7525,36.4058,45.1179,41.5518,26.5782,26.3134,27.299,11.6477,5.64744,2.32779,,3.71676,,13.7491,5.41279,4.16668,42.0327,19.367,68.9815,42.9877,8.35697,160.695,7.59905,9.56471,3.41552,40.1267,5.025,19.905,,12.1236,,,,20.3296,13.1304,10.4049,10.8143,43.0505,79.5309,26.3762,26.3922,0.414102,1.5071,1.92966,10.9019,1.69021,4.97512,6.17316,30.4897,52.316,45.6214,0.345196,86.6118,1384.15,83.5127,89.9123,4.33708,22.8913,100.339,1601.86,75.9431,20.8395,,4.29017,4.42635,,467.896,27.2216,44.3307,,10.1737,
2014-05,41.9528,50.3083,117.004,80.9078,38.5921,43.6381,59.0279,,,,41.6871,,,12.2732,12.2816,48.1693,53.1259,28.863,,22.7005,7.12403,3.15266,19.8904,26.3553,,54.8204,11.7476,48.305,6.83575,7.85556,18.1909,40.2433,15.0187,14.7771,,85.0928,102.73,75.5277,80.5495,68.5718,105.654,92.9142,97.4341,74.2798,86.3218,121.02,51.1307,90.9529,104.217,71.8232,51.9273,16.3001,34.0389,31.413,43.5626,24.5581,11.0777,24.7298,9.65192,53.7749,24.8416,34.6865,17.9961,3.71363,18.2058,4.7703,3.287,56.794,24.7365,75.7471,14.3549,8.7363,4.281,2.6799,7.62828,4.73743,39.6242,,3.51689,18.9097,2.74662,18.4903,7.56814,71.2904,33.2946,43.5966,41.0216,26.2043,25.6081,28.7658,11.9785,5.77155,1.77216,,3.37617,,12.8713,5.37307,3.93921,42.4173,19.1592,66.8569,40.9011,8.03181,158.143,8.77563,9.06085,3.18787,38.4341,5.60959,18.7501,,11.4022,,,,20.0451,13.309,11.239,11.3699,44.3259,77.6238,24.6918,24.6682,0.381781,2.45631,1.72644,11.2289,1.74047,4.46148,6.48069,28.3152,51.0543,46.5926,0.273554,85.8949,1471.13,87.222,90.2552,4.5386,20.3758,101.639,1558.13,77.1454,15.1539,,4.0125,4.29515,,312.665,28.1373,39.677,,10.2924,
2014-06,43.255,50.9868,115.701,81.1342,39.3854,46.4711,61.8058,,,,42.17,,,14.1787,14.2622,48.4777,54.3271,29.1626,,22.7475,7.34751,3.34263,19.1423,27.0212,,57.3592,12.2,50.0618,6.47794,7.42339,17.8331,42.8114,15.8365,16.1794,,85.0614,109.019,80.8476,94.588,73.7746,116.482,96.1628,104.973,74.1556,91.9475,113.048,53.231,95.569,118.387,78.9376,54.7192,18.4801,37.8976,34.4731,46.0885,26.0082,11.7929,26.3735,10.8982,55.5379,27.5882,43.8499,20.4044,3.89521,19.8062,5.21491,3.67707,70.1464,31.5783,91.7715,17.78,11.5467,5.77211,3.22759,8.80755,5.21169,52.7877,,4.08153,20.755,3.00264,18.1521,7.73023,73.5436,33.1406,44.7384,43.8915,26.7276,26.7148,29.1474,12.5584,6.04633,1.78647,,3.3759,,13.316,4.73617,3.90179,46.3203,21.9676,71.021,44.916,8.31869,145.332,9.97039,10.1584,3.09476,37.1222,5.45275,19.5786,,12.8204,,,,20.5248,12.3905,10.8942,11.6154,43.4263,75.4157,24.2829,24.3016,0.462329,2.18556,1.72323,10.4795,1.59714,3.40745,6.37086,28.385,46.6486,43.7409,0.245737,86.0531,1653.7,88.4356,88.9397,4.46738,19.5207,101.481,1592.58,75.7033,18.8504,,3.94477,4.9947,,275.986,33.2831,48.14,,10.2938,
2014-07,40.1833,53.7827,109.287,77.6007,38.4506,43.9384,59.3541,,,,40.5187,,,14.3833,14.3378,46.0554,50.8618,27.9427,,21.3167,8.26573,2.94199,17.2232,24.1788,,57.4944,11.389,44.8004,6.16157,7.28739,16.7704,40.2922,14.5744,15.5588,,83.6239,107.968,78.4929,87.6239,70.1783,109.247,91.5885,107.415,65.1075,80.9532,98.317,44.8716,94.3529,108.834,76.722,50.6859,17.5249,36.4781,32.6505,41.1348,23.6019,8.90992,23.5212,10.3123,52.8114,27.024,42.5957,20.167,4.12718,19.7909,5.02792,3.75282,69.207,31.3983,91.3841,17.0106,12.2449,5.1717,2.86394,8.92732,5.02907,51.1961,3.96719,5.98908,22.0068,3.04264,19.1494,8.49058,79.6985,36.8021,47.7107,45.1384,28.9303,28.0324,32.3115,14.5754,6.31781,1.94034,,3.75219,,15.1053,5.50228,3.9219,51.0065,26.349,75.6493,40.6168,9.02644,153.927,8.09947,8.78956,3.15791,38.2786,5.90899,23.1434,0.331702,12.664,,,,22.0998,11.6825,11.4328,10.8996,45.6987,78.6369,24.9737,24.9654,0.392432,2.48073,1.83602,10.5817,1.5417,4.29117,6.74623,27.1539,87.635,42.096,0.209034,81.8241,1607.39,83.7058,77.9647,4.98894,22.6425,91.9078,1453.27,73.0147,15.8097,,3.62842,4.63772,,265.676,31.1178,39.7672,181.039,10.226,
2014-08,40.0771,51.5052,109.41,79.298,37.8799,44.756,60.5633,,,,41.5411,,,14.7612,14.7549,45.2505,49.3441,27.6124,,21.0417,7.66656,2.62371,17.1004,23.766,,56.4407,11.1398,45.9209,6.53378,7.40281,16.0385,39.2098,14.0099,15.2011,,84.7907,109.245,77.4044,92.1681,70.2212,109.869,97.3941,106.725,68.8811,81.215,102.39,46.7116,107.199,110.675,75.4812,51.0439,17.5567,36.5376,33.972,44.3426,24.8905,10.4404,24.9122,12.061,52.3154,29.4381,44.0122,20.6036,5.07842,19.8124,4.97322,3.7715,69.0041,30.1986,94.1776,16.8138,12.5192,5.6296,2.84658,9.49143,4.98354,57.2249,3.53608,5.76693,22.3482,2.96084,18.2388,8.39867,74.2162,34.6119,44.0805,44.1813,29.0421,26.614,30.7067,13.757,5.89237,1.87214,,3.49896,,14.6895,5.66908,3.92353,51.8723,35.0692,79.0436,39.9828,8.22875,135.491,7.69934,8.83984,3.04659,36.6189,5.57509,25.4009,0.311066,12.3179,,,,22.2207,12.8199,10.6733,9.82681,49.4268,84.9256,24.2834,24.2629,0.666848,1.82506,1.90929,10.7398,1.50216,4.87601,6.76552,25.545,77.2911,44.3926,0.220534,72.8453,1578.65,84.13,79.0347,4.90978,19.7545,96.0354,1444.98,76.3023,12.924,,3.84312,4.88827,,211.091,33.3627,52.3679,177.124,10.3253,
2014-09,38.2857,47.4638,105.302,76.8465,37.3281,41.0399,56.0214,,,,40.4016,,,12.0419,12.0363,42.9946,44.2052,26.0206,,20.3571,6.55746,2.7126,14.6219,21.4572,,53.4125,10.2594,46.0091,6.90103,6.97989,16.4061,39.2233,14.1768,14.8379,,80.1183,100.62,72.8703,79.7585,63.6484,98.9359,90.8549,98.308,63.6042,77.0016,88.3263,43.8722,106.812,102.573,71.9661,47.9957,15.7731,32.5096,28.9662,38.908,22.8636,8.49214,22.3113,10.2653,49.2609,25.0539,33.352,16.4122,4.10638,13.8283,4.16226,2.67774,60.0984,24.0466,78.6019,12.8466,8.14405,3.87182,2.24678,6.80383,4.19759,46.7908,3.255,5.61478,17.2715,2.42805,16.3785,7.78196,68.4899,30.628,38.7775,39.6325,26.2252,22.2596,26.4794,11.6634,5.45105,1.43305,,2.8284,,15.0002,4.69256,3.85512,50.2106,36.4316,74.7383,34.5237,6.93189,130.518,6.97852,7.97716,2.53361,34.7965,4.99745,24.8167,0.237961,8.93172,,,,19.1161,12.251,9.92554,9.22579,50.6179,84.4406,22.0086,22.0681,0.490992,1.75354,1.59923,9.46913,1.43089,4.06822,6.33561,24.3308,14.3229,47.0409,0.235164,67.4288,1493.45,80.6671,69.5297,4.65787,13.5964,100.172,1316.89,72.63,8.16885,,3.39003,4.28615,,156.187,29.19,40.9559,168.563,9.83501,
2014-10,34.9001,45.191,104.468,76.7074,36.7536,35.8413,53.2793,,,,40.2221,,,9.6933,9.66174,42.1657,42.8575,25.5806,,17.1278,4.85383,2.13236,11.1548,19.9143,,50.0008,10.0331,42.2525,7.27693,6.77487,16.3738,35.7951,13.3803,14.1566,,82.5918,101.406,69.5631,73.1803,56.1532,95.3996,84.2442,81.3326,65.5059,73.7499,89.3192,42.7513,100.351,99.7671,61.668,39.2945,14.2497,32.0825,26.7977,31.6777,20.6304,6.97548,20.1334,9.37759,46.339,20.4423,27.0667,13.3222,3.36727,9.55402,2.7186,2.01336,57.6243,21.0106,69.5722,10.8263,5.84904,2.65803,1.85299,4.87164,2.71788,38.1548,2.94036,4.14772,15.6551,1.75376,15.7609,7.16393,66.304,28.7739,35.9643,35.0343,25.5198,18.6808,20.8093,10.5119,4.9554,1.0679,,2.65092,,15.3937,4.55026,3.56878,52.4331,41.1784,68.7071,28.4789,6.44971,115.505,5.67608,6.93158,1.87503,33.208,4.33376,25.3194,0.199991,8.00748,,,,21.5128,14.4651,10.1277,8.9992,46.6739,89.0955,21.7142,21.8437,0.393783,1.61732,1.30792,8.63509,1.12509,3.53126,6.35717,25.1937,8.71948,47.1359,0.306564,70.7692,1486.87,80.1102,71.9275,4.71237,14.7468,100.93,1245.03,72.5716,9.16756,,3.67442,4.64907,,119.364,33.5573,38.451,132.233,6.58691,
2014-11,32.259,44.2886,109.203,79.8808,36.96,32.2534,48.8975,,,,42.2645,,,10.4976,10.5202,41.2774,40.7322,25.0628,,14.343,3.95593,1.99343,10.252,18.8416,,46.7995,9.21298,39.7445,7.98008,6.25319,16.6196,36.5815,13.7731,15.3184,,78.3036,93.3968,64.0469,60.6338,55.4889,87.5115,75.9771,67.8874,63.7383,66.345,86.1935,45.7783,88.7746,87.3863,47.4523,42.5217,13.5137,28.4435,24.2348,29.2549,20.6947,8.00936,20.9478,7.59479,38.0655,20.1589,27.2021,13.4693,4.35133,9.94273,3.55973,2.13675,61.9896,24.2942,77.9424,11.1692,6.98428,2.98354,1.79611,4.68703,3.51268,43.3935,2.39736,4.0275,15.6777,1.63098,16.2216,7.03916,65.5072,28.3359,33.2344,33.1852,26.8124,18.1801,22.3711,10.3168,5.27561,1.20978,,2.35783,,15.7516,4.21603,3.54492,54.4835,39.0972,72.2883,22.2705,5.79062,121.997,5.97722,6.51407,1.49521,31.1106,4.24341,24.9369,0.180573,6.69579,,,,20.988,14.4752,9.67472,8.84797,52.8424,92.0742,23.352,23.3165,0.523181,2.46036,1.44228,9.89801,1.2019,4.38068,6.48095,26.33,7.69217,52.4352,0.281141,66.9285,1461.4,83.5098,80.0426,4.89978,12.2113,106.701,1269.81,74.2848,8.02278,,3.48932,4.95642,,100.385,35.8084,31.1301,129.977,5.41921,
2014-12,30.6031,42.2339,105.75,76.9005,35.4779,31.257,48.6125,,,,42.2069,,,10.4015,10.4237,38.3608,37.0389,23.5682,,13.5863,4.05596,1.89865,10.7404,18.6829,,47.3959,9.03711,37.4946,8.25062,6.14773,16.026,31.6764,13.4873,13.4143,,80.4114,96.7851,67.3271,64.634,58.1691,93.4401,81.1753,66.7618,53.3359,57.7074,70.6301,39.78,95.2472,87.7408,44.6766,42.0664,12.7736,29.0781,22.7507,29.5753,19.1882,6.10145,20.7952,7.24411,40.5761,20.8519,28.9877,12.2473,4.8351,10.163,3.6056,2.37514,61.5431,24.9357,77.4523,11.0409,6.7805,3.83958,1.81757,4.25668,3.58591,42.7731,3.051,4.04555,16.9151,1.53452,16.6102,6.58344,65.8598,25.8152,30.5065,29.0364,25.3897,16.7504,19.7117,12.0232,5.49636,1.24992,,2.48758,,15.2033,3.48198,4.01593,50.0405,34.6984,71.352,23.3645,5.28717,116.262,5.86076,7.21874,1.16189,28.1843,3.52245,22.0948,0.158161,7.55668,,,,19.7283,14.8888,8.62778,7.74724,52.4577,92.7421,20.8406,20.8478,0.42662,2.48861,1.32252,8.80258,1.2372,4.09963,6.31087,27.079,6.11488,54.1314,0.229243,59.4911,1454.19,83.4618,75.9247,4.84243,9.61469,111.215,1235.75,73.5443,16.5087,,4.09129,5.60221,,94.9642,40.4942,24.7145,115.34,4.94329,
2015-01,29.3282,40.4526,109.312,79.9694,34.6565,28.8473,46.2026,,,,42.135,,,12.4859,12.4448,35.9979,32.6594,22.4685,,12.8247,3.15951,1.94819,8.91819,20.0039,,43.1934,9.07641,37.4149,9.39678,6.29596,15.1714,28.3411,12.1608,13.1564,,76.3959,88.8777,61.69,74.9445,57.5466,90.9618,80.9419,67.2405,52.6961,49.5075,61.4313,34.2229,97.0298,85.0385,45.6411,43.7126,11.9985,27.3534,20.9236,24.4553,16.135,4.85923,18.3256,7.23521,36.6322,27.8786,39.457,14.6289,6.32715,14.5302,4.35488,3.91415,72.4059,28.307,89.9318,14.0593,8.38991,3.81487,2.20944,5.43984,4.34202,33.8002,2.59871,3.70519,19.3066,1.53475,13.9535,5.33331,62.4489,23.276,30.8328,21.2823,24.6775,15.8918,12.6734,10.065,3.97787,0.852959,,1.30188,,14.804,2.98318,3.09459,49.8314,33.0193,69.9588,26.304,4.56535,101.09,5.49962,10.6733,1.06601,24.4749,2.94352,19.1629,0.12554,6.45208,,,,18.3206,13.8731,8.87042,7.02929,47.2629,91.7661,17.8895,17.9212,0.395775,1.81456,1.22876,6.51528,1.08588,4.13789,6.10539,24.4504,5.75802,52.7436,0.191699,60.3865,1544.57,84.7537,78.5663,5.01844,8.68602,109.891,1197.19,76.6861,15.5844,,4.13313,5.76648,,162.274,41.5211,15.1789,99.5754,4.172,
2015-02,32.0096,45.0792,114.049,81.8905,34.3559,31.084,48.3936,,,,43.2474,,,12.2111,12.2202,37.1336,33.3422,23.1209,,14.6257,3.83718,1.71874,10.2972,20.8533,,46.2468,9.77425,39.1775,8.82315,5.33987,15.0994,28.4201,12.6418,13.9989,,77.6199,92.9798,64.2796,77.0216,58.5527,91.2703,78.4562,70.4486,56.2739,56.122,65.4884,37.9741,109.13,86.9947,48.7961,46.916,11.9974,27.4413,18.9961,27.5555,17.2364,4.99531,20.2836,8.01125,37.4296,29.0604,37.5508,14.8984,4.96509,13.1702,3.63256,3.09264,66.0225,26.4913,89.0981,11.77,7.12157,3.4854,1.86317,5.51113,3.59262,40.4743,1.98165,3.75374,17.984,1.52219,16.7943,6.56224,69.5118,25.8104,35.2305,27.2662,26.9054,19.6528,17.5587,12.0158,4.85918,0.943728,,1.61457,,19.0048,2.38491,3.52653,46.9742,26.9869,75.9275,26.9016,4.79778,129.401,6.62903,10.1025,1.42439,27.9082,3.59369,20.4013,0.161428,6.84574,,,,18.4434,14.0786,9.0751,6.95023,48.6101,83.7714,19.629,19.5979,0.483688,2.06279,1.26612,7.0846,1.2519,4.29937,6.34458,27.8434,5.93229,52.8566,0.221956,61.0596,1704.08,88.2739,84.5831,4.82608,9.21424,111.654,1259.12,77.7872,16.5357,,3.88969,5.80395,,155.837,47.0522,17.4123,85.0423,2.9567,
2015-03,29.4653,40.7578,114.044,78.1279,32.4135,29.9668,46.3713,,,,40.6015,26.6759,,10.3783,10.4085,35.8549,30.8312,22.0896,,13.7853,4.16663,1.15449,8.96172,19.027,,41.8099,9.08447,36.605,8.88723,5.27336,13.4434,26.0064,11.6831,12.9303,,74.0757,90.9568,61.018,82.6193,57.2376,92.7225,73.7906,64.171,58.0858,49.9493,68.4443,32.6966,104.138,85.7401,49.7779,47.5661,12.65,26.7577,18.6816,26.6744,15.3112,4.81718,19.3995,8.40008,34.9285,23.8461,32.4405,12.467,4.27356,10.8502,2.84817,2.17453,60.6474,23.2587,77.7965,10.6004,6.09693,2.64454,1.69594,5.31853,2.81466,32.0089,1.83368,3.28523,14.2563,1.46391,15.2944,5.95858,57.5799,20.5931,30.6321,23.7465,26.2162,16.694,16.6887,11.2201,4.47134,1.02661,,1.35022,,18.6374,2.35264,3.42512,40.7922,19.5159,76.817,28.7364,3.63168,114.613,8.05378,8.29558,1.30792,24.0994,3.01942,22.5285,0.139223,5.08248,,,,15.4972,13.2786,8.39321,6.62763,47.838,83.8663,17.6885,17.6849,0.588305,2.12129,1.11721,6.43458,1.34348,3.97394,6.28243,28.615,7.22653,57.1425,0.235982,58.7383,1683.92,86.0917,84.3856,4.45473,6.44127,107.924,1187.63,75.1995,14.6387,,3.91151,6.71712,,120.67,45.8943,13.6002,73.9186,2.83157,
2015-04,33.0893,43.4258,112.375,79.5803,33.605,33.519,50.2845,,,,41.9305,29.285,,11.5149,11.4458,36.8305,32.4385,23.0133,,16.3044,5.46898,1.6448,11.4824,21.6355,,44.5804,10.1665,39.2794,9.29199,5.53593,13.9918,26.0681,12.0299,12.8364,,75.9866,96.0294,66.43,88.6002,64.6038,100.039,80.8033,72.866,62.9134,62.5358,83.4261,38.0004,102.705,97.0208,55.4167,51.1131,13.7478,29.8932,20.9303,30.4949,18.3559,6.5199,21.1489,9.24252,40.2387,29.0374,35.1092,14.7802,4.86049,13.1353,3.08349,2.41956,64.6267,24.0902,79.3856,11.4836,7.32028,3.16137,1.7259,5.97643,3.0885,34.8442,1.57882,3.55756,15.6247,1.66335,16.9651,6.7248,62.3003,23.376,33.7362,29.1806,29.2114,18.4878,21.2077,13.5969,5.52496,1.36219,,1.97283,,20.3249,3.17955,4.06789,42.2848,18.192,80.541,25.926,5.08751,101.116,6.02608,9.17165,1.68415,26.7684,3.50593,24.7535,0.0959906,5.70091,,,,15.9469,12.2488,8.90039,6.68328,49.2316,87.7713,22.2781,22.3751,0.637919,3.66944,1.25608,6.97194,1.35487,3.86425,6.56436,28.7616,7.36711,52.4134,0.219682,57.5314,1773,85.9627,80.6157,3.97289,7.93836,98.1095,1454.48,78.9682,16.6666,,4.47401,6.8836,,151.522,50.5105,14.7691,58.9302,2.42716,
2015-05,31.6945,42.1621,114.604,79.4151,34.1194,30.6389,47.3508,,,,43.473,28.2132,,11.0754,11.0508,35.8591,30.8573,22.2204,,14.5365,4.88095,1.22946,10.7471,22.2386,,41.5592,9.63236,36.5436,8.66583,5.94479,13.8562,24.3947,11.7677,12.324,,74.3333,89.4915,62.6697,83.0691,61.4587,89.2111,78.4765,63.4238,59.2244,56.1807,72.36,32.4685,101.303,92.6109,51.1371,47.8826,12.666,26.6154,18.1841,28.3252,16.3699,5.69167,19.6282,8.18793,35.7253,29.7081,37.1818,13.4526,3.60836,11.0501,2.96685,1.83649,63.8647,23.2679,79.2767,11.386,8.31215,2.85046,1.88333,5.5689,2.9824,33.4211,1.96959,3.43244,16.2951,1.62641,15.9998,6.16641,60.9326,21.4438,29.4552,24.5161,26.8624,14.076,17.7589,12.1967,4.98913,1.35613,,1.36743,,20.3043,3.22187,3.96195,39.2723,15.6986,80.8902,19.1248,4.15218,98.7634,5.4141,6.85592,1.58924,27.3495,3.28319,24.2718,0.0729298,6.26357,,,,14.0801,14.2994,9.3557,6.72123,53.2408,93.9348,18.8996,18.9149,0.599579,4.19846,1.16546,6.31875,1.27779,3.31445,6.06867,29.563,6.74,55.2321,0.183838,53.8597,1849.4,86.5852,85.7334,4.02208,7.06043,99.1682,1347.62,78.3427,17.2489,,4.4791,7.45919,,206.171,53.8439,11.3089,60.5716,3.49382,
2015-06,30.5805,39.5036,112.051,77.3669,32.6468,28.6989,45.351,,,,42.4117,25.5226,,10.0193,10.0187,36.0562,31.5963,22.1067,,13.7786,5.2344,1.14118,9.98343,20.493,,39.1046,9.18822,35.8177,8.76581,5.78126,12.8037,22.5796,10.7324,11.5733,,72.335,83.5254,60.2248,80.194,56.0743,87.757,78.5271,60.8682,56.4299,48.0508,64.3091,25.2659,92.2026,88.1164,48.5357,45.7932,11.2302,25.3223,17.8851,26.3792,15.4111,5.0031,17.7941,7.89523,36.1656,25.4122,32.6753,12.0492,3.40596,10.2874,2.91875,1.65696,59.1574,21.0833,75.3891,10.3246,8.36304,2.79853,1.68908,5.64644,2.94479,28.8315,1.82446,3.45037,15.2377,1.65141,15.1335,5.59495,57.0726,19.6455,27.2919,23.15,26.2247,12.1392,17.9912,11.3792,4.53499,1.01462,,1.37538,,17.18,2.885,3.81987,34.9086,14.5943,82.5454,16.5533,3.86841,95.8781,5.03827,6.20653,1.45173,25.1302,3.0036,23.1224,0.106704,5.50604,,,,11.6776,15.1311,9.22902,6.7352,48.407,88.7931,18.0401,18.189,0.888534,2.22483,1.04945,6.22673,1.10542,2.57383,5.89608,29.0262,5.77897,58.6745,0.2109,55.6069,1886.75,85.4506,84.2478,3.59347,5.73728,94.5333,1374.16,73.6214,15.9077,,4.39558,8.19316,,130.452,52.5431,10.8987,60.5283,3.30754,
2015-07,29.6905,36.1084,112.705,78.0292,33.1527,24.8633,42.55,,,,41.7513,19.8543,,7.84571,7.86335,32.3873,27.9179,20.2311,,13.1147,4.55926,0.807242,8.98036,18.6073,,39.9462,8.57731,36.1157,9.45928,5.79265,13.1129,21.625,10.5128,11.3224,,68.8614,76.6024,50.0282,71.5932,46.5794,77.5202,70.8787,48.6739,53.3114,38.4912,51.2303,19.198,91.8103,84.6654,47.0902,43.1555,10.0909,25.8788,16.2898,21.6979,13.5205,4.05515,15.8014,6.55545,28.2786,18.6772,25.4867,7.97954,2.91016,7.03403,2.28956,1.23646,50.327,15.9026,61.7124,7.49957,7.65673,2.12674,1.18117,4.43233,2.31767,23.9017,1.33928,3.067,14.0895,1.33697,12.343,4.52107,53.8447,17.2086,25.6274,14.7495,24.8409,9.01104,10.9867,8.80211,3.98181,0.763834,,0.989757,,17.2981,2.69789,3.19326,30.8991,13.0403,84.3197,15.5308,3.45441,80.6977,4.57798,5.14771,1.2504,23.1666,2.77942,22.3509,0.134225,4.98536,,,,11.5178,12.6424,9.03394,6.54992,47.6007,80.7477,17.3441,17.4449,0.765347,1.87489,0.741561,5.35883,0.867487,2.04728,5.43291,30.3825,5.51274,63.3034,0.157507,53.1037,1876.9,87.0288,80.173,3.19667,3.33879,98.8474,1333.64,76.3372,19.7169,,4.49711,8.86888,,17.0491,57.2444,11.1946,61.1127,3.4302,
2015-08,27.0609,33.1594,103.488,74.7144,31.4469,23.2172,40.192,,,,38.798,20.3728,,8.09577,8.07066,31.6923,27.8742,30.7628,,11.7625,4.34645,0.999432,8.72306,17.0581,,36.4167,7.73832,33.5632,8.77834,5.23052,12.3065,15.6921,9.08037,10.5409,,66.1158,71.102,48.9149,72.7493,40.265,78.7565,73.8204,48.084,54.0822,36.2059,50.364,17.7367,82.8492,79.7303,44.6116,41.7485,9.22176,25.7508,16.0349,21.9809,13.5233,4.63657,17.1984,6.46238,28.9671,18.5947,28.3296,7.89045,3.41056,9.34597,2.25501,1.13915,53.9041,14.9453,58.9808,8.39732,8.60103,2.33993,1.3155,4.87371,2.23271,20.5758,1.42304,3.08321,13.3704,1.15275,13.1177,3.18949,51.1809,15.5586,24.2746,13.3751,23.888,8.6997,7.13143,6.76968,3.70996,0.846748,,0.65623,,15.5394,2.50769,3.34171,29.7178,7.84648,83.5694,9.17757,3.25543,69.7254,4.28234,4.58651,1.32337,19.9788,2.45449,21.768,0.122948,5.28179,,,,12.327,13.1931,8.18582,5.72753,45.4954,73.7356,17.7862,17.6886,0.693572,1.73743,0.686567,4.86201,0.938775,1.90909,5.52503,32.8537,5.31038,58.8981,0.137743,49.8022,2417.34,80.5241,79.8267,2.96834,5.26738,96.0074,1320.65,75.0191,16.8902,,4.13153,8.05954,,19.9085,47.0118,9.09456,47.3937,3.28125,
2015-09,25.8356,28.6349,98.481,76.9895,30.6946,21.0501,37.3002,,,,35.4765,19.6187,,7.82163,7.80258,31.4971,27.7534,19.3653,,11.5325,4.17721,0.925416,7.76247,16.4159,,32.8752,7.05951,33.7507,7.93391,4.85382,11.176,11.9536,6.93514,9.66196,,65.4356,69.3576,47.805,68.9257,35.274,73.3292,67.7177,41.6867,45.0831,29.6947,41.9993,11.4308,64.4868,71.1849,40.1393,38.8568,8.05326,24.5686,16.9649,20.2638,11.9821,4.24823,15.1839,5.96332,27.1195,17.5606,29.3473,7.23187,2.81603,9.44124,2.1702,0.744085,55.0823,14.6993,57.9481,7.70651,8.70793,2.28745,1.16255,4.64651,2.17786,22.1405,1.38,3.11947,12.55,1.17276,10.5987,1.93957,46.6394,11.3897,21.2282,12.1999,23.9791,5.79416,5.02274,5.01175,3.09159,0.679761,,0.460146,,14.6556,2.30992,3.32737,30.4256,6.45537,80.3649,8.50425,2.76649,45.7562,2.31068,4.50785,0.749135,13.4853,2.01914,19.3828,0.125978,5.21164,,,,10.7438,11.936,7.63179,5.72211,41.981,74.717,15.5131,15.4557,0.65536,1.40334,0.53327,4.08372,0.799904,1.63494,5.17664,32.7064,4.28019,59.5531,0.178628,49.9903,2474.95,80.0419,72.9826,2.8752,3.24243,98.6921,1307.98,76.4039,17.6112,,4.29423,9.00191,,17.88,55.2529,7.6216,32.966,3.18367,
2015-10,28.2283,31.5888,104.549,82.5198,32.538,23.8254,41.3879,,,,37.5282,21.9441,,8.7644,8.77483,30.8044,27.2649,19.2547,,12.6179,4.572,0.87239,8.0106,17.4264,,36.4081,8.31684,36.2659,8.37472,4.87674,12.4928,14.5833,8.4832,9.75435,,72.8524,79.9449,53.9209,78.8198,39.8949,86.6838,76.3409,50.4718,46.0086,33.0916,39.8205,7.77176,66.1454,80.7063,43.5994,39.3524,9.64649,27.5024,16.765,18.2214,13.5173,3.89706,15.2299,6.78198,29.9514,21.2747,32.8045,8.74813,2.67961,9.73381,2.53725,0.843676,63.4571,16.6406,59.0354,9.19127,9.21959,2.52715,1.18522,5.89858,2.53497,24.2736,1.31001,3.29475,15.7727,1.42729,11.3719,2.42713,50.6861,11.508,22.3812,14.8828,24.9236,7.1541,7.36142,7.0874,3.71325,0.75165,,0.719437,,18.0386,2.11974,3.50214,28.139,5.08238,81.8425,5.29298,2.93002,48.8129,3.39808,6.34687,0.73064,14.3679,2.12946,20.8476,0.170929,5.6917,,,,10.3527,11.2583,8.29491,5.7404,46.2657,74.4039,18.0706,18.0642,0.756741,1.57245,0.575629,3.81881,0.786225,2.38639,5.45483,35.1292,3.79073,64.8306,0.165943,56.2353,2335.41,87.4021,79.0141,3.07858,3.66932,95.3085,1439.12,77.4783,20.1299,,4.55092,9.27488,,17.1141,61.4461,5.87685,20.244,3.11318,
2015-11,28.2885,28.3766,105.619,82.7487,31.3853,23.8055,41.0022,,7.03429,,37.3825,19.8379,,7.91979,7.93515,29.02,24.8062,18.1782,,12.347,4.92233,0.863347,8.17859,17.005,,34.5802,8.10104,37.1959,9.52929,4.59497,12.4384,12.0893,7.66045,9.51381,,72.6816,81.4851,54.744,83.4579,43.8695,84.4184,77.58,52.7786,39.9481,28.9971,37.4664,9.22611,63.6483,80.3514,45.3651,40.4762,10.0857,25.7718,16.6697,16.6664,12.6443,3.67254,15.0728,6.5916,25.6534,20.1693,30.8281,8.39037,2.68528,7.3967,2.42877,0.758428,60.1037,16.1643,44.4567,8.5316,7.02975,2.13855,1.22103,5.35678,2.46594,21.2944,1.23169,3.26229,15.0899,0.960835,10.707,2.03802,46.3605,8.40389,16.7433,10.3652,23.1835,5.19995,5.0242,6.06732,3.01254,0.694682,,0.399969,,17.2582,1.405,3.31589,29.6512,5.24789,86.4852,12.367,2.2695,41.7638,2.9838,5.13304,0.540504,12.6653,1.98319,19.6701,0.144906,4.71347,,,,8.56562,10.7009,8.10231,5.55422,37.3291,68.4441,15.6168,15.6035,0.678146,1.5195,0.548707,2.63098,0.73161,2.1758,5.71534,37.9568,2.36366,61.0677,0.162661,55.1331,2175.58,82.4841,84.63,3.32175,2.9843,93.5921,1247.65,75.2537,19.468,,4.46215,9.00253,,17.6624,56.7403,3.5783,13.3555,3.0271,
2015-12,26.6321,26.0253,101.381,82.82,31.9032,19.793,37.2104,,6.26801,,37.1436,20.0224,,8.06933,8.08236,28.0167,24.554,17.6262,,11.3018,4.712,0.600136,7.41627,14.3108,,31.7569,7.3603,34.3548,10.4143,4.54335,12.7659,13.4768,7.88425,9.93438,,69.6174,80.5467,47.4516,71.8082,30.8242,71.8743,70.3894,47.8876,36.5193,30.7765,32.4237,9.28124,50.0322,72.8934,39.0603,34.7751,9.1858,24.1219,14.4,14.1853,11.2215,2.61788,13.4085,5.08307,23.4672,19.8023,30.735,8.46502,2.95009,8.23385,2.31016,1.16026,57.8443,15.3543,45.2544,7.99505,6.9598,2.00471,1.13611,6.27291,2.29296,20.6399,0.810837,3.0041,14.7743,0.898814,9.78987,1.88532,41.0866,6.08902,15.7887,8.60797,23.6156,4.77461,5.17776,5.25313,3.03253,0.620803,,0.447792,,16.0462,1.9846,3.18267,31.374,6.24001,84.6962,10.8706,2.22323,40.0142,2.99467,5.95207,0.446225,11.2379,1.52327,20.4392,0.144488,3.48192,,,,6.76073,10.7224,8.12589,5.52321,37.6521,70.4006,15.905,15.8716,0.717177,1.49647,0.705883,4.16471,0.917648,2.41522,5.22085,39.738,1.86353,66.0672,0.148999,60.3233,2459.2,76.7385,88.0391,3.25734,2.11221,97.1338,1338.34,76.8807,18.8972,,4.82967,9.48506,,17.7453,55.6409,2.28151,12.6379,2.72753,
2016-01,25.5736,22.5596,90.3498,80.3624,30.9199,18.6327,36.0486,,6.01663,,34.4184,20.6482,,8.56263,8.54118,27.2363,23.559,17.3858,,10.9201,4.52851,0.578172,6.11511,12.7913,,30.3184,7.50494,33.6751,10.7228,4.09451,11.3589,14.6412,8.22451,10.1938,,69.4134,77.2942,39.6519,80.959,26.8305,72.1815,71.5413,46.0676,43.1801,38.2944,38.881,9.31284,40.2949,75.4023,36.4182,32.7317,9.03208,22.2006,14.0719,17.5639,12.6091,3.22942,16.1557,4.29079,23.3104,21.9345,34.3739,11.3482,3.61507,9.818,2.07825,2.22949,55.6787,14.5144,37.1385,8.12921,5.84839,2.04368,0.833996,6.9728,2.09086,15.8613,0.702959,3.07048,14.4598,0.840276,7.61185,1.78941,34.1434,5.41451,13.4861,5.83919,23.3961,4.63327,3.00085,2.70534,2.74372,0.68568,,0.363007,,13.0062,1.85456,2.78815,23.1346,6.65254,79.0469,8.82307,1.65286,26.8024,2.43575,8.64504,0.348582,9.72721,1.40428,20.9536,0.156174,3.19449,,,,7.0848,12.0719,7.76371,5.3209,36.227,63.8304,15.634,15.6705,0.787875,1.35306,0.634246,3.29808,0.747001,2.04719,5.11235,37.3873,1.93093,58.2703,0.139427,54.7922,2416.92,69.6852,77.7839,2.84654,2.14876,95.7133,1373.1,74.6647,14.1025,,3.44492,7.9929,,14.1036,37.8821,1.56828,8.55249,2.41359,
2016-02,26.2324,26.7455,90.9094,78.0471,29.4012,17.6175,35.834,,6.04189,,36.0096,28.0529,,11.4005,11.4634,27.1834,24.1682,17.1252,,11.8977,5.24396,0.63204,6.54479,13.1303,,31.9978,6.81997,34.3297,10.8598,4.04304,11.1328,12.0892,7.37717,8.69871,,72.0534,75.4696,34.5641,76.2884,18.91,65.7447,71.5938,41.4203,38.9722,32.1791,31.187,10.1279,47.8988,75.3141,37.153,32.348,8.78058,22.8185,13.0112,16.1753,12.426,3.34919,15.4476,4.44134,23.7534,28.3618,41.1578,15.9164,4.53637,15.0619,3.72258,4.05708,75.1568,19.3983,57.7609,11.7829,7.77356,3.40803,1.24441,10.1949,3.69522,20.8257,0.776472,3.19777,19.4714,1.21673,9.61563,2.59073,36.8899,9.11202,14.112,9.67747,21.6169,7.15121,5.03362,4.03197,3.065,0.706893,,0.41582,,14.241,1.86156,2.84629,28.4382,10.0692,77.8338,7.35121,1.9818,26.0901,3.43024,14.0098,0.493833,10.0779,1.56681,20.7538,0.134172,3.73095,,,,5.51435,12.5881,7.49471,4.89012,36.1245,51.5474,15.5826,15.5569,0.985794,1.21112,0.647807,3.47844,0.647807,1.81715,5.11458,39.802,1.85893,58.406,0.135286,53.46,2443.94,70.9668,78.563,3.43599,2.88044,99.2927,1286.49,71.4835,11.8438,,3.61916,8.6838,,13.0983,34.041,2.31318,5.93952,2.27763,
2016-03,27.205,29.3632,98.3479,81.541,31.1732,20.9249,38.7891,,6.54056,,37.1593,29.419,,12.0078,12.0312,27.8779,25.8753,17.8505,,12.7041,5.55139,0.666667,7.73674,13.5684,,33.7695,7.01554,34.8358,11.6057,4.56979,10.9825,13.4794,7.66988,9.78068,,74.8237,85.9172,40.9674,82.2834,26.5367,73.3904,71.6467,52.5877,46.8251,34.8737,42.401,13.1927,45.132,77.1137,40.936,32.9306,11.4121,26.1606,14.81,18.5323,13.6295,3.63966,16.7294,4.69422,25.6342,29.0876,42.099,15.4944,4.18212,15.7691,4.28657,4.51057,77.3564,20.4181,63.8981,13.2983,7.4066,3.09895,1.83649,9.62847,4.29699,21.8083,1.50664,3.86123,19.1492,1.6511,9.4337,3.15771,39.1189,10.8157,15.6694,13.0585,24.9138,9.35127,7.25948,5.01024,3.46563,0.907696,,0.561907,,14.9811,1.94217,3.29863,30.3774,9.88579,85.5223,7.27762,2.82572,34.3851,3.869,14.9778,0.55487,17.0449,2.00749,25.7339,0.185959,4.6291,,,,6.09207,14.5635,7.87877,5.94596,37.3586,58.5009,16.5505,16.5567,1.88601,1.05168,0.771232,3.09895,0.70112,2.52279,4.92749,41.8087,6.3241,63.9881,0.158205,56.2031,2503.18,75.3851,90.2058,3.51682,3.98346,100.172,1314.32,75.3543,10.8892,,3.56037,8.8155,,15.7604,30.2664,2.7862,5.39173,2.36022,
2016-04,29.5544,33.4923,100.435,81.7346,32.249,23.8093,41.8687,40.5031,6.98189,,37.9539,38.1703,,14.8283,15.0169,29.5744,27.8489,19.0638,,14.2515,6.61296,0.998472,9.39967,14.8645,,36.1168,7.5791,38.4022,11.2715,4.84249,11.6555,15.7025,8.232,10.64,,78.756,91.589,48.3882,91.8694,33.3801,83.3289,79.8744,58.6,48.572,39.4961,57.4886,17.5034,51.6243,83.6079,47.1189,36.1626,12.5931,27.4052,17.9322,20.0644,15.7532,3.69493,19.1462,5.88539,30.1082,38.0886,54.7046,21.9964,4.96528,18.8589,7.1524,4.51395,88.0045,25.6779,77.6451,19.0802,12.472,4.74512,2.44443,15.1685,7.13506,29.0903,1.43931,5.04327,22.6474,2.82906,9.82868,3.30974,46.578,15.1362,18.9042,17.5973,26.5502,15.0022,11.691,6.77886,4.2977,1.15618,,0.878252,,16.2721,2.03699,3.62692,35.252,12.3094,95.978,8.13648,3.7877,48.8165,4.15485,15.1331,0.758907,21.2598,2.30863,28.6846,0.258274,5.95808,,,,8.14515,15.0275,8.85935,6.29849,40.8995,64.2148,16.0491,16.0423,2.47025,1.13045,0.837373,3.27971,0.73968,2.75282,5.13611,41.4006,4.45204,59.1966,0.180846,58.8062,2450.9,75.8661,93.5004,3.71429,6.9646,100.804,1418.49,77.444,10.6981,,3.53127,9.59587,,15.5851,32.3397,3.91925,8.63637,2.85976,
2016-05,28.3688,29.4081,94.9224,82.2676,31.5537,23.6995,40.9355,39.9648,7.06096,,38.3918,32.5816,,13.2661,13.1911,30.0317,27.2114,19.1756,,13.0356,6.91909,0.905306,9.07269,13.5048,,33.5527,7.22556,37.0292,11.8514,4.12972,11.277,13.7351,7.82983,10.5705,,79.6526,91.1197,44.4131,96.1175,34.5973,81.7274,78.2967,61.3035,50.5714,40.3517,55.2839,17.792,42.4899,79.5946,48.1205,34.6716,12.49,25.8458,17.0929,20.8638,15.4282,3.89636,19.7731,6.09556,29.1812,35.158,52.0276,18.9893,3.70369,15.3346,5.32394,3.75875,79.1547,22.7886,69.3174,17.163,11.9456,4.5314,1.99592,15.4076,5.37823,29.4264,1.2741,4.84469,20.4736,2.44528,8.70173,2.65617,39.2193,11.865,16.6269,13.8709,23.2581,11.8111,9.0195,5.27543,3.63655,1.02347,,0.714296,,16.882,2.12269,3.22987,29.2225,8.97939,86.398,6.97779,2.61476,41.6677,4.13754,11.4607,0.625604,18.4789,1.96908,27.9798,0.174294,4.58651,,,,7.81524,13.2781,8.34819,5.49254,43.9715,69.0632,14.86,14.9728,2.53675,1.0842,0.681099,3.0719,0.653299,2.15315,4.58429,43.5468,4.2117,57.7813,0.173428,57.666,2489.45,73.7175,91.3798,3.50649,5.63347,100.765,1425.98,76.6569,10.9596,,3.49351,9.79599,,15.033,29.7585,2.98283,4.79349,2.32945,
2016-06,29.592,30.8307,93.245,82.4625,31.7734,23.7466,42.173,41.2876,7.24514,,37.2686,39.5684,,16.28,16.0573,30.9889,28.2291,19.9715,,13.9452,8.89085,0.953398,9.83158,14.4686,,38.0113,8.12711,37.1273,12.5073,4.19061,11.7584,16.4819,8.45569,11.2188,46.3252,83.6013,94.2654,44.0756,96.0767,34.6962,83.5224,78.9347,59.5309,53.2822,35.9939,55.8404,18.5766,49.4949,82.2246,51.4994,33.6267,12.9155,25.9027,15.5645,22.7191,15.9284,5.09744,20.1062,5.98166,27.9404,42.3279,61.7623,24.0962,5.13883,20.5537,6.09127,4.41983,95.0066,28.7036,88.9465,19.9015,17.1279,5.73576,2.7436,18.9761,6.09588,30.7839,1.76016,4.60129,30.5929,2.99007,8.66115,2.84009,42.4762,13.1806,17.4681,13.9003,24.0095,16.0628,9.5573,6.43759,3.66211,1.08185,,0.910472,,18.2761,1.95602,2.67514,29.1269,8.76989,90.8374,6.49775,3.35557,39.9653,4.11209,13.2864,0.601499,17.0163,1.70817,27.8416,0.202766,4.95237,,,,8.37986,14.1063,7.49117,4.52413,43.9506,60.7084,14.0707,14.0709,2.85402,1.21919,0.761997,3.14497,0.817415,1.87343,4.31671,44.1447,4.54427,53.3216,0.243945,56.2191,2378.34,71.4654,79.7763,3.15712,7.4386,122.761,1465.71,79.1887,9.81998,,3.20784,8.82374,,12.3045,24.9689,2.17291,4.74451,2.41307,
2016-07,28.8291,34.3588,97.8326,84.6745,32.7118,23.1051,41.3116,40.2324,6.95186,,38.6889,43.9066,,17.4118,17.5127,29.322,26.7493,18.7162,,12.7858,9.29895,0.876182,10.858,14.8067,,35.4785,7.78341,36.7878,13.2535,4.40462,11.995,18.5703,9.03286,11.646,52.5293,79.458,92.3016,41.5795,92.6241,36.6986,82.0948,78.1941,56.4883,50.2188,36.3437,52.2618,22.4113,55.2258,83.8576,49.7264,35.6963,12.7071,25.1893,16.1457,22.1624,16.4486,6.93701,21.397,5.83295,29.4512,47.6853,67.2277,24.7118,6.52324,24.9757,6.4505,5.60426,96.3742,34.053,104.578,23.6297,18.4103,7.17438,3.42685,21.7734,6.43707,28.115,1.63997,4.62971,35.3249,4.36341,9.15266,3.41121,44.8057,14.804,17.2068,16.1975,23.166,19.4906,11.7994,6.73683,4.54857,1.51922,,0.913656,,20.8876,1.72144,3.0052,33.4227,10.5326,83.8174,7.36865,3.81932,42.7751,5.66219,18.2227,0.836932,24.0376,2.23831,30.5274,0.219392,5.9212,,,,10.2521,14.1972,8.04704,4.37414,46.2696,67.6842,12.2821,12.2741,2.47565,1.33219,0.735478,3.09456,0.777109,2.11214,4.26019,45.5018,4.37124,56.453,0.233311,55.8033,2560.77,72.8545,90.0224,3.73248,10.3941,120.002,1570.94,82.84,10.0515,,2.97669,7.82634,,11.7303,24.7576,3.272,4.89393,2.43729,
2016-08,29.2988,32.4836,102.076,83.3418,31.0811,24.4287,41.759,40.6834,7.09635,,39.5823,36.5599,,14.4855,14.5297,28.8696,26.6584,18.5168,,13.0047,10.029,0.902961,11.0218,15.6518,,33.6073,7.72271,36.6967,14.5785,4.20509,11.6145,17.0841,7.75823,10.8295,51.1427,78.4329,91.4608,41.7754,100.403,41.5018,88.8361,80.3386,53.4266,49.2576,35.4369,49.96,21.0736,56.5865,82.1991,48.9411,36.7655,13.0528,25.4189,16.3244,24.3664,16.3736,6.65376,21.7385,5.98664,32.1345,41.4048,58.6232,19.2326,5.27887,18.3245,4.97367,4.32492,87.2734,30.974,90.6155,21.0905,15.4642,5.12976,2.74553,17.0309,4.98306,22.0097,1.52986,5.03644,29.0746,3.88812,8.9524,3.14613,41.4537,13.7555,17.8423,12.8487,23.0377,19.8469,10.3636,5.48993,4.12044,1.97051,,0.7204,,20.1737,1.4045,3.21704,31.7866,8.70672,86.1461,10.3704,3.49728,42.2851,5.38486,15.0626,1.1298,22.073,2.18158,27.9975,0.214219,5.131,,,,11.1085,16.8394,8.05455,4.49194,45.1811,66.0598,11.8344,11.867,2.39851,1.40028,0.69321,3.2165,0.707074,1.63323,4.15289,48.0409,4.79702,58.1307,0.24989,59.8103,3230.89,74.9314,98.7503,3.71025,7.4832,108.716,1542.82,82.245,9.59388,,2.87249,6.65866,,10.9427,22.353,3.078,3.8066,2.63798,
2016-09,29.7839,36.1536,101.486,84.1446,31.4371,25.6564,42.952,41.8048,7.28124,,39.0863,38.1596,,15.1126,15.1864,29.5458,27.544,18.9024,,13.6534,11.5856,0.86287,10.7867,16.0411,,34.1554,8.02332,36.8656,14.8652,4.07564,11.2477,17.9278,6.56906,11.2918,53.2748,78.3705,93.3642,44.1321,101.518,42.2062,96.8554,76.7957,68.4944,49.9092,37.2744,50.097,22.1295,57.3719,82.1484,51.1596,37.6777,13.4207,26.0533,16.1438,23.3073,16.8949,6.67723,21.1439,6.56058,34.3639,42.466,62.5585,19.9873,5.11123,18.0874,5.23532,4.31084,87.3899,32.9735,95.7475,21.2937,15.8746,5.60154,2.86989,21.645,5.2199,26.8403,1.80653,4.61522,32.4429,4.62198,9.36834,3.78843,45.8198,16.8618,20.7021,13.5279,23.4097,21.9249,11.239,5.32575,4.27959,2.39757,,0.841254,,22.272,1.54864,3.22038,31.8991,9.61251,87.2099,9.95829,3.64116,48.2706,6.73833,14.0038,1.32068,22.8083,2.20173,28.5073,0.212633,5.54819,,,,12.0548,17.1575,7.36323,4.52724,43.435,61.085,11.0591,11.0102,2.10092,1.36926,0.650055,2.19912,0.677717,1.54857,4.12215,47.3824,5.50472,59.2288,0.239487,59.6727,3186.19,74.9412,100.075,3.72923,7.66171,103.797,1599.65,81.6247,9.18836,,2.78582,6.54558,,11.1563,21.6159,3.32711,3.80578,2.53044,
2016-10,29.8283,37.3315,99.056,77.2816,30.0582,24.1464,42.1457,41.2276,7.1254,,38.4712,34.783,,13.8986,13.8966,29.6498,26.9337,19.0559,,13.4406,11.7667,0.733776,11.3453,18.1646,,34.237,8.11679,37.3738,15.0683,3.60113,10.8868,16.5303,6.78773,11.6636,50.9971,74.7216,94.906,44.3117,95.8782,36.2095,90.6012,76.6895,63.9616,45.303,36.565,43.6302,19.5119,49.5465,81.6184,52.3711,41.3066,13.3522,28.2224,16.2607,22.5945,15.9237,6.08857,19.4592,6.30308,35.0003,39.9843,58.5828,19.816,4.36808,15.5912,4.7941,3.9107,81.7722,29.3748,84.9947,19.348,14.4087,5.53931,3.14968,21.8154,4.82035,21.5666,9.90577,4.93207,27.6053,4.00445,9.13688,4.20168,47.563,18.5497,20.6909,13.9092,25.2385,26.3153,12.9233,5.68285,4.24325,2.15421,,0.834885,,21.9805,1.33958,3.15953,30.0789,10.0978,73.4661,7.25221,4.57554,57.0147,6.84225,11.0862,1.68242,25.1276,2.39797,31.2859,0.217286,5.74729,,,,13.5705,18.4448,10.3389,5.35776,44.8212,63.8725,9.93562,9.94475,1.66594,1.24324,0.552549,2.00299,0.7045,1.43783,3.83429,48.3717,5.35973,59.4943,0.251506,59.4425,3489.31,71.1541,100.267,3.89387,7.22051,111.107,1491.76,74.7636,9.41897,,2.70266,5.43082,,10.4781,18.1757,3.33761,5.42769,2.58794,
2016-11,29.6734,39.9762,96.343,72.4467,27.1452,26.6882,44.3835,43.6375,7.67031,,39.2091,29.4691,,11.7569,11.7461,29.9732,26.2532,19.1715,,14.2397,11.9304,0.743973,11.801,17.734,,34.8569,7.89784,37.3115,14.4142,3.62114,9.37504,13.1636,6.1507,10.2135,44.1146,79.1072,102.247,49.5593,113.447,46.2585,102.885,75.1761,71.0296,48.2005,33.8825,45.4957,23.7275,53.7831,87.8271,60.5372,48.19,14.2091,30.1948,17.4432,23.2807,16.4731,6.46956,18.7167,7.0481,36.3817,35.0732,47.5255,16.9701,3.23636,12.4333,4.09253,2.81713,72.466,22.317,86.1414,20.3844,12.9828,5.07754,2.64156,16.8341,4.1054,18.8527,8.71989,4.16086,20.6879,3.35959,11.8742,4.80773,51.2961,19.9058,22.5478,19.1269,29.2847,30.885,15.551,9.10704,5.32298,2.431,,1.07129,,24.5946,2.36432,3.77426,38.0866,12.7561,84.0862,8.4395,5.62237,77.0271,7.62659,8.23835,2.25894,28.3315,2.94456,40.4863,0.429872,6.81896,,,,13.1249,24.0581,11.7083,5.21955,44.8632,70.8778,11.8767,11.8917,1.96046,1.2175,0.608751,1.84009,0.622586,0.840978,3.7186,48.4814,9.00675,62.8193,0.326756,59.1929,3125.64,71.6184,95.5984,4.10336,11.542,105.621,1428.65,69.6715,9.1972,,2.3739,5.71224,,9.73075,20.1045,3.78998,7.31468,3.27034,
2016-12,32.1219,40.339,101.228,74.3001,28.4832,26.8316,46.1393,45.0757,7.89186,,40.3097,31.4372,,12.6553,12.6275,30.3584,26.379,19.559,,15.2549,13.1418,0.841256,12.8044,20.0511,,38.0993,8.65038,40.4465,13.409,3.98055,9.63242,12.9512,6.53591,10.7275,48.73,81.7626,107.839,51.1973,106.27,43.7527,101.427,75.8331,68.3362,44.9669,32.7097,44.4452,21.0112,54.5155,88.2127,61.8629,48.6535,13.4737,30.9525,17.0711,23.0443,16.2043,6.66911,18.8434,7.16589,37.817,36.8785,48.6094,18.0488,3.17207,11.9407,3.86736,2.72974,75.0299,23.6436,78.3353,18.2251,11.7412,5.32483,2.58613,16.6749,3.87013,21.9885,9.32552,4.20441,20.7868,3.21424,11.4875,4.71448,53.5094,19.2422,22.1472,16.4301,28.4815,24.4157,13.5193,7.71169,5.16404,2.61364,,1.29653,,24.7633,2.07913,3.85201,36.9045,11.8391,79.2635,8.16013,5.07487,72.544,8.78745,6.99684,2.27726,27.5409,2.85352,40.741,0.416136,7.3728,,,,12.4286,22.9237,10.801,6.01618,47.3592,74.9639,13.6222,13.5893,2.38027,1.54904,0.705367,2.26824,0.733028,0.839062,3.91017,49.1339,8.824,63.5928,0.284562,65.9743,3339.08,77.7762,98.8998,4.16601,11.0143,113.005,1462.57,73.7898,9.23881,,2.76753,5.59058,,11.0068,19.5782,3.74477,6.13235,3.44133,
2017-01,30.9854,44.2974,103.433,74.3092,27.8425,25.6449,44.2357,42.8054,7.42876,,40.8736,34.0602,,13.5787,13.6956,30.0389,27.2411,19.5215,24.4451,15.279,13.1694,0.883389,13.582,21.3649,,36.7441,8.08349,39.2023,11.9939,3.84097,8.89973,13.5951,7.01239,11.0204,48.0243,75.552,101.43,49.4997,109.951,43.3754,101.481,71.7315,64.2879,41.4457,33.5652,41.59,19.4113,62.3368,87.4509,64.3243,46.9645,12.634,29.0231,15.2325,19.9099,14.5163,5.8219,16.4501,6.23987,36.7948,39.0431,54.8866,20.7066,3.67756,14.3565,4.82164,3.13145,81.186,26.9255,89.0553,23.482,13.8325,6.35277,3.31971,21.0764,4.77619,23.8799,10.3996,4.62236,24.9119,3.77272,14.3112,5.58846,59.562,22.6864,24.5407,20.6198,34.0082,29.5541,16.949,10.4358,6.55065,4.16643,,1.52174,,27.2307,2.63451,4.09474,47.6273,21.1759,80.0832,10.3129,6.74053,68.8362,8.65265,8.92692,2.59181,28.5594,2.99133,38.4899,1.06557,7.58421,,,,13.0996,18.5624,12.4144,6.13835,45.6511,71.4035,16.4925,16.3574,3.78141,2.21385,1.01754,3.02513,1.0588,1.2724,4.40781,51.0517,7.35657,67.2563,0.298764,69.8032,3320.44,74.5023,100.665,4.90221,11.4193,114.566,1460.17,74.4667,8.78447,,3.11703,5.71699,,11.3098,21.1012,6.33141,7.80691,3.17183,
2017-02,30.6578,43.4339,102.84,77.0495,28.693,24.4404,43.3156,42.1032,7.32861,,41.6296,33.1447,,13.4747,13.4607,30.025,26.6808,19.5961,24.2931,14.796,12.8464,0.81319,14.1976,19.8112,,35.3032,7.69311,38.9484,12.0446,3.85451,9.14524,14.7067,7.12615,10.6381,46.9067,73.6753,103.134,48.3977,105.114,41.1695,96.5914,69.1641,56.3406,40.8308,32.8705,35.4085,17.7854,62.663,84.2003,60.8044,44.8609,12.116,29.4516,14.2718,19.0589,14.092,5.14806,15.699,6.49779,34.4342,36.7322,48.7541,20.8301,3.22736,12.4085,4.36284,3.06042,80.3963,23.7119,81.2478,21.5428,14.4805,5.40074,3.33093,20.8167,4.36677,20.8757,9.10997,4.40874,25.2745,4.04175,13.8061,5.46918,55.8191,21.0555,21.9741,16.5429,32.4685,24.3708,14.1378,10.4377,6.51267,4.00198,,1.64237,,28.5463,2.49007,4.08325,45.0552,19.3138,80.2085,11.1716,6.8316,65.1463,9.62773,7.96581,2.70816,32.5271,2.94797,41.5355,0.894416,7.61192,,,,12.7724,16.2513,12.7019,5.83791,48.6443,84.6989,14.3003,14.3731,3.93953,2.04241,0.945815,2.86486,1.05547,1.18405,4.54251,56.9633,8.34785,68.1623,0.262097,72.3217,3129.76,74.8011,98.1497,4.89717,13.8367,117.998,1531.56,75.0942,8.9153,,3.11841,5.36218,,12.1864,20.0905,6.80544,9.53656,3.10972,
2017-03,31.7369,43.24,107.778,78.9868,30.5426,24.4617,43.3078,43.2242,7.20639,,41.1027,32.5699,,13.1494,13.2033,29.2162,25.996,18.9795,23.6005,14.2921,11.7101,0.71677,15.547,19.1478,,35.6663,7.77904,40.1164,13.5118,3.69492,10.6178,17.1312,7.3122,10.9845,49.8773,74.2401,98.3512,50.6965,108.007,39.6393,97.0702,67.5931,55.0103,41.6219,31.2413,37.3027,19.152,61.5957,81.7659,55.9251,44.4824,13.7771,28.9644,12.6742,18.9956,13.3988,5.39158,15.6751,6.1281,33.7461,35.3839,48.749,21.2725,3.73834,12.2243,4.32235,3.04873,81.7373,25.2559,86.0983,21.0097,13.8301,5.47853,3.05808,21.4108,4.32479,23.2407,7.92892,4.85979,26.5268,4.22923,14.2217,5.33043,54.4643,20.2574,20.9526,16.4801,31.7607,26.3801,14.2855,8.76154,6.05813,4.76662,,1.33548,,28.0321,2.21002,3.51808,44.7713,17.3806,81.2312,8.90262,6.26546,51.6031,9.60277,8.64634,2.85576,31.142,2.93712,39.5923,0.910448,7.56765,,,,12.0918,17.5724,12.8396,5.52464,47.6424,81.9522,14.3591,14.3196,3.21864,1.94488,0.849173,2.9721,0.903958,1.07723,4.17079,58.4503,8.28628,71.7101,0.284091,69.4978,3119.57,79.3175,98.5175,5.0261,10.6479,118.881,1556.02,78.3616,8.58452,,3.00821,5.51977,,12.3732,17.8138,8.62144,10.2859,3.41792,
2017-04,31.7047,42.8433,112.953,81.5901,30.5573,23.3515,42.3877,41.319,7.01599,,42.1556,31.7225,,12.7808,12.8092,28.688,26.0962,18.7143,23.1671,13.7556,12.3551,0.717174,17.1746,19.6664,,35.2081,7.7733,40.6118,14.6058,3.48174,10.5362,17.0626,7.14736,10.8899,50.772,73.6957,97.4484,48.56,103.659,37.4095,91.9296,65.4574,52.1712,39.4884,28.9367,33.8566,17.2746,58.9191,75.7725,51.9865,44.0173,13.4026,29.5635,11.1653,16.7385,12.3444,4.87014,13.9289,5.58496,31.8215,36.1891,54.7778,18.6743,3.43164,12.9351,4.28502,2.70473,84.7425,24.2113,86.9076,20.0508,13.3993,5.65352,2.73659,18.2058,4.26692,24.8294,6.87686,4.58649,25.5797,3.99734,14.7582,5.34057,53.6889,18.9914,20.6141,15.6811,31.208,25.0268,12.8177,7.95895,5.7361,4.79355,,1.06079,,27.3248,2.4951,3.98782,43.7695,18.6266,86.0756,9.49081,5.8313,57.9108,9.42439,7.98944,2.77024,29.1064,3.16852,41.0424,0.878308,7.01218,29.9261,9.06329,,11.8333,21.248,12.6397,6.26901,47.2024,81.4727,12.4025,12.4048,2.97697,1.69332,0.710104,2.38977,0.751071,1.04994,3.9229,60.1997,7.08738,74.9692,0.309308,71.0788,3158.5,83.3518,97.0994,4.92177,8.68971,117.391,1629.15,80.8374,8.50923,,3.21403,5.58419,,12.1472,17.7611,6.84492,9.45141,3.2779,
2017-05,32.4236,42.0608,116.291,87.2477,33.7307,21.817,41.567,40.2259,6.68839,,42.2833,31.9956,,12.7712,12.8665,28.0697,26.1872,18.3245,22.8403,14.6242,11.8684,0.779471,14.885,18.8203,,36.5474,8.11513,41.648,14.1095,3.54128,11.7323,20.7625,8.19154,11.8281,55.8369,73.2812,95.3875,45.5109,96.2262,32.1623,89.6764,62.6277,50.1119,37.5271,28.0661,29.4476,16.4981,63.2434,73.1004,51.161,40.9716,12.1492,29.5734,10.0058,17.0622,11.7957,4.47231,13.9619,5.37317,28.4607,36.5218,55.5076,18.4915,3.77685,12.8788,5.28729,2.47928,92.7493,24.9265,98.7994,20.8626,12.336,6.09895,2.70196,17.429,5.30989,20.5988,5.69956,4.83113,27.4775,4.45719,13.961,4.96314,53.8373,17.5213,20.3665,14.1194,30.9272,21.5119,11.3581,6.83011,5.95676,3.90985,,0.942011,,25.981,2.19884,3.83555,42.7079,19.6749,83.9134,9.20982,5.68372,58.2515,7.74616,5.0427,2.97811,26.4631,2.94969,38.5678,0.749543,6.82527,28.5826,8.58391,,12.1945,16.6845,12.5397,5.81105,43.1913,82.8685,11.9139,11.9419,3.09723,1.89654,0.613988,2.12849,0.709497,0.547733,3.80856,59.5824,6.82209,78.1994,0.32131,82.4928,3440.26,85.6259,98.6697,4.75525,7.60992,125.643,1687.51,88.7284,7.13492,,2.8819,4.1196,,11.7043,16.5149,5.7402,7.68091,3.13531,
2017-06,31.3898,42.9726,116.215,87.1299,32.9611,21.1702,40.9091,40.178,6.72926,,42.0678,31.1896,37.9386,12.5997,12.5822,28.0513,26.6709,18.2997,22.5879,13.8875,10.7058,0.770536,13.8672,18.4417,,35.9425,7.81398,39.5471,14.0702,3.53911,11.678,20.4988,8.87696,11.7188,58.0998,73.424,96.0838,44.727,92.0451,30.288,89.8035,64.3625,51.3192,39.7452,29.4583,29.5867,16.9716,63.1731,69.0986,48.5022,40.4594,12.1784,27.6614,8.25885,18.2426,12.3197,4.46913,13.9538,5.64072,28.8396,34.6594,51.6884,17.7711,3.66803,10.9805,4.98835,2.04355,89.8951,24.1511,95.9482,20.1027,12.5973,7.03401,3.02216,18.9687,4.96327,17.9457,5.85147,4.48257,26.2934,4.33075,14.1419,5.07401,57.0942,17.6525,20.7221,14.745,30.6075,20.9162,11.3312,7.67883,6.11208,4.37516,,0.986246,,25.9028,2.12526,3.87494,42.2935,21.2384,90.1079,9.40595,5.93638,58.8718,7.8254,4.60999,3.65079,27.8565,3.28491,40.7865,0.884725,6.77043,28.7448,8.5962,,10.7101,17.8268,12.8144,5.8176,42.9446,77.2338,11.8429,11.8284,2.98537,2.16746,0.5998,2.16746,0.858804,0.481798,4.09187,59.7121,5.76626,79.9577,0.332819,77.0697,3360.19,87.3733,103.119,4.87198,8.93259,116.926,1633.02,91.4305,7.17624,,2.83153,4.37829,,11.794,16.4999,7.10013,7.75585,2.77333,
2017-07,32.5604,47.7832,116.221,89.0498,34.0253,22.0715,42.4651,41.2958,6.87306,,43.5019,32.4934,38.2833,13.1078,13.1365,28.6923,28.2837,18.8144,23.2822,15.6611,13.6215,0.978213,15.2196,18.968,,38.087,7.95328,40.3265,15.353,3.54757,12.3523,21.5076,9.24755,12.1191,61.5285,72.8467,100.629,46.4755,99.4413,31.5793,94.6276,66.623,53.2945,43.2415,28.1282,26.9748,19.0522,58.6613,72.0449,48.2288,39.3339,12.9474,30.978,9.43707,18.8764,13.0653,4.65522,13.784,5.86804,30.1924,39.8018,53.5468,18.9011,4.20849,11.3272,5.05312,2.24326,90.3311,24.6781,106.775,20.1525,12.6319,7.36626,2.71213,20.9936,5.05067,14.3693,6.21414,3.92007,27.4764,5.05212,16.9169,5.96828,62.6704,21.8285,24.548,17.9618,34.7944,26.269,14.8507,10.3404,7.76145,5.38582,,1.31361,,29.8221,2.46192,3.93528,47.1837,22.89,99.6131,12.0043,6.80948,75.1237,8.17801,5.14125,4.24253,31.9854,3.65781,40.3587,0.923076,7.73795,32.9882,10.9774,,11.4547,16.5173,13.2946,5.82542,43.8051,81.2137,13.3487,13.3443,3.45123,2.1826,0.695702,2.42814,0.873038,0.500997,4.18167,64.5704,5.72931,81.4894,0.338342,78.1148,3492.1,86.0358,104.908,5.65701,9.97213,114.762,1685.31,88.293,7.35665,,2.84031,4.06342,,12.5006,15.8087,7.25682,8.34309,2.6854,
2017-08,32.4464,50.0598,117.005,90.5416,35.605,20.4789,40.9851,39.9054,6.53965,,43.0184,34.6133,40.6059,14.0273,13.9813,28.6714,28.6309,18.8906,23.2194,15.9836,13.1998,1.31454,14.7723,19.3458,49.0113,37.2262,7.78409,41.1658,15.6711,3.50113,12.849,25.5367,10.5982,13.3486,66.6372,69.934,99.8797,44.5904,93.8811,29.6796,84.2799,64.0323,41.7094,42.2121,26.7794,22.1168,16.4906,55.3678,66.5002,44.1533,36.2141,12.8526,29.5658,8.66442,16.3627,12.3028,4.43765,13.1884,5.64434,29.6081,40.932,58.7024,20.0823,4.69018,11.4287,5.57607,2.54548,101.695,25.3076,114.588,22.2819,13.5391,9.03073,2.96157,21.5781,5.50114,13.7632,5.73871,4.40082,28.3308,4.44268,18.1383,6.29262,65.3839,23.9617,25.7766,18.1042,36.02,29.6859,15.964,11.4458,8.03668,4.87909,,1.59405,,33.1489,3.10578,4.39753,56.7098,26.5482,98.3256,15.3686,7.49311,79.0435,10.0779,6.3577,5.2204,32.643,3.63557,39.1473,0.973095,8.84696,34.0158,13.6913,,10.963,18.2673,12.8317,5.7111,43.1127,77.5596,13.0232,12.8725,3.16892,1.79527,0.652824,2.51609,0.82963,0.494565,4.02821,67.007,5.14099,85.029,0.315377,78.6601,3326.38,85.883,101.891,6.31372,10.7666,114.694,1691.04,88.1499,6.36394,,2.56624,3.35242,,12.9952,12.5824,8.22242,11.366,2.45841,
2017-09,34.4426,48.5103,124.398,88.9971,35.0125,22.9585,44.307,42.9374,7.10109,,44.7264,32.4693,38.1244,13.0993,13.1095,28.5296,28.4502,18.8492,23.2054,16.9243,13.9874,1.15251,16.8892,21.5268,52.153,40.5881,8.6083,42.866,15.3522,3.37801,12.9332,23.0016,10.4966,14.6822,72.7517,74.715,108.475,50.8473,100.762,34.5778,95.4264,69.3703,48.9245,43.9431,26.9224,24.8282,19.0982,57.9722,73.2363,52.1184,38.9137,14.2343,33.456,11.2849,17.2549,13.0941,4.61842,12.7766,6.18801,32.8233,39.9131,51.5013,17.8667,4.53842,10.4155,5.15746,2.24937,96.0588,23.1269,105.138,20.2521,13.6609,8.25261,2.98866,21.9898,5.17859,14.8577,5.53918,4.31202,25.4049,3.70414,17.1545,6.17482,62.5136,23.6038,23.6741,17.1071,35.0028,25.4541,15.0473,9.85278,7.40213,4.32958,,1.48318,,32.1204,2.82323,4.17562,59.9336,22.4309,104.733,13.8671,6.78033,80.2339,10.0223,4.40719,5.26016,31.1781,3.51412,39.1417,0.929,9.31504,33.8483,11.7627,,11.1649,21.5045,14.1331,5.75446,44.1207,71.8065,12.5915,12.6476,3.00341,1.86698,0.622328,2.16462,0.771145,0.488181,3.84973,68.2376,5.04627,78.604,0.337074,77.7455,3288.8,92.8113,107.902,6.37844,9.15978,118.711,1788.62,86.4358,7.76477,,2.70929,3.75688,,12.0433,14.3803,6.96049,9.42043,2.43556,
2017-10,35.4998,50.8719,126.343,91.0389,35.5162,23.2167,44.7276,43.2859,7.05435,,45.7294,31.6234,35.9872,12.639,12.6846,29.2858,28.9151,19.0891,23.6228,17.1382,16.6359,1.01904,17.3037,20.7733,55.9828,42.1394,9.08084,44.8397,19.7346,3.02765,13.2914,25.5039,11.0267,15.737,71.5343,76.0116,107.056,52.2758,110.295,34.7788,98.748,69.8034,44.4841,42.1511,26.2626,22.9905,18.1965,60.1984,67.2317,48.4238,33.4198,14.8428,32.4351,10.9318,15.543,11.6353,3.87921,10.7379,5.73262,31.6982,38.5009,50.8728,16.0558,4.18305,10.4333,4.80775,2.15847,98.5511,25.1417,103.13,19.4092,12.3683,7.43204,2.70218,19.5536,4.8325,8.5028,5.20388,4.05076,23.2334,3.51055,17.0274,6.46792,63.0339,24.6937,24.2163,17.0448,37.835,24.7223,15.0015,9.8874,8.23616,4.92968,5.40471,1.55174,18.444,33.2034,2.99155,4.30847,61.4637,18.9524,101.285,15.1619,6.59597,98.0571,9.19403,5.17391,4.51291,34.9195,3.56825,42.2797,0.944627,9.50816,36.0646,12.9936,,11.3741,45.6654,14.2603,5.97402,42.4454,71.1485,10.606,10.6471,2.54503,1.43497,0.555034,1.86816,0.717483,0.479236,3.70518,73.0344,5.40143,80.8707,0.300508,78.1334,3178.33,98.1939,107.768,6.7849,7.64011,115.533,1839.86,87.6694,7.77506,,2.68376,3.12567,,11.5457,13.1458,7.74673,9.76798,2.37766,
2017-11,35.4682,49.5635,126.717,91.9434,35.8207,23.5139,45.2748,43.8005,7.13353,,46.2021,31.5414,35.5314,12.5757,12.6572,29.1121,29.5052,19.2029,23.673,17.2584,17.1398,0.993315,15.1244,22.0782,58.4552,42.6529,8.84124,45.1624,21.9055,2.61821,13.7001,23.2682,10.7578,15.5228,73.9144,76.658,110.946,51.9986,112.505,36.3142,101.168,76.2121,44.9776,40.1873,25.7205,22.8757,18.8842,62.2318,66.0221,47.335,31.7943,14.3848,33.2806,10.708,15.2148,11.6981,3.6762,9.3808,5.4402,32.8182,39.3837,49.9489,15.3434,4.45689,11.7232,5.06323,2.29566,100.67,25.418,101.423,18.0249,10.719,7.35064,2.71279,19.8529,5.0922,7.74503,4.97886,3.76899,23.3935,3.70559,16.4757,6.1446,63.1614,23.9986,24.2752,16.9712,37.2507,27.7164,15.3717,9.63203,6.2757,4.64147,6.84117,1.47348,17.662,29.9231,3.17385,4.61418,53.3968,17.9366,98.9133,14.3493,7.2089,119.596,8.36066,5.61754,4.56831,36.5979,3.41293,43.7444,1.15013,10.429,38.8891,17.7841,27.4045,10.8146,48.2627,14.4538,5.97564,41.752,69.7009,12.2213,12.2566,3.23536,1.80043,0.663317,2.36899,0.866374,0.471065,4.3994,76.2561,5.79387,80.4958,0.29962,79.3293,3188.12,96.0789,111.989,6.0012,8.53723,121.422,2182.58,88.9514,6.65054,,2.64974,2.82864,,10.5943,14.4252,7.22294,9.24723,4.36885,
2017-12,36.6825,55.201,127.71,93.6092,34.9799,25.0313,47.3535,46.4868,7.61779,,47.3535,33.1312,38.835,13.1952,13.1929,29.7776,30.4765,19.6852,24.1407,18.2372,17.7897,0.971706,15.4038,21.5138,54.9942,45.2263,9.52381,45.0304,22.6811,2.50582,13.5301,20.8174,10.1628,14.6764,69.6954,77.0254,116.796,56.1297,130.016,39.1037,106.758,80.5688,45.4236,38.4028,25.7356,21.6964,19.8164,69.3819,71.3854,55.6298,33.8569,15.2113,35.1397,10.2754,15.3086,11.2121,3.3392,9.4979,5.68713,33.894,40.0553,52.8025,16.1212,4.53331,11.4382,5.26106,2.33446,99.5308,26.9556,100.747,18.5358,11.3311,7.89676,3.31283,22.3108,5.24257,9.75127,6.0097,3.79184,26.1002,4.30406,18.3506,7.11269,71.6732,27.5804,27.6975,23.1296,42.0591,31.9379,18.6883,11.7139,7.17458,4.5689,8.16798,1.5517,19.9169,32.4803,3.01631,5.56472,69.3369,26.6025,109.179,15.1027,8.33237,141.443,9.03008,5.0961,5.32676,39.6349,3.95365,49.2106,1.18681,12.9048,45.9911,20.141,49.2449,11.6807,41.5105,14.2906,5.76689,41.9861,69.9191,12.136,12.1438,3.46753,2.39747,0.744978,2.42456,0.921063,0.486395,4.55812,73.9062,5.43157,81.4389,0.254173,80.0616,3180.2,97.2437,114.572,6.65673,9.24769,124.319,2454.57,89.4689,5.88726,,2.45948,1.745,,10.3432,12.7089,8.08124,10.8395,3.6478,
2018-01,37.9689,58.4442,134.731,93.3599,35.2473,25.448,48.4037,47.1022,7.75113,,48.3363,33.2481,37.3921,13.3231,13.3639,30.219,32.0212,20.0334,24.5622,19.8116,20.776,1.06638,15.8901,22.6717,59.4933,46.7781,9.51064,46.9083,24.3469,2.53703,13.5714,20.3029,9.75821,15.9778,77.0682,79.9604,116.311,59.8124,128.544,38.8636,113.32,81.5573,48.2716,36.4299,26.1754,18.0246,18.8738,72.4921,77.52,60.7966,34.2162,14.4102,34.3851,10.6403,13.5325,10.4601,2.62266,7.2214,5.80531,35.1227,43.013,53.7673,15.9341,4.48778,12.5931,5.24467,2.19765,94.5836,26.1553,108.922,19.4543,11.0902,7.92134,3.20986,20.0346,5.23461,8.63346,6.5255,4.32634,25.5704,3.88899,17.7076,7.66929,74.2805,31.6794,29.6378,23.6595,42.801,35.1735,19.7246,11.242,7.73196,3.84402,8.4088,1.51795,20.9101,34.1224,3.54186,5.6829,66.593,29.9744,112.571,17.3111,8.86997,166.881,8.27969,4.72724,5.52218,43.9377,4.56473,51.5199,1.28733,12.7416,46.9502,22.278,40.2015,12.0892,46.1105,14.6531,6.27414,44.7488,82.3432,12.031,11.9996,3.09848,2.11505,0.687055,2.18241,0.902601,0.501904,4.259,77.0905,5.20006,87.3925,0.266471,80.3784,3337.42,103.35,113.962,6.34431,8.73835,120.181,2385.53,89.0052,5.83611,,2.35757,1.62972,,9.69754,11.4663,7.95894,10.5299,2.39569,
2018-02,35.965,55.3791,126.983,88.3804,32.9099,23.3617,44.5508,43.506,7.11561,,46.482,30.1074,35.4615,12.0731,11.9759,29.8285,30.8224,20.0013,24.1462,19.7721,18.1759,1.14036,15.52,22.3642,55.786,42.7514,8.82032,46.3527,25.8431,2.65855,12.2626,20.2776,9.4618,16.201,79.0758,69.7653,104.41,55.2823,127.086,28.6818,99.4874,71.0419,36.573,33.628,25.2258,16.7344,21.5512,67.0103,69.3285,52.3173,28.1258,13.1173,31.3425,8.14679,12.2267,9.23773,2.27784,6.33872,4.70311,30.8523,40.3772,43.2441,12.7387,4.09175,10.3802,4.31666,2.57089,86.3544,23.0102,98.4034,17.8568,10.5935,7.05411,3.14246,20.5288,4.34539,7.20529,6.11791,4.11933,22.6894,3.39623,16.182,7.17761,72.7144,32.2853,27.5046,22.4656,46.5767,34.75,21.6246,10.1229,6.98328,3.3918,8.46375,1.44913,20.6146,33.6026,3.69643,5.98348,57.3081,25.5477,102.03,15.5566,9.26164,186.5,7.84071,3.88661,5.78901,41.6694,4.3533,52.2476,1.14751,11.6372,47.2166,24.7872,39.1068,10.7265,45.1497,14.0694,5.87451,43.4002,78.3235,11.482,11.5386,2.78946,1.74341,0.63031,2.02504,0.898527,1.58521,4.20037,76.1618,4.77426,81.8172,0.273315,83.6197,3350.16,96.353,105.993,5.91179,8.92748,107.269,2329.8,82.5192,4.99911,,2.56353,1.48833,,8.87478,10.336,9.0031,11.0867,2.64986,
2018-03,35.8526,53.8698,121.868,88.7572,34.6594,23.7773,44.3165,43.2241,6.98457,,44.5306,30.4944,35.4715,12.1326,12.1496,29.3221,30.7544,19.5339,23.697,20.063,19.5486,1.30654,12.98,22.1037,63.43,41.7339,8.94715,46.4006,24.4282,2.65875,12.9882,24.9375,10.2704,16.7322,82.8134,68.5694,106.148,60.2153,128.712,29.7165,103.031,71.029,41.1173,31.6848,26.5605,18.2914,20.6463,68.043,68.2658,52.9902,29.5186,13.3073,32.8668,9.49026,14.1813,10.3782,2.74499,6.66935,4.86102,30.088,41.3526,47.6549,13.736,4.23227,10.592,4.75205,2.94739,84.3858,24.5105,104.381,19.0485,12.225,6.94453,2.88201,19.9036,4.73588,5.5661,5.72922,4.1547,23.7357,3.32624,17.2283,6.61037,67.2837,30.2961,26.1664,21.1737,47.7495,31.0557,18.4666,9.24206,6.99882,2.81937,8.70687,1.24384,18.1154,32.7997,3.97969,5.94308,57.1661,22.1315,102.337,14.5179,8.65761,162.107,6.83397,3.97753,4.54937,38.137,4.02574,50.0604,1.0435,9.78396,42.2382,22.1956,35.6696,10.6121,35.918,14.0187,5.79547,45.2317,76.6032,11.8068,11.782,2.2747,1.75286,0.602127,2.32822,0.802835,1.70898,4.00101,76.8691,4.75011,80.0099,0.269786,77.0062,3629.65,93.4858,102.818,5.07197,8.80598,107.79,2290.32,81.4434,5.70326,,2.31286,1.3784,,8.7383,10.9572,8.24544,11.4314,2.59492,
2018-04,39.3034,55.6785,124.113,88.2312,35.7955,26.1888,48.3126,47.3476,7.68004,25.5177,44.7808,31.1066,36.207,12.3819,12.368,30.0517,30.9662,20.0375,24.2912,21.8826,23.8531,1.55043,14.9477,28.7775,59.5868,46.2791,9.82867,51.5394,29.9932,2.814,13.6509,26.0196,10.1142,17.9418,84.3024,71.1722,115.99,66.2588,130.158,33.8259,115.393,84.1437,43.8441,33.3396,25.3225,17.3544,19.8048,73.7458,71.9632,59.5832,38.2318,15.241,36.3235,11.141,15.6962,10.636,3.42686,7.54349,5.76074,31.6413,41.4209,47.4887,14.8025,4.00579,9.98308,4.64936,2.49352,87.2102,25.0274,107.827,18.9378,12.9631,7.27688,3.01781,18.372,4.63074,6.29649,5.53054,3.9751,23.3499,3.43065,17.8054,6.41325,71.9498,30.5106,28.1669,18.308,46.3578,30.209,18.9173,9.10286,7.05015,2.75068,8.30394,1.16255,18.0128,33.6278,4.63662,5.27051,64.8424,23.2833,100.099,15.1268,9.38262,204.584,6.49587,3.50504,4.28421,40.8216,4.09613,50.5274,1.09856,10.146,42.4744,23.408,38.5698,10.5701,40.1321,13.3547,5.35924,47.1406,74.5353,13.6231,13.6223,2.70551,2.01247,0.61307,2.39897,0.972916,1.23485,4.02741,81.7108,4.83792,76.6308,0.25328,75.9074,3509.16,99.4221,102.542,5.41531,9.36427,99.7467,2106.8,82.2482,5.43595,,2.45954,1.33048,,9.48732,10.547,8.5447,12.8114,2.97088,
2018-05,38.7576,56.1577,122.155,86.0766,33.6196,26.6908,49.161,47.7952,7.87554,25.6231,44.9404,30.9778,36.2659,12.284,12.277,30.3759,30.2458,20.3324,24.6203,22.4179,26.4098,1.59826,16.0494,30.3758,65.5833,45.797,10.1149,49.1328,28.6314,2.56568,12.4697,24.3358,10.009,18.0959,75.7858,74.8096,115.763,68.1686,121.971,38.5444,114.565,91.3222,42.6496,34.1145,25.3636,19.7657,21.4482,84.123,71.7801,55.6972,36.6548,14.6485,37.887,11.7535,16.6688,9.87876,3.34009,6.56367,5.78428,33.0353,40.8713,50.6283,14.4673,3.72813,9.54318,4.29597,2.07952,86.3472,26.3141,108.42,20.7375,12.922,8.28199,2.85871,18.7026,4.32452,7.5241,5.43361,4.07821,23.3712,3.40251,18.548,6.53565,74.2647,30.814,30.2992,20.2579,42.9866,32.6924,20.6371,8.38357,6.71225,3.3662,9.77949,1.11177,16.1321,34.2131,4.19869,5.01032,60.6263,23.5187,111.541,16.126,9.18173,207.498,6.24438,2.55114,3.83752,38.6815,3.80077,55.5061,1.19578,11.0431,49.8037,27.2982,53.8107,11.8207,41.7775,13.1449,5.88859,45.5719,71.9406,13.309,13.3998,2.50849,1.99086,0.610531,2.44212,0.915797,1.52406,4.23092,80.2881,4.71171,75.9567,0.217697,72.5093,3391.81,95.2175,93.7987,5.58004,10.6326,97.9786,2021.97,79.1035,7.21083,,2.8085,1.67797,,8.99986,10.138,9.27585,14.6163,3.10816,
2018-06,39.1211,54.3151,122.03,86.8141,34.1516,27.5229,49.7984,48.5868,7.94202,25.0712,44.7099,30.8888,36.1391,12.3148,12.2972,29.287,29.2839,19.5487,23.69,22.4791,26.5058,1.51077,16.7235,33.0467,60.7546,45.8547,10.0778,49.9476,27.6813,2.75258,12.1163,24.5389,10.1159,18.4229,75.7755,76.0605,117.559,70.3123,132.678,40.7722,120.81,91.4279,49.7674,36.4657,28.2915,20.8682,23.5608,82.1863,70.4644,50.5662,34.946,15.1553,38.3863,11.4342,14.7586,9.78749,3.43954,6.12693,5.3461,33.6286,39.6716,51.5374,14.3786,3.72219,9.07481,4.47976,1.90523,89.5335,26.5126,112.087,20.9503,12.4474,7.699,2.69734,19.0511,4.44198,6.61102,4.87852,3.55668,19.9734,2.96984,17.2896,6.31384,73.0579,28.8515,29.6833,20.6565,41.145,30.2719,19.0763,7.16419,5.86103,2.6992,9.79711,1.0097,12.0593,31.1578,4.38729,4.38327,59.0314,20.8708,105.152,13.6488,8.64135,156.051,6.17576,2.38913,3.18531,35.122,3.3158,51.7288,1.12686,10.8899,52.2641,27.656,46.7625,11.2501,36.7078,13.3479,6.00422,47.6952,71.9914,14.4712,14.3522,2.46474,2.13346,0.662565,3.00804,0.887837,1.66699,4.0688,74.8516,4.55844,69.7841,0.243938,72.5061,3455.18,97.4543,89.3411,5.29033,10.578,101.104,2082.69,81.542,7.1877,,3.17654,1.89443,,9.15771,10.669,9.02939,12.34,2.91896,
2018-07,40.1325,53.5986,126.533,89.2155,34.9722,27.5476,50.272,48.9816,8.00976,25.1214,44.6141,29.5616,35.1972,11.7701,11.7531,28.6087,28.4132,19.2238,23.2114,22.6611,25.8793,1.74423,15.2798,34.5039,60.5623,45.3499,9.93354,53.4471,29.0943,2.58234,12.7503,28.2065,10.659,19.363,78.1687,74.9338,117.403,73.182,133.052,41.7433,125.364,91.6949,49.242,32.8288,27.2163,19.2453,21.5717,80.0503,70.9747,47.6004,36.5834,15.5323,39.9874,11.1215,16.4276,11.365,3.73886,6.63917,5.25982,32.4731,38.5854,47.0923,12.2533,3.89918,9.82577,4.28884,2.07607,89.8095,25.1768,102.411,19.2753,13.1276,7.28772,2.59262,19.5546,4.2909,7.18099,5.06455,3.95028,18.0444,2.70486,17.4165,5.80085,72.5626,29.3298,30.3545,19.8025,43.3279,31.2024,20.3295,6.7318,5.87311,2.63421,8.74681,0.976388,13.7387,28.9835,4.15367,4.15933,54.482,16.9738,113.285,17.358,9.88095,117.574,6.72383,2.48768,3.37191,38.4915,3.5315,53.0086,1.21644,11.4148,48.8248,25.949,50.7586,12.4938,35.8897,13.0808,5.6218,50.2207,71.3876,13.8914,13.8808,2.64345,2.18632,0.67577,3.90887,0.99378,1.92078,4.49545,78.978,4.09437,72.1293,0.223358,74.517,3527.97,99.0973,90.0233,5.07815,13.5384,106.692,1980.95,85.7258,6.33011,6.24699,2.87834,1.59037,,9.13111,8.66225,9.40088,11.8217,3.08361,
2018-08,39.0039,50.0207,123.57,88.8673,33.6926,26.6715,48.443,47.3622,7.72445,25.1075,44.682,25.8769,30.5842,10.3406,10.3163,28.1516,27.9632,18.8976,22.7482,22.1098,25.8897,1.59905,14.3494,34.5663,53.1638,42.9528,9.38929,51.3263,30.6868,2.46279,11.6076,27.3494,10.1035,19.5689,80.3221,74.4207,111.135,74.4183,122.15,39.7921,114.888,87.2108,46.893,33.7156,24.5129,20.4687,21.1094,84.3275,66.3548,44.7365,35.0423,14.5184,39.5815,10.3396,13.6261,10.2503,3.45772,6.75578,4.97045,30.2978,32.6238,38.9149,11.4361,2.59453,8.73776,3.57205,2.0261,78.4125,20.7376,92.253,18.2769,10.9651,5.40316,2.4449,16.32,3.5701,6.38897,5.43362,3.88167,15.4269,2.64731,13.8486,5.38305,62.6498,25.8394,28.1526,16.8528,38.6173,27.1184,16.4505,6.08186,5.08734,2.36594,8.89267,0.846435,12.3385,25.4075,3.71632,3.68105,56.2135,16.7127,111.163,15.4281,9.15137,101.635,5.83899,2.32844,2.6533,36.1356,3.10432,51.4491,1.09686,11.7129,47.5825,24.1555,52.278,12.6441,38.3875,12.9154,5.42762,52.7725,67.5944,13.3824,13.4231,2.56915,2.26456,0.688638,4.22453,1.11242,1.83491,4.82366,73.7912,3.01941,75.4369,0.223958,68.3521,3642.72,97.7795,84.6577,4.92435,12.6029,109.933,2065.08,88.1378,6.75765,5.9145,3.18187,1.59043,,7.66943,9.84214,8.86238,10.9241,3.24665,
2018-09,40.8081,52.5371,123.026,87.3739,33.2856,28.1749,50.1726,48.8681,7.96263,23.5042,45.8207,25.8072,30.2208,10.2884,10.3044,28.5075,28.4245,19.1072,23.1782,24.1488,30.822,1.71545,15.5072,36.8517,58.4894,45.2878,10.1136,53.5693,29.0719,2.66315,11.5848,26.4727,9.61757,19.2888,85.7534,78.8313,114.586,78.3507,136.227,37.0483,123.82,90.5283,50.9422,29.1946,23.4262,21.1821,18.9288,87.4513,64.4373,45.6073,35.9146,13.9212,36.985,11.1781,14.7091,10.7423,3.82343,7.01949,4.86641,31.4216,31.8649,38.5094,12.1463,2.53396,9.46687,3.21112,2.02374,76.8544,21.0994,93.1126,17.2838,10.9649,4.86778,2.40032,16.6802,3.23617,5.75456,4.8961,3.84276,14.1289,2.51397,14.7043,5.69819,66.4587,28.8907,28.6413,16.6775,38.1306,28.8769,14.8463,6.55977,5.64594,2.81658,12.4954,0.809126,12.3344,26.9665,4.4406,4.08493,50.7811,15.8335,110.497,16.3362,10.2764,124.968,5.81829,2.45385,3.42721,37.1572,3.59113,50.9929,1.07076,13.2801,41.0039,27.1271,49.6734,12.8179,35.7249,11.855,5.13662,52.5753,71.3915,14.638,14.6444,2.71167,2.27516,0.886254,4.33868,1.05821,1.87041,4.73185,75.172,3.55824,78.1432,0.208265,64.5595,3611.18,101.623,82.7097,5.31859,15.8575,111.422,2190.56,87.3277,7.22182,6.2276,3.19176,1.48885,,7.02697,9.01149,10.1277,11.126,3.38809,
2018-10,37.2996,47.5511,108.082,83.2727,31.8235,23.9659,44.9344,43.9126,7.03387,22.2097,43.1518,26.0654,29.8791,10.4212,10.471,27.9147,26.7401,18.5727,22.6438,22.3161,23.9911,1.60033,13.2592,30.3957,49.6073,41.8161,9.47865,48.5747,29.2892,2.46444,10.8079,20.9047,9.13296,16.1889,80.2397,73.7497,104.44,70.931,113.022,30.0012,102.246,73.7621,40.5952,22.3828,20.9817,19.726,20.6648,75.8903,54.1767,38.9557,28.2846,11.714,32.1256,9.43858,12.2092,9.02921,2.99979,6.695,3.94707,25.5068,32.567,39.7453,13.7336,2.78035,10.3644,3.07486,2.23923,76.5717,19.7744,92.7331,17.1598,12.3028,4.51589,2.56277,16.4225,3.09106,4.40564,5.06399,3.66045,14.2108,2.35558,13.1401,5.33262,63.4259,27.3466,26.0687,13.986,33.8282,24.8137,13.0375,5.09793,4.39006,2.49708,9.9682,0.493376,11.3836,22.0092,3.89591,3.61939,43.9033,10.4842,96.9962,11.9631,10.438,108.938,4.1538,2.77416,3.4816,29.7776,2.86031,44.6062,1.02232,13.2784,40.8701,28.0406,48.4072,12.0363,37.611,11.7598,4.34635,49.3297,64.0986,13.7406,13.7809,2.72009,1.75618,0.845078,4.44986,0.884691,1.55932,4.57128,70.144,2.89175,68.5498,0.212932,62.187,3183.86,93.5222,71.8346,4.60666,13.4539,116.841,2261.24,88.5898,8.97646,6.31541,3.40984,1.84178,,6.89928,10.086,8.50065,8.74227,3.27582,
2018-11,35.6486,44.2858,106.959,86.0234,33.2415,21.8339,43.1378,42.3989,6.87588,21.7319,43.8003,26.5372,29.5098,10.7131,10.6917,27.7185,25.056,17.9329,22.4367,20.3734,20.9811,1.40692,11.3977,25.6955,40.3784,40.0096,8.77066,46.3049,27.9911,2.32773,11.485,23.3172,9.68399,16.1475,82.8474,74.5788,112.724,67.3818,111.528,25.1129,100.613,77.5411,37.8245,22.7626,17.3956,18.1689,18.3362,77.0402,47.7798,35.4236,24.4549,10.7332,31.1483,8.2469,11.5975,6.68006,2.52915,6.30215,2.87182,24.1112,34.1771,39.7314,14.0316,3.07286,10.9628,3.22814,1.83159,84.8036,18.9951,88.8193,15.171,13.4159,4.04086,2.56093,13.3512,3.22509,3.77136,4.52241,3.68248,12.7342,2.44016,13.5263,4.89788,59.9022,25.8056,25.2879,14.3824,29.9417,24.324,11.9982,6.5875,4.65703,2.64475,9.72072,0.628753,12.8048,21.7789,3.57707,3.57739,40.0474,11.8973,99.7305,11.1157,9.50209,96.0069,4.1442,2.4084,2.94885,27.2436,2.58057,39.7832,1.03908,12.2365,36.0218,23.8568,41.8891,12.7015,38.5442,11.6163,4.42076,48.5633,59.8991,15.3544,15.3535,2.82198,1.74883,0.781674,4.34558,1.0069,1.89839,4.81046,54.6351,3.70964,74.6195,0.211057,63.8677,3038.8,94.0002,70.8028,4.21578,11.6423,119.287,1966.31,89.7208,9.10865,5.12814,3.08781,2.11176,,8.53618,10.3022,6.71807,6.6464,2.92808,
2018-12,33.862,44.6894,102.315,81.1546,33.2021,19.4317,39.5014,38.2102,6.0804,22.6455,40.4384,29.2007,32.9664,11.6285,11.7095,26.1344,24.4892,17.5672,21.2675,18.3496,18.4526,1.20253,10.2014,21.9423,31.452,38.8015,8.33217,44.3981,27.5189,2.27062,11.6674,23.3656,9.34576,16.876,84.7203,64.1739,103.435,63.6857,93.964,21.0703,85.2055,68.7423,28.354,23.0552,12.4804,12.007,15.1785,74.8466,38.765,30.2264,23.1141,10.4513,27.104,7.91959,10.5234,5.85074,2.14688,4.34108,2.61566,20.6785,36.8885,45.8511,15.0258,3.70345,13.9137,3.87184,2.19271,86.9251,23.7956,104.33,17.2253,15.293,4.89115,3.06199,17.6087,3.85367,3.88112,4.95578,3.78207,14.4789,2.34492,13.1836,4.89882,62.5338,28.6847,27.7047,12.4587,27.6063,26.0591,10.6147,6.17272,4.45631,2.31244,9.57175,0.595185,12.2292,20.7636,3.52933,3.64718,33.5703,9.71584,91.4096,9.29053,9.17767,81.9179,3.63042,2.8023,3.26236,24.8731,2.46748,34.2752,0.89832,11.1834,35.3713,24.3472,38.7823,11.2443,37.3351,11.4193,4.11658,43.3728,56.2689,14.7164,14.7343,2.36583,1.6614,0.611394,3.78798,0.863926,1.64914,4.3712,46.3377,2.24621,61.2129,0.198403,59.8034,3046.99,96.1999,64.8597,4.01115,9.67848,118.431,1808.3,85.4179,6.97272,5.3649,2.6865,1.43629,,7.90765,8.50597,6.43678,6.30037,2.94719,
2019-01,36.4817,50.4714,108.229,87.1552,36.2136,21.9152,43.207,42.2131,6.69854,24.5711,44.0759,31.4202,36.2986,12.5831,12.5993,27.4522,26.0929,18.5713,22.2933,19.8788,24.5403,1.60468,11.965,27.1362,32.7772,40.9652,9.0123,46.2328,32.8139,2.36797,13.0568,26.7215,10.5102,17.5517,91.4084,68.8329,108.799,69.0085,104.327,24.8648,96.9518,74.6477,35.6645,23.7179,13.3455,13.8124,16.1048,82.8573,47.4096,35.5943,25.2913,11.5781,31.1683,8.75718,11.4905,7.13663,2.2943,4.30071,2.7733,24.1284,36.2445,49.366,14.831,4.30547,15.8126,4.0076,2.42084,95.9957,25.6352,106.556,17.5575,17.3218,4.98797,3.31782,18.4631,3.97806,4.93909,5.52955,4.17182,17.4515,2.92692,15.1012,5.36656,72.4085,32.8863,29.2601,14.0999,30.1059,29.3559,15.1305,7.78044,4.90493,2.86699,13.0125,0.585512,9.08776,24.2349,4.10061,3.96061,37.4142,12.2046,103.201,10.9311,8.63935,82.7832,4.26726,3.38997,4.46683,27.7534,2.9694,41.6693,1.23345,14.4825,41.3502,28.9575,43.3716,12.595,37.4619,11.4136,4.00224,47.4428,57.8748,15.6849,15.6778,2.28173,1.72456,0.67656,3.79404,0.941877,1.60089,4.82542,56.1576,3.48893,71.3577,0.205274,63.0092,3309.55,94.1946,73.5065,4.11082,13.5399,117.015,2002.56,91.4291,6.37308,5.53917,2.77031,1.46939,,7.50134,9.1288,5.20851,5.87394,2.961,
2019-02,37.1018,51.6332,113.256,89.648,35.8829,21.6446,44.1149,42.9726,6.83329,24.889,43.7648,30.9445,36.0094,12.4957,12.4505,27.2944,25.9023,18.6798,22.2688,19.6541,25.2772,1.76715,12.8262,25.001,34.8401,41.205,9.36378,47.5182,34.1312,2.18527,12.2033,26.1409,10.3734,17.0523,91.5815,74.7422,114.136,69.1932,103.821,27.4174,91.4829,73.6323,35.9039,22.0148,11.4399,13.3428,14.0026,81.0004,47.5945,34.6872,28.4043,12.2153,33.2094,10.2471,12.7472,7.46952,2.62581,4.81931,3.02038,25.2833,36.1025,48.0361,13.9414,4.31872,15.6138,3.9551,2.5324,92.8214,26.3508,107.371,15.6661,17.4752,4.41215,3.27259,16.2447,3.96011,5.70629,5.75481,4.29352,15.0987,3.10892,16.4442,5.32945,75.8052,34.2887,30.5602,15.5604,32.5884,26.9312,14.9434,8.70981,5.43618,3.45702,16.5615,0.683364,11.0106,26.3381,4.04932,4.3891,37.0308,11.4003,112.094,12.4967,8.63064,70.793,3.93543,4.30082,4.54243,27.3984,2.89922,42.3217,1.48729,15.5956,35.7312,29.3876,46.1307,12.8456,40.2089,12.101,3.69462,45.0915,56.0786,14.9359,14.9699,2.16645,1.66446,0.713342,4.05548,0.990753,1.61701,4.78355,63.0649,4.10832,71.8902,0.196174,62.7628,3531.01,96.1657,77.654,3.67278,13.9613,122.351,2014.16,94.5071,7.9973,5.43489,2.97925,1.64943,,7.4318,9.72671,5.17258,6.46032,3.49958,
2019-03,37.1943,52.6148,112.234,93.411,36.2148,21.9567,44.4914,43.3152,6.95455,25.4351,43.6573,31.2537,35.2483,12.659,12.599,27.1976,25.182,18.5323,22.1669,19.0104,26.3623,1.85074,12.8897,24.9056,39.0175,41.2263,9.53148,46.7749,37.6638,1.95234,12.0051,28.5754,10.4205,16.5422,96.1545,75.9875,116.913,67.6794,101.834,29.2373,92.1117,74.1544,37.295,25.0566,11.599,13.9634,14.1474,85.4325,46.8012,33.1228,29.6797,11.86,31.3437,9.69389,12.9635,6.74814,2.55471,4.3588,2.84545,24.4367,37.7894,48.9366,15.0367,3.89219,14.4249,4.06282,2.30027,92.1678,28.6836,109.812,15.4905,15.827,4.55817,2.91222,15.9488,4.06382,6.03861,6.126,3.93724,14.8906,3.1532,16.5157,5.4299,76.0159,34.2379,31.5218,15.4612,36.1093,27.7005,14.6928,9.2147,4.96417,3.1494,15.7175,0.629879,13.2504,27.3289,3.92687,4.03648,35.1504,11.6647,106.629,10.4825,8.98108,65.2836,3.73875,4.04182,4.21488,24.0289,2.675,40.0501,1.65981,14.1834,34.7243,30.3925,41.3633,13.4057,41.7873,11.6154,3.45286,45.5032,55.7535,15.1084,15.1214,2.12802,1.83903,0.683068,4.37427,1.07715,1.18423,4.38947,59.5984,3.66492,62.7739,0.192121,59.3442,3259.51,97.5749,75.654,3.56831,12.5059,126.226,2107.42,99.3719,7.85736,5.43545,3.05855,1.45954,,8.74235,8.7682,4.57979,5.88743,2.95122,
2019-04,36.9406,51.9839,116.285,95.17,35.7428,22.5859,44.4139,43.2031,6.88021,24.5903,45.1587,28.8873,32.0817,11.5459,11.6523,26.79,24.6883,18.1109,21.8803,19.2035,24.2167,1.8748,13.3015,23.6492,35.7685,41.2702,9.40791,46.3536,35.0923,1.79127,11.8238,26.9656,9.96321,16.9332,96.3267,75.1008,113.351,63.6713,106.146,29.6178,92.6576,65.6074,35.4661,24.5761,9.47339,11.1712,11.7078,79.9975,45.6037,31.8576,25.5826,12.8291,31.5503,10.951,12.414,6.24969,2.47842,3.73466,3.29919,25.1698,33.4546,46.3401,13.8774,3.89244,12.925,3.73597,2.09547,87.5655,26.0691,104.887,14.7809,14.3508,3.95922,2.8041,14.9219,3.71367,5.38893,5.22284,3.96059,12.6293,2.80099,15.3136,5.1272,75.0304,32.5783,30.4261,14.7427,34.7785,28.0059,13.5458,8.49296,5.68067,3.166,17.8403,0.640969,12.5348,28.3138,3.67845,3.83913,33.1276,10.9891,100.215,12.2043,8.74224,81.3115,3.88734,3.67007,3.47999,25.4743,2.94528,35.784,1.79662,14.7675,35.0779,30.8291,40.7606,12.6211,44.4711,11.5409,3.21916,46.8062,54.7701,14.0728,14.0024,2.06455,1.84241,0.692537,3.92002,1.07147,1.17267,4.21486,61.102,4.39043,67.5401,0.18168,57.4843,3187.66,101.081,84.0915,3.74055,12.4993,136.518,2122.8,102.187,10.0928,5.46837,3.63592,1.5381,,9.11941,9.80103,6.01653,7.92893,3.32774,
2019-05,34.5148,46.7859,109.308,95.0073,35.34,20.0116,40.799,39.6737,6.17882,23.7231,41.4379,29.5072,32.0039,12.0395,12.0774,26.0815,23.8812,17.716,21.309,16.6729,20.156,1.4323,11.6238,22.8647,25.7518,40.3411,8.84549,43.3327,35.8192,1.53528,11.7187,27.1378,10.1189,17.0745,99.9782,66.8209,108.315,59.6443,97.8044,23.1363,78.8203,55.3387,28.0352,21.9772,8.56661,9.64303,10.0661,78.3761,36.9876,23.8901,22.9346,11.5606,29.5264,9.0701,10.5822,5.39953,2.1932,2.89752,2.76326,20.8605,35.5654,48.8239,13.5675,4.61958,14.5261,3.83354,2.13909,94.0963,26.6388,105.783,12.6551,14.4941,3.27279,2.78786,15.7164,3.825,4.82228,5.61675,4.26866,12.6031,2.27008,12.8453,4.17399,74.1717,30.3156,29.1981,11.6042,30.804,24.1068,9.35101,6.27594,4.76041,3.14288,16.0036,0.501318,10.1206,22.7572,3.48053,3.5719,26.255,7.28879,90.5712,10.6529,8.51206,66.356,2.98924,3.75942,3.7627,17.5852,2.50995,28.3478,2.41395,14.9056,28.7668,29.627,31.4594,11.5678,54.4225,11.1962,2.56492,40.4783,55.0451,12.8345,12.828,1.98193,1.76026,0.678027,3.5466,1.13439,1.05734,4.19372,55.7252,3.93777,63.4912,0.180353,53.8682,3151.14,96.5767,79.5955,3.16298,10.8621,144.781,2260.44,104.805,9.65949,5.38055,3.83564,1.48179,,9.72419,10.0494,5.28524,5.6638,3.32437,
2019-06,36.804,52.2405,121.228,99.6238,37.5511,20.8582,43.2221,42.1657,6.63612,26.4639,45.0342,34.918,38.059,14.3414,14.3205,26.774,25.1702,18.1233,21.862,17.2707,21.5067,1.50183,12.6409,25.7186,24.3433,42.4489,9.04438,47.4697,36.1393,1.45062,12.847,26.9089,10.5767,17.7481,108.853,72.3395,118.367,61.6956,108.664,26.3137,89.6609,56.7981,31.1476,18.9831,7.20912,8.63173,9.5296,84.8968,42.969,25.7265,26.3786,11.6683,30.2102,9.80832,10.6784,4.89145,1.90528,2.5026,2.70059,21.7972,41.5088,57.381,17.2236,5.60246,19.4627,4.54776,2.72739,103.786,29.1401,123.19,15.0272,16.9602,4.4063,3.11643,17.1709,4.52195,7.53415,5.89945,5.07325,14.375,2.8218,15.3555,4.51027,80.3262,36.1453,33.1867,13.872,35.4727,27.4334,12.2081,6.92025,5.86824,4.1416,22.0819,0.587391,10.1292,25.6945,3.3797,3.52158,28.9999,9.00815,99.1797,13.0885,9.17236,78.4062,3.48602,4.61335,4.56184,21.3517,2.78553,34.3027,2.40717,17.5624,29.4703,29.9769,31.921,11.4109,56.568,11.1881,2.20956,43.0894,58.6336,13.6458,13.6357,2.04671,1.78599,0.690929,4.08039,1.22542,1.11676,4.18143,62.3702,4.24986,57.7247,0.194345,50.387,3294.13,109.047,87.0652,3.24901,13.3191,147.023,2320.18,109.709,9.92541,5.50785,4.07629,1.69936,,10.0262,11.4827,6.66567,6.61037,3.22736,
2019-07,35.3557,48.7853,116.747,101.899,37.1423,20.0914,42.3431,41.3433,6.58836,26.2636,45.1868,37.5082,42.3871,15.2363,15.3117,26.3888,24.045,17.8103,21.5262,15.8077,21.4993,1.40536,11.4111,22.4406,24.3533,40.9336,8.60352,44.311,35.5187,1.20234,13.1095,29.7025,9.8049,18.575,115.689,70.0795,116.906,59.9572,102.968,24.8698,82.7562,57.9213,26.493,18.1123,5.99975,7.02473,10.698,80.6691,43.1456,25.9773,27.1472,10.9839,27.8463,10.3602,11.0757,5.164,1.91625,2.55284,2.6984,18.202,39.339,58.3921,17.7292,5.22093,18.612,4.704,2.92676,105.994,31.4256,137.689,17.6516,19.0747,4.72432,3.26525,19.7197,4.7449,9.96187,6.40795,6.01312,9.49431,2.93256,14.8363,4.20434,73.9443,31.4014,31.2517,13.2525,32.6242,24.3702,11.8651,6.22078,5.17111,4.09813,24.6779,0.544438,8.68877,23.0355,3.4375,3.21822,27.8137,9.35753,98.2733,15.6306,8.85046,57.2501,2.96585,4.7317,4.05419,19.2639,2.34955,35.731,2.24861,15.6869,25.7099,28.3457,25.7361,11.7609,57.7893,10.8098,1.77272,43.3128,61.3938,11.6678,11.7037,1.88712,1.28845,0.637718,2.36867,0.767864,1.40087,4.28621,64.4293,4.24277,58.4702,0.177131,48.7405,3235.08,108.328,78.5137,3.14323,13.3577,166.172,2274.43,113.003,9.04614,5.34428,3.89046,1.46452,,9.53988,11.0158,6.81316,7.522,3.40472,9.28892
2019-08,32.8968,44.5034,114.003,103.488,37.8547,17.8668,38.8767,37.9738,5.98035,25.1404,43.0806,41.0307,45.2997,16.7668,16.7865,25.7382,22.8287,17.4078,21.0295,15.1631,20.2178,1.09561,10.1443,22.3202,14.003,35.9074,7.88614,42.204,33.4778,1.10133,12.8503,31.0533,9.03689,17.6367,120.762,65.3438,112.943,52.9575,97.8376,20.2561,71.52,49.0371,23.4023,12.2209,4.12585,4.39531,10.3732,73.937,35.0084,21.2799,23.37,10.3472,28.3469,9.71331,7.95275,4.29381,1.27675,2.03408,2.33057,14.6107,42.9713,70.115,21.1746,6.14136,24.8209,5.81593,4.45033,119.22,35.5034,160.47,21.4852,20.3391,4.84169,3.67616,20.5438,5.82346,11.9283,7.8274,6.34126,11.6949,3.0902,13.6777,3.73823,65.3272,27.3279,27.9205,11.0124,29.1668,20.2574,7.88739,4.29469,5.08739,3.64558,19.7469,0.489997,9.9019,22.2332,3.00237,2.97694,22.1754,7.17143,90.2748,15.6704,7.495,58.4069,2.94627,5.46889,3.17985,17.1454,2.29025,30.6184,1.77079,12.8546,22.6683,23.9958,20.0725,10.7182,54.3348,10.587,2.59534,40.4983,56.6381,11.1352,11.1661,1.705,1.22344,0.598704,2.3818,0.767903,1.24386,4.16498,70.972,4.22997,55.1737,0.191303,46.3496,3463.51,108.328,74.4437,2.86999,9.94982,174.411,2361.64,118.653,10.4714,5.03101,3.88412,1.29764,,9.36984,9.94158,7.22038,7.47546,3.03359,9.11739
2019-09,34.6482,46.3414,117.708,101.188,39.2091,18.7046,40.9076,39.9895,6.26386,24.8606,43.9573,36.4858,39.357,14.8683,14.9201,26.0145,22.7726,17.6021,21.2211,16.8731,20.3891,1.19361,10.8315,23.4907,13.0071,38.0051,8.21542,44.8336,35.249,1.1771,13.8254,34.142,9.46543,18.9823,117.157,67.3235,113.698,57.7837,89.6176,22.2256,71.4929,51.0007,27.7529,12.7757,3.92754,4.73268,9.44171,78.0241,37.435,21.4797,24.9774,11.6271,30.8361,10.4606,8.35441,4.87142,1.56549,2.14123,2.94711,17.2373,40.9675,60.0084,18.92,5.11769,19.9175,5.37874,3.40406,111.494,31.6518,148.119,18.2452,17.9715,4.43474,3.31417,20.099,5.38047,10.0256,6.88942,5.83927,10.9084,2.91963,14.3458,3.90216,66.9429,29.1174,27.5704,11.4587,31.4774,19.2846,10.7871,4.61535,5.02799,3.38025,19.0139,0.579752,9.91522,23.139,3.16085,3.30629,24.8027,8.6354,100.956,16.5295,7.82955,58.3924,2.69158,5.23207,2.56153,16.7823,2.27959,34.0479,1.8432,12.682,18.091,22.3938,18.7045,11.0837,69.703,10.2492,2.52601,43.6784,59.9951,12.0526,12.0588,1.69066,1.2615,0.58523,2.50999,0.793312,0.946385,4.17618,68.5326,4.74687,54.6677,0.16784,50.0895,3465.89,110.917,77.7634,3.19033,9.04049,170.436,2396.96,115.536,11.1082,6.18582,4.24709,1.57343,,9.79027,11.6342,6.93909,7.18833,3.11866,9.65784
2019-10,34.7372,47.7725,121.244,97.3964,39.9337,17.9126,39.88,38.9119,6.04,25.5487,43.7402,37.9013,42.0523,15.6106,15.6387,26.2809,23.4788,17.7994,21.5392,16.3583,21.3595,1.01245,9.77604,23.9015,16.8683,37.2749,8.16049,44.8828,38.7125,1.2131,14.0749,33.0774,9.75397,19.4835,109.893,64.278,111.086,56.2733,85.2861,18.6911,66.8893,46.3417,23.6919,12.8664,3.24386,4.98146,10.9383,75.982,35.7319,21.8855,22.9869,10.987,28.9819,9.47061,7.22253,4.35885,1.47479,1.70257,2.37636,13.7885,42.825,68.6495,18.9095,6.41366,24.0161,5.65813,4.16165,118.33,33.782,138.752,19.7941,18.2639,4.85282,3.59325,18.9888,5.66198,10.8691,8.38235,6.04815,11.8634,2.98559,14.4903,3.88399,66.8491,32.2879,27.2428,11.7971,32.7398,18.7481,10.8194,4.62917,5.38302,3.22282,16.2225,0.492786,11.2383,26.8748,3.22618,3.49643,25.6339,7.56469,109.649,17.2963,7.97471,58.4847,2.87558,7.39519,2.09633,17.4965,2.28726,34.6086,1.5943,11.5218,13.0297,22.3469,15.7963,7.87419,54.9519,11.1001,2.86264,44.608,57.0884,11.3036,11.3066,1.67383,1.23267,0.596871,2.60807,0.726625,0.7269,3.7846,69.4399,6.52665,53.5198,0.144294,53.6609,3456.6,113.159,79.4453,3.1909,9.16717,161.139,2421.43,112.324,12.7766,6.96733,5.32603,2.60186,,10.9611,18.2151,7.32202,7.70203,3.15032,10.4437
2019-11,34.5265,49.633,124.261,97.3303,39.4156,18.2306,40.4856,39.4934,6.17399,25.7363,44.8153,36.8376,41.1473,15.0783,15.1115,25.7405,22.9564,17.6256,21.1094,16.5389,22.2183,0.954776,10.9639,26.5866,16.3009,37.0141,8.0318,44.8408,36.2796,1.34482,13.3235,32.1936,10.1334,18.819,115.55,65.6275,113.197,61.1383,77.1423,20.1858,68.4604,44.157,24.3831,10.4933,2.5835,4.31628,8.97085,74.7753,39.5897,23.8765,24.2947,12.1857,30.4334,9.83566,7.8475,5.20208,1.60217,1.79879,2.65319,15.1972,41.4136,66.7979,18.3643,5.55526,20.7207,5.0542,3.73314,120.041,33.2823,141.027,22.4028,19.3487,4.69963,3.78007,20.0484,5.04023,10.1169,7.55023,5.80549,9.67744,2.43746,14.5432,4.08291,70.1627,33.1097,28.5737,13.6785,35.3858,18.5904,11.7229,4.16211,5.77675,3.43357,20.0536,0.56737,8.93021,25.8019,3.17632,3.53101,25.1048,9.1526,112.27,18.3571,7.99259,52.4352,2.91185,7.69899,2.39328,20.2989,2.56056,38.4708,1.71709,12.9481,11.9843,23.5641,15.2433,7.57815,51.4853,11.4652,2.9292,45.9502,56.977,11.7904,11.6212,1.68771,1.14245,0.558244,2.57052,0.739997,0.747698,4.13789,72.1066,7.03647,56.9346,0.135261,54.5028,3524.79,115.565,79.0953,3.20332,10.1362,163.489,2315.97,109.696,13.4156,7.22571,5.09337,2.63235,3.36036,11.2257,21.106,7.59529,8.59042,2.98147,9.87219
2019-12,36.0675,52.3343,129.235,100.662,41.9284,20.5244,42.4392,41.719,6.47071,27.7524,46.5064,40.8799,46.5005,16.5601,16.6684,27.2032,24.5277,18.4494,22.173,17.8261,25.2473,1.09921,12.432,28.2109,21.5033,37.98,8.0069,47.1181,37.3224,1.51962,13.594,33.2916,10.3386,19.6938,129.607,67.2781,116.57,66.3905,92.7069,24.0624,80.9516,48.1984,28.0311,13.1135,3.70336,6.03331,11.4999,75.4986,44.6179,28.1037,27.7984,14.1626,32.1226,11.3051,9.90558,6.53839,1.93921,2.5143,3.67199,17.3662,47.07,69.1135,20.3395,6.85945,24.3341,5.53781,4.34732,126.556,35.9716,147.15,27.5952,23.8183,4.84685,4.12279,19.7154,5.50133,10.3192,9.89858,6.43783,10.888,2.7778,15.5925,3.99919,76.3315,36.0386,30.1376,15.7843,39.5624,20.5194,12.9239,5.25965,6.3672,4.2284,23.49,0.756138,8.56986,26.5833,3.26675,3.72831,26.56,9.77166,113.715,17.4123,9.21651,60.2666,3.19622,9.61314,2.69281,20.8051,2.97396,39.1317,2.08027,13.378,11.3013,24.2749,17.3497,7.81621,51.2368,12.3346,2.84558,49.6559,61.484,11.3546,11.2725,1.66326,1.19547,0.545758,2.4819,0.76666,0.88131,4.05927,74.5128,8.94003,64.2551,0.129477,65.1431,3558.88,120.593,77.9103,3.34459,10.6661,162.334,2545.26,114.276,15.3154,8.39851,5.75088,3.6015,3.70798,12.8537,26.7921,8.16943,8.69651,2.89583,10.5455
2020-01,32.6214,47.4655,122.016,97.6036,44.3049,18.1993,38.7544,37.6033,5.79092,25.9495,43.6602,40.1006,45.1177,16.396,16.523,24.8347,22.482,17.1288,20.513,16.2253,21.8828,0.837482,11.2277,23.7302,13.0797,33.6986,7.7098,42.013,42.3382,1.43551,14.4061,37.4135,10.9017,19.1915,135.763,59.6613,103.236,60.4388,73.9903,20.0468,70.4269,46.2762,30.1723,7.25045,2.39464,3.71752,9.35852,72.9532,37.0489,24.9519,23.5917,12.3597,30.0652,9.71602,8.55623,5.5639,1.29033,1.89562,3.15911,15.5592,48.6255,69.081,20.1846,6.62589,22.0916,5.90046,4.00841,138.686,35.4712,138.59,26.6647,22.556,3.83143,4.42435,21.4493,5.90127,9.37288,10.8797,8.01418,11.2015,2.54013,13.904,3.75933,68.835,32.7432,27.9929,13.3518,34.9564,15.3436,10.0116,3.90873,5.60767,3.35081,17.8122,0.695635,8.31651,23.6841,3.42579,3.41221,17.1585,6.84738,102.987,14.7044,8.15847,49.1644,3.47425,9.83636,2.3441,17.4223,2.61462,34.2167,1.76195,11.2853,8.34448,21.5833,9.68352,6.50513,51.3766,11.9604,2.89715,47.7672,55.7975,10.2559,10.2639,1.40443,1.07435,0.440096,1.83805,0.634257,0.722197,3.77211,76.0302,8.18062,54.8144,0.159382,60.6239,3678.99,122.535,72.0809,2.84084,8.94322,170.718,2562.11,115.48,11.0994,6.71349,3.89521,2.46464,2.86863,9.91439,18.1375,5.58143,6.41968,2.85531,8.97787
2020-02,28.5144,41.6676,111.811,87.4526,43.1192,14.8901,32.4394,31.8936,4.80933,22.6611,39.1583,36.0667,39.9729,14.7432,14.7675,23.5586,21.1068,16.3855,19.3275,13.5791,18.4954,0.57199,9.11515,21.3502,5.10168,27.4215,6.53259,36.4295,41.967,1.19179,13.8785,37.0999,11.0745,16.8815,127.924,49.9763,90.7417,49.4549,61.49,14.948,60.9385,38.0399,27.3265,7.05559,2.06538,3.42313,6.85449,62.9903,30.3103,19.3502,17.4771,11.3156,27.1162,8.21017,7.04815,4.6019,1.09809,1.43514,2.56457,10.9784,48.0298,53.1753,20.7635,6.12252,18.8824,5.8263,4.04505,130.834,34.2331,115.619,22.9658,19.4476,3.66605,4.07521,18.5009,5.85499,11.195,9.36386,7.79911,9.97209,2.35405,12.4199,3.18904,59.3921,28.8574,23.363,11.9478,31.1324,11.9472,9.45483,3.10497,5.45899,3.02459,13.9054,0.618447,7.67671,20.5428,2.66011,3.04453,17.0135,7.48701,96.9631,16.0067,6.81136,37.8332,3.80597,8.1361,2.12725,16.6996,2.61066,30.4117,1.43845,10.2808,7.18914,20.2795,6.75875,5.04665,44.9959,10.8891,1.90288,40.3849,50.2859,11.0009,11.0149,1.19276,0.774518,0.464711,1.52322,0.56798,0.68154,3.67203,65.3892,10.3011,42.5092,0.141476,52.6726,3763.31,114.872,63.1615,2.54679,7.3815,158.749,2383.67,107.535,9.29556,4.75634,4.04897,2.39788,2.15261,8.67247,18.3766,5.99469,6.24757,2.68172,6.73971
2020-03,24.116,36.5361,101.086,80.6348,35.8312,9.06222,23.9525,23.394,3.26821,20.1154,34.7223,33.3446,32.342,13.4501,13.7065,20.6742,18.5566,14.6805,16.9763,11.2701,9.88826,0.230944,4.89029,10.4357,1.19045,22.6537,5.49005,34.3912,36.387,0.608667,8.71024,28.5908,10.0467,11.7372,123.969,36.9701,70.5966,31.5269,26.1996,6.44308,34.6773,13.8925,4.59365,8.5165,0.918512,2.82374,6.88237,41.2318,15.1265,7.91516,11.4301,6.19213,15.7451,2.2649,5.22746,3.0294,0.552898,0.931351,0.741712,3.4319,48.9735,44.6131,20.0219,4.97022,18.1495,4.62933,2.59925,121.668,33.2594,105.35,16.6575,14.0111,2.94959,3.13911,14.7488,4.62741,7.93913,8.54157,5.54957,10.6519,1.51702,12.3487,1.97596,59.2333,22.0708,19.9535,8.11483,26.4096,8.95551,6.47051,2.39276,4.01489,2.13504,9.64418,0.410585,3.96222,17.9952,1.35842,2.48639,7.57259,4.68312,71.2031,6.74007,5.76266,37.5306,2.53476,4.54919,1.87929,11.293,1.98636,26.1188,1.05986,8.5559,3.57774,12.1805,4.39265,2.32622,30.6097,7.78771,1.60049,37.8178,44.0412,9.70397,9.61204,0.941798,0.72446,0.32342,1.52654,0.504535,0.382644,3.5584,58.4167,6.55895,16.7683,0.103897,52.207,3758.21,109.273,45.9597,1.93154,5.02935,146.4,2348.51,108.954,11.9304,4.80757,5.60781,3.38077,1.89774,9.78095,24.7485,3.90817,5.36701,1.9546,4.71918
2020-04,23.5297,39.107,108.293,84.6918,36.3836,12.3776,27.7311,26.8822,4.20686,24.4901,36.7273,46.1045,45.1628,18.5329,18.6632,20.224,17.9573,14.793,16.7552,12.6841,13.052,0.379379,5.77135,14.475,1.7645,21.4673,5.06819,31.6914,37.8561,0.647232,9.09909,31.0844,9.66219,14.1918,127.299,45.5508,90.2375,43.3837,43.8325,11.7057,46.5888,20.049,14.5139,17.6934,3.88112,7.26896,13.8053,57.8529,18.9874,12.2144,15.2879,7.7142,17.9009,4.14344,8.59004,4.5173,1.11579,1.80706,1.20569,5.59862,64.7648,66.2358,28.2986,7.732,26.7977,7.74017,4.34524,162.721,45.9254,148.619,24.856,21.6788,4.57138,5.22576,19.0034,7.74363,12.3873,10.8725,7.56163,11.5412,2.01561,13.1818,2.38273,59.5636,22.3797,21.6117,10.6869,30.6283,10.5952,7.87502,3.14656,5.32526,2.74102,14.9442,0.506901,4.80273,21.1239,1.84083,2.33917,10.0864,5.66539,75.4195,10.1065,5.77346,37.1049,2.72368,7.73329,2.19125,12.9469,2.1312,28.3128,1.43772,10.3368,4.2104,14.491,9.09612,2.93113,38.7125,10.0433,0.909591,40.1935,42.868,12.7359,12.7553,1.71915,1.43263,0.560027,2.31825,0.794457,0.877125,4.59966,64.062,8.73902,20.3805,0.0992565,51.3078,3704.21,107.969,50.6338,2.2994,5.70446,147.308,2272.91,113.666,11.5146,4.73815,5.34378,4.52302,2.46571,9.81001,22.753,3.9554,4.90659,2.34163,5.15546
2020-05,24.213,42.9974,117.141,86.6317,39.2154,12.2943,27.6785,26.9765,4.23887,26.0446,37.4429,47.8618,50.5964,19.3374,19.3336,20.9139,19.2325,15.2416,17.271,13.6348,12.9817,0.438839,6.06747,13.7537,1.56326,20.1959,4.90023,33.1326,44.0509,0.586385,9.97956,36.0442,10.7467,16.4757,148.532,45.4339,91.2619,43.9,43.2622,10.1472,49.9807,15.6404,11.9727,16.1772,3.89406,7.46831,13.2711,54.9523,20.8497,13.6682,18.3067,8.39839,17.2259,4.96741,8.59234,4.30967,1.03021,1.59629,1.35832,5.65749,63.6639,72.4673,26.4832,8.13214,26.9839,7.66977,3.99706,173.019,52.411,161.557,34.3658,23.835,4.87084,5.65941,25.3884,7.60959,10.9168,11.9235,9.16041,12.618,2.86737,14.0654,2.40213,69.0155,26.6197,25.3145,10.9771,34.4757,11.3968,7.54424,3.49251,5.02583,2.88894,15.1835,0.625148,4.61924,22.5205,1.94253,2.4849,11.398,7.76208,74.9168,10.6924,6.83005,40.8647,3.04911,7.12186,2.8136,11.3767,2.22386,30.9837,1.99678,11.841,3.91225,16.329,8.16118,2.39471,29.145,9.13958,0.884271,42.9733,42.78,13.8992,13.9122,1.82331,1.36748,0.546992,2.24006,0.75537,0.972144,4.84963,75.8215,11.1352,20.175,0.0924499,51.3412,3839.87,118.648,53.2065,2.32141,6.79833,151.814,2350.6,117.332,11.1042,4.79149,4.62842,3.53779,2.15935,9.51573,19.4702,3.55072,3.98978,2.04643,5.1983
2020-06,24.5545,45.2171,123.375,87.6279,41.4804,12.2857,27.1457,26.4267,4.102,27.476,38.0163,50.2696,53.6011,20.0436,20.1901,21.459,20.2323,15.5928,17.7016,13.0697,14.4351,0.499791,6.52667,13.7063,2.73547,20.4722,4.88302,34.3715,42.5083,0.613735,10.3927,38.8871,11.3995,16.2849,145.662,44.4413,88.3204,43.4954,42.2588,10.6831,49.4064,21.9942,14.8982,14.3524,3.29,6.98126,11.2041,59.5455,20.7874,15.0732,16.972,7.99985,16.8234,5.26421,7.53968,3.59433,0.843467,1.17009,1.50389,4.9879,67.1456,72.1405,29.5656,9.84794,32.2242,8.4083,4.97809,171.27,53.3986,149.966,35.4502,26.294,5.11634,5.86696,25.1696,8.34344,12.3462,14.3387,9.38633,13.393,2.75858,14.924,2.7227,72.1939,29.0216,26.2688,13.9266,37.5657,12.4526,10.1286,3.84316,5.7787,3.65157,18.6562,0.787222,7.56943,23.4702,2.34851,2.31541,13.8346,9.23531,76.451,9.94771,7.17567,41.9994,2.89555,8.34725,2.75221,12.4729,2.40469,30.5704,2.16267,13.0884,3.55744,17.7511,6.04288,2.4493,25.6995,8.74644,0.908898,43.3809,44.8479,13.0351,12.9624,1.6709,1.13984,0.440393,1.95587,0.66059,0.870958,4.34395,68.2621,13.0046,20.932,0.108002,52.2278,3935.67,125.623,57.7489,2.47539,7.14992,144.244,2210.81,118.988,8.50983,4.14688,3.97552,3.12588,1.88203,7.90147,14.2836,4.57903,5.27955,2.45605,5.69657
2020-07,24.3811,48.1978,135.684,93.3437,44.8037,12.0241,26.1553,25.5334,3.93142,31.0461,39.6744,58.3935,65.2814,23.5539,23.6873,22.7671,22.3019,16.6268,18.7208,13.6548,15.034,0.525052,7.81006,14.081,2.20622,18.9155,4.63692,33.2568,49.8647,0.823408,11.2028,41.9837,11.878,17.4221,180.297,41.6073,82.6662,38.9009,40.0755,9.8326,45.8228,18.8222,16.8856,17.4242,3.81472,7.97015,12.4365,60.6682,20.4016,16.5572,16.9963,8.13179,15.6879,5.00538,8.76418,4.54358,0.899448,1.3178,1.51902,4.56778,74.88,89.0663,31.5679,13.6448,34.9975,10.8572,7.66116,195.072,65.5288,168.326,43.3615,29.4365,6.41801,7.07878,28.013,10.7811,16.0809,15.2818,8.90428,20.7996,4.04516,17.3397,2.9443,77.6514,30.7823,27.8607,15.4733,41.0796,12.0385,10.735,3.98805,6.03104,4.53517,15.4887,1.01849,7.13435,28.1432,3.50277,2.78438,15.9203,11.2251,64.61,10.3229,8.06057,31.9358,2.7298,10.792,2.98861,13.0578,2.57891,31.9555,2.2157,14.0186,3.8345,18.27,6.97304,2.45193,23.9679,10.2004,0.972078,46.3321,47.1283,12.8557,12.8485,2.30687,1.25009,0.605715,2.20377,0.695928,1.13552,4.71773,65.3764,19.0736,17.605,0.148488,52.9786,4104.27,143.446,60.2177,2.51468,6.67576,161.001,2419.95,127.909,9.78655,4.81477,4.37959,3.48551,2.12182,8.48162,16.5951,4.81139,5.67957,1.9861,6.63561
2020-08,25.4672,50.5743,140.912,93.1498,44.1711,12.5596,26.8086,25.9866,3.96548,31.5138,43.1854,57.4263,64.2524,23.1606,23.2339,23.9563,23.4234,17.4895,19.8423,14.8872,15.8133,0.522472,8.32247,12.3201,2.16621,18.9475,4.51972,35.1946,57.5113,0.788969,11.5733,43.748,11.8555,17.9358,176.785,40.1438,83.5844,39.2972,39.3797,10.3723,44.2065,15.1868,16.2294,18.9843,4.13675,9.17499,14.0804,63.6187,21.3128,18.6359,15.7888,9.04749,15.9295,5.28818,10.8991,5.37088,1.22588,1.92919,1.81588,4.42972,72.5735,92.381,32.3648,13.5395,31.9829,10.2571,7.6726,183.06,64.2938,163.468,41.898,26.2262,5.51139,6.8929,28.6903,10.2093,14.5528,16.6775,8.47631,21.6255,3.67779,18.3962,2.895,79.1762,30.6195,29.2659,18.6361,45.4599,13.6387,12.5196,5.66459,6.71564,5.05817,19.5353,1.27682,8.86447,30.6441,3.1355,3.02067,17.8479,12.68,66.8294,10.2905,7.59343,39.4402,2.70659,11.7822,3.15056,14.8328,2.79303,34.3072,2.48461,15.2959,3.19763,17.7534,6.11178,2.48148,22.6315,10.3533,1.00381,48.6624,49.8744,14.5937,14.5705,2.53729,1.47741,0.693741,2.33816,0.745129,1.52929,4.55726,66.6904,14.2088,20.8371,0.223681,56.3926,4779.57,142.983,67.9467,2.83998,8.45336,164.958,2554.42,128.744,9.62088,5.29186,4.40489,3.49108,2.22868,8.00054,13.8576,4.88572,5.94409,2.37777,7.08953
2020-09,22.7748,49.1544,138.556,91.2128,43.0319,10.5664,23.0797,22.4696,3.35582,30.0363,42.8431,53.5234,60.1835,21.6981,21.7743,23.0752,22.1623,16.9029,19.1043,13.0017,12.3617,0.405915,7.35102,11.4071,1.41628,15.8738,3.70606,31.257,56.7844,0.660885,11.1567,41.3352,11.0967,17.2078,172.418,34.4572,71.6038,34.0123,30.4021,9.12753,34.9928,11.9276,10.3702,15.4459,3.52803,8.13056,12.1107,56.4753,17.536,13.8984,14.6738,7.45629,12.2012,4.34837,10.5253,4.78646,1.14815,1.65147,1.67816,2.59562,68.6078,89.0209,30.6411,12.842,28.5508,10.1736,6.23123,169.868,59.0314,143.901,37.1998,22.7954,4.91358,6.69792,25.6699,10.1101,13.3928,14.8446,9.00974,19.724,3.21739,16.8653,2.64962,76.5026,30.1496,27.19,18.646,42.7257,16.4565,11.2344,5.32954,5.98944,4.63943,18.6057,1.38991,5.97294,30.4104,2.72784,2.64643,14.178,9.13438,55.6379,10.0709,7.60563,29.3881,2.69352,10.7497,2.90362,15.6696,2.86879,33.506,2.30942,14.2483,2.81391,19.5738,5.2297,2.0613,20.0755,10.042,0.98215,50.4729,49.8924,12.7218,12.6581,2.21945,1.28292,0.525997,2.1553,0.615801,1.12095,3.9301,67.436,10.738,19.1667,0.187119,52.4677,4817.41,137.082,65.7187,2.44077,8.23634,158.855,2567.09,127.258,8.06442,4.99704,4.29067,2.79058,1.82635,7.84882,11.9623,4.73462,5.7605,2.51015,6.56076
2020-10,21.1145,46.4338,128.842,85.8311,41.8867,9.82148,21.4992,21.0027,3.13929,29.0364,42.5239,50.5517,57.0569,20.6449,20.5246,23.4525,21.7724,17.0996,19.3993,11.7203,12.4056,0.342607,6.80536,8.77069,0.98814,15.9938,3.25478,27.4739,56.7206,0.616586,10.085,40.8443,10.4735,15.9911,198.669,32.7273,69.0889,29.9937,26.1923,8.61258,33.6593,10.8745,9.10887,18.0784,4.36011,8.07808,12.4391,58.404,16.8302,13.9042,16.3011,7.44239,11.3315,3.67024,11.2185,5.30212,1.43254,1.91916,1.7032,2.75883,67.92,88.6263,29.1247,11.4161,25.0338,9.22136,5.80316,166.111,55.4475,142.546,36.7796,22.5907,4.70636,6.61299,25.4256,9.19572,15.9941,13.6487,8.3042,19.2703,3.25442,17.0659,2.5817,72.0264,29.2858,24.6471,20.6641,49.3779,15.6158,14.5587,5.71615,6.51991,5.0466,16.806,1.60836,6.82822,27.8793,2.90171,2.7812,15.7441,8.4381,66.0028,11.2978,7.59529,30.8085,2.51105,11.4494,3.15092,15.9427,2.42547,36.8261,2.68496,13.647,1.57758,17.243,4.47231,2.39518,21.4777,9.60614,0.921612,50.1807,61.9086,11.9737,11.9709,2.14159,1.10285,0.448835,1.9364,0.589898,1.14801,3.85237,65.8518,12.452,17.3035,0.164503,52.2768,4802.94,126.207,61.3308,2.50248,10.6182,152.275,2376.5,120.183,6.75202,4.55807,3.99798,2.32585,1.78049,7.40458,10.402,4.28618,5.39093,2.58661,6.10898
2020-11,28.4517,56.1096,148.082,96.4592,47.5455,13.3129,28.4832,27.7489,4.18696,31.6077,48.722,46.3096,52.9037,18.9761,19.0037,24.4492,23.8317,17.8855,20.1827,14.7285,18.4384,0.563202,9.8727,13.4565,1.9825,21.6982,4.22454,39.1056,73.1641,0.753774,12.3233,45.8284,10.8932,19.5079,225.854,39.2023,87.9932,41.4841,40.8146,13.501,46.113,18.7828,14.1548,17.7788,5.03003,8.96748,12.0746,69.2071,23.4347,19.1386,20.9125,10.6749,16.0702,5.5635,12.06,5.34179,1.58622,1.94903,2.82949,4.48354,63.6139,74.0714,25.3284,9.10296,23.4578,8.30082,4.97887,161.94,47.2379,132.621,34.2484,22.4824,4.32428,5.73339,24.4563,8.26965,14.9888,12.629,8.82932,17.9737,3.23993,21.4066,3.61418,82.3251,36.8715,28.9423,27.891,56.5572,18.7806,17.9856,8.02335,8.62775,6.00933,22.021,1.9471,8.89905,35.5606,3.65553,3.69322,24.2647,13.0242,81.8377,16.2193,10.4688,50.6822,3.08566,12.9041,3.61584,21.5456,2.49961,42.3853,3.68244,15.0347,1.65197,20.0371,6.24617,3.34934,29.7089,11.0053,1.13762,54.4352,64.8392,12.6999,12.6822,2.29687,1.36016,0.487605,2.66899,0.692912,1.39374,3.96339,68.36,19.2347,25.2323,0.209017,61.4692,5220.44,142.006,76.2637,3.78145,14.1277,164.809,2487.12,119.765,7.82275,5.15223,4.41,2.5512,1.92348,8.26809,12.8477,5.6428,6.31411,2.55911,7.25133
2020-12,30.5512,63.9661,154.683,102.331,50.3607,13.8484,29.1614,28.4833,4.27239,35.9687,50.6055,49.8235,59.962,20.283,20.3255,25.2414,25.5505,18.7452,21.029,15.73,20.4365,0.665289,10.6092,14.9361,2.20992,22.6274,4.43973,39.5524,79.0843,0.813219,12.8029,46.7708,11.1667,20.5403,256.53,42.3394,85.1576,41.8956,49.3886,15.3505,49.008,20.6214,15.5677,15.1718,6.9867,8.22268,13.8452,73.2157,24.7326,21.8404,23.2701,11.3627,16.9763,6.81056,11.7355,5.11423,1.39688,2.03839,3.57894,4.97223,65.1446,79.2146,24.9109,9.67911,24.4632,8.52531,5.5295,152.714,50.3285,127.566,39.9864,24.5353,4.7048,5.79003,24.0573,8.49398,16.8667,13.187,8.53628,19.7024,3.23516,25.1277,4.06025,95.1544,41.2524,33.5034,30.9979,61.9764,21.553,22.6833,8.84669,9.59467,6.89708,20.5304,2.39287,10.8764,36.352,4.10035,4.17228,28.0791,14.1401,103.695,17.9347,12.0393,61.1239,3.97305,15.3218,4.91872,27.2019,2.87204,43.4157,3.98811,19.9835,2.94629,24.4999,8.5052,3.33132,29.1817,11.5028,1.01786,55.0833,72.1372,16.9679,16.9328,3.53822,2.25625,0.833276,5.46116,1.02557,2.41135,4.93654,72.3781,29.6518,27.3282,0.318928,55.6277,5539.24,142.164,80.4912,4.32509,18.6654,169.597,2748.49,126.463,7.80079,5.28356,4.50931,2.38698,2.24307,8.60332,12.1409,6.06322,6.15758,2.6826,7.27377
2021-01,30.0873,63.9964,149.281,96.6297,48.8619,14.4376,30.0081,29.2313,4.4659,35.0089,52.1591,47.704,55.6816,19.3158,19.3714,26.1384,26.0423,19.2852,21.6707,17.0733,20.5811,0.672,9.87336,13.1168,2.37514,23.3578,4.73672,39.1558,76.5631,0.904761,12.8834,47.1468,10.5696,20.4778,236.66,45.8626,85.55,41.7599,57.6029,15.9139,50.1782,23.7963,15.6225,19.3866,8.85914,11.2552,16.1737,76.9134,25.0565,20.2866,22.3269,10.6646,16.9025,6.59362,12.383,5.00624,1.69408,2.44892,3.36174,4.87176,64.5546,78.1407,24.3589,9.70049,25.2642,8.07283,5.23548,144.787,49.3109,127.993,37.4518,21.382,4.31468,5.0963,22.2969,8.07071,14.2582,12.1598,7.93998,17.249,3.58532,24.9761,4.2992,97.3478,41.1259,35.0532,31.9224,62.9364,21.6602,21.0133,7.1834,9.61949,6.1049,18.6544,2.64779,9.69563,33.4752,4.75196,3.82944,21.8344,12.4462,91.1699,15.7396,11.5519,62.2101,4.66475,14.2776,4.91988,25.5458,3.45224,40.1832,4.29865,19.3966,4.66245,26.3415,9.5381,3.72445,26.4837,11.1247,0.975411,54.4147,71.6783,15.6603,15.7026,3.58706,2.08075,0.842512,4.85082,1.02123,2.57798,4.39632,64.4674,25.9264,23.4559,0.373836,58.1475,5798.65,140.49,78.8434,4.20249,19.582,161.24,2574.88,119.593,7.298,5.50577,4.61041,2.38492,2.07595,8.1659,11.255,7.25462,6.58969,2.68088,7.79783
2021-02,31.6761,71.3075,146.934,93.1761,45.6063,17.1648,34.1137,33.347,5.33123,36.9512,56.3441,42.366,49.4392,17.2387,17.3044,27.5728,27.7997,20.2983,22.8811,17.3928,21.0477,0.769615,10.6471,15.0642,2.9033,25.497,5.14572,42.5956,70.7719,0.93185,12.0136,41.2188,10.1201,20.9712,200.269,56.2464,101.276,54.4577,70.0124,20.712,63.2235,31.3944,21.4673,21.0306,11.4262,11.7166,16.0094,81.3986,31.4625,24.9827,27.28,12.7806,19.9179,8.20591,15.7006,6.4384,2.32346,4.12425,4.17576,6.916,58.58,62.5338,20.3132,8.46886,21.378,7.16618,4.4347,129.144,42.6777,123.521,37.9655,17.1454,3.77066,4.47466,20.0705,7.13075,13.2112,10.4616,7.9431,16.0655,3.38773,31.4694,5.12698,108.928,47.744,39.9767,40.0072,67.8022,24.5095,26.9923,8.96635,12.2632,7.82358,22.3744,3.85697,10.5814,40.2044,5.82756,4.24032,29.6176,17.4314,119.329,16.8093,12.0226,84.9489,4.85066,17.523,5.90705,27.113,3.50911,48.489,4.49358,22.1539,5.20611,21.8716,12.6288,4.40377,27.4054,10.5394,1.02575,61.6563,83.9745,19.6381,19.6597,4.44354,2.69151,1.33306,6.58913,1.43463,3.9107,4.93334,68.9798,29.8225,33.4242,0.470165,57.5819,6160.35,128.37,83.6921,5.08232,16.9362,161.452,2497.8,110.784,8.21483,6.27865,4.80317,2.37995,2.30139,9.42872,13.7491,9.57482,8.69975,2.90143,8.29979
2021-03,31.6427,69.1688,156.155,96.7689,47.0698,17.9675,34.8886,33.9557,5.47187,36.6819,57.8766,43.5493,48.0554,17.867,17.9202,26.5793,26.2157,19.587,22.0835,17.9336,22.8217,0.891693,10.1859,15.19,2.48775,24.4484,5.09239,43.2812,57.2053,0.937,11.6024,42.3801,11.4597,22.243,199.47,57.3505,105.38,55.0728,74.1623,21.1194,70.5289,31.1958,19.3392,21.81,12.8587,12.4669,18.5316,86.3672,30.4353,24.4343,23.9123,14.5108,20.9208,8.25583,16.3582,6.5886,2.04955,3.70354,4.07127,7.94037,65.0985,64.2501,21.3912,9.97748,23.875,7.65544,5.06578,150.478,45.4621,127.639,34.2848,17.1934,3.75675,4.42122,20.7885,7.59929,13.4891,9.96773,7.63503,14.9502,3.02163,29.2365,4.91244,95.7919,47.9753,36.1637,38.5777,64.0595,22.3512,23.6207,8.49272,10.9574,6.46268,21.6055,4.13532,11.6629,37.3349,5.37297,4.31024,38.9209,22.2631,114.751,18.5316,12.8399,80.8115,5.71314,17.7247,6.47534,33.2614,4.27929,59.087,4.4349,23.1682,3.67875,19.4067,11.2755,4.24117,27.4339,12.0992,1.01812,61.6771,86.3128,20.683,20.5622,4.57617,3.60547,1.37411,7.16051,1.38672,3.54906,5.44384,78.1314,29.9027,32.9286,0.430597,55.4591,6362.95,138.263,95.458,5.83363,25.3517,174.086,2595.96,117.628,8.82939,7.20309,5.06854,2.60074,2.40945,10.3627,15.073,9.91263,8.30717,3.02962,10.5149
2021-04,31.3038,73.5513,161.73,104.495,48.4109,17.7616,34.7855,34.2087,5.55839,38.9867,59.0428,45.7888,51.3881,19.143,18.9495,28.765,29.0258,21.2147,23.679,18.8255,23.2562,0.965868,10.6291,14.6412,2.45664,23.7633,5.27192,41.1123,65.3571,0.987209,12.1645,42.1226,11.8783,23.0305,180.239,58.3196,102.806,52.7367,81.8054,22.414,71.4225,29.4769,21.4635,22.2377,11.2784,11.7548,16.7801,92.2178,30.0318,22.0894,22.0382,14.21,21.349,8.53432,18.4934,6.72703,2.49828,3.79772,4.05731,8.08784,66.8605,68.8302,22.7706,9.78144,22.1821,8.01423,5.32122,165.869,48.7616,131.586,36.0323,18.9401,3.91368,4.88373,21.4154,8.00814,12.2962,10.0828,9.43105,14.3462,2.88806,32.4958,5.13674,105.576,52.1635,37.9713,43.915,64.979,24.6282,28.4961,9.24398,12.8323,8.83072,24.7199,5.59177,11.6694,40.2616,5.67913,4.82656,43.5345,19.5809,124.886,19.3933,14.7429,82.1033,6.41927,18.3579,7.63611,33.5992,4.4415,62.6001,5.69659,26.8079,4.4119,17.8102,10.102,3.97451,25.2254,12.7751,0.933377,67.7532,91.171,20.7614,20.786,4.75143,3.62609,1.3379,6.88957,1.43793,3.98723,5.46954,78.6462,28.6211,34.4076,0.52192,58.3861,6557.24,142.691,96.3706,5.86768,22.3317,179.37,2517.54,128.169,9.31773,8.31128,5.00179,2.62716,2.55944,10.0351,14.4231,12.4773,12.539,3.67057,14.104
2021-05,31.7688,75.095,165.389,107.366,48.7747,18.7863,36.1896,35.194,5.72108,41.5359,59.4229,51.726,57.2547,21.1341,21.1432,29.259,30.4536,21.7586,24.3636,19.4759,23.3155,0.844855,9.90099,12.7534,2.17156,23.6202,5.37117,42.1995,69.7,0.960194,12.4153,41.0857,12.229,24.5006,183.842,59.8574,103.958,57.4669,79.9069,25.2601,77.301,29.9344,22.1445,24.1167,16.014,16.1026,16.8947,100.194,34.5069,25.1515,26.7551,16.268,22.9764,9.07311,20.7079,8.15207,2.85824,4.10803,4.65883,8.36993,78.0938,,25.8396,12.5278,25.4167,9.14758,5.9998,176.805,56.3854,144.438,37.8687,22.0422,4.49036,5.14769,24.6066,9.08315,14.615,11.6296,9.62143,15.7638,3.07197,27.1254,5.63952,106.234,53.7061,37.2058,49.3537,65.3639,28.0321,30.1234,9.20941,11.1793,9.13034,28.7775,5.59734,11.9684,41.265,6.27032,4.76123,46.7597,16.8823,133.066,22.1541,15.6434,81.327,5.41092,17.9775,7.86033,37.1595,4.20107,71.5058,5.45249,29.2252,7.84278,20.4585,17.5094,4.36195,27.9062,13.0381,0.892682,71.2239,93.5396,24.468,24.0942,5.7556,3.88255,1.55054,8.0504,1.81103,4.73411,5.76166,73.1526,27.3515,36.0872,0.63487,57.1112,6880.84,144.022,96.8752,6.00283,24.9575,188.299,2574.73,130.552,10.1838,9.04464,5.41932,2.74012,2.44796,10.2181,16.0369,13.1639,12.8541,3.8528,12.92
2021-06,31.5819,70.4117,162.568,106.871,46.2905,19.8363,36.7536,35.984,5.91624,37.9274,56.0983,44.097,48.708,18.1826,18.1034,29.0505,29.599,21.683,24.0241,19.1191,25.3839,0.929561,9.77191,12.0287,2.01989,24.5638,5.34519,41.7807,64.5989,0.874334,11.4211,39.3716,11.6709,23.6504,169.592,64.092,103.943,62.2088,92.8363,27.8278,79.5447,35.7376,22.8161,25.474,18.4721,19.7194,16.7883,101.423,35.0712,25.7152,24.8465,16.8575,23.6329,10.3104,24.1658,8.98953,4.05786,5.76678,4.54588,9.37473,67.2397,65.8191,21.9869,9.12233,19.6843,7.13156,4.29714,170.198,51.2709,131.928,31.8653,18.3544,3.62559,4.24915,21.6847,7.10926,12.1367,8.50141,8.01726,13.1066,2.32544,24.3843,5.25095,100.801,47.8157,36.1042,42.478,59.7291,26.36,27.9731,8.08651,9.44793,8.87342,25.7874,5.33397,9.72843,39.4646,5.20679,4.02945,43.0242,15.842,125.829,23.2898,16.7487,72.7286,5.78267,16.1866,7.26192,34.8745,3.7845,67.9372,5.1953,30.2309,9.29423,19.0517,20.888,5.22821,28.1355,12.2032,0.876165,64.2783,83.4235,23.2837,23.269,5.03895,3.26918,1.46253,7.43553,1.72062,4.75567,5.4232,67.3567,31.1924,31.8844,0.572549,57.1575,6712.64,147.918,90.8025,5.83256,26.4975,187.784,2604.9,131.593,10.6717,9.17652,5.44494,2.57305,2.37525,9.84909,15.2444,15.3425,15.2185,4.73161,13.6102
2021-07,29.8243,74.8265,166.963,106.55,46.8187,17.8271,34.4189,33.5824,5.40719,39.3634,55.7074,45.3659,47.72,18.7496,18.7934,29.8664,30.5051,22.3889,24.8326,17.498,21.5987,0.751087,8.10429,10.8653,1.85416,24.4933,4.90552,39.8804,64.3287,0.772265,11.0376,38.3676,12.3156,23.4495,178.096,58.2135,100.552,57.4264,75.8993,24.5162,70.3744,29.6862,19.7116,20.9445,16.6346,17.8335,14.7999,98.8312,31.4359,22.8912,22.9652,15.3007,19.3948,8.9783,23.0476,7.9801,3.64642,4.95378,4.19232,7.68198,66.3265,70.0876,23.035,10.0171,21.14,7.33213,4.70079,186.71,53.4337,140.203,31.1578,19.0516,3.35137,4.20871,24.0105,7.3312,11.4049,8.50274,8.6415,13.8928,2.33667,25.3768,5.4881,103.337,53.0888,39.3775,43.4937,60.6631,26.0874,25.9548,8.66437,9.5325,9.10816,24.6983,5.49834,9.32858,39.7733,5.12838,4.14637,46.6654,17.8088,124.147,23.0805,15.3605,88.2987,6.82212,16.7157,8.15847,39.3272,4.39571,73.114,5.83128,31.6775,13.6588,20.581,23.6468,5.72999,26.9578,12.0458,0.986371,63.0416,82.4717,21.505,21.5596,5.18607,2.65419,1.34544,6.42143,1.38214,4.83982,11.3606,66.2384,28.3644,26.0619,0.672025,56.064,6870.83,145.714,93.148,6.03371,30.5782,191.928,2816.8,132.763,9.40249,7.58861,4.84276,2.03765,2.22382,9.47282,13.3092,12.661,14.0787,4.41817,13.073
2021-08,30.3498,72.3217,169.213,104.934,48.4323,17.7049,34.0061,33.1762,5.31177,36.7159,56.4287,42.2086,44.4761,17.3756,17.4028,29.6412,30.2387,22.3388,24.6898,19.1476,20.8254,0.717591,7.67449,10.4995,1.91612,23.9988,4.97532,40.2557,63.4678,0.87158,11.8054,41.966,13.1661,25.7436,189.953,55.8485,96.6632,56.7662,76.1915,27.9783,65.0821,29.1596,20.4368,20.8331,16.7467,17.0839,13.8661,101.565,30.6469,22.1201,24.7901,15.271,18.311,8.88729,22.4701,7.49619,4.13737,4.51806,3.92077,7.09696,61.1007,62.5831,21.436,9.65036,18.0376,6.74867,4.32496,169.943,52.2204,128.181,28.8537,19.5772,2.90505,3.89932,24.5217,6.73717,10.647,8.75396,8.63273,14.3227,2.25989,24.4174,5.48474,90.0915,50.4685,37.7778,41.4559,58.5167,25.648,25.1288,7.38849,8.41639,9.85477,23.1365,5.37269,9.16613,35.4035,5.36685,4.17868,51.4639,15.6482,128.554,24.6807,13.9068,89.411,6.61414,15.7684,6.38077,37.7102,4.06914,76.4048,4.50631,27.67,18.601,24.6957,25.6422,6.31898,26.9391,11.9974,0.957379,63.582,80.8044,22.3288,22.2897,5.74906,3.06373,1.55017,6.60349,1.58679,4.53887,11.0745,66.3522,35.2878,28.9995,0.629905,60.6484,7660.74,149.713,90.9426,6.24659,28.6477,191.229,2819.88,131.815,8.27316,7.75321,4.62446,1.84647,2.1545,8.49932,12.0218,15.8598,15.6899,4.62026,15.9173
2021-09,32.9687,65.8155,158.514,100.729,43.4092,21.2237,37.5111,36.4717,5.83154,33.9597,56.0446,38.4911,40.1572,15.8741,15.9588,31.0133,31.3099,23.2453,25.8068,22.7547,25.7906,0.894986,8.69414,9.95598,2.04179,26.9969,5.54816,44.476,59.1441,0.925161,10.8245,38,12.2084,25.8084,157.951,60.0901,101.064,69.091,93.2527,34.1179,77.1622,33.4975,22.4217,23.191,22.8974,26.3722,15.3623,113.115,32.3079,23.871,26.8393,16.8793,20.3061,10.7047,29.6892,9.79288,5.27053,6.56214,5.02066,10.4046,57.6014,56.2612,19.2263,8.37472,16.8408,5.99251,3.59437,151.281,43.4531,109.987,25.8137,17.0208,2.7511,3.45711,22.6194,5.94244,9.30163,7.94666,7.02127,12.7523,1.93711,22.2288,5.73741,80.0351,41.9651,30.7672,36.9582,52.3443,28.0705,22.108,7.46421,7.54554,7.73114,21.4372,4.7055,8.35023,32.4895,5.14079,3.60391,56.6108,16.3727,110.639,22.8609,11.2098,83.866,5.83722,12.5353,5.34067,34.465,3.6543,66.3041,3.58893,23.0228,17.1692,25.5968,29.146,7.91008,32.1833,13.0278,0.952038,63.4203,86.5568,26.128,25.946,5.75784,3.71277,1.78943,8.54546,2.09376,6.03075,13.5534,62.059,47.0609,29.9632,0.621062,58.9019,7201.01,134.03,78.506,6.72382,24.1147,181.642,2507.72,125.666,10.592,8.46202,5.44592,1.9979,2.34025,8.45467,15.2143,16.4819,16.1612,4.7488,15.5558
2021-10,33.8211,66.7985,162.696,104.931,46.3553,22.7782,39.7917,38.8024,6.34741,35.1407,57.7317,40.9869,44.9632,17.0564,17.0557,31.5653,32.019,23.7418,26.2702,22.5544,30.2518,1.13657,8.93866,8.60885,2.42565,27.729,5.77369,46.1205,57.9893,0.995632,11.5979,40.8999,12.5202,24.9346,166.914,65.3194,113.114,75.7687,104.715,38.1914,88.5524,37.6577,27.2595,22.3816,23.9885,26.9524,17.6382,118.764,34.874,27.3645,26.9948,19.5786,25.7039,12.6695,30.6478,10.0006,5.10591,6.63337,5.45081,11.3891,56.8111,57.089,19.4059,9.49224,19.3029,6.66385,4.1169,164.955,46.3404,113.113,28.1754,18.3075,3.34414,4.15044,25.4731,6.64942,10.7299,8.9112,8.57849,14.2455,2.10025,23.5264,6.02281,75.1194,45.0254,31.8838,42.5908,55.4731,31.4025,28.2091,8.32689,9.10967,9.4644,22.506,5.05873,9.20764,35.3867,6.68381,4.03926,52.8293,15.9481,98.5194,22.2259,10.1452,91.1437,5.89792,14.3059,5.14976,37.7507,4.21661,74.3036,3.53086,23.9183,13.689,26.1495,30.5611,8.55939,33.2017,14.264,1.65276,67.3313,97.7933,28.9774,28.9515,6.65207,4.49105,2.04029,9.46501,2.10065,8.00156,13.412,64.8388,68.4161,26.33,0.737298,66.8255,7707.74,137.875,78.0202,6.55646,29.1073,186.638,2536.9,136.416,10.2918,9.13846,5.38451,1.8189,2.41086,8.86138,14.4139,14.0682,13.6712,4.21539,13.6541
2021-11,30.2943,64.1767,156.099,100.018,44.763,21.3093,37.0142,36.1237,6.05939,34.1849,55.1188,40.9787,44.2137,17.12,17.0264,29.1839,29.1567,22.5827,24.2556,22.4608,25.1433,0.909208,6.96773,8.80137,2.39298,25.18,5.19378,41.9785,48.859,1.03488,11.745,40.8084,12.0903,23.9641,151.006,61.1428,112.251,70.9851,104.206,39.8822,82.9157,33.1373,26.6708,21.7352,21.096,22.4962,16.3867,120.172,30.983,23.5258,25.1799,18.8148,23.7787,12.5574,28.1834,9.13865,4.82166,6.88368,4.84341,10.4782,57.4965,53.7004,20.2026,11.5426,21.7655,6.59772,4.82107,158.012,47.8276,113.708,28.0634,21.0315,3.71223,3.93062,23.4957,6.58763,10.7763,8.50048,7.62663,14.5031,1.87879,22.0434,5.69913,73.5257,43.4137,32.9561,41.6634,54.7161,29.8048,25.3671,8.04786,8.20898,9.56341,19.5041,5.91347,8.31684,34.3454,6.53763,3.86961,53.2346,15.8941,90.0546,21.108,9.81005,84.4911,5.45491,12.4715,4.6104,29.9446,3.65774,66.9133,3.31912,23.4278,11.4109,23.3786,24.2652,7.47261,31.7446,13.2469,1.67161,65.2454,91.4403,27.5788,27.8249,5.6224,4.70937,1.91018,10.4639,1.79004,8.11258,13.6378,54.4631,66.6639,20.8333,0.728761,61.2746,6852.72,135.489,68.854,5.80389,24.4479,188.941,2576.33,131.455,7.77183,7.06055,4.58258,1.52502,1.95498,8.01582,11.605,14.216,12.3262,3.57628,12.3089
2021-12,31.8591,69.7382,165.494,107.896,47.2979,21.6362,37.7991,37.287,6.08035,36.0025,58.3035,41.0568,43.2706,17.0479,17.0311,30.2338,30.5458,23.3449,25.0197,23.6467,24.3367,0.936124,7.07587,9.01949,2.52317,26.1714,5.33061,46.1213,50.7049,1.15441,11.9288,42.6728,13.5272,25.4472,149.216,62.3306,116.349,73.0384,104.977,42.4349,86.3626,32.3109,27.7447,24.3229,20.9596,20.4437,16.4682,115.929,32.2558,24.8921,25.8771,19.3913,24.4335,12.8309,27.0999,9.42102,4.7896,6.25276,5.3322,13.0102,65.3683,57.1265,20.1513,11.1521,21.7403,6.42275,4.63706,158.797,49.0052,119.23,27.353,20.4247,3.74877,3.95055,21.6621,6.35632,11.0837,8.01158,7.60675,14.4124,2.10205,21.6085,6.04782,78.8212,47.7387,35.4511,46.7446,57.5417,31.9802,28.0986,8.52154,8.13057,9.69849,18.1377,5.24395,8.49676,38.5216,6.64773,4.16838,67.9562,19.8337,94.5177,21.4506,11.0845,88.1431,5.83764,12.5332,4.83394,35.2093,4.23128,69.5304,4.05123,24.8831,11.5016,27.8838,25.0285,9.20474,38.7608,13.4526,2.08552,70.6708,98.3102,25.8693,25.6688,5.2339,4.01226,1.64083,9.13836,1.46118,7.64105,13.0911,54.5011,59.7766,23.7164,0.71852,63.4894,7294.51,142.419,69.2774,6.99191,26.0737,205.322,2637.05,142.957,8.16917,7.03875,4.27221,1.31205,2.21454,8.50537,11.2294,16.1529,12.759,3.52799,12.834
2022-01,33.7455,69.4982,151.571,98.8923,45.1109,24.7011,43.3746,42.1144,7.15804,35.5893,58.1377,38.1309,38.8427,15.6366,15.6568,32.0411,32.2796,24.7702,26.8211,23.9264,26.6728,1.13053,7.23297,9.86669,2.41023,29.9781,6.07955,51.4411,45.4156,1.14976,12.1323,43.5265,13.2401,22.1433,121.878,76.7303,129.123,88.9257,121.775,48.3093,108.269,41.6349,34.1114,23.5006,23.1957,21.8876,17.6135,126.841,41.7269,33.1788,29.2661,23.2357,27.7727,15.1511,30.6336,12.0824,4.60462,6.56148,6.34187,16.0314,63.9344,50.9358,20.1409,10.6666,19.0926,5.9197,4.01658,150.64,45.6418,114.516,23.54,18.8583,2.87422,3.60856,21.9131,5.89287,10.3028,6.75821,6.65242,9.93155,1.64664,21.182,6.08301,82.262,50.3115,33.1953,41.4825,59.0774,34.1375,28.7883,8.41305,8.63218,10.1371,14.7355,5.03596,8.88681,39.1409,6.55383,3.51815,64.1429,18.2192,96.2741,20.7728,11.9015,108.865,5.89553,14.8569,3.84493,32.001,4.23992,61.6742,4.49338,25.7109,12.2324,28.1781,23.7596,9.73454,32.3048,12.9773,2.2048,77.7642,103.233,22.854,22.7795,4.86955,3.09988,1.43711,7.32808,1.40148,5.98427,13.1251,50.2423,51.6053,23.1561,0.772274,61.6729,7250.8,137.318,69.6297,6.63792,20.3571,207.397,2488.86,129.985,7.3301,7.16101,3.98351,1.19332,2.01149,7.57504,10.9008,15.7142,12.3046,3.70217,12.0572
2022-02,33.9156,74.7711,142.641,97.8646,45.614,25.575,45.2182,43.979,7.58806,40.4398,60.7656,43.853,43.8584,17.5064,17.7601,33.8593,33.3988,25.9782,28.3232,27.067,24.1264,0.962274,6.52277,10.2988,2.4973,30.9845,5.7093,46.3949,39.9128,1.21476,12.6883,48.0882,13.0442,17.2335,149.209,79.3685,141.772,94.8001,132.093,56.373,110.6,47.8952,36.2658,25.5063,26.9873,25.8584,19.2313,149.711,41.6584,35.8626,31.2651,25.2231,29.3792,16.1882,33.5013,12.6041,4.90648,7.17899,6.79381,19.0405,68.5655,53.3376,23.6278,13.9804,23.6651,5.44245,4.71197,166.011,49.1212,135.505,25.4368,22.4183,3.42491,3.98091,25.9811,5.37367,12.7727,8.26129,7.32532,11.2937,1.82627,23.9058,6.94326,90.8402,58.9131,35.2577,51.8532,64.5432,39.3379,33.8773,9.43555,9.88177,11.9031,16.7381,6.06225,8.4452,43.4702,6.84166,3.27478,84.4434,27.7994,96.1499,22.868,14.3654,140.247,5.44324,18.7787,2.65701,33.6256,4.48344,77.6939,4.85698,30.479,19.4621,33.5716,33.2915,9.56569,32.4427,12.7524,2.1878,81.0332,108.753,28.6499,28.4835,6.23781,4.69601,1.75365,9.61564,1.74188,6.51274,14.3944,59.754,53.2803,23.5489,0.840364,70.3651,6659.26,134.009,65.6537,8.14409,26.3165,211.874,2476.07,130.199,10.6596,9.06915,5.10644,1.84626,2.61775,8.65507,14.4669,21.0614,15.1083,4.70744,12.7099
2022-03,34.8869,80.1267,143.813,95.6634,43.6503,28.4494,48.943,47.9919,8.40253,43.9082,67.7583,48.7223,47.7332,19.3115,19.1928,37.0634,37.1607,28.3302,30.7549,33.1247,30.0059,1.17604,9.20363,14.1715,3.98164,32.1197,5.71499,46.8211,46.8389,1.22041,10.4549,45.1351,11.179,15.9697,145.024,82.4876,158.198,98.9148,129.961,56.1652,114.215,61.472,41.5132,37.429,35.4587,33.779,24.065,154.13,43.2782,40.1144,38.2357,28.0878,31.443,17.0987,39.0714,13.6587,6.14587,8.42385,7.34645,21.3144,81.7843,64.3289,25.3413,15.3769,23.9438,6.33796,5.50328,178,52.8341,156.181,29.1366,24.4212,4.0418,4.51493,24.2665,6.32742,12.954,9.56314,7.55309,11.1843,1.96279,25.4935,7.61245,92.5387,59.3754,40.0434,54.2108,69.6683,44.3952,39.7774,9.05375,10.4874,10.8493,17.0369,6.57841,10.2013,49.9846,6.17572,3.61554,99.6889,30.5574,92.5823,20.9059,15.9081,175.161,4.92811,16.1684,2.84279,35.0326,5.56062,90.9967,5.82526,27.904,27.1692,39.0998,40.2165,11.1017,40.8692,15.9877,2.70102,92.0037,113.746,33.4714,33.5513,6.57374,5.331,1.8583,10.6272,1.8583,6.88427,17.5207,59.6971,39.1405,23.1129,0.909618,70.3851,5924.15,141.09,57.4687,8.63408,37.4099,223.937,2510.9,129.441,10.0078,8.50085,4.6466,1.6111,2.79501,9.13661,13.8267,21.9756,18.8562,5.08435,13.8892
2022-04,33.5554,73.5637,138.236,94.4553,42.2042,27.584,47.9783,46.9633,8.246,39.261,65.1299,44.3516,43.8116,17.545,17.4981,37.8399,35.9153,29.2513,31.5543,29.9462,28.8222,1.22412,8.22699,14.7232,4.85774,31.5057,5.67411,45.1356,43.7131,1.15256,10.0253,43.4407,9.8941,14.4334,128.273,84.6716,151.368,93.9589,119.01,54.9466,111.902,59.3531,40.9988,42.9975,40.6556,33.105,23.735,150.135,40.6417,37.5216,32.3946,28.0952,34.7434,18.9765,43.704,14.1517,6.72967,8.50158,7.30634,19.7922,74.5741,60.8275,22.92,13.2836,20.5242,5.44525,4.47464,167.735,49.5372,143.441,26.2896,24.5759,3.25707,4.15728,23.9595,5.44834,11.2455,8.2662,7.28514,11.248,1.71281,22.5076,7.20762,82.6441,51.0134,35.1814,44.0872,56.8401,43.4053,32.9682,7.38935,9.45537,9.33314,16.7362,5.30086,10.1664,43.9294,5.47875,3.87492,74.6572,19.4847,95.0835,19.2768,13.3665,140.929,4.65705,13.6118,2.39812,31.5856,5.36016,93.0078,5.10244,22.4845,24.9367,35.6975,50.5362,12.8145,47.7511,13.684,2.47634,90.7834,115.473,29.5224,29.7662,5.6941,4.90871,1.51304,8.67398,1.59389,6.73272,15.3136,57.2274,32.0625,19.6653,1.05239,64.932,6328.1,137.925,57.761,7.47625,29.4407,232.09,2456.08,130.718,9.54397,8.77622,4.4774,1.92559,3.28207,10.299,15.9059,20.6833,17.4893,4.34681,12.945
2022-05,37.0703,74.6438,138.986,89.5503,42.0847,31.5758,53.7441,52.7875,9.47422,37.7534,63.6772,39.4698,39.3417,15.6254,15.6594,38.5783,37.3722,29.8349,32.0214,32.6858,33.5926,1.40842,9.89191,15.1414,6.51308,34.2786,6.26059,53.6835,45.7869,1.14248,11.18,45.4561,10.0428,15.776,128.15,95.2751,168.283,109.809,145.172,69.9781,129.83,73.8593,46.5756,51.231,48.986,37.1296,24.8129,149.884,47.5329,42.3198,37.3459,29.4676,38.1424,23.3386,52.5316,15.0798,8.13071,10.0488,7.79768,21.553,68.6984,55.0959,21.0185,9.13748,17.0794,4.77096,3.64673,155.918,45.2925,122.957,23.1867,21.5356,2.51327,3.8217,22.1001,4.75035,9.1025,6.68868,6.92807,11.1717,1.59003,21.3287,7.52742,82.8452,55.0057,36.2444,42.0257,57.0736,44.7431,32.6564,6.47593,9.04224,8.70212,14.1635,4.32398,9.73323,42.689,5.57277,3.71245,67.3367,13.4803,99.5726,19.2951,14.1287,156.291,5.32265,12.7285,2.52122,34.5064,5.03624,91.5968,5.41469,20.6468,25.7215,35.4433,54.2006,14.3029,59.3471,13.9872,2.28277,91.4765,120.005,27.6845,27.7049,5.42638,4.36396,1.39372,7.32276,1.39372,6.53472,13.5136,56.0651,29.2339,15.6057,0.829684,66.9241,5450.5,139.748,59.8918,7.36103,26.4808,216.202,2304.31,122.116,10.8416,9.45301,4.71319,1.52516,3.58586,14.6646,20.292,23.8213,20.5874,6.10649,13.1569
2022-06,31.4986,57.7639,117.132,82.7377,36.3146,24.9612,44.6992,43.4109,7.62359,30.6972,54.2498,33.7512,31.5573,13.2699,13.292,33.6751,31.5207,26.2118,28.1898,29.1348,26.4426,1.04109,7.48213,12.628,4.96094,29.1268,5.2973,47.1465,43.3138,1.09229,9.38448,37.2014,8.11111,12.5589,115.964,83.8417,137.604,87.2539,114.125,51.6332,104.692,62.0113,34.109,36.4306,34.54,26.7012,18.5491,143.81,36.4827,32.3251,29.5599,23.8256,33.0983,18.9578,43.7642,12.5355,6.05748,7.60198,6.0229,18.743,60.0846,46.9871,17.9004,8.80135,14.5041,3.76926,3.34112,142.789,38.9682,114.9,20.4781,18.259,1.81434,3.27062,19.5903,3.73659,7.14139,5.0003,6.27833,10.4703,1.31873,15.7772,6.07243,67.0297,39.3287,31.3239,31.0391,45.392,32.6218,21.1015,4.5503,6.40196,6.48161,9.50812,2.84281,6.3691,31.8969,4.40581,3.01597,49.0541,8.30538,76.0349,14.8866,11.2965,107.263,3.75091,9.63694,1.7814,23.7007,3.56959,70.3602,3.66233,18.2315,22.9227,31.8328,51.2056,12.9577,38.4603,12.1167,1.78414,77.1019,90.7349,23.459,23.4412,4.04563,3.47091,1.09311,5.53316,1.19453,4.49716,12.1323,59.5073,27.8912,9.59367,0.606618,63.4606,5984.37,115.688,48.5407,5.0691,17.3207,216.747,2313.14,115.223,9.60089,8.87003,4.78194,1.57839,3.49824,13.7198,17.0896,18.8827,15.539,4.56045,10.8814
2022-07,32.3976,59.7008,122.271,87.6678,38.6419,26.9675,47.3305,46.3073,8.23992,30.4585,57.7275,31.6025,32.6508,12.6482,12.6793,34.9134,31.9569,27.05,29.0103,32.1845,26.4667,1.07779,8.46023,13.5313,4.04865,29.8627,5.47924,45.6021,50.2798,1.20232,10.105,41.7192,8.69726,9.37583,129.335,94.9058,155.68,94.6682,120.611,58.8918,106.245,69.2548,36.4621,46.6345,44.6763,35.6813,19.4642,161.72,37.7828,30.2052,26.307,24.5602,32.1194,19.0465,52.9007,13.9879,6.86918,9.20248,6.67701,25.5422,45.6,44.148,15.9291,8.87961,14.4274,3.5907,3.49098,138.899,37.1015,112.75,21.1677,17.9987,1.8709,3.38679,18.7382,3.6116,6.90303,5.02466,5.85819,10.1101,1.11144,15.8898,6.32673,67.4135,39.6644,30.788,33.6633,45.3883,31.4661,20.3896,4.30877,5.71197,7.02108,11.1755,2.54911,7.06937,33.9681,3.84085,3.41112,54.7753,8.89243,73.6305,16.4887,10.3944,108.993,3.97964,9.60908,2.03304,25.7999,4.01917,82.8465,3.56002,18.3519,22.56,33.2095,63.5945,15.5752,39.8858,11.2346,1.67475,82.2484,92.3866,28.7636,28.809,4.91394,4.73361,1.34119,7.56251,1.34119,5.83882,13.2307,61.2321,37.3617,10.0496,0.575775,55.5783,6217.11,118.574,51.3208,6.13131,19.9601,229.669,2290.86,120.707,10.2647,10.4929,5.12579,1.77868,3.76268,16.6104,20.2327,19.6708,15.5086,4.56099,11.236
2022-08,32.5738,57.8129,113.228,81.6732,35.6948,28.8402,48.6551,47.3925,8.61708,29.6407,59.022,29.4039,29.2231,11.7211,11.6804,34.5356,30.7548,27.0738,28.9191,33.1896,27.5539,1.10145,8.56459,14.1055,4.38592,30.0571,5.79217,45.5531,48.4872,0.994355,9.75118,38.7717,8.27568,8.62957,109.119,94.5367,151.662,106.864,128.556,66.196,115.916,74.8112,38.3787,50.8258,45.1882,35.4673,19.922,173.632,38.9394,31.0719,26.0709,25.473,30.6654,18.7823,51.3541,13.7889,7.88727,7.67471,6.39728,26.4266,41.667,42.7392,15.2322,7.81103,13.4831,3.48457,2.78737,130.501,33.1544,98.9351,15.6007,14.8215,1.34167,2.94398,18.5157,3.49248,6.20137,3.95453,6.03656,9.04133,0.854107,14.4613,6.20885,62.5724,35.8486,30.9389,31.5939,43.599,36.3017,19.8949,4.95015,5.27658,7.2697,10.7323,2.54095,6.02223,32.2731,2.92316,3.01128,53.3843,8.70391,69.7584,15.0176,10.0894,88.1307,3.6624,8.68412,1.95872,25.1301,4.04106,85.8981,3.51465,18.4847,26.5139,34.7269,75.5584,19.0597,45.8612,10.6274,1.52491,87.7748,99.8897,32.5478,32.6538,5.00588,5.09607,1.5897,9.15489,1.55588,6.57167,14.2035,56.5664,56.1583,10.497,0.502285,59.2016,6206.13,108.541,45.8517,6.34795,19.4711,227.457,2133.21,116.124,12.8465,11.8791,6.12651,1.92758,4.57787,19.7816,23.8573,15.7935,11.3539,4.56826,8.68768
2022-09,29.7047,54.315,105.735,75.5751,31.8289,25.5438,44.2249,43.3937,7.83173,28.767,52.8652,29.7796,29.109,11.7822,11.7791,32.3075,27.6353,25.245,26.7982,28.4691,22.7087,0.88438,7.59815,11.4218,3.83922,28.1855,5.43134,43.0533,43.5557,0.889003,9.51959,37.6451,7.51268,11.3481,89.2358,86.1626,137.559,101.141,115.941,57.5363,107.858,64.7398,33.4787,43.2365,34.3472,27.2751,17.4717,179.457,36.733,25.4369,21.5864,21.9517,27.1157,15.5171,45.4772,12.1437,6.39894,6.62714,5.60516,21.3383,42.8157,43.7031,15.8648,7.97417,13.7935,3.98593,2.58956,129.782,35.1008,100.785,16.6134,16.1273,1.20378,3.13865,17.9999,4.02475,6.83147,4.10497,6.31161,9.65413,0.741261,14.0065,5.99845,61.3795,33.6825,28.5522,29.1084,41.4443,32.8409,19.1746,4.54039,5.21947,7.31399,12.563,2.68207,5.45916,31.1196,2.39863,2.71698,36.2381,5.94016,59.5108,11.4078,10.7973,82.7205,3.16092,9.30871,1.52802,21.3889,3.69601,75.6936,3.18922,18.0956,26.6287,30.2769,67.5604,16.535,47.8591,10.3342,1.45137,80.1721,82.9907,29.5365,29.8698,4.12886,3.93761,1.33879,6.88519,1.22628,5.53213,13.4186,54.5393,46.1037,7.78388,0.472604,50.6939,5632.2,99.7151,40.6336,5.12085,15.1542,222.726,1983.18,108.178,12.1729,11.7368,5.91767,1.99375,4.4183,20.973,26.6512,14.091,10.3544,4.20361,7.69091
2022-10,33.1966,56.1896,116.049,75.8397,33.849,30.2531,52.237,51.3662,9.67011,28.5724,57.3688,29.1998,28.9356,11.6857,11.5802,32.2977,27.8917,25.395,26.6703,31.1661,25.2285,1.00083,9.41575,12.4752,5.4458,31.1868,6.22151,49.5662,43.4822,0.994361,10.666,39.1772,8.13445,11.8414,91.9888,108.912,172.505,124.109,150.606,73.7145,132.034,76.1778,44.6005,44.2137,41.077,30.6277,18.8354,190.044,53.0222,37.4764,28.3716,27.9183,32.691,20.1552,48.6655,14.0511,7.05015,7.68674,6.80155,22.9591,42.937,45.3096,15.3216,7.73579,12.9724,3.83257,2.98624,133.693,35.3155,101.964,16.6505,15.0685,1.63591,2.98035,17.1309,3.82665,6.23115,3.68192,6.4747,9.46059,0.693059,15.2615,6.47929,58.8122,33.2104,26.929,33.7915,43.2376,32.4453,19.665,4.22537,5.34349,7.78109,12.7709,2.60193,5.28958,29.2119,3.58391,2.77696,41.9559,8.0787,78.8379,12.3477,10.4469,68.011,3.65937,9.34073,1.32659,23.6519,4.01212,99.9326,2.9435,17.6908,25.538,39.3791,65.9275,17.4606,57.3246,10.5314,1.47472,96.2545,98.8021,26.3212,26.3471,4.66122,4.71724,1.42302,8.06749,1.44543,6.09669,14.4753,61.4472,53.0102,9.99104,0.437159,54.0689,6092.23,113.191,46.8052,5.9185,14.5551,240.239,1958.44,107.347,13.5029,13.6335,6.94622,2.29805,5.47901,27.3945,30.3506,13.9859,11.0286,4.37693,7.25552
2022-11,36.6215,67.4266,126.587,82.6259,37.8135,30.3622,53.9554,52.7707,9.69811,34.6524,59.098,34.3888,33.801,13.7415,13.7174,33.1713,31.0927,26.2368,27.5666,32.7041,26.8418,0.972328,10.3278,12.1462,5.0303,32.701,6.65364,56.3235,50.2322,1.27229,12.2229,43.8123,9.09053,13.1304,95.4375,110.425,176.334,122.158,143.984,65.3655,137.405,72.9882,46.0107,45.0142,40.9951,31.0785,19.4825,189.539,52.5862,39.0284,29.9982,27.5172,30.9432,19.7122,53.515,14.6784,7.17015,9.12187,6.95476,19.2577,48.2107,52.389,16.8162,10.957,18.2394,4.3977,3.74725,158.237,42.3814,120.737,17.2142,16.6512,2.29932,3.3818,20.242,4.35166,8.46571,3.89788,8.75622,12.0132,0.934473,18.859,7.53827,74.6635,44.741,34.6063,42.4822,56.763,39.1194,26.2446,6.22067,6.21411,9.94161,14.0619,3.88086,5.73793,36.5075,4.07106,3.29114,53.9424,10.1058,88.3049,13.9641,13.3344,85.8773,4.46478,11.1625,1.92421,27.9741,4.72717,110.542,4.44655,21.3716,34.1636,39.1434,82.5335,17.4347,46.136,11.9044,1.47398,97.2812,105.719,27.1858,26.9012,5.31647,4.35188,1.36837,7.78403,1.48054,5.92263,12.5096,65.9764,42.6215,10.9615,0.574938,55.8375,6875.21,122.769,54.2892,6.71805,17.3626,237.96,2078.24,115.592,14.6627,15.5032,7.93566,2.69493,5.80045,29.2025,32.552,16.4291,12.8528,4.74527,7.96485
2022-12,36.4859,67.8649,125.821,83.3407,38.814,28.0227,52.0571,51.0815,9.39585,35.0488,56.2705,35.5917,35.4259,14.2894,14.2293,32.4932,31.7026,26.1015,26.9103,31.4445,24.7504,0.948023,10.9426,12.5277,6.12655,31.6155,6.45208,58.08,45.6517,1.31231,11.747,45.221,9.69338,13.9785,100.98,109.731,173.191,117.798,133.46,60.1375,127.274,66.5004,45.9849,36.0179,34.866,27.0975,18.9462,162.585,54.8895,40.7923,30.6194,26.1689,30.5384,19.5256,45.0048,13.5804,6.33677,8.50283,7.01666,17.4958,48.652,54.2404,17.7568,10.2022,19.3835,4.36852,3.64099,148.588,42.5664,121.529,17.2146,17.2643,2.90269,3.52088,20.6369,4.33928,9.31102,3.65891,8.76807,12.2608,0.956092,21.0214,7.50693,78.7398,43.1694,34.9172,40.6858,56.3499,40.4225,23.318,5.63054,6.33278,8.87385,15.4588,4.0969,6.37983,37.5431,4.4893,3.36366,49.0787,9.20309,74.4281,13.3096,13.8041,93.0061,4.61087,10.6475,2.13984,27.763,4.47455,104.592,5.07503,21.6194,28.3463,36.9393,69.4796,14.9879,38.8547,11.0061,1.42248,92.9269,100.917,25.3569,25.3041,4.98407,4.36528,1.29383,6.9867,1.29383,5.36086,13.1283,63.1255,36.5423,8.92466,0.627984,60.3527,7400.4,122.577,57.8465,7.03151,18.1249,235.039,2046.89,114.159,13.0693,14.9667,6.97786,2.31593,5.53739,29.3064,29.8167,16.4626,13.3531,4.77844,9.1932
2023-01,36.781,72.5734,133.124,84.8458,39.8243,28.9417,53.5528,52.162,9.67433,38.295,58.0062,39.054,37.9872,15.6602,15.6233,31.9064,31.646,25.9843,26.542,26.1903,23.7737,0.947342,11.5491,15.0223,6.57711,32.6857,6.72758,57.2905,46.668,1.38756,11.4627,44.5115,10.4054,12.4687,97.2981,114.496,166.581,120.696,141.442,61.3385,129.747,67.8582,43.5647,34.507,32.1897,26.8826,18.6732,164.339,58.0395,42.3919,32.6498,28.5826,33.018,19.8661,42.3092,11.5684,5.76394,7.54131,7.31659,14.973,54.1256,58.4574,20.0461,11.1872,20.8141,4.91666,3.72897,158.448,49.4254,136.3,19.0534,18.5155,3.13638,3.88432,22.449,4.89309,10.5654,5.05801,10.2631,11.3122,0.942275,23.87,7.44994,86.9262,46.8358,38.8923,47.5521,69.6218,45.7238,25.5864,6.39863,7.71679,10.4244,18.2219,5.44572,7.62027,44.6264,4.80924,3.87432,55.9388,12.5455,85.8451,16.2176,15.0746,101.834,5.13003,10.6621,2.18409,32.147,5.82443,128.126,5.17136,25.2683,29.6862,40.0739,61.3252,16.7789,39.5305,11.2036,1.37195,82.2609,99.4437,31.0813,30.8674,5.40216,4.49808,1.60725,8.22601,1.46215,6.6962,14.2273,65.6223,45.8179,11.8857,0.718585,56.7521,7014.13,135.679,68.4122,7.42267,23.8298,226.157,2147.23,117.729,14.7257,15.2151,6.68084,2.28255,5.52519,25.7079,29.465,19.2961,15.6448,5.58739,9.36268
2023-02,37.458,66.1978,130.894,83.0916,39.1382,26.3669,51.0855,49.9325,8.9447,34.1976,56.7741,33.3541,32.318,13.3459,13.3361,30.2928,28.9796,24.5866,25.1737,26.5407,21.5068,0.908968,12.1127,16.6115,7.76624,33.7776,7.35658,57.2697,47.3106,1.40607,11.8461,42.6933,10.4831,12.692,96.1379,108.703,154.396,102.24,135.324,52.0084,110.265,60.9927,37.508,35.0161,29.0807,28.7848,17.0378,168.744,54.1536,37.2134,31.493,26.4609,32.1502,18.4384,40.0063,10.9028,5.55887,7.29705,6.79735,13.1556,44.3475,47.7932,16.5407,8.83976,16.4052,3.8567,3.26455,137.021,44.756,126.751,15.445,14.8367,2.51959,3.29843,20.3376,3.90641,10.3677,4.03108,9.21364,10.2079,0.857335,21.0025,6.62063,76.2926,37.8399,33.7734,43.4199,68.7706,42.4261,24.2264,5.49478,6.37924,9.32183,17.4989,4.96347,6.31497,40.8567,4.83003,3.52829,52.1142,13.3971,77.3702,17.7481,13.113,110.181,5.40169,7.98176,1.97202,31.3567,5.86245,133.192,5.0187,23.062,28.8969,41.3169,58.8853,15.5885,37.7172,10.7978,1.53959,79.0256,95.8989,30.1694,30.3229,4.6729,4.10682,1.38744,7.44778,1.18765,5.20166,13.8192,65.5261,49.737,11.6013,0.683702,60.3906,7026.91,136.013,68.9887,6.71098,23.6753,239.685,2075.21,110.176,19.7577,20.6582,9.27931,3.30775,6.4019,36.02,43.1072,21.2187,16.3385,6.17052,9.98223
2023-03,35.9634,65.1036,133.692,88.7784,41.651,25.5193,49.7332,48.864,8.85444,35.5008,54.8277,39.5388,38.556,15.7355,15.7093,30.1894,29.5078,24.6396,25.0021,24.5385,19.4875,0.771531,10.9918,16.4524,8.42118,31.5919,6.98725,55.1319,49.0024,1.45159,12.7807,43.0772,11.9363,12.6898,94.4907,108.098,156.174,98.426,132.387,49.5367,112.497,64.9971,35.1244,33.5647,25.5442,28.2786,17.7228,168.465,49.8058,32.3915,29.6043,26.0142,29.7632,17.3667,37.8692,11.3674,5.19942,7.52239,6.82566,12.698,50.1565,52.7478,18.9918,13.2036,23.9567,4.98752,4.31731,156.473,51.7497,137.946,18.9772,16.4631,2.99804,3.86522,23.3364,4.97296,11.3903,5.65471,10.4233,10.2108,1.15778,21.6491,6.35628,74.9184,35.9702,35.0184,43.2133,70.9249,38.9512,25.2641,5.76546,6.98015,9.98957,19.5619,4.99069,6.73548,38.7354,4.67018,3.22928,45.2524,11.0629,72.5552,16.9041,12.9061,106.646,5.23534,8.43624,1.61432,31.4682,6.04084,119.474,4.83599,20.6501,27.008,39.5019,62.4872,15.1028,36.4581,12.1198,1.37382,78.8241,95.6025,28.783,28.7857,4.23709,3.18611,1.20586,6.1731,1.17267,4.82999,12.9267,67.6204,35.6225,11.0512,0.639938,62.4703,7548.5,142.682,72.9848,6.83838,20.2783,255.023,2192.17,118.188,17.5437,21.9123,8.64117,3.05567,6.04413,31.4796,40.8524,18.2236,13.7375,5.43696,9.61963
2023-04,37.7605,62.7904,140.044,92.9754,44.1358,26.5466,51.5192,50.7304,9.13443,34.8653,53.2859,40.8588,38.4065,16.3067,16.2962,29.9066,29.582,24.2178,24.6534,24.6586,19.0436,0.785169,10.9964,14.3962,7.62363,33.8955,7.38409,59.6667,48.1243,1.58312,14.2175,46.9508,12.6521,12.7502,98.6973,116.067,160.55,101.563,138.572,52.0337,117.449,63.7377,35.9449,36.4622,25.3056,28.115,17.0942,162.725,49.8074,33.3591,29.8431,28.3042,29.657,16.5074,40.3404,12.3003,5.49266,7.62379,6.90728,12.2442,48.2549,58.4132,19.3744,15.3464,26.1912,5.32064,4.8299,162.071,52.7936,140.528,18.5745,15.5136,3.13705,3.84576,24.6324,5.26371,12.0044,5.4048,11.185,9.83728,0.994421,20.2066,6.48145,69.7504,33.1731,32.3118,39.9887,71.1047,49.096,26.4825,5.44215,7.75668,9.47507,21.5145,5.1367,6.40278,36.4199,4.57913,2.83571,39.2907,9.45519,64.3523,16.3457,11.7263,99.1693,5.23225,9.02936,1.49639,29.4759,6.39775,109.295,4.26206,19.4311,25.2135,37.0119,63.3143,15.5631,36.3249,11.6662,1.41195,76.8718,93.2092,30.0826,29.8632,4.29281,2.87288,1.21079,6.28512,1.02367,4.77054,13.128,68.9236,32.2511,9.97731,0.67424,61.4557,7438.84,153.314,75.5399,6.76624,16.9291,272.34,2187.72,126.626,16.6825,20.7691,7.54782,2.71015,5.744,31.6535,38.3365,18.1233,13.4501,5.72292,9.54053
2023-05,33.8361,57.0456,128.381,84.217,41.1576,24.3774,46.2514,45.5527,8.19876,31.7254,48.0685,37.4403,35.7999,14.9564,15.0008,28.2768,26.6505,22.9661,23.2931,21.571,17.3409,0.703159,9.53767,12.4691,7.62759,30.2215,6.16689,52.5875,37.2681,1.60141,13.2313,42.4338,11.9758,11.2691,96.5145,100.834,144.486,98.2773,124.371,44.7825,105.21,59.5788,30.9216,36.4669,22.4093,29.0198,16.9634,148.673,43.1184,29.1096,27.9317,25.1008,26.6192,15.7637,38.6324,11.9709,5.13074,6.83852,6.04519,10.5574,41.5894,52.5737,17.2348,14.875,23.7861,4.98203,4.92227,154.858,48.404,131.073,15.8439,16.0302,2.96448,3.58296,25.2977,4.97026,10.2924,5.12171,11.2112,8.82142,1.03484,18.2175,5.59995,65.0359,29.6993,30.0753,36.1319,62.4272,41.2717,22.9055,4.66217,7.12053,8.02494,18.1409,4.32733,5.35418,31.9487,4.16753,2.52133,33.5675,8.60797,58.9944,16.3595,10.2926,91.474,5.19765,7.18521,1.25647,25.851,5.85569,96.3824,3.7401,19.2438,19.0762,35.0804,58.4699,13.1539,31.762,10.5324,1.21627,69.795,92.6672,30.3891,30.3317,4.23811,2.84371,1.18579,6.45598,0.98816,3.90016,14.0638,64.4368,32.3787,12.135,0.609708,58.7233,6714.33,144.182,73.6501,5.92141,15.2396,259.369,2082.98,117.482,14.9247,17.7432,6.27602,2.68803,4.93269,25.8497,35.2221,14.6695,10.9216,5.36811,8.36535
2023-06,34.986,59.2414,132.627,85.1009,42.5955,25.8667,49.0027,47.7493,8.6165,32.8026,51.011,35.7985,33.3926,14.2717,14.419,28.8375,27.4102,23.3144,24.0718,24.4889,18.6849,0.693487,11.6898,13.4599,7.88779,32.2985,6.31706,53.2892,37.4983,1.7095,14.4825,43.6502,12.4828,11.2231,102.992,105.496,150.456,102.827,128.076,47.4858,111.86,60.7433,33.14,42.9985,25.2045,31.1673,19.3932,161.544,49.5596,33.5837,32.2965,26.4767,28.2088,16.8343,43.6624,13.3566,5.51137,7.07473,6.20425,12.1557,43.6127,51.5789,17.2302,13.5621,20.6626,5.02925,4.37516,151.753,46.0837,121.093,15.1189,15.3403,2.87833,3.50296,22.9667,5.02146,11.0147,4.99318,10.6574,8.41537,0.981415,20.1596,6.12881,68.6894,30.2159,32.2532,41.9518,66.8581,44.513,25.824,5.21314,8.04443,9.99434,22.1362,4.96413,5.15657,30.0341,4.41514,2.47996,35.7906,9.54336,69.7477,18.8241,10.8582,95.2291,5.03844,6.2593,1.23561,28.0013,6.49423,114.33,4.06551,20.6751,22.6795,41.5492,73.241,14.1774,34.8911,9.64991,0.942241,74.4053,94.074,34.0886,34.0704,5.15473,3.72103,1.36803,6.82919,1.14914,5.28867,13.8104,76.2085,35.6344,20.282,0.742602,60.3455,8450.76,152.549,83.5837,5.8129,18.3425,248.579,1962.13,117.643,15.1403,20.2927,6.93916,2.9209,5.08639,24.374,37.1494,15.3956,12.3075,6.31099,8.86253
2023-07,36.7258,63.3479,139.368,86.3029,42.8482,28.8978,52.1155,50.9386,9.29331,35.3153,54.5295,37.6802,35.8674,15.0799,15.1999,30.6595,29.6419,24.7786,25.4979,25.597,22.7333,0.85421,12.5874,12.1738,9.15469,33.1782,6.77017,56.7346,36.0269,1.9364,14.3585,43.3732,12.4488,11.4044,95.5358,105.285,156.192,116.608,143.363,52.9448,130.172,65.0922,39.4541,44.0122,29.2201,33.2559,22.2837,171.29,58.7501,39.7076,36.4977,28.4501,29.8917,18.7275,47.7088,15.0275,5.52853,7.40311,7.06631,13.4976,43.7949,53.9837,17.5631,15.1414,21.7087,5.24067,4.46041,154.906,47.7094,126.922,17.4705,15.7214,2.97116,3.41794,23.0006,5.20976,10.5994,5.68112,11.8643,8.67091,1.08377,23.5412,6.64057,72.1644,32.9463,34.0151,46.9124,81.3346,46.6884,32.1626,6.44003,9.11909,11.5243,26.1317,5.67973,5.28442,30.7779,4.63109,2.56978,38.1019,10.1587,79.6809,20.8527,11.8147,88.1731,4.89926,7.73915,1.28895,29.9077,5.75889,111.65,4.18687,21.0192,23.4515,47.113,80.3352,15.2447,37.1658,10.0947,0.863514,83.5024,108.146,38.183,37.9942,5.36338,3.93242,1.39819,6.96912,1.14696,5.34775,14.1293,73.3321,41.0719,20.2542,0.755955,61.0965,8567.69,153.657,82.9358,6.39942,19.2798,229.834,1914.22,120.565,17.5476,22.8593,7.99772,3.48728,5.65731,25.0496,42.2966,15.6962,12.6956,6.48506,9.59924
2023-08,36.7981,59.184,135.6,83.1858,40.9987,29.2398,52.8405,52.0133,9.40805,31.9561,51.8671,34.8409,34.1448,14.0533,14.0136,30.6111,28.9822,24.6331,25.2783,26.15,22.1715,0.755806,12.2679,11.8792,7.61246,33.3004,6.72907,58.8665,35.912,2.09587,14.1562,41.6542,12.158,11.3427,70.5817,109.58,154.551,117.904,147.894,49.8739,125.782,64.4601,42.5326,45.0617,30.0936,34.1121,24.3076,172.377,59.1163,39.0696,36.9532,30.2317,32.6883,19.6082,47.8328,15.1553,5.71029,8.02922,7.25951,14.0872,40.0487,50.1576,16.4954,12.308,16.5872,5.34587,4.26503,152.244,46.34,117.903,17.1658,16.041,2.67547,3.01304,20.0504,5.33617,10.3157,5.44959,10.5965,7.94678,1.2634,20.0097,5.82238,67.2459,28.4702,31.3877,41.7499,75.6011,43.4114,29.1678,5.37489,7.97006,9.65831,22.4584,5.05414,6.74815,27.996,4.4914,2.75357,31.6245,8.09166,74.1757,19.5766,10.9223,80.6295,4.42022,6.03083,1.06938,27.5425,5.25471,111.175,3.91786,20.3264,22.53,42.0134,92.3508,16.1151,32.6125,10.0777,0.725823,78.0139,113.953,40.0065,39.9422,5.72072,4.69838,1.52262,7.75451,1.42474,5.95408,15.9499,78.2955,51.617,16.9335,0.678374,58.3033,8447.85,154.967,82.5327,5.45308,16.6292,213.721,1782.7,118.373,18.8859,23.4584,7.74661,3.09248,6.14859,25.3209,39.5055,15.543,12.0452,5.31725,8.00951
2023-09,37.6258,59.925,125.542,76.6172,37.8747,29.2216,54.2663,53.119,9.67104,31.3968,49.8562,31.7982,30.5158,12.8335,12.8587,30.2208,27.889,24.2835,25.1424,27.8065,22.6001,0.799971,12.9759,12.5692,7.58579,34.4602,7.02398,61.7449,33.7826,2.0427,13.3449,37.1633,11.5595,10.1194,59.2428,115.59,161.364,118.966,150.54,46.9029,123.656,66.6235,39.7755,42.2043,27.5346,34.1423,24.4969,174.857,58.5531,41.0348,35.9754,30.4991,33.1479,20.5565,47.0601,15.9661,5.39235,8.77394,7.51818,14.2042,37.8359,46.8772,14.7695,10.7057,15.3781,4.7962,3.88271,141.16,43.0112,111.567,14.9815,14.3203,2.33252,2.84685,18.9751,4.78444,9.62295,4.54033,10.0008,7.28975,1.10129,18.9097,6.21644,68.3789,29.4045,30.9309,38.9124,70.393,45.2262,25.6213,5.25334,7.65499,9.2936,18.699,4.5989,6.3633,29.8957,4.49944,2.4822,30.4764,7.80038,73.3486,19.745,11.0855,79.4311,3.93961,6.23563,1.00815,25.7884,5.1529,112.002,4.00359,21.2882,27.0668,54.1133,112.326,17.7362,35.2321,9.91471,0.87377,74.0129,107.635,42.7548,42.7764,6.47681,5.5872,1.79007,8.91782,1.67073,7.67103,18.5074,79.3932,61.5785,14.6493,0.644439,54.0626,8632.5,143.407,78.9148,6.16231,16.9569,198.526,1613.27,110.462,19.5235,26.0513,8.60457,3.36501,6.52239,27.5781,40.3278,16.9941,12.2966,5.52978,8.39175
2023-10,37.3028,57.8334,123.646,75.9828,38.2041,28.8312,51.6661,50.6618,9.05106,30.3778,46.0931,33.6012,32.0385,13.5172,13.4822,30.3568,27.9086,24.4101,25.1588,28.327,22.9691,0.822079,12.3121,12.4664,6.688,34.9023,6.62557,62.8131,33.4402,2.07503,13.8212,38.3131,11.6146,10.3387,52.4437,104.098,139.513,118.019,155.888,45.8093,123.97,63.4954,38.678,44.0933,31.9515,37.7701,23.5729,175.409,55.9231,39.8748,35.0722,30.055,31.3281,18.8776,50.3202,16.1504,5.24577,9.2682,6.94006,14.0608,38.3831,48.4016,16.2272,12.8399,17.3703,5.48198,4.67954,128.584,44.8316,109.91,15.1218,14.9618,2.75668,3.18299,19.8783,5.50076,11.7069,4.74442,10.7781,7.30458,1.23498,17.7507,5.74135,69.2639,27.1383,30.8286,35.4061,66.3139,37.2624,12.6122,4.72643,6.43275,8.02095,14.7705,3.70439,6.3026,26.6251,3.95949,2.15691,27.0149,7.17389,56.0589,17.1479,11.3463,71.9487,3.85576,5.136,1.00017,22.7156,5.4383,111.303,4.55873,19.8518,24.5768,51.6436,98.4231,17.9006,34.723,9.78443,0.77241,70.2616,105.418,44.1415,44.2642,6.56612,6.45759,1.7582,8.69332,1.76905,6.5342,19.7071,78.6822,57.5973,12.2409,0.662594,54.0172,7881.31,145.49,73.7236,5.57867,18.2115,185.966,1544.18,105.976,23.6031,28.9905,9.29316,3.75032,6.86303,31.1243,48.1639,16.4627,11.5803,5.44723,8.42655
2023-11,38.7213,62.5314,135.448,79.405,42.5804,27.6986,51.591,50.7489,8.91609,32.8208,47.0235,37.1653,36.3961,14.9671,14.8389,29.5483,27.8119,24.011,24.4851,28.3647,24.1718,0.816103,13.3746,11.9642,6.93601,35.3088,6.60537,64.0988,38.1027,2.0561,15.1892,43.2466,12.7979,12.3209,51.602,102.17,139.195,115.622,153.699,44.3248,121.091,60.8855,35.1264,41.8148,25.6976,34.3194,22.6853,192.873,52.3916,37.6092,34.6541,31.5314,32.2127,17.5355,45.9538,15.9723,4.53861,8.16682,6.23804,12.2801,41.6633,55.9383,18.0014,15.109,18.781,6.24178,6.51654,118.826,52.1576,128.574,16.3552,12.8204,2.76225,3.33753,22.7397,6.22923,14.1724,5.92123,10.7133,8.03858,1.4509,19.4387,6.09563,74.4158,28.9952,33.1483,39.1955,68.3337,39.6364,8.89032,4.90668,7.18876,9.69053,13.3795,4.44916,6.18881,28.1332,4.34757,2.27757,28.3575,8.54775,57.8335,18.9225,12.8178,80.6408,4.45506,4.51827,1.00586,26.3064,7.03213,124.742,5.06028,20.8647,24.9703,59.5201,114.485,17.0531,35.0868,10.3146,0.990676,72.9779,110.192,49.744,49.6679,7.11225,7.0905,1.99013,8.64563,1.74,7.01822,20.7174,83.0683,54.3968,16.1187,0.616187,57.4501,9307.02,162.007,83.4165,5.7619,18.6615,188.054,1693.53,111.127,21.1173,24.9685,8.49635,3.17661,6.5226,29.4202,48.4784,18.7844,13.8186,6.69343,10.4688
2023-12,39.147,66.1015,145.707,81.3926,43.9559,27.8514,52.1431,51.0231,9.00311,35.4633,49.5958,37.7683,36.699,15.1005,15.0605,28.8664,27.5605,23.5541,24.0685,27.5165,24.1449,0.818103,13.6873,12.0142,8.02731,35.6274,6.45581,63.9576,35.6168,1.94898,15.3181,45.6187,13.139,12.6183,60.3263,99.5238,144.729,116.237,154.519,45.4865,120.651,61.7198,35.0441,40.4947,24.689,32.263,21.7716,180.94,52.6969,36.9145,35.1305,31.3583,31.3538,16.6077,42.9709,15.0218,4.27614,8.13547,6.09229,11.8093,42.9499,57.193,18.5315,14.303,18.2528,6.41771,6.42894,117.949,52.6792,127.814,17.0719,11.7021,2.75411,3.1608,21.8177,6.40619,14.0407,5.2649,11.2448,8.23556,1.48517,23.2833,6.54307,80.885,26.7953,37.2522,44.7538,81.8481,44.656,8.90665,5.95683,8.50426,10.5484,17.1976,5.29474,7.53527,32.5302,5.00493,2.50086,35.9313,13.2154,70.473,21.7281,13.5661,82.3619,4.64991,5.50641,1.25173,29.4998,7.18999,124.224,5.73708,22.0185,25.4984,64.9017,108.002,17.2328,37.0289,10.2503,0.98821,71.5544,101.347,46.7356,46.7158,7.62007,6.96692,1.92679,7.8269,1.67642,7.31952,23.1983,81.7656,59.2297,19.8631,0.685422,57.0762,9680.05,165.563,91.0298,6.58054,22.2288,186.758,1715.15,113.419,21.1281,27.2868,8.37672,3.4919,7.23945,31.0388,48.8001,18.9939,14.786,7.88696,11.2022
2024-01,37.3318,61.427,136.76,80.4937,41.5719,27.1483,51.6332,50.4349,8.96876,32.6808,46.9343,34.0829,32.7858,13.8861,13.9017,28.5692,26.9785,23.3188,23.8745,25.0576,22.2398,0.731968,12.7615,9.09974,6.76081,33.5985,6.34713,61.6097,34.4423,1.90129,13.9023,37.0975,13.2493,11.9372,61.6606,101.786,142.275,111.424,152.354,41.9644,113.786,59.1853,30.6844,36.8791,24.1871,30.6124,21.8702,172.875,49.0475,36.2067,29.1338,30.5872,32.3612,16.1222,41.2533,15.693,3.71322,8.6982,5.92176,10.5158,35.6166,50.9822,15.8942,14.56,17.1146,5.81322,6.4357,114.6,49.7709,120.624,14.0577,10.2001,2.57679,2.78554,16.7979,5.82506,13.1994,4.77912,10.6115,7.29939,1.42925,23.837,5.77496,75.5081,25.5578,33.3561,41.6513,77.6498,42.2216,9.85602,6.00711,8.47748,11.399,17.0057,5.3481,7.67289,27.5646,4.78143,2.27829,31.2695,12.0719,64.6456,20.3003,11.6465,72.139,4.01541,4.88152,1.19309,28.737,7.16265,126.26,5.525,22.4233,27.842,67.9379,101.081,17.0019,36.6063,10.4604,1.10993,54.7694,87.9572,51.4973,51.6563,8.2717,8.2717,2.16537,8.17426,1.99214,9.24641,25.1328,86.3569,54.3724,17.667,0.659562,51.7893,9052.52,159.264,94.2165,5.77619,21.7078,192.82,1516.95,111.215,23.8106,30.1298,9.44388,3.67971,7.67705,35.976,60.7546,19.3175,15.548,8.87235,12.6284
2024-02,36.605,57.1089,138.747,77.3919,38.9594,27.8475,51.832,50.8499,9.14627,30.2389,47.0653,31.5651,30.0345,12.8456,12.8208,28.0782,26.7195,22.9832,23.3726,22.0139,20.4797,0.716719,13.5868,9.15216,6.40955,33.4461,6.26889,60.0744,27.0845,1.71323,13.8352,33.2789,12.3762,10.7934,60.5076,103.799,147.383,112.197,179.762,43.731,113.752,61.9273,28.9966,38.6411,27.6538,33.1271,22.5427,163.041,48.651,35.3985,30.2808,32.9697,33.2502,17.1735,42.7591,17.0534,3.85687,9.34099,6.33075,10.7656,32.0537,49.9509,14.9476,12.7497,17.965,5.13785,5.90013,110.328,43.4703,107.557,12.8241,4.62254,2.79766,2.37292,16.1796,5.12048,11.12,4.35673,10.3768,6.19873,1.26288,24.7534,5.10796,69.0844,22.7227,30.8821,39.4343,76.7728,40.1408,10.1837,6.30307,8.12689,11.4358,18.3227,5.64263,7.09366,26.136,4.46745,2.11444,28.4239,11.266,71.7914,20.8641,11.3382,69.7114,4.12508,4.12978,0.982415,26.8557,7.28436,139.135,5.07838,20.1576,25.7516,60.5563,91.1351,15.8025,33.3226,10.3966,0.974239,52.5054,94.3468,43.4418,43.4189,7.58596,6.97263,1.91532,6.81123,1.71088,8.66568,21.7939,106.208,43.891,16.7958,0.639664,53.3275,9916.27,171.171,97.7606,4.98169,22.3813,187.402,1450.68,100.931,23.6777,30.1842,9.31021,3.34478,7.64673,34.8266,52.9189,21.0796,17.9719,8.02488,13.1582
2024-03,38.6438,60.6607,145.737,77.5879,40.1876,30.1971,55.9894,54.801,9.95601,33.3536,49.703,37.5472,36.1116,15.204,15.2776,28.6563,27.3745,23.6582,23.9187,23.4471,20.8637,0.7526,14.7224,10.0731,6.79848,35.4024,6.68275,64.7455,27.1664,1.72166,14.3213,33.4402,13.3698,11.1409,59.4673,114.696,151.957,126.077,197.202,49.949,126.233,66.2145,33.2495,38.3103,31.0043,35.9279,25.3593,168.34,54.8197,39.7257,34.0619,36.2881,35.9379,19.7046,44.5203,17.8701,3.87067,9.93622,6.90511,12.069,36.8137,61.5988,16.8575,15.6581,21.6569,6.42215,8.38781,124.965,49.4197,126.838,15.6089,4.76375,3.56014,2.60342,19.8861,6.42147,14.9513,6.42508,12.5479,6.33693,1.71956,27.5132,5.87212,67.637,25.8369,30.678,48.725,100.486,47.6476,11.4974,7.46064,10.5292,12.7608,20.6258,6.80682,7.42124,28.5351,5.23578,2.66034,35.1979,16.4536,87.8941,23.6381,10.6939,77.8673,4.0216,4.69086,0.589396,28.0631,6.83053,153.615,4.74941,19.4725,25.0594,64.1068,88.3762,16.5687,30.2884,10.9206,0.890979,61.6962,101.837,46.1341,46.126,8.307,7.21651,2.08477,6.72472,1.71058,9.54681,22.1498,107.644,44.4002,17.193,0.673994,57.349,10100.8,173.942,110.017,5.27943,24.3116,192.719,1480.11,101.957,23.7403,30.7049,9.83177,3.29905,7.13498,34.17,56.2789,21.3299,18.166,6.63177,12.7523
2024-04,40.0399,66.0452,138.651,75.9193,39.947,30.703,56.784,55.7298,10.0753,35.6364,48.1897,39.638,38.5222,15.8904,15.6923,29.4768,28.6266,24.4175,24.5847,23.9947,21.1093,0.787791,15.0737,10.6276,5.70405,38.2579,6.95135,69.1436,22.8246,1.70987,14.846,34.275,12.7149,11.909,59.026,116.247,154.755,123.95,199.371,50.7468,130.844,67.1248,30.5235,41.2706,36.2195,37.327,25.048,164.089,47.3042,37.6141,33.0385,36.1527,37.266,20.3064,46.6734,18.204,4.04852,10.1798,6.9799,11.2167,41.5823,65.1659,16.7921,15.8722,22.3406,6.7312,8.8422,125.776,54.6383,125.011,19.0128,5.70284,3.79128,2.5337,20.5153,6.77145,15.2036,5.7816,12.1678,7.45638,2.08358,29.5494,6.25129,73.094,34.5475,29.7017,51.703,109.634,51.3344,13.6211,9.00092,11.853,14.5406,21.8733,7.42617,7.52668,35.0788,5.94316,2.80923,36.4621,18.4772,89.4286,20.9692,10.6349,99.7776,3.99651,4.61314,0.680827,25.7004,5.67675,134.324,4.55538,20.0076,22.5751,71.9062,86.9825,18.4636,27.5135,11.1986,1.07006,57.3963,100.69,48.4057,48.7546,8.11504,7.18852,2.10863,5.51652,1.77849,9.76252,22.9019,100.069,45.719,15.5332,0.903677,57.592,10517,163.905,100.925,6.00372,17.9979,191.399,1655.23,99.995,25.0224,32.404,9.72551,3.26949,7.88998,35.0312,55.9263,21.6477,18.9945,6.82404,14.6254
2024-05,40.3726,67.8605,141.817,77.5876,41.8746,29.8015,55.5309,54.3235,9.67412,36.5369,47.9397,41.385,41.7148,16.6683,16.4663,29.6588,29.4572,24.6743,24.8656,25.9155,21.695,0.940547,17.1387,12.0582,7.0494,38.0204,6.59892,68.1921,20.8009,1.91449,15.6888,38.0934,13.2349,13.6098,64.6792,115.997,157.055,115.471,199.144,48.5839,123.133,63.3254,29.5909,42.3931,37.8818,38.3028,27.9621,164.241,45.6443,36.7801,34.0774,36.1803,39.3307,20.4418,47.1186,18.778,4.42918,10.1575,7.15453,11.8898,42.8412,70.4598,17.3188,15.4343,23.4677,8.50237,9.37346,129.113,57.8107,133.177,22.7562,5.67213,4.19964,2.77749,21.0394,8.44888,17.0298,5.72632,13.0537,8.37671,2.52518,29.8064,6.50292,74.0181,33.3594,31.3802,54.501,111.291,53.607,13.6054,10.2993,11.848,15.2915,22.5487,7.45925,8.09141,36.0223,5.8583,3.01147,45.971,19.4884,96.4925,23.0395,10.5126,116.217,4.044,5.02147,0.562378,26.8524,5.70924,137.966,4.73884,20.0364,25.5401,71.9588,108.779,20.8649,33.4273,11.5212,1.18431,61.4921,106.98,58.789,58.5373,8.27169,7.59124,2.57294,7.4424,1.91376,11.2296,21.8028,96.3611,52.7666,15.7795,0.814005,58.9634,11076,165.232,106.234,6.67127,18.3721,196.243,1758.1,104.316,29.5384,36.3234,10.5343,3.46493,8.993,37.4906,72.0413,24.0645,20.3789,7.92322,14.4147
2024-06,39.0169,63.8444,135.866,74.2794,40.2654,29.1431,55.2039,53.9796,9.72909,34.7443,46.8075,40.2392,39.3197,16.1238,16.0861,29.3942,28.8529,24.4496,24.5623,27.0415,22.8325,0.932654,18.4623,11.7314,7.18271,38.0697,6.38113,63.5405,17.7558,1.81241,13.321,34.5548,13.0647,13.1116,56.5818,113.842,151.314,113.351,200.006,47.2666,124.396,64.0778,28.5248,38.1399,34.6805,34.8603,25.827,181.916,47.2106,34.013,35.7855,34.0289,37.2376,19.4677,43.4205,17.8785,4.3528,9.74926,6.74616,10.6936,43.012,67.5343,16.8976,14.5964,24.3714,8.69813,9.44238,123.939,54.9703,129.986,20.5564,4.78889,3.98565,2.71811,20.5288,8.68465,15.6006,5.51975,13.1869,7.54866,2.40622,28.3582,6.06126,69.8332,32.9859,30.3925,50.2153,101.041,49.6227,13.9492,9.57752,11.5041,13.7008,22.6975,7.52962,7.8723,33.2086,5.83277,2.70303,41.2945,17.8026,86.6956,20.0345,9.74158,104.161,3.53449,4.30691,0.605022,23.494,5.38986,133.91,4.33269,20.009,22.7909,65.9846,107.022,20.7055,27.7831,11.5521,1.23357,59.5122,106.128,52.0887,52.047,7.41863,6.38767,2.11505,6.44082,1.48798,8.87113,19.6857,99.3294,45.4364,19.5817,0.783642,58.0696,10787.9,160.676,106.289,6.50368,16.3571,182.294,1643.61,100.125,28.6223,34.7225,10.0695,3.42955,9.12101,39.605,68.0419,22.2816,19.2774,7.49914,14.261
2024-07,39.3161,61.2054,138.411,75.0674,43.2863,29.0562,56.1378,54.9032,9.93468,34.5978,47.9422,44.5557,42.5733,17.6276,17.6917,27.9654,27.8851,23.3104,23.3978,23.8862,21.0913,0.862681,17.8926,11.4549,7.18217,38.6693,6.24539,64.1803,20.0816,1.80506,14.6358,37.587,13.9273,13.7345,63.1494,117.137,155.051,110.072,201.889,46.8432,126.041,61.7594,30.4229,35.5511,30.8078,32.4313,28.1007,189.822,48.2653,34.8787,39.3519,33.8026,38.8794,19.8887,41.9783,17.2784,4.28397,9.81937,7.12245,10.4124,50.3499,79.5959,18.7297,16.7908,27.2007,9.46078,9.9971,134.7,62.5947,143.723,23.7343,5.90758,4.37382,3.01662,21.3098,9.44926,17.8444,5.91627,15.3993,8.00531,2.47438,27.5179,5.85362,68.4015,31.4034,29.1996,47.0023,99.8651,50.5857,12.9543,8.80056,10.3978,13.8358,20.6962,7.11336,7.45148,31.5097,5.17687,2.68949,34.2581,16.0409,78.1704,18.9072,9.45152,87.5664,3.515,4.47992,0.789051,23.1972,4.9999,137.597,4.24191,20.8311,22.857,72.565,104.572,20.9689,30.198,11.6275,1.09704,60.9771,104.476,48.1049,47.9819,7.08092,6.29533,2.09137,6.04055,1.31639,7.92368,19.8913,103.903,46.3816,17.4067,0.730024,55.7474,11333.2,169.434,106.726,5.46883,16.2957,195.602,1624.47,99.5061,25.4755,32.9948,10.2143,3.21039,8.13363,39.1817,64.6344,20.5761,17.5383,6.94516,12.684
2024-08,39.0252,60.6783,144.62,78.7172,45.3091,28.2688,55.1269,53.9466,9.61176,34.5087,48.0517,45.3892,42.5278,18.1859,18.2077,28.1261,28.4195,23.3426,23.5087,25.886,22.0049,1.02976,17.5306,11.3217,6.64275,37.3107,5.97392,65.2815,23.2598,1.79187,16.3862,36.3388,14.0622,14.3024,61.3726,117.338,144.436,113.358,196.891,44.5658,127.945,57.813,27.7667,34.6707,28.6295,31.0042,29.3508,192.854,43.9317,31.2427,35.9336,34.5005,39.5302,18.3241,43.905,18.5009,4.32058,10.0162,7.08558,9.97489,54.738,84.3739,20.514,13.4335,28.926,9.46271,9.93758,127.483,64.8523,145.738,20.9591,5.50007,5.24008,2.81322,20.4395,9.43665,18.193,6.02116,17.8895,7.53508,2.39233,25.7981,5.5794,66.3637,30.1735,28.9793,45.7954,96.2581,49.4694,13.3419,8.61903,10.7655,14.1281,21.7857,7.60258,6.17024,31.7127,5.38861,2.62636,33.3656,15.2323,73.9975,17.7887,9.49635,80.9971,3.6341,3.84387,0.639275,23.9657,4.72125,123.336,4.37327,21.136,24.1555,64.4083,107.336,20.8338,27.9387,12.0224,1.13161,60.4375,101.286,43.1525,43.0658,6.39629,5.54769,1.77144,5.19765,1.24107,7.05722,19.3877,107.745,42.0055,17.2255,0.763739,60.4473,13127.1,173.083,108.136,5.85435,13.8533,192.409,1638.7,105.4,26.7199,34.1829,9.64713,3.19918,8.8126,37.303,56.3889,20.1456,16.1917,6.54832,12.6765
2024-09,37.3308,66.4705,150.953,79.4366,47.2725,26.9951,53.45,52.3152,9.33858,37.7867,48.6102,46.4603,45.0009,18.6134,18.5545,29.3663,29.6207,24.2863,24.5328,23.4645,18.7564,0.945455,15.1148,8.85575,5.85573,34.344,5.54567,62.6975,19.3246,1.65214,16.0891,36.6905,14.7797,14.7527,70.6305,116.435,143.542,104.712,173.695,39.3028,121.9,52.4308,23.8008,37.8484,30.3416,31.9543,34.4931,186.912,42.1011,29.3128,36.8757,32.0529,36.3678,16.6752,45.0387,17.0427,4.24273,10.6366,6.99825,9.55515,54.978,83.2978,20.1768,15.1665,25.9207,9.78198,10.4347,129.852,63.9837,145.639,21.6089,6.00971,5.53881,3.13605,23.4844,9.78837,18.3284,6.44127,19.4745,8.65942,2.6018,28.5216,6.05901,75.0254,33.7645,32.7567,51.5458,109.284,54.5416,14.4563,9.72846,10.8808,15.7734,23.6052,8.28653,7.4643,35.386,5.71049,2.76731,40.0368,17.1883,71.8673,17.2201,10.5266,81.3114,3.95436,4.05475,0.683872,26.8654,5.10715,130.384,4.95821,22.8106,27.3413,67.0216,109.648,21.7396,28.5981,13.6224,1.1516,59.104,96.3955,50.3835,50.4559,6.91557,6.57667,1.93805,5.81416,1.26026,8.46304,20.5321,113.525,58.0886,19.2616,0.881029,61.8158,14001.4,179.186,111.227,6.45551,13.524,190.827,1882.1,99.2859,23.6325,34.0838,9.80955,3.25825,7.39769,34.6787,57.6546,22.2969,17.9211,7.00275,13.8486
2024-10,36.2252,60.5548,136.735,72.8846,43.8561,27.1703,53.5472,52.4503,9.53461,35.8313,47.9143,47.3907,47.8513,19.1069,18.9774,28.7064,28.2526,24.0936,24.059,22.1957,18.5857,0.850263,14.5149,8.64555,4.42559,35.3211,5.15782,59.739,16.3683,1.60711,15.5229,32.4565,13.342,13.626,61.7079,115.864,144.886,108.824,177.893,38.816,121.668,50.9174,23.1683,37.7017,27.3766,31.1601,35.9979,198.677,40.1681,27.9588,38.7998,32.7867,37.1493,16.0135,44.6557,16.6792,3.74792,10.2445,7.02532,9.11571,46.6853,89.12,19.5761,16.2642,27.0284,10.5223,11.1673,138.482,69.0686,151.879,24.211,6.52064,5.86036,3.37653,21.8554,10.5308,18.3189,5.83258,21.7489,10.1288,3.14566,23.7359,5.5672,68.691,32.268,29.4778,46.5757,103.383,48.5256,13.683,9.4763,10.087,14.0024,19.4483,7.32447,8.22487,32.0553,5.05734,2.40841,41.6566,18.6707,74.3576,11.7419,9.63227,60.2789,3.4805,4.60193,0.88423,25.1351,4.64385,134.8,3.8903,20.9606,27.032,66.1379,116.083,22.7308,31.5477,12.6301,1.13785,54.5594,83.711,55.0252,55.1261,7.78561,7.84908,2.22144,6.36812,1.34344,7.09194,19.5395,127.008,109.813,22.9041,0.889889,60.2405,13573.8,165.366,111.993,6.09925,13.7306,176.495,1761.05,92.3903,20.0271,27.2938,9.16756,2.89979,6.02324,26.4301,47.1384,17.9656,14.4489,6.21106,11.1759
2024-11,36.1952,58.7546,127.226,68.5943,43.1174,29.1854,56.3916,55.3166,10.1546,34.66,48.8558,44.3682,44.4257,17.9643,17.9161,28.977,27.3251,24.0894,24.2162,22.9672,18.3336,0.830052,14.9319,9.2841,4.0262,34.0931,5.17893,55.774,15.6586,1.7159,14.8094,33.8739,12.7661,14.0057,58.8109,118.061,159.344,108.443,179.703,38.1041,133.013,51.4229,22.2477,47.1083,34.5991,37.1051,42.8864,233.254,44.0714,32.1287,45.055,32.6732,39.099,15.7518,46.007,18.5371,3.79329,11.2181,6.90953,10.021,43.3694,87.6555,17.8329,14.308,24.2609,10.1722,9.4726,128.071,65.4145,152.169,22.8407,6.14351,5.8212,2.93062,19.6183,10.2351,16.8007,5.98716,20.8841,8.69817,2.88349,22.9362,5.1179,66.4564,33.3137,28.0086,45.7522,95.9093,48.6235,14.4478,9.40972,10.2311,14.2364,16.1547,7.31077,7.81889,30.9034,4.79646,2.18463,48.2705,24.1633,81.431,12.976,8.8809,55.0693,3.27564,4.03257,1.09565,26.0271,4.48135,150.138,3.80889,20.2667,24.6219,73.8004,137.136,25.172,32.4721,13.224,1.04781,54.4949,90.135,62.7996,63.2047,8.9329,8.79531,2.49783,7.68399,1.3865,5.23722,19.1908,136.836,96.3145,26.4895,0.868532,58.936,12528.5,153.989,128.818,6.1122,13.1771,176.564,1540.48,85.2366,16.983,22.8952,8.55407,2.37787,5.95496,21.5911,40.0363,16.2916,14.914,5.41861,10.8337
2024-12,34.6587,55.1984,123.619,66.4022,40.7154,26.8262,51.7268,50.1669,9.08829,31.4762,45.4686,40.0992,40.343,16.3078,16.3253,29.0828,27.1561,24.0949,24.3584,22.2271,17.4924,0.82935,15.033,9.49819,3.7884,32.8524,5.21308,53.2375,12.9579,1.77279,14.7768,30.126,11.5826,13.0455,47.8612,107.624,142.477,99.2287,165.72,33.0644,122.309,50.4433,22.6718,47.7859,37.0838,37.424,38.7978,223.658,38.6847,27.5573,42.0364,30.1668,35.5232,15.235,45.4645,18.4136,3.87071,11.3607,6.76645,9.29697,38.4748,81.1787,15.7983,13.0296,22.4436,9.70777,8.45946,123.136,59.0022,137.128,21.0139,7.35691,5.45941,2.51697,17.9017,9.72965,15.6759,5.31629,19.3516,8.2445,2.84083,21.1037,4.68986,62.6417,30.783,25.8961,39.4033,87.0664,42.4028,13.6624,8.57581,8.99227,12.5785,14.2891,6.55469,9.02648,29.1425,4.76533,2.08075,39.2637,19.2772,70.3755,10.8659,8.061,57.8818,2.94376,3.25251,1.40473,24.0748,3.94059,118.329,3.70413,19.8038,21.61,56.9044,111.893,23.4339,30.2662,13.1876,0.96924,50.4049,78.0745,54.2662,54.3891,6.98297,7.07819,1.90445,5.42767,1.21673,4.97517,18.3295,116.444,70.4751,25.949,0.788922,57.9422,11667.8,151.046,126.539,5.45313,9.94544,169.707,1345.22,81.3495,14.3486,21.0761,8.43303,2.25257,5.56667,19.7641,39.5647,14.576,13.0956,5.27881,10.2214
2025-01,36.935,57.102,129.549,66.7234,41.5015,27.5768,53.7292,52.5468,9.43046,33.2293,47.9952,46.7654,46.4128,18.8315,18.8181,30.0658,27.8199,24.989,25.2459,22.7913,18.5726,1.03194,15.5475,9.52895,,34.9559,5.51239,56.6754,12.9793,1.85984,15.2478,30.9937,11.6764,13.4144,40.7344,106.188,145.801,98.2454,165.175,34.2243,125.583,47.3159,21.6209,52.6335,39.2287,38.276,28.7803,231.283,40.3779,26.2,47.0165,29.5207,37.1363,14.4568,44.5141,17.2932,4.01126,10.3002,6.28419,9.05061,43.8731,95.8405,16.5765,16.6028,29.1859,11.7359,11.5369,141.446,65.1119,144.957,23.9644,8.43273,6.55914,2.4801,20.2053,11.736,15.9538,6.33466,22.3512,9.08122,2.29803,22.5197,4.57502,63.805,30.489,26.0778,36.995,86.9653,42.4909,13.1928,8.66736,8.2091,11.3216,14.1139,5.90376,6.35897,31.0226,4.49127,1.96316,36.4683,19.2149,70.3893,10.4379,8.38779,57.3502,3.10519,3.73074,1.44697,25.7517,4.67273,132.121,3.503,20.5445,18.6089,55.0021,94.1385,25.4157,31.8945,13.4409,0.956595,50.7809,75.9408,51.8676,52.0247,6.89551,7.42108,1.91308,5.58158,1.1037,5.82731,17.0005,117.286,86.5092,28.6252,0.660002,56.5036,11066.3,161.096,143.666,5.80624,10.7637,148.592,1132.18,83.0631,18.1521,24.9065,10.2089,2.41696,5.45387,20.3037,41.4116,14.8881,13.4958,5.13685,10.3082
2025-02,37.3361,57.0581,132.972,71.0255,42.333,26.6019,53.6486,52.4504,9.49628,32.2373,45.7947,46.1086,45.4081,18.831,18.782,30.1007,28.3547,25.0575,25.2964,22.1201,18.8186,1.00154,14.3627,9.16672,,34.7351,5.7617,57.8036,9.07884,1.96994,16.4408,31.3045,12.523,14.3966,45.9735,111.157,156.043,98.9239,159.042,36.1913,126.171,49.3181,20.318,49.5233,38.4064,38.189,30.2437,235.855,41.866,26.435,45.4173,27.2866,37.6635,13.7482,44.8318,18.546,3.88791,10.5125,6.48806,8.29871,43.8017,99.2632,17.9956,17.5448,28.3451,11.1039,10.1406,148.05,71.517,151.727,24.4958,10.4446,5.77666,2.71401,19.361,11.101,14.3453,6.68905,24.7228,9.78095,2.41765,22.8479,4.20581,63.1401,30.2063,25.63,37.9204,84.6449,41.6257,13.0056,7.4227,8.27939,9.948,12.3752,5.78911,5.44818,35.7692,4.8112,2.02149,34.1792,19.8311,70.8389,11.9091,8.47654,55.0781,3.57842,3.10983,0.984897,29.1004,5.87426,138.586,3.47838,20.1336,14.1431,50.041,77.0298,23.728,32.406,13.4382,0.929521,47.1004,74.3959,45.9981,46.0641,5.53596,5.86038,1.55928,4.31156,1.00464,4.48712,15.0415,107.503,94.9486,24.6466,0.536163,59.8706,9293.34,167.978,152.171,5.75294,11.344,172.659,1240.18,93.961,16.5336,21.2579,9.42711,2.18347,4.38961,18.0452,37.1174,15.073,13.2688,5.08568,11.2588
2025-03,39.9403,55.134,131.965,72.247,46.3341,28.1659,56.5929,55.5652,10.0004,34.0889,46.4438,53.4605,53.3153,21.7841,21.5512,31.3681,30.8595,25.972,26.1664,25.6268,21.6119,1.20873,14.9168,8.99784,,38.1426,5.88676,62.8435,9.57745,2.01644,17.8683,35.4189,14.7603,14.9717,45.6558,118.479,164.203,104.546,160.73,37.5533,127.177,49.9854,20.5858,54.8079,42.2254,41.0866,32.8698,238.25,41.9125,25.5554,44.665,30.1909,38.5975,13.9727,47.5559,20.3582,4.74622,12.1978,6.19602,8.01181,49.5456,111.518,19.6648,21.915,36.3967,13.0675,15.0192,163.249,80.3746,168.389,26.6038,10.4629,6.52594,2.92268,24.1374,13.1122,17.5534,7.18731,28.1357,12.6337,3.57264,22.533,3.78484,61.9175,28.4223,24.957,38.8092,88.7572,37.827,14.1199,7.94942,8.44781,8.91706,12.7188,5.40715,6.27617,33.3927,4.47727,2.19266,31.3822,19.3794,60.5515,10.5355,9.30126,54.6429,3.6095,4.45488,0.743023,29.1641,5.94096,128.567,3.10686,20.2702,13.8658,49.4932,79.9148,24.6132,34.0261,13.6343,0.908514,47.8012,76.4603,42.8937,43.1443,4.68823,4.99104,1.35739,3.89468,0.69958,3.35231,14.9882,102.038,64.9565,20.0697,0.357558,64.0854,9121.69,173.052,171.54,5.60815,8.58291,170.596,1358.04,98.2207,15.0391,22.555,9.55152,2.24082,4.22349,16.6038,37.8047,15.0608,12.661,4.71749,9.79821
2025-04,37.3704,54.0762,140.956,77.9796,51.414,24.7268,50.1822,49.4776,8.66879,34.6752,47.2572,56.9064,57.6314,23.3855,23.2565,29.8987,29.8928,24.8338,25,22.0493,19.4841,1.03982,14.0372,7.03751,,34.0485,4.88605,56.5286,10.7786,2.23427,20.5229,38.4809,17.0967,16.8892,41.5769,104.903,133.135,88.442,132.3,30.4399,110.074,39.7854,15.4205,50.5575,36.2548,34.8044,30.6339,237.212,33.236,19.9028,35.8642,27.8269,34.7959,11.698,43.0529,18.52,4.12686,11.9897,5.439,5.90294,53.8931,120.576,19.2004,22.292,41.2102,15.2481,16.2483,177.429,86.388,188.084,25.8538,11.0648,7.36963,3.17941,26.8966,15.1839,19.4194,6.95008,36.6286,13.9815,3.93865,22.7906,3.40999,62.0335,27.7805,24.7488,36.983,84.7515,34.8782,13.9347,7.53966,8.4313,9.2145,12.9635,4.99872,5.89339,31.2539,5.06598,2.13865,25.1612,17.0813,64.989,10.5236,8.64988,55.9373,3.83265,4.50893,0.822209,29.9564,6.32266,132.912,2.9205,21.2248,12.5884,49.4429,74.6139,23.7902,35.0971,14.0937,1.00508,47.3948,78.517,46.9057,46.7572,5.44395,5.46477,1.46768,4.7049,0.780681,3.89584,15.493,112.517,72.1245,18.7883,0.677537,70.2988,9859.69,187.143,199.012,5.11582,8.57708,166.248,915.66,106.563,17.2318,23.7123,9.69417,2.32467,4.71449,16.906,41.9219,14.2228,12.2438,3.98161,9.83568
2025-05,39.6543,57.1106,145.138,78.9861,52.3162,25.3972,50.893,49.7734,8.60049,36.2883,49.3816,58.4083,60.3013,24.008,24.0104,29.2993,29.6707,24.4485,24.6285,22.8521,21.3841,1.10472,16.4193,7.93394,,34.2393,5.02768,56.7695,11.064,2.21355,21.3088,38.3055,17.6576,17.3154,42.4053,102.318,135.108,85.2435,135.5,30.2266,108.093,41.0826,16.844,56.4254,38.9007,38.939,33.5305,243.253,32.9672,19.6309,37.6935,29.4369,35.017,13.0873,44.1712,20.9108,4.77032,12.9824,6.02118,6.3843,54.0736,121.154,19.3831,22.6995,42.8554,15.2369,14.8691,173.988,89.715,182.977,25.0987,12.2767,7.12574,3.43803,30.4256,15.2128,20.8185,6.85945,43.778,16.2573,3.83687,24.7541,3.96186,61.5164,30.2447,25.2895,39.4155,87.3408,38.0261,15.3705,9.23289,9.75113,8.03682,14.6523,5.62502,5.02512,31.7765,6.11669,2.271,27.4951,16.0901,73.0332,12.6103,8.46497,59.2949,3.8524,5.89293,0.755165,31.0164,6.01299,125.845,2.85238,20.6735,13.4657,46.9739,71.5593,23.9853,36.2386,14.6084,1.10478,48.3021,78.4596,60.6792,60.6235,6.4194,6.15972,1.65159,5.07943,0.851765,4.17812,16.7314,129.535,131.837,23.738,0.688006,67.9486,10651.3,191.403,199.341,5.53065,6.05584,160.797,1041.74,106.455,18.444,23.6779,10.6153,2.40138,5.15079,16.9355,44.6175,15.8975,12.6224,4.4367,10.8733
2025-06,42.5837,57.2877,142.733,75.3613,54.5916,26.8896,53.5462,52.1975,9.06134,37.8705,50.6838,59.8972,62.5204,24.727,24.4309,29.8896,31.7713,25.0536,25.1815,24.6082,23.7167,1.18018,18.0802,8.20737,,36.2499,5.19057,59.8844,13.8878,2.29352,23.0275,42.1805,18.4114,18.6386,44.264,107.452,141.042,89.3235,137.9,31.8899,118.68,42.4134,18.05,59.4876,41.6982,41.5829,34.8658,249.106,33.8839,20.5239,38.8734,30.6593,37.0566,13.5621,47.2903,21.0886,5.526,13.7374,6.48475,7.18011,59.5528,121.704,20.9909,23.2814,44.4256,16.0911,14.1889,168.773,92.5537,182.068,29.1259,13.1761,7.60878,3.69086,30.392,15.9915,20.8576,5.92297,47.9451,20.4435,3.62976,25.6941,4.02652,60.248,30.5328,24.7898,44.253,96.8677,41.3051,18.3035,10.9176,10.7796,7.74057,17.403,6.32563,5.08205,31.5508,6.44642,2.26104,30.2063,18.6545,80.1147,13.7683,8.97213,55.7243,4.07375,6.96263,0.659717,32.1162,5.95862,130.951,2.76979,20.4914,13.6851,47.2057,71.7689,24.0048,44.6257,16.0431,1.20723,52.6357,80.3241,76.6942,76.3723,7.18435,7.03942,1.88408,5.95245,1.08697,5.45794,19.2947,148.069,189.63,28.6497,0.650723,73.8039,9835.71,189.239,237.393,5.74932,7.86759,165.497,1095.29,98.22,16.8305,21.9057,9.87582,2.43719,5.12046,16.9375,41.9804,16.6042,12.418,4.67003,10.3743
2025-07,43.5766,57.3706,133.455,69.6691,52.6444,26.9782,54.4836,53.3104,9.28773,38.1209,50.8813,60.21,60.0362,24.4955,24.4639,29.6057,30.4918,24.8449,24.9445,25.2155,23.075,1.27336,18.8202,7.28583,,37.1337,5.54301,58.1848,16.2302,2.25472,22.0654,41.6025,18.2947,18.3657,48.8054,111.112,149.14,94.7544,148.976,33.2532,119.891,44.295,19.2671,54.7434,36.1053,37.4877,31.3299,240.927,33.8328,22.5242,45.6079,31.045,39.2287,15.2522,41.9413,19.633,4.93398,13.6428,7.36692,8.11538,63.3823,127.069,21.2613,23.9239,45.0205,16.4471,13.6503,163.799,94.1739,155.176,27.6689,12.3405,6.98746,3.44029,29.7516,16.4622,21.1077,6.28439,42.2553,19.1773,3.82013,25.7162,4.1748,61.6713,29.4327,26.117,41.1516,90.0199,33.2988,17.4129,9.60069,10.5249,8.08215,14.0185,5.80928,4.95163,31.1007,6.27505,2.00368,30.6309,21.8927,78.0831,14.1713,8.79253,57.3921,3.74914,8.04984,0.6338,32.0087,5.72123,130.294,2.81866,19.0134,16.4442,52.8425,75.8428,24.2804,38.1326,18.2192,1.24019,53.9504,79.6836,77.3008,77.628,6.93578,8.96173,2.13965,9.39586,1.25071,4.13838,16.6802,155.922,222.648,30.285,0.687843,70.2386,8716.05,181.69,234.543,6.00614,10.874,185.342,1238.15,86.8278,18.9172,24.4385,10.1164,2.58157,5.64164,18.6295,42.5501,17.5499,15.1125,4.83165,11.3887
2025-08,44.883,61.3347,137.859,73.7965,52.7281,27.4421,56.595,55.4068,9.38633,43.4203,52.2765,72.4058,71.9276,29.2133,29.5704,29.9618,31.2567,24.681,25.2802,24.1953,23.8971,1.43509,19.9761,7.46273,,37.2853,5.91365,61.0104,18.7663,2.20294,20.2839,40.4435,17.8225,17.212,31.1682,114.479,159.253,98.8895,149.719,36.0326,124.328,47.8572,23.126,52.8083,32.8995,34.8862,30.0961,246.812,36.7701,22.7905,46.0728,30.8807,40.8798,16.5702,41.8622,19.2438,4.62699,13.2354,7.34853,7.42511,75.7188,146.889,26.8848,32.7865,55.8101,21.4563,13.4292,193.079,103.047,183.507,34.6351,19.8838,9.5957,4.20407,34.2583,21.42,25.3962,8.97098,55.8206,24.4746,3.84716,29.3642,4.00014,63.5312,31.1895,28.2306,45.2758,93.2823,34.9137,18.0532,12.3423,11.8567,9.10533,14.7905,7.36527,4.97825,34.7237,7.36516,2.31933,32.9179,23.0153,78.4234,14.9347,9.78377,61.4293,4.05559,7.26827,0.755836,33.7493,5.70393,133.343,3.06635,19.224,17.7388,62.7843,76.1912,21.5282,39.2267,18.2045,1.34531,62.7294,84.6336,79.6099,79.5286,8.12182,11.018,2.39119,11.9147,1.43266,5.29306,18.8482,166.061,207.921,32.3488,0.795029,86.349,9997.31,188.909,238.539,6.49251,11.0799,183.845,1337.34,91.7544,20.8154,27.8847,10.6604,2.86942,6.19525,21.5895,49.5383,17.9205,16.0778,5.27288,12.2858
2025-09,44.5687,67.1308,133.361,70.2058,53.9738,26.7196,56.1019,54.8524,9.4491,49.9335,51.3625,88.332,90.6505,35.7518,35.4377,30.7429,32.7812,25.6776,25.8972,23.8773,23.9337,1.44654,19.7064,7.21936,,36.5467,5.87857,59.0693,18.6652,2.3008,20.9592,44.7307,18.7472,18.7669,18.3481,112.65,153.597,94.2733,143.657,35.1483,111.395,47.6281,24.1204,55.306,34.5021,38.3177,33.0217,239.222,34.4916,24.7887,49.3166,31.5363,41.7322,17.0314,42.7915,18.3356,4.15923,12.7201,7.47503,7.75079,85.8714,171.78,32.9996,40.9866,69.0993,25.4467,18.3073,227.927,114.475,204.446,39.4462,25.0819,13.293,5.02599,41.9436,25.3825,29.5254,11.4701,59.3947,32.5916,4.90915,37.9972,4.71801,67.4862,38.4703,28.3498,39.8922,117.515,44.804,23.2562,15.5596,15.2844,10.9041,20.8256,8.73214,5.07755,40.8575,8.66052,2.09222,33.5484,30.1842,77.5113,15.2977,10.3095,67.2991,4.47001,10.7646,0.745981,36.3109,5.81373,142.162,3.12316,20.0764,26.9678,65.1858,85.4337,23.6013,42.4422,18.7116,1.4367,59.6735,81.4419,86.0466,86.12,9.20125,13.7145,2.8272,15.7809,1.84025,5.62994,20.5597,188.466,318.774,29.2515,0.73876,84.8484,9591.84,189.844,226.496,6.76519,12.5425,186.672,1374.07,90.5346,23.1277,29.735,10.842,2.88975,6.10074,20.6468,50.7995,17.8175,16.9512,5.06028,12.2871
2025-10,46.6819,70.7933,130.187,71.6762,57.2544,26.2159,56.0043,54.7456,9.35835,50.2265,49.7896,82.5851,86.1496,33.5237,33.4226,31.6172,33.3958,26.3197,26.5448,23.5831,25.2971,1.30031,18.2053,8.65649,,38.5084,5.98067,61.7847,21.2122,2.42494,22.9913,49.7714,18.6375,22.2313,18.4485,114.259,156,88.5625,143.747,32.5719,106.165,41.5297,22.753,54.4424,31.7777,36.19,34.6049,215.827,36.1876,27.0458,49.0028,31.6509,39.8338,17.0026,43.778,18.6029,4.72515,14.3462,7.35668,7.44512,82.4695,163.882,33.0298,37.5189,66.8101,23.798,16.6531,190.83,98.794,178.563,35.8611,23.1715,11.9051,4.4574,40.1278,23.8603,26.2879,11.2851,62.5152,30.0506,4.46936,37.7382,4.92941,74.1822,38.8915,29.2776,42.5668,134.403,43.9532,21.4128,16.5159,16.5325,10.3167,22.0231,9.20634,5.91193,45.7086,9.25228,2.14892,37.5265,30.4515,91.7004,16.1716,11.4772,70.6702,4.38621,10.1134,0.773831,38.8409,6.28024,159.872,3.68651,20.5952,27.883,69.4878,80.8489,22.8361,42.563,18.2591,1.48137,60.4627,94.8234,104.875,105.198,10.034,15.5547,3.25899,21.0858,1.76829,6.50742,20.3907,218.355,377.776,29.1706,0.786803,88.7023,8930.95,177.805,236.898,6.81394,12.7789,169.287,1311.38,94.7336,25.0708,35.1147,12.0487,3.38671,6.383,21.7743,61.301,18.038,16.2274,4.93079,12.5598
2025-11,48.0249,72.2706,130.008,73.1596,58.8635,28.1405,57.7955,56.6426,9.65989,54.0867,51.4699,95.8314,101.241,38.5713,38.5406,32.6223,34.7908,27.075,27.4967,22.9402,23.5682,1.38497,19.0926,8.54451,,37.9943,6.19917,65.3222,19.7413,2.34088,24.9077,51.2461,17.7998,20.4259,21.8779,117.075,151.468,89.3998,154.562,37.2311,108.408,42.4246,25.136,62.1525,37.531,40.2851,40.0139,213.236,36.4443,26.4764,51.1629,33.4256,44.9102,17.9213,45.9257,18.0209,5.69036,15.8544,8.29773,9.18125,92.8727,178.134,41.8956,41.9826,85.2291,28.8452,19.8719,215.011,112.878,208.676,46.6118,23.961,16.0097,4.70074,45.9196,28.9018,32.181,14.3533,77.3712,35.9518,5.50181,37.6501,4.92514,73.9944,38.9232,28.197,43.9652,132.69,43.5445,23.4604,17.5285,19.1728,10.7723,25.9508,9.14395,7.13771,48.1846,9.70638,2.23153,42.7796,30.8758,97.4953,17.3181,11.9959,64.038,4.7727,12.7929,1.01719,44.085,7.04155,171.476,3.82591,21.2787,27.8266,80.4385,82.1484,23.3508,48.6645,17.6089,1.5292,61.3117,97.207,91.0079,91.1521,9.2308,12.6408,2.63737,14.8352,1.34959,5.45425,18.4205,183.497,267.137,26.1391,0.817871,93.6435,9169.93,175.576,259.213,7.15571,13.4341,189.541,1614.96,98.4564,24.2501,37.4674,11.8466,3.35691,6.10695,21.7546,58.0758,19.113,18.2111,7.00738,13.0141
2025-12,48.4446,80.8241,130.439,73.3296,59.9488,27.7703,57.8489,56.3905,9.71399,58.4259,51.7178,100.241,108.158,40.4657,40.3778,33.2218,37.5009,27.3206,27.5565,23.5055,24.7738,1.52945,20.04,9.07647,4.22737,38.013,6.00382,65.7645,23.3311,2.35216,25.8238,53.7259,18.945,21.2624,19.8295,121.564,152.783,94.379,152.304,37.0438,105.575,41.7858,24.6278,54.7498,35.5089,36.0668,37.8893,198.885,38.9095,28.7237,46.4233,33.9947,44.8992,17.1842,45.2526,19.1018,5.54523,16.4792,8.37989,8.38564,102.23,173.564,44.1446,42.7453,84.849,28.9026,20.1187,212.433,120.566,227.611,52.8895,22.5659,16.9919,4.58978,51.65,28.9747,36.911,14.4551,77.2807,46.2514,7.12517,45.4954,5.64053,83.14,42.8076,31.3359,51.9651,141.275,49.2203,27.6897,20.4861,22.1449,11.7455,29.2171,10.3686,9.026,56.4625,11.8634,2.60634,54.475,40.3726,116.613,19.4238,13.0542,69.7846,5.35431,13.6787,1.0283,46.9607,7.61407,173.675,4.10908,22.0065,30.3459,90.6086,90.906,22.2631,49.7428,16.9954,1.71383,58.0433,90.1532,94.2749,94.5662,9.48004,12.0355,2.74097,14.9826,1.43231,6.61891,20.1879,177.338,250.149,30.9719,0.8954,93.9522,9422.84,172.655,264.647,7.79126,13.6842,183.432,1661.61,98.4637,22.4781,34.152,11.1034,3.17313,5.50923,20.1999,53.8072,18.5634,17.7431,6.91835,13.2537
2026-01,53.5211,91.4321,132.909,73.1253,65.3836,30.1012,64.4219,62.9253,10.9097,67.9125,57.1327,113.352,121.764,45.6913,45.8807,36.1486,42.1125,29.6853,30.6428,26.462,28.1722,1.61579,25.1461,10.3842,4.6894,39.2698,6.51811,72.7388,26.0576,2.68373,29.0821,63.8793,21.1044,23.4192,23.0703,142.313,176.68,104.699,165.492,40.5144,113.389,45.955,26.7451,58.7512,37.339,38.5735,39.8338,215.614,48.8668,33.9446,56.9165,37.0825,53.1299,19.9179,47.4394,18.7764,5.44276,17.9167,9.10886,9.6791,114.604,194.315,46.2442,48.8892,92.0603,32.2729,21.4951,239.302,134.789,269.195,55.5323,23.4162,18.6644,4.96831,54.4133,32.19,43.784,14.6214,69.301,52.029,9.5028,51.278,7.01737,94.6836,47.9088,35.625,61.5495,186.718,54.8303,29.0086,24.2847,25.8278,12.9781,34.4275,11.3728,12.8134,70.5185,14.4506,3.16014,58.0227,46.5378,124.765,23.0687,16.0405,89.8237,5.72255,16.1436,1.06847,55.5408,8.26337,183.37,4.0933,21.7842,35.8941,91.4319,97.6011,22.7445,49.7516,18.3424,1.90498,67.7075,114.827,126.678,126.925,12.9049,17.6993,4.06551,23.0379,1.80689,10.0133,23.1978,210,285.694,30.3324,1.00238,97.7248,11948.7,171.088,276.002,8.92854,14.1266,195.581,1796.94,93.7668,28.8029,40.588,12.9833,3.82313,6.22629,24.7548,64.7483,22.0843,20.047,8.49586,13.6099
2026-02,57.9056,98.3912,141.583,79.5208,70.1392,32.6372,69.4332,67.9257,11.8146,76.729,60.2368,132.787,145.29,53.6825,53.5744,35.778,40.7952,29.7638,30.2895,29.5389,29.4832,1.67503,28.2862,11.8202,6.05199,42.3636,6.58331,79.3034,25.3657,2.74465,33.2152,64.5053,23.0373,23.0841,24.211,153.782,187.468,114.319,174.892,43.6538,124.885,53.4887,30.6111,62.3886,37.6135,41.8717,42.692,239.798,51.9176,36.285,66.2186,43.3274,56.3905,22.3333,46.7391,18.6369,5.04945,19.2109,9.94795,10.6823,131.986,255.434,51.432,57.1258,126.062,37.6481,22.8078,285.183,166.488,305.053,69.5453,32.8616,25.1063,6.21658,71.2228,37.5245,47.1481,19.0495,86.5335,58.4335,11.1448,59.6554,7.36011,101.072,51.0178,41.8374,69.2451,215.906,59.5874,30.5148,28.8535,32.3964,11.656,34.8634,10.5427,13.8051,79.228,14.1701,3.29849,63.1077,52.6854,131.795,25.4333,17.068,71.3991,6.81729,16.8579,0.77477,66.5882,8.7984,196.292,3.8797,22.8404,32.0283,84.9073,83.5974,25.8062,57.7159,19.9159,1.59917,69.6429,121.779,120.984,120.58,13.059,15.6646,4.27124,21.7854,1.70645,9.71688,20.5624,209.575,207.012,31.8755,1.17307,100.987,12581.7,191.324,224.129,9.16554,10.8927,237.726,1909.58,106.626,37.3433,52.6517,18.0185,5.2413,7.50896,29.3749,78.1785,25.1796,22.9602,9.3741,12.9037
2026-03,63.8363,86.7113,132.352,69.0319,65.0293,37.7691,78.7538,76.5542,13.3073,62.4024,59.5811,102.204,108.963,41.7601,41.8544,39.5345,40.8556,31.0303,33.6357,42.8378,36.1356,2.1895,30.0373,13.4248,5.98914,47.7193,8.07439,92.6079,32.3901,2.82978,30.5692,65.5488,21.3257,24.4983,24.1931,169.311,205.529,131.619,197.826,50.2001,143.997,65.1282,42.3329,63.9726,42.9162,45.4579,38.9825,285.66,51.4287,39.0791,61.3037,48.3132,65.9386,26.5285,47.5712,20.8696,5.49526,19.2741,11.1859,13.6963,108.983,204.299,40.9171,44.8903,96.6583,30.7781,15.2491,248.881,132.107,256.269,54.8719,29.7018,19.0312,4.54158,59.6183,30.7933,34.5458,14.5394,70.4559,43.997,7.95157,44.3101,7.53118,92.479,42.3444,35.9847,59.1653,168.407,52.2028,24.1474,21.1375,25.1494,8.63236,26.9135,7.61593,10.5992,50.2564,9.44305,2.1505,66.8374,59.3485,120.776,24.8558,15.6422,58.5224,5.3771,11.9423,0.642719,50.5581,7.58094,181.608,3.68315,21.0607,33.1127,94.0294,105.688,26.6566,51.9606,19.8429,1.43862,72.5636,127.057,109.829,109.832,11.7302,13.6515,3.56961,18.4548,1.50672,7.6496,20.4011,206.183,175.538,25.8755,0.834921,110.105,11192.9,183.505,202.631,10.3541,8.54481,206.991,1750.94,95.2504,34.9343,51.6132,16.7152,5.46972,7.67542,28.0785,72.7063,22.1173,21.7962,7.02456,12.777
2026-04,64.9848,93.275,138.499,71.6843,68.4568,36.3578,74.8814,73.2029,12.4328,64.3531,59.0889,100.149,106.915,40.6425,40.9301,40.5205,42.4302,31.6281,34.4226,39.2113,37.3482,2.05005,34.4828,15.8419,6.08037,44.9761,7.89403,91.7531,34.4105,2.90479,32.8874,71.2111,22.1319,25.1196,26.7093,152.714,190.41,124.359,203.934,50.8156,139.911,60.1879,40.5544,59.8849,39.3659,43.3986,39.0149,274.458,56.443,42.0393,69.3698,46.6345,67.3866,28.8463,47.494,23.4641,4.67216,18.7118,11.5817,13.2371,110.899,187.837,39.1299,41.649,92.2702,30.2387,15.8125,230.092,126.444,233.45,52.0788,28.8605,16.9155,4.47348,56.4796,30.0984,30.6614,13.8763,61.1194,43.7486,8.42518,48.0031,7.67782,99.3608,48.5052,39.2209,57.7955,166.628,58.0021,24.3939,23.032,25.5307,8.06775,25.7508,8.30245,14.9956,51.7375,10.0477,1.98622,63.7361,59.6003,170.161,31.3643,15.9491,68.5398,6.69581,11.5533,0.386544,57.4109,8.97028,228.758,3.42894,20.6009,26.5658,89.9338,89.7972,25.4378,47.7653,24.3179,1.6771,73.7832,125.858,123.372,122.468,12.6039,14.9302,3.84033,21.6984,1.79483,8.23723,20.8735,216.342,211.529,26.282,1.0048,113.781,11920.3,190.906,216.349,10.6903,10.2275,183.378,1482.69,100.262,35.8482,54.6937,16.7648,5.16447,8.75033,31.564,77.2359,23.9932,23.2323,7.53596,0.324243
2026-05,60.2193,100.656,140.928,72.5169,64.4831,32.9212,70.1469,68.526,11.6763,66.7691,56.6157,100.816,108.948,40.8604,40.9522,39.1254,42.64,31.3893,33.2002,35.7517,35.1232,1.89373,32.8526,16.072,5.04099,41.7951,6.99421,86.2717,32.6829,2.51323,30.7542,63.3907,21.1457,23.2951,25.5251,143.807,180.231,112.818,189.747,43.7337,131.921,55.9104,36.0453,54.5613,35.6215,38.6154,33.5689,223.566,53.7913,38.3683,63.417,44.4009,61.4233,27.2014,44.7869,22.3785,4.60736,17.6723,11.3113,10.8089,109.188,181.64,42.2345,38.8351,95.8884,30.0313,18.2043,229.005,131.948,223.138,56.5882,31.0784,17.8157,4.70225,61.4181,30.2028,33.5052,13.5497,60.6791,44.0462,8.25079,54.932,7.61092,106.794,53.4594,44.0684,65.3152,187.316,65.8445,30.6475,29.0937,29.6949,8.81729,30.337,10.8393,14.9311,62.6083,11.7284,2.08119,77.211,65.7328,180.612,34.1368,15.7424,63.7857,7.00016,11.3948,0.00383133,68.7823,10.3492,258.628,3.19655,20.7124,26.8699,94.1181,88.0347,24.1739,49.8497,20.6179,1.48802,78.9918,122.087,112.295,111.866,11.5184,13.7205,3.46749,18.1545,1.61417,8.12448,19.6854,194.868,181.814,27.8134,0.967663,106.169,12780.4,188.093,221.681,12.1932,13.5511,191.824,1535,101.364,33.6564,46.548,15.245,4.73658,7.60945,27.183,69.8702,25.854,23.2454,7.40068,0.454767
2026-06,56.391,89.3989,139.743,74.8148,66.4826,30.9718,66.5932,65.1104,11.2283,58.2641,54.5144,84.6514,89.9987,34.3641,34.4965,35.9015,37.7346,29.0697,30.3869,31.2816,29.9455,1.61316,34.05,12.8314,4.20084,38.8666,6.18956,77.6963,32.7094,2.26392,31.5102,64.665,20.5861,23.173,22.4263,135.827,164.309,103.261,174.799,41.0499,128.761,48.3432,32.3391,52.9983,35.1364,37.0974,33.9265,238.468,46.2453,33.7897,55.2909,39.1407,53.3509,24.6457,41.3952,20.9705,4.3355,16.4923,10.2919,9.26995,93.1965,154.771,36.5855,32.841,80.376,23.586,15.2085,208.073,112.16,199.113,44.6302,28.2505,15.8384,3.72612,49.2648,23.599,31.0096,9.7063,52.9966,36.3216,6.13039,50.6211,6.80849,94.3656,48.9929,41.101,62.7313,171.23,59.3616,27.2616,23.561,24.3012,7.81819,26.6494,9.16931,12.1134,56.3134,10.8193,1.75381,52.0337,46.0053,194.776,31.8668,14.6213,51.3254,5.75041,8.13759,0.0037876,60.0669,9.2256,229.437,2.7515,19.6334,23.0466,81.0811,79.9326,23.4094,49.7392,20.0645,1.43791,75.9104,106.05,101.85,101.728,9.38904,10.6589,3.05969,14.4985,1.35986,6.39998,18.3597,194.324,167.853,28.4183,1.04852,105.186,13271.1,197.901,190.614,9.04641,9.38904,174.064,1387.92,102.862,34.3607,48.8262,15.4953,5.33371,6.47939,25.4814,64.6535,24.2199,24.0249,6.4193,0.330627
2026-07,62.1118,92.58,144.828,76.8043,66.0298,34.31,74.31,72.7134,12.4345,57.86,55.82,83.78,88.3307,34.4466,34.33,38.5808,39.445,30.6708,32.6825,40.1579,35.0977,1.71927,33.4084,13.3675,3.94101,45.5411,7.43627,88.0628,35.2159,2.08618,31.2403,65.8915,21.5663,22.7302,22.3553,154.44,195.127,119.682,201.838,44.8396,148.69,56.8093,37.32,53.1234,36.14,40.0442,35.8,262.999,49.334,32.101,60.2683,47.2378,66.7612,30.0253,43.8317,23.9309,4.53923,18.2759,11.7645,11.8177,93.5153,144.948,36.5892,31.7003,78.824,23.0691,15.75,212.567,108.886,198.35,42.9605,25.5959,14.19,3.73646,46.6137,23.0365,30.1467,8.9468,55.1412,33.3123,5.80679,49.1959,7.30853,96.5487,50.2476,42.1777,62.63,179.551,60.1273,27.735,22.6973,24.7537,7.18711,26.8642,9.49954,12.85,49.9887,11.919,1.9832,45.1723,44.77,159.68,27.78,14.6422,49.6894,5.98071,8.47393,0.00384714,69.853,10.4895,251.26,2.47659,19.0919,21.2545,79.3409,79.7609,25.3351,47.1105,21.8875,1.47397,78.7701,105.564,86.38,86.3452,9.15,9.6,2.81,11.44,1.22,6.61772,18.2283,168.434,176.93,27.6651,1.04916,104.518,12837.2,196.73,185.529,9.09286,11.52,173.684,1398.66,100.537,39.1653,59.7991,17.4094,6.28748,7.58831,30.1851,79.1131,27.8892,24.7643,7.51628,0.346255
2026-08,62.4877,101.913,148.501,74.3664,64.9677,35.53,76.69,75.7686,13.097,71.85,57.93,115.51,122.026,47.2967,47.35,41.2857,41.5812,32.7407,34.88,42.665,38.1891,1.92067,36.8325,14.5386,4.55599,45.2859,6.96654,87.5314,36.9456,2.10418,28.5088,67.9577,20.6284,24.0123,21.0772,160.95,206.14,132.49,200.48,48.1978,144.96,59.9051,43.15,54.18,38.48,41.2213,36.38,291.69,59.7898,36.6798,63.55,49.5512,66.2917,31.8786,45.0631,23.9872,4.67609,18.1019,12.9217,12.6916,125.798,202.66,44.83,45.3407,112.32,30.68,19.65,262.714,150.83,261.47,51.92,37.61,20.45,5.46022,60.7169,30.5344,44.5899,12.8785,69.9056,42.9231,9.03781,54.6854,8.06467,103.909,57.804,47.9635,75.74,208.87,67.905,33.1676,28.5339,26.6788,8.71279,37.1031,11.5691,13.61,58.7736,15.0155,2.40904,49.95,45.77,158.78,26.43,15.09,52.5212,6.53617,11.3593,0.386985,74.2852,10.821,232.62,2.53254,19.0516,29.69,108.24,102.3,26.5,42.79,24.3457,1.50299,81.29,116.21,98.76,98.438,10.47,12.24,3.39,14.75,1.42,8.31624,20.0229,152.29,171.4,23.89,1.07921,121.684,14787.5,196.479,190.928,10.0307,11.55,176.21,1378.52,97.4482,43.6612,66.6574,19.6,6.57634,8.37859,32.4245,89.64,30.87,26.23,8.02,0.442246
2026-09,64.7648,93.8845,143.651,71.4269,62.6011,35.16,78.52,77.0413,13.4467,64.3,56.67,102.88,108.856,42.1986,42.1,43.1785,42.1877,33.6663,36.5225,43.7527,37.8777,2.07045,33.9049,15.7543,4.32167,48.1646,7.56399,92.3016,40.7926,1.975,26.6712,67.3727,19.5877,26.9559,20.6734,162.14,205.65,129.34,189.01,48.9,142.86,58.05,43.68,51.87,36.09,39.14,33.41,276.28,51.43,32.76,57.29,47.93,68.5593,31.2796,43.407,23.965,4.45943,16.8059,13.0956,11.8588,121.3,193.88,42.32,39.9,98.49,24.42,18.55,259.89,143.88,252.49,47.51,35.82,19.36,5.32,59.5909,24.382,42.0783,11.7104,64.3401,37.3437,7.38806,49.1832,7.26239,93.5247,52.649,42.1986,72.08,201.58,66.4532,31.739,26.4456,24.5021,8.44535,37.0959,10.297,12.64,52.2722,13.6252,2.09802,42.68,38.12,151.67,24.63,13.56,50.1993,6.14395,10.28,0.379126,70.607,10.5907,235.2,2.22618,17.5974,25.68,88.95,88.76,25.195,37.72,28.3749,1.60064,81.88,110.21,88.12,88.1214,9.27,9.47,2.63,11.32,1.13,6.70835,18.7282,138.68,147.32,21.79,0.989413,123.448,14189.7,191.459,162.965,8.71901,12.5,166.88,1352.77,94.0543,48.4822,78.9293,21.68,7.66,8.74423,34.8441,94.08,29.9,26.44,8.15,0.688398
