signal,aksje,h,n,snitt,snitt_null,z,p,andel_samme,loo,q,robust,navn,marked
aluminium:bunnsone,ABG,1d,3,0.01012333451147012,0.0005375139812438478,0.7044572794820323,0.4811480455867063,0.6666666666666666,False,0.9878463438452625,False,ABG SUNDAL COLLIER,Oslo Børs
aluminium:bunnsone,AFG,1d,3,0.0028572603626182505,0.0008675017299658816,0.1470934245135608,0.8830582799034399,0.6666666666666666,False,0.9878463438452625,False,AF GRUPPEN,Oslo Børs
aluminium:bunnsone,AKAST,1d,3,0.002799162015545059,-4.1565432500043245e-05,0.19601293265125921,0.8446000435581884,0.3333333333333333,False,0.9878463438452625,False,AKASTOR,Oslo Børs
aluminium:bunnsone,AKER,1d,3,-0.007495153379021356,0.0004195406441963699,-0.39520660500898086,0.6926904185394869,0.6666666666666666,True,0.9878463438452625,False,AKER,Oslo Børs
aluminium:bunnsone,AKRBP,1d,3,-0.0011630401457559207,0.0011357881517870699,-0.17411363867754348,0.8617761548013669,0.6666666666666666,False,0.9878463438452625,False,AKER BP,Oslo Børs
aluminium:bunnsone,AKSO,1d,3,0.004117051078672708,0.0009658417123389883,0.20941859934097384,0.8341214744818323,0.6666666666666666,True,0.9878463438452625,False,AKER SOLUTIONS,Oslo Børs
aluminium:bunnsone,AKVA,1d,3,-0.0007883331562274961,0.0008394070182123034,-0.09166676183223371,0.9269628063855231,0.3333333333333333,False,0.9878463438452625,False,AKVA GROUP,Oslo Børs
aluminium:bunnsone,ABTEC,1d,3,-0.000646786135974677,-0.0031417752514669413,0.06071047954795712,0.9515897856055182,0.3333333333333333,False,0.9878463438452625,False,AQUA BIO TECHNO,Euronext Expand Oslo
aluminium:bunnsone,AZT,1d,3,0.05140495991983363,0.0009810427412750822,1.6308225754464432,0.10292776245492868,0.6666666666666666,True,0.849088478969323,False,ARCTICZYMES TECHNO,Oslo Børs
aluminium:bunnsone,AFK,1d,3,0.0017907762243704513,0.0006998495090037073,0.06340031414908336,0.9494477371014403,0.6666666666666666,False,0.9878463438452625,False,ARENDALS FOSSEKOMP,Oslo Børs
aluminium:bunnsone,ARR,1d,3,0.01728008355572157,-0.0010971398527865176,0.5735227029324808,0.5662908317514921,0.6666666666666666,False,0.9878463438452625,False,ARRIBATEC GROUP,Oslo Børs
aluminium:bunnsone,ATEA,1d,3,0.013662996590598192,0.0004972200392177031,0.8205811729992338,0.41188487525208584,1.0,True,0.9878463438452625,False,ATEA,Oslo Børs
aluminium:bunnsone,AURG,1d,3,-0.007243222099805685,0.0007493105218135301,-0.8742326330483475,0.3819915779000998,0.3333333333333333,False,0.9878463438452625,False,AURSKOG SPAREBANK,Oslo Børs
aluminium:bunnsone,AUSS,1d,3,-0.0010565388313124684,0.0009297950983581646,-0.185569961972198,0.8527820112465176,0.6666666666666666,False,0.9878463438452625,False,AUSTEVOLL SEAFOOD,Oslo Børs
aluminium:bunnsone,ACR,1d,3,0.02180543654536653,3.947279314617702e-05,0.6186997625645821,0.5361141664521794,1.0,True,0.9878463438452625,False,AXACTOR,Oslo Børs
aluminium:bunnsone,BNOR,1d,3,-0.002712859446175229,-0.00105588776703429,-0.042878958885515774,0.96579802169833,0.3333333333333333,False,0.9878463438452625,False,BLUENORD,Oslo Børs
aluminium:bunnsone,BONHR,1d,3,0.014328007388343028,0.00015000615003356473,1.0449245559626237,0.2960578395178536,0.6666666666666666,True,0.9878463438452625,False,BONHEUR,Oslo Børs
aluminium:bunnsone,BOR,1d,3,-0.00737806914812969,0.0002315853292675692,-0.47794900609804836,0.6326865002164834,0.3333333333333333,False,0.9878463438452625,False,BORGESTAD,Oslo Børs
aluminium:bunnsone,BOUV,1d,3,0.007626065195679664,0.0009930223883516446,0.6163759027628952,0.537646453668311,1.0,True,0.9878463438452625,False,BOUVET,Oslo Børs
aluminium:bunnsone,BWO,1d,3,-0.0027297708712398505,-0.0005636003018768051,-0.13029246416568602,0.8963350419727415,0.6666666666666666,False,0.9878463438452625,False,BW OFFSHORE LTD,Oslo Børs
aluminium:bunnsone,BMA,1d,3,0.006683500491225652,0.00045732786244562804,0.31881027078350005,0.7498703894244261,1.0,True,0.9878463438452625,False,BYGGMA,Euronext Growth Oslo
aluminium:bunnsone,CONTX,1d,3,-0.004025807780723321,-0.00044222559000994067,-0.1771395401232291,0.8593987844705,0.6666666666666666,False,0.9878463438452625,False,CONTEXTVISION,Oslo Børs
aluminium:bunnsone,DNB,1d,3,-0.0067704370268299174,0.0005969711879706129,-0.7265690762512468,0.4674899776097243,0.6666666666666666,False,0.9878463438452625,False,DNB BANK,Oslo Børs
aluminium:bunnsone,DNO,1d,3,-0.016643267242825527,0.0002245374164880259,-1.017322139919274,0.3090002076479905,0.6666666666666666,True,0.9878463438452625,False,DNO,Oslo Børs
aluminium:bunnsone,EIOF,1d,3,-0.01569788680683588,-0.00022006542112787896,-1.0641517432073162,0.2872599637839671,0.6666666666666666,True,0.9878463438452625,False,EIDESVIK OFFSHORE,Oslo Børs
aluminium:bunnsone,ENDUR,1d,3,0.0679699470950328,-0.0008375095206955876,2.5218752713094377,0.011673109040513375,0.6666666666666666,False,0.35330234992248544,False,ENDÚR,Oslo Børs
aluminium:bunnsone,ENSU,1d,3,-0.022207250713869964,-0.003062483100780581,-0.5265197212164836,0.5985271533592216,0.6666666666666666,False,0.9878463438452625,False,ENSURGE MICROPOWER,Oslo Børs
aluminium:bunnsone,EQNR,1d,3,0.004796316568272886,0.0002457777216443411,0.49436823344521436,0.6210461443463847,0.6666666666666666,False,0.9878463438452625,False,EQUINOR,Oslo Børs
aluminium:bunnsone,FRO,1d,3,-0.031651332044726914,0.00019484947684328803,-1.5542998743311875,0.12011290349438897,0.6666666666666666,True,0.928279970215895,False,FRONTLINE,Oslo Børs
aluminium:bunnsone,GOD,1d,3,0.0017907762243704513,7.051453222874915e-05,0.06646621762114824,0.947006652646166,0.6666666666666666,False,0.9878463438452625,False,GOODTECH,Oslo Børs
aluminium:bunnsone,GSF,1d,3,0.006950405094004214,-0.00026257113205737043,0.452425018533911,0.6509628268797276,0.6666666666666666,False,0.9878463438452625,False,GRIEG SEAFOOD,Oslo Børs
aluminium:bunnsone,GYL,1d,3,0.00465206189960259,0.0007885164866118266,0.1559571413481616,0.876066804012077,1.0,True,0.9878463438452625,False,GYLDENDAL,Oslo Børs
aluminium:bunnsone,HAVI,1d,3,7.976601188605659e-05,-0.0016675687880310576,0.04519779323398754,0.9639496531987478,0.6666666666666666,False,0.9878463438452625,False,HAVILA SHIPPING,Oslo Børs
aluminium:bunnsone,HEX,1d,3,-0.020358711791672156,0.0004617951831937204,-1.1276976974082145,0.25944761043796916,0.6666666666666666,True,0.9878463438452625,False,HEXAGON COMPOSITES,Oslo Børs
aluminium:bunnsone,HUNT,1d,3,-0.07784731975685463,9.655511039679743e-05,-2.041919650547671,0.041159502202715595,1.0,True,0.5482095399765949,False,HUNTER GROUP,Euronext Expand Oslo
aluminium:bunnsone,HSPG,1d,3,-0.014472584538736705,0.000941881126049984,-0.19782477005475252,0.843182165442554,0.6666666666666666,True,0.9878463438452625,False,HØLAND OG SETSKOG,Oslo Børs
aluminium:bunnsone,IOX,1d,3,-0.00046487333389898705,-0.002841738475759032,0.06447073266832298,0.9485954105628247,0.6666666666666666,False,0.9878463438452625,False,INTEROIL EXPL PROD,Oslo Børs
aluminium:bunnsone,ITERA,1d,3,-0.004619707927233939,0.000352651664412309,-0.28105622201593855,0.778667278031643,0.3333333333333333,False,0.9878463438452625,False,ITERA,Oslo Børs
aluminium:bunnsone,JIN,1d,3,-0.032188231611890654,0.0003748951484069758,-1.693107525347114,0.09043500213374031,1.0,True,0.8204682802278469,False,JINHUI SHIPP TRANS,Oslo Børs
aluminium:bunnsone,JAREN,1d,3,0.0034658261251037195,0.00024551713124923126,0.24740774666327417,0.804592679541128,0.6666666666666666,True,0.9878463438452625,False,JÆREN SPAREBANK,Oslo Børs
aluminium:bunnsone,KIT,1d,3,-0.005741299165465276,0.0013257878565005531,-0.3817464569367036,0.7026494373639648,0.3333333333333333,False,0.9878463438452625,False,KITRON,Oslo Børs
aluminium:bunnsone,KOA,1d,3,-0.045182332209193016,0.0006136806030851081,-2.16121775495549,0.030678522533505725,0.6666666666666666,False,0.4590188314794619,False,KONGSBERG AUTOMOT,Oslo Børs
aluminium:bunnsone,KOG,1d,3,-0.004552833005214539,0.0004577851573452798,-0.45876870024213473,0.6464002736735324,0.6666666666666666,False,0.9878463438452625,False,KONGSBERG GRUPPEN,Oslo Børs
aluminium:bunnsone,LSG,1d,3,-0.006953232303304052,0.0008346613652756103,-0.6780103159797463,0.49776515243053476,0.6666666666666666,False,0.9878463438452625,False,LERØY SEAFOOD GP,Oslo Børs
aluminium:bunnsone,MGN,1d,3,-0.005718882645058404,-8.240490596725807e-05,-0.26551195139253303,0.7906151042767757,0.6666666666666666,False,0.9878463438452625,False,MAGNORA,Oslo Børs
aluminium:bunnsone,MEDI,1d,3,0.02438183794136207,0.0017627660975697284,1.084415963044863,0.27818040911361736,1.0,True,0.9878463438452625,False,MEDISTIM,Oslo Børs
aluminium:bunnsone,MELG,1d,3,-0.0009414796015387028,0.0005724395291136019,-0.16805146770610954,0.8665427894092792,0.6666666666666666,False,0.9878463438452625,False,MELHUS SPAREBANK,Oslo Børs
aluminium:bunnsone,MOWI,1d,3,0.0011933860980741877,-0.0009987525656263558,0.08555644321181664,0.9318190247224489,0.6666666666666666,False,0.9878463438452625,False,MOWI,Oslo Børs
aluminium:bunnsone,NAVA,1d,3,0.06897620610367673,-0.0008756021985566854,3.3144630820252763,0.0009181930383543914,0.6666666666666666,True,0.1149577684019698,False,NAVAMEDIC,Oslo Børs
aluminium:bunnsone,NKR,1d,3,0.008525005509296626,0.000982836258446459,0.3844962049528697,0.7006107081520109,1.0,True,0.9878463438452625,False,NEKKAR,Oslo Børs
aluminium:bunnsone,NEL,1d,3,0.0399354894169494,-0.002793960166940568,0.7584145219951166,0.4482028669370747,1.0,True,0.9878463438452625,False,NEL,Oslo Børs
aluminium:bunnsone,NOM,1d,3,0.01224161952930263,-0.0011454336064166525,0.5405413466212508,0.5888237548918207,0.6666666666666666,False,0.9878463438452625,False,NORDIC MINING,Oslo Børs
aluminium:bunnsone,NOD,1d,3,0.00021159680502366718,0.0007511063847386002,-0.02446335588911098,0.9804830127257109,0.3333333333333333,False,0.9912707376202049,False,NORDIC SEMICONDUC,Oslo Børs
aluminium:bunnsone,NHY,1d,3,0.00033176135243215277,-9.269665614366523e-05,0.03699621770803761,0.9704880215093235,0.3333333333333333,False,0.9878463438452625,False,NORSK HYDRO,Oslo Børs
aluminium:bunnsone,NAS,1d,3,0.040660185983559444,-0.0008623181482115779,2.052991187003235,0.04007343224605376,1.0,True,0.5482095399765949,False,NORWEGIAN AIR SHUT,Oslo Børs
aluminium:bunnsone,NRC,1d,3,-0.02552412345184832,-0.0013090267292525154,-0.8292695129809546,0.4069519181483318,1.0,True,0.9878463438452625,False,NRC GROUP,Oslo Børs
aluminium:bunnsone,ODF,1d,3,-0.007717474082913188,0.0004165190899792674,-0.6207260198315661,0.5347799063752533,0.3333333333333333,False,0.9878463438452625,False,ODFJELL SER. A,Oslo Børs
aluminium:bunnsone,ODFB,1d,3,-0.03355597820706963,0.0008287820945138659,-2.781706941768608,0.005407384402147921,0.3333333333333333,False,0.2572362564250578,False,ODFJELL SER. B,Oslo Børs
aluminium:bunnsone,ORK,1d,3,0.020259138005084065,4.1385186919006956e-05,0.7885349508999532,0.43038386309160886,1.0,True,0.9878463438452625,False,ORKLA,Oslo Børs
aluminium:bunnsone,PSE,1d,3,-0.025971784145708988,-0.0002840597621218383,-0.8131712963114849,0.4161198539270062,0.6666666666666666,True,0.9878463438452625,False,PETROLIA,Oslo Børs
aluminium:bunnsone,PHO,1d,3,-0.0009270769878506521,-6.691288605376797e-05,-0.0521290569081309,0.9584258603710868,0.6666666666666666,False,0.9878463438452625,False,PHOTOCURE,Oslo Børs
aluminium:bunnsone,POL,1d,3,-0.007494881590190507,-0.0004148072650232082,-0.24681356404212354,0.8050525126011758,0.3333333333333333,False,0.9878463438452625,False,POLARIS MEDIA,Oslo Børs
aluminium:bunnsone,PRS,1d,3,-0.02157902400851962,-0.0020387997692163412,-0.9200467207425318,0.3575483447734449,1.0,True,0.9878463438452625,False,PROSAFE,Oslo Børs
aluminium:bunnsone,PROT,1d,3,0.00479627072825381,0.0007042261158755865,0.2796932229386346,0.7797128782156245,0.3333333333333333,False,0.9878463438452625,False,PROTECTOR FORSIKRG,Oslo Børs
aluminium:bunnsone,QEC,1d,3,0.004650105394590977,0.0008238553216994868,0.14350166162645506,0.885893999043785,0.6666666666666666,False,0.9878463438452625,False,QUESTERRE ENERGY,Oslo Børs
aluminium:bunnsone,REACH,1d,3,0.003790683595800181,0.0010846026335339168,0.07619512476900446,0.9392638612864379,0.6666666666666666,False,0.9878463438452625,False,REACH SUBSEA,Oslo Børs
aluminium:bunnsone,ROGS,1d,3,-0.006491221097735246,-4.5595258306411145e-05,-0.5665537138221408,0.5710174296420129,0.6666666666666666,False,0.9878463438452625,False,ROGALAND SPAREBANK,Oslo Børs
aluminium:bunnsone,ROM,1d,3,-0.047895029182879495,0.0010687498538583704,-1.3536195211196913,0.17585779568612706,0.6666666666666666,True,0.9839813370344908,False,ROMREAL,Euronext Expand Oslo
aluminium:bunnsone,SALM,1d,3,-0.0033712756210043937,0.0002793978753134232,-0.28226185462815984,0.7777427324236432,0.6666666666666666,True,0.9878463438452625,False,SALMAR,Oslo Børs
aluminium:bunnsone,SCANA,1d,3,-0.003005461935378456,-0.0007044361652299608,-0.07629317049366917,0.9391858591661107,0.6666666666666666,False,0.9878463438452625,False,SCANA,Oslo Børs
aluminium:bunnsone,SEA1,1d,3,-0.014916928234384683,-5.01074698203744e-05,-0.7137017266283596,0.47541163851399304,0.6666666666666666,False,0.9878463438452625,False,Sea1 Offshore,Euronext Growth Oslo
aluminium:bunnsone,ENH,1d,3,-0.05841689184544573,-0.001980879187460573,-1.7528155026173307,0.07963368123873397,0.6666666666666666,True,0.8047308173015537,False,SED ENERGY HOLDING,Oslo Børs
aluminium:bunnsone,SKUE,1d,3,-0.0008896096572598433,0.0010911863599584015,-0.1120163137775967,0.9108104714560852,0.3333333333333333,False,0.9878463438452625,False,SKUE SPAREBANK,Oslo Børs
aluminium:bunnsone,SOGN,1d,3,0.0017907762243704513,0.0004262057830460882,0.12844795380630114,0.8977944837771767,0.6666666666666666,False,0.9878463438452625,False,SOGN SPAREBANK,Oslo Børs
aluminium:bunnsone,SOFF,1d,3,-0.020881933931017404,-0.0017358915068642334,-0.4171397376824452,0.6765762005298903,0.6666666666666666,True,0.9878463438452625,False,SOLSTAD OFFSHORE,Oslo Børs
aluminium:bunnsone,MING,1d,3,-0.00553908205787874,0.0004929774463097584,-0.6217537685110831,0.5341037901053016,0.6666666666666666,False,0.9878463438452625,False,SPAREBANK 1 SMN,Oslo Børs
aluminium:bunnsone,SB1NO,1d,3,-0.0013048839728254935,6.516224014631886e-05,-0.144365808379502,0.8852116148970384,0.3333333333333333,False,0.9878463438452625,False,SPAREBANK 1 SØR-N,Oslo Børs
aluminium:bunnsone,MORG,1d,3,-0.004510496080934928,-0.00026773778441172713,-0.4711359566627986,0.6375436493768732,0.6666666666666666,True,0.9878463438452625,False,SPAREBANKEN MØRE,Oslo Børs
aluminium:bunnsone,SBNOR,1d,3,0.007488994686286619,0.0007032505877033099,0.622123729449679,0.5338605127508478,1.0,True,0.9878463438452625,False,SPAREBANKEN NORGE,Oslo Børs
aluminium:bunnsone,SPOG,1d,3,-0.00706518800567756,0.0003435411934412781,-0.6232150488076755,0.5331432138029858,0.6666666666666666,False,0.9878463438452625,False,SPAREBANKEN ØST,Oslo Børs
aluminium:bunnsone,HELG,1d,3,0.014773509216625394,0.0005176149769158022,1.4244119492737453,0.15432725719322893,1.0,True,0.9660886300296131,False,SPBK1 HELGELAND,Oslo Børs
aluminium:bunnsone,NONG,1d,3,-0.01214196564169337,0.000624364553596747,-1.3108854412992241,0.18989647022885475,0.6666666666666666,True,0.9839813370344908,False,SPBK1 NORD-NORGE,Oslo Børs
aluminium:bunnsone,RING,1d,3,-0.0014298867929734653,0.0007151228898594051,-0.21744464173771863,0.8278618442717127,0.3333333333333333,False,0.9878463438452625,False,SPBK1 RINGERIKE,Oslo Børs
aluminium:bunnsone,SOAG,1d,3,0.0017907762243704513,0.0008518177283785061,0.10386413498749192,0.9172771692588564,0.6666666666666666,False,0.9878463438452625,False,SPBK1 ØSTFOLD AKE,Oslo Børs
aluminium:bunnsone,SNI,1d,3,-0.005497411903171351,0.0008551295944626978,-0.5170858371783478,0.6050962397917793,0.6666666666666666,True,0.9878463438452625,False,STOLT-NIELSEN,Oslo Børs
aluminium:bunnsone,STB,1d,3,0.014223504933867046,-0.0002483869275482085,1.2365927537706873,0.2162383114394628,1.0,True,0.9878463438452625,False,STOREBRAND,Oslo Børs
aluminium:bunnsone,STRO,1d,3,0.025225187704153617,-0.0013501697678018256,1.315340159639914,0.18839560693983123,0.6666666666666666,True,0.9839813370344908,False,STRONGPOINT,Oslo Børs
aluminium:bunnsone,SUBC,1d,3,-0.007486764825448106,0.0009554602707313418,-0.5585512379099532,0.5764680267416394,0.6666666666666666,False,0.9878463438452625,False,SUBSEA 7,Oslo Børs
aluminium:bunnsone,TECH,1d,3,0.07333507204462288,-0.00015051175057690486,2.516520641162209,0.011851995764172835,1.0,True,0.35330234992248544,False,TECHSTEP,Oslo Børs
aluminium:bunnsone,TEL,1d,3,0.007076810778090387,0.000529086734194246,0.6354945834469983,0.525105898282176,0.6666666666666666,True,0.9878463438452625,False,TELENOR,Oslo Børs
aluminium:bunnsone,TGS,1d,3,-0.021932073711141836,0.0006716282515858214,-1.6212761332399046,0.10495843122066514,1.0,True,0.8532984148589141,False,TGS,Oslo Børs
aluminium:bunnsone,TOM,1d,3,-0.010377571639004648,-0.0005154375654807092,-0.7061827109671103,0.4800745206228906,1.0,True,0.9878463438452625,False,TOMRA SYSTEMS,Oslo Børs
aluminium:bunnsone,VEI,1d,3,0.003766993688750858,0.0010981125894216407,0.25484819973756867,0.7988403460285411,1.0,True,0.9878463438452625,False,VEIDEKKE,Oslo Børs
aluminium:bunnsone,VOIM,1d,3,0.01097979933271991,-0.0007283779948876923,0.4063364434305137,0.6844954116288321,0.6666666666666666,False,0.9878463438452625,False,VOIM,Oslo Børs
aluminium:bunnsone,VVL,1d,3,-0.01575727219278129,-0.00026539203682184536,-0.9983276220762237,0.31812051761368804,0.6666666666666666,False,0.9878463438452625,False,VOSS VEKSEL OGLAND,Oslo Børs
aluminium:bunnsone,WWI,1d,3,-0.021775973374469043,-4.537785002697206e-05,-1.8828732794128498,0.05971754318739948,1.0,True,0.701385480000885,False,WILH. WILHELMSEN A,Oslo Børs
aluminium:bunnsone,WWIB,1d,3,-0.034689172295039754,-0.0003656536218874045,-2.152544998159859,0.031354455186719324,1.0,True,0.4590188314794619,False,WILH. WILHELMSEN B,Oslo Børs
aluminium:bunnsone,YAR,1d,3,0.01050502145580002,4.187088173508219e-05,0.9840021640539692,0.32511444887239677,1.0,True,0.9878463438452625,False,YARA INTERNATIONAL,Oslo Børs
aluminium:bunnsone,ABG,1m,3,0.02788950157508403,0.01615157512157074,0.27942681324435203,0.7799172962470335,1.0,True,0.9969061973633782,False,ABG SUNDAL COLLIER,Oslo Børs
aluminium:bunnsone,AFG,1m,3,0.0843827397365891,0.01456493850690453,1.7542800066319832,0.07938253990168019,1.0,True,0.9185018360434064,False,AF GRUPPEN,Oslo Børs
aluminium:bunnsone,AKAST,1m,3,0.07337745333198549,0.006471576873339187,1.10193553570253,0.2704896982018484,1.0,True,0.9969061973633782,False,AKASTOR,Oslo Børs
aluminium:bunnsone,AKER,1m,3,0.03286637143004207,0.009604055600832896,0.21897415147688226,0.8266701832668844,1.0,True,0.9969061973633782,False,AKER,Oslo Børs
aluminium:bunnsone,AKRBP,1m,3,0.04059514273081661,0.018121814178782898,0.36690187186501655,0.7136922151390208,0.3333333333333333,False,0.9969061973633782,False,AKER BP,Oslo Børs
aluminium:bunnsone,AKSO,1m,3,0.11954559260094784,0.006062223058165239,1.5780286777364034,0.1145590217029178,1.0,True,0.9185018360434064,False,AKER SOLUTIONS,Oslo Børs
aluminium:bunnsone,AKVA,1m,3,0.1511180869842195,0.01085374122269155,2.3650362830464275,0.018028304601156037,1.0,True,0.8094803887012854,False,AKVA GROUP,Oslo Børs
aluminium:bunnsone,ABTEC,1m,3,0.19964598000663858,-0.022754314395236196,1.5604560788505362,0.11865214143874123,0.3333333333333333,False,0.9185018360434064,False,AQUA BIO TECHNO,Euronext Expand Oslo
aluminium:bunnsone,AZT,1m,3,0.1770339665083257,0.006584448717331682,1.5680178967688845,0.11687695572635007,1.0,True,0.9185018360434064,False,ARCTICZYMES TECHNO,Oslo Børs
aluminium:bunnsone,AFK,1m,3,-0.031644671017581845,0.013343958274877011,-0.9488093104179627,0.3427176057270686,0.6666666666666666,True,0.9969061973633782,False,ARENDALS FOSSEKOMP,Oslo Børs
aluminium:bunnsone,ARR,1m,3,0.011094892578282436,-0.025666104446309786,0.26320828966665755,0.7923900417868472,0.6666666666666666,False,0.9969061973633782,False,ARRIBATEC GROUP,Oslo Børs
aluminium:bunnsone,ATEA,1m,3,0.03501945002987175,-0.00247146125853916,0.6159397052237731,0.5379343149302966,0.6666666666666666,True,0.9969061973633782,False,ATEA,Oslo Børs
aluminium:bunnsone,AURG,1m,3,0.04272213990742893,0.011866037928796215,0.8611567358031845,0.3891517247089232,0.3333333333333333,False,0.9969061973633782,False,AURSKOG SPAREBANK,Oslo Børs
aluminium:bunnsone,AUSS,1m,3,-0.01614198635558951,0.01249017327101229,-0.6124417677073898,0.5402455145676126,0.6666666666666666,False,0.9969061973633782,False,AUSTEVOLL SEAFOOD,Oslo Børs
aluminium:bunnsone,ACR,1m,3,0.042874444409210205,-0.016976264040447345,0.5575644094983133,0.5771418652821311,0.6666666666666666,False,0.9969061973633782,False,AXACTOR,Oslo Børs
aluminium:bunnsone,BNOR,1m,3,-0.0014216949043299454,-0.024994902505533222,0.14946402002053444,0.8811874982856622,0.3333333333333333,False,0.9969061973633782,False,BLUENORD,Oslo Børs
aluminium:bunnsone,BONHR,1m,3,-0.056882601928505916,0.00815137322920801,-1.5584521015355297,0.11912611403182669,0.6666666666666666,False,0.9185018360434064,False,BONHEUR,Oslo Børs
aluminium:bunnsone,BOR,1m,3,-0.07852155778227211,-0.00874401168513168,-0.9265342679112037,0.35416839706218106,0.6666666666666666,False,0.9969061973633782,False,BORGESTAD,Oslo Børs
aluminium:bunnsone,BOUV,1m,3,0.06981412825143407,0.020998766045229187,1.3029854606478213,0.19257972537006,1.0,True,0.9969061973633782,False,BOUVET,Oslo Børs
aluminium:bunnsone,BWO,1m,3,-0.03991687693845906,-0.005858362563765399,-0.40660737555289156,0.6842963793022285,0.6666666666666666,False,0.9969061973633782,False,BW OFFSHORE LTD,Oslo Børs
aluminium:bunnsone,BMA,1m,3,0.021752897461545618,0.013635491819145836,0.11540296350727164,0.9081257301189107,0.3333333333333333,False,0.9969061973633782,False,BYGGMA,Euronext Growth Oslo
aluminium:bunnsone,CONTX,1m,3,0.17384713523999487,0.0041286315171273355,2.1187958185067948,0.03410772629569465,1.0,True,0.8116549380126422,False,CONTEXTVISION,Oslo Børs
aluminium:bunnsone,DNB,1m,3,0.021860997445708564,0.01142766948713962,0.2895639579616838,0.7721498435499861,0.6666666666666666,False,0.9969061973633782,False,DNB BANK,Oslo Børs
aluminium:bunnsone,DNO,1m,3,0.05037732149368019,0.009160678556285518,0.5763170961455036,0.5644008692850968,0.6666666666666666,False,0.9969061973633782,False,DNO,Oslo Børs
aluminium:bunnsone,EIOF,1m,3,-0.13458637631414808,0.0013855944870252788,-2.421759272816369,0.015445578475838625,0.6666666666666666,True,0.8094803887012854,False,EIDESVIK OFFSHORE,Oslo Børs
aluminium:bunnsone,ENDUR,1m,3,-0.08072068319835843,-0.0036918563547515817,-0.8239764916641119,0.40995291555983876,0.6666666666666666,True,0.9969061973633782,False,ENDÚR,Oslo Børs
aluminium:bunnsone,ENSU,1m,3,-0.18136487053001968,-0.02830966638591985,-1.0253085260631911,0.3052176340755688,1.0,True,0.9969061973633782,False,ENSURGE MICROPOWER,Oslo Børs
aluminium:bunnsone,EQNR,1m,3,-0.013199214953095256,0.011661688629695731,-0.6726583681508195,0.5011646591419929,0.6666666666666666,False,0.9969061973633782,False,EQUINOR,Oslo Børs
aluminium:bunnsone,FRO,1m,3,-0.17804674917440344,0.00880648288129635,-2.1534166645150408,0.03128594706778198,1.0,True,0.8116549380126422,False,FRONTLINE,Oslo Børs
aluminium:bunnsone,GOD,1m,3,-0.07696714318083576,-0.013002214163043065,-0.7004614598814757,0.4836391656702851,1.0,True,0.9969061973633782,False,GOODTECH,Oslo Børs
aluminium:bunnsone,GSF,1m,3,0.1287852892822425,0.005654199561049767,1.8114558251505348,0.07007032120798401,1.0,True,0.9185018360434064,False,GRIEG SEAFOOD,Oslo Børs
aluminium:bunnsone,GYL,1m,3,-0.015630609310663856,0.002180327755915296,-0.2766456365446945,0.7820522188408705,0.6666666666666666,False,0.9969061973633782,False,GYLDENDAL,Oslo Børs
aluminium:bunnsone,HAVI,1m,3,-0.19546318987126132,-0.023033449694367037,-1.111364239198147,0.26641159861296887,1.0,True,0.9969061973633782,False,HAVILA SHIPPING,Oslo Børs
aluminium:bunnsone,HEX,1m,3,0.1650497622502889,0.009504675690805651,2.083854408713199,0.03717341247016475,1.0,True,0.8116549380126422,False,HEXAGON COMPOSITES,Oslo Børs
aluminium:bunnsone,HUNT,1m,3,-0.0770112786195505,-0.002177884717670266,-0.5190085176549901,0.6037548015010052,0.6666666666666666,True,0.9969061973633782,False,HUNTER GROUP,Euronext Expand Oslo
aluminium:bunnsone,HSPG,1m,3,0.03433287253308162,0.01185745538942156,0.11389424066030701,0.9093216311462045,0.6666666666666666,True,0.9969061973633782,False,HØLAND OG SETSKOG,Oslo Børs
aluminium:bunnsone,IOX,1m,3,0.0443177642720479,-0.027755839343964524,0.4431611866010835,0.6576491508105158,0.6666666666666666,False,0.9969061973633782,False,INTEROIL EXPL PROD,Oslo Børs
aluminium:bunnsone,ITERA,1m,3,0.06882810777887409,0.003260266103716848,1.055159393914938,0.29135243188822435,1.0,True,0.9969061973633782,False,ITERA,Oslo Børs
aluminium:bunnsone,JIN,1m,3,-0.011068239352207512,0.005115914248248429,-0.18806364667347666,0.8508267583293421,1.0,True,0.9969061973633782,False,JINHUI SHIPP TRANS,Oslo Børs
aluminium:bunnsone,JAREN,1m,3,0.00879622668414736,0.013121491529597342,-0.10739184623185673,0.9144781228627075,0.6666666666666666,False,0.9969061973633782,False,JÆREN SPAREBANK,Oslo Børs
aluminium:bunnsone,KIT,1m,3,-0.029000792927580964,0.013142796446247175,-0.6901546226312966,0.4900969560355392,0.6666666666666666,False,0.9969061973633782,False,KITRON,Oslo Børs
aluminium:bunnsone,KOA,1m,3,0.27925175530296265,-0.01421508802048377,3.135811104282977,0.0017137954981694032,0.6666666666666666,True,0.4277322622267437,False,KONGSBERG AUTOMOT,Oslo Børs
aluminium:bunnsone,KOG,1m,3,-0.04175231938874299,0.016323480618968624,-1.3122395329759096,0.1894393269863261,1.0,True,0.9969061973633782,False,KONGSBERG GRUPPEN,Oslo Børs
aluminium:bunnsone,LSG,1m,3,0.12616470969901614,0.014102747405033313,2.300126800261151,0.021441037339239313,0.6666666666666666,True,0.8116549380126422,False,LERØY SEAFOOD GP,Oslo Børs
aluminium:bunnsone,MGN,1m,3,-0.05694017923758666,-0.0062496187908547465,-0.526351876531799,0.598643745326142,0.6666666666666666,True,0.9969061973633782,False,MAGNORA,Oslo Børs
aluminium:bunnsone,MEDI,1m,3,0.09994070649695956,0.012602903058571582,1.5534455224855956,0.12031673457509275,1.0,True,0.9185018360434064,False,MEDISTIM,Oslo Børs
aluminium:bunnsone,MELG,1m,3,0.07480666669024356,0.00967032109109017,1.903675764962254,0.05695242462015557,0.6666666666666666,True,0.9185018360434064,False,MELHUS SPAREBANK,Oslo Børs
aluminium:bunnsone,MOWI,1m,3,0.12292333852066832,-0.0014788952248376897,1.257542958217744,0.2085570937616347,0.6666666666666666,True,0.9969061973633782,False,MOWI,Oslo Børs
aluminium:bunnsone,NAVA,1m,3,-0.04865319860150268,0.005074525234744674,-0.7192451657479341,0.47198987518135066,0.6666666666666666,False,0.9969061973633782,False,NAVAMEDIC,Oslo Børs
aluminium:bunnsone,NKR,1m,3,-0.13847569646621796,0.008276284545165005,-1.730509354276975,0.0835393114071977,0.6666666666666666,False,0.9185018360434064,False,NEKKAR,Oslo Børs
aluminium:bunnsone,NEL,1m,3,0.36985229160054384,-0.04069697334391362,1.6484261786411856,0.09926524768852983,0.6666666666666666,True,0.9185018360434064,False,NEL,Oslo Børs
aluminium:bunnsone,NOM,1m,3,0.011647979430505948,-0.007458495699643746,0.18184271325250326,0.8557061629760592,0.3333333333333333,False,0.9969061973633782,False,NORDIC MINING,Oslo Børs
aluminium:bunnsone,NOD,1m,3,0.01671521256477207,0.015118018707945066,0.020371361922108134,0.9837471289838854,0.3333333333333333,False,0.9986807999722572,False,NORDIC SEMICONDUC,Oslo Børs
aluminium:bunnsone,NHY,1m,3,-0.018919783449464368,0.008461325868801118,-0.6330091083915537,0.5267276949711419,0.3333333333333333,False,0.9969061973633782,False,NORSK HYDRO,Oslo Børs
aluminium:bunnsone,NAS,1m,3,-0.23306497750110514,-0.01564325106274798,-2.0579091318845313,0.03959885697708615,1.0,True,0.8116549380126422,False,NORWEGIAN AIR SHUT,Oslo Børs
aluminium:bunnsone,NRC,1m,3,-0.04904974157155159,-0.017413823726343428,-0.27449604430982055,0.7837034431055101,0.3333333333333333,False,0.9969061973633782,False,NRC GROUP,Oslo Børs
aluminium:bunnsone,ODF,1m,3,-0.0288422220209124,0.010327613245827282,-0.7773908658554223,0.4369281998254305,0.3333333333333333,False,0.9969061973633782,False,ODFJELL SER. A,Oslo Børs
aluminium:bunnsone,ODFB,1m,3,-0.05447537066379102,0.00895536203142315,-1.3233710106378413,0.18571202738677442,0.6666666666666666,False,0.9969061973633782,False,ODFJELL SER. B,Oslo Børs
aluminium:bunnsone,ORK,1m,3,-0.0030101110000501177,0.007808253879011927,-0.22835831972988904,0.8193676894385395,0.3333333333333333,False,0.9969061973633782,False,ORKLA,Oslo Børs
aluminium:bunnsone,PSE,1m,3,-0.04091006394125519,-0.02486453026895599,-0.154125482364075,0.8775107963172103,0.6666666666666666,True,0.9969061973633782,False,PETROLIA,Oslo Børs
aluminium:bunnsone,PHO,1m,3,0.0782825025095482,-0.0026363928134427797,1.152040028419521,0.24930462500966946,0.3333333333333333,False,0.9969061973633782,False,PHOTOCURE,Oslo Børs
aluminium:bunnsone,POL,1m,3,-0.019286254569589146,0.004998351045754645,-0.26391843101636947,0.7918427731235177,0.3333333333333333,False,0.9969061973633782,False,POLARIS MEDIA,Oslo Børs
aluminium:bunnsone,PRS,1m,3,0.04654984470006232,-0.026325528916871396,0.5945894564125885,0.5521179295662808,0.6666666666666666,True,0.9969061973633782,False,PROSAFE,Oslo Børs
aluminium:bunnsone,PROT,1m,3,0.022254154942509624,0.02469434550037849,-0.04433020956281654,0.9646411915885241,0.6666666666666666,False,0.9969061973633782,False,PROTECTOR FORSIKRG,Oslo Børs
aluminium:bunnsone,QEC,1m,3,-0.14283097156265204,-0.000699252348167335,-1.2088223124456567,0.22673111755020323,0.6666666666666666,True,0.9969061973633782,False,QUESTERRE ENERGY,Oslo Børs
aluminium:bunnsone,REACH,1m,3,-0.060970057653515035,-0.02243060120933511,-0.34035255221817445,0.7335910458218746,0.6666666666666666,True,0.9969061973633782,False,REACH SUBSEA,Oslo Børs
aluminium:bunnsone,ROGS,1m,3,-0.0533009796345048,0.010636088163667243,-1.295416732298706,0.19517650899673736,1.0,True,0.9969061973633782,False,ROGALAND SPAREBANK,Oslo Børs
aluminium:bunnsone,ROM,1m,3,-0.06991796099226304,-0.008354883319436202,-0.6039206541236654,0.5458963962500358,1.0,True,0.9969061973633782,False,ROMREAL,Euronext Expand Oslo
aluminium:bunnsone,SALM,1m,3,0.10849489540484358,0.018968525671325016,1.651203704804477,0.09869698688693604,1.0,True,0.9185018360434064,False,SALMAR,Oslo Børs
aluminium:bunnsone,SCANA,1m,3,-0.04285669431481354,-0.0158724866118309,-0.2573002465443776,0.7969470021446807,1.0,True,0.9969061973633782,False,SCANA,Oslo Børs
aluminium:bunnsone,SEA1,1m,3,-0.019822971717693465,0.0018965756994471837,-0.1785664097003122,0.8582781716883533,0.6666666666666666,False,0.9969061973633782,False,Sea1 Offshore,Euronext Growth Oslo
aluminium:bunnsone,ENH,1m,3,-0.2055212925136496,-0.054759037805502786,-0.9116025058326392,0.3619780028078152,1.0,True,0.9969061973633782,False,SED ENERGY HOLDING,Oslo Børs
aluminium:bunnsone,SKUE,1m,3,-0.008320981914518957,0.009585867161399399,-0.48686317903148163,0.6263552940704769,0.6666666666666666,False,0.9969061973633782,False,SKUE SPAREBANK,Oslo Børs
aluminium:bunnsone,SOGN,1m,3,0.024907487112634862,0.010617206562555286,0.32480079821677427,0.7453318403834668,0.6666666666666666,False,0.9969061973633782,False,SOGN SPAREBANK,Oslo Børs
aluminium:bunnsone,SOFF,1m,3,-0.021361910998060618,-0.012248889005582598,-0.056846263129072414,0.9546676608482605,0.6666666666666666,False,0.9969061973633782,False,SOLSTAD OFFSHORE,Oslo Børs
aluminium:bunnsone,MING,1m,3,0.016137233847987143,0.013265458791581945,0.09196164235270497,0.9267285153746583,0.6666666666666666,True,0.9969061973633782,False,SPAREBANK 1 SMN,Oslo Børs
aluminium:bunnsone,SB1NO,1m,3,-0.008362817554554305,0.009576584877180081,-0.4999312078283417,0.617123516961783,0.6666666666666666,False,0.9969061973633782,False,SPAREBANK 1 SØR-N,Oslo Børs
aluminium:bunnsone,MORG,1m,3,0.007330557478151802,0.010885873969961643,-0.11234209544556048,0.9105521657003898,0.3333333333333333,False,0.9969061973633782,False,SPAREBANKEN MØRE,Oslo Børs
aluminium:bunnsone,SBNOR,1m,3,-0.011972517954236086,0.009607379590127633,-0.6232574710267037,0.5331153405044697,0.6666666666666666,False,0.9969061973633782,False,SPAREBANKEN NORGE,Oslo Børs
aluminium:bunnsone,SPOG,1m,3,-0.07205575535647155,0.007597619655825845,-2.051751953058056,0.04019377488561008,0.6666666666666666,True,0.8116549380126422,False,SPAREBANKEN ØST,Oslo Børs
aluminium:bunnsone,HELG,1m,3,0.032480232122686276,0.014027731543855743,0.6084745218815731,0.5428727989801174,0.6666666666666666,True,0.9969061973633782,False,SPBK1 HELGELAND,Oslo Børs
aluminium:bunnsone,NONG,1m,3,0.034148375873477625,0.01285985921488991,0.6774787501822367,0.4981022481084982,0.3333333333333333,False,0.9969061973633782,False,SPBK1 NORD-NORGE,Oslo Børs
aluminium:bunnsone,RING,1m,3,0.07706066817572484,0.014129368162784083,1.822986292177018,0.06830546705890558,0.6666666666666666,True,0.9185018360434064,False,SPBK1 RINGERIKE,Oslo Børs
aluminium:bunnsone,SOAG,1m,3,0.002905177428123712,0.015623925902170644,-0.39510025104625013,0.6927689036030253,0.6666666666666666,False,0.9969061973633782,False,SPBK1 ØSTFOLD AKE,Oslo Børs
aluminium:bunnsone,SNI,1m,3,-0.08720351537147886,-0.0002947867867284213,-1.6497816969197339,0.09898759360535414,1.0,True,0.9185018360434064,False,STOLT-NIELSEN,Oslo Børs
aluminium:bunnsone,STB,1m,3,0.04975587532982376,0.007402828092353725,0.8953156936133624,0.37061835338351723,1.0,True,0.9969061973633782,False,STOREBRAND,Oslo Børs
aluminium:bunnsone,STRO,1m,3,0.01932199725572928,-0.0012534749476679984,0.21135960096647227,0.8326066783670039,0.6666666666666666,False,0.9969061973633782,False,STRONGPOINT,Oslo Børs
aluminium:bunnsone,SUBC,1m,3,0.011616129671015135,0.0023229589250633623,0.14192427887519699,0.887139816663284,0.3333333333333333,False,0.9969061973633782,False,SUBSEA 7,Oslo Børs
aluminium:bunnsone,TECH,1m,3,0.08592093544718521,-0.019283162371707938,0.9594528352826799,0.33733066906813974,0.6666666666666666,False,0.9969061973633782,False,TECHSTEP,Oslo Børs
aluminium:bunnsone,TEL,1m,3,-0.05141975271070562,0.009507613174716876,-1.5370991641121603,0.12426902764462534,1.0,True,0.9185018360434064,False,TELENOR,Oslo Børs
aluminium:bunnsone,TGS,1m,3,-0.0027914026206888967,0.010039297425081079,-0.2174573125690725,0.82785197062962,0.6666666666666666,False,0.9969061973633782,False,TGS,Oslo Børs
aluminium:bunnsone,TOM,1m,3,-0.03364189170549922,0.01023386247471862,-0.7245848146689426,0.4687067776120438,0.6666666666666666,False,0.9969061973633782,False,TOMRA SYSTEMS,Oslo Børs
aluminium:bunnsone,VEI,1m,3,0.04712573511975111,0.013641173905236321,0.8540619588431808,0.3930706602456969,1.0,True,0.9969061973633782,False,VEIDEKKE,Oslo Børs
aluminium:bunnsone,VOIM,1m,3,0.028028932825243935,-0.0387694797250599,0.5272576274138047,0.5980146949750873,0.6666666666666666,False,0.9969061973633782,False,VOIM,Oslo Børs
aluminium:bunnsone,VVL,1m,3,-0.015116881877967198,0.01010281019246873,-0.6335664530136078,0.5263637998517198,0.6666666666666666,False,0.9969061973633782,False,VOSS VEKSEL OGLAND,Oslo Børs
aluminium:bunnsone,WWI,1m,3,-0.04851257195020558,0.012714269816856002,-1.543108357324597,0.12280448733218274,0.6666666666666666,False,0.9185018360434064,False,WILH. WILHELMSEN A,Oslo Børs
aluminium:bunnsone,WWIB,1m,3,-0.044685734104121404,0.01348275034059039,-1.4638616455404767,0.14323175483984957,0.6666666666666666,False,0.9969061973633782,False,WILH. WILHELMSEN B,Oslo Børs
aluminium:bunnsone,YAR,1m,3,-0.022262478083854332,0.012822195840359108,-0.7495171865099678,0.4535455438263413,0.6666666666666666,False,0.9969061973633782,False,YARA INTERNATIONAL,Oslo Børs
aluminium:bunnsone,ABG,3m,3,0.15869134035594304,0.0451610493504161,1.522401362892705,0.1279085435549392,1.0,True,0.9631667436365903,False,ABG SUNDAL COLLIER,Oslo Børs
aluminium:bunnsone,AFG,3m,3,0.047863381416901545,0.05433906379564229,-0.09490808203698595,0.9243878369630537,0.6666666666666666,True,0.9949167923620882,False,AF GRUPPEN,Oslo Børs
aluminium:bunnsone,AKAST,3m,3,-0.10098414959072814,0.01636081580637291,-1.0847862368765042,0.2780163426366965,0.3333333333333333,False,0.9949167923620882,False,AKASTOR,Oslo Børs
aluminium:bunnsone,AKER,3m,3,0.030162619487422132,0.03336739216554099,-0.01653313702088213,0.986809066177269,0.3333333333333333,False,0.9949167923620882,False,AKER,Oslo Børs
aluminium:bunnsone,AKRBP,3m,3,0.06153138297340863,0.04867281228184697,0.10996424723611706,0.9124377294846471,0.3333333333333333,False,0.9949167923620882,False,AKER BP,Oslo Børs
aluminium:bunnsone,AKSO,3m,3,0.22340562175200027,0.019763953158771393,1.7306529026179498,0.08351369008309867,0.3333333333333333,False,0.8885735135263845,False,AKER SOLUTIONS,Oslo Børs
aluminium:bunnsone,AKVA,3m,3,0.08213338014429887,0.03877203790710334,0.4583360009051005,0.6467110634199937,0.6666666666666666,False,0.9949167923620882,False,AKVA GROUP,Oslo Børs
aluminium:bunnsone,ABTEC,3m,3,-0.46857909132688524,-0.10067641164100481,-1.349639061260103,0.1771317881962143,0.3333333333333333,False,0.9903733062802498,False,AQUA BIO TECHNO,Euronext Expand Oslo
aluminium:bunnsone,AZT,3m,3,0.37110804942402215,-0.009143422837037007,1.7285964822109419,0.0838813396768907,0.6666666666666666,True,0.8885735135263845,False,ARCTICZYMES TECHNO,Oslo Børs
aluminium:bunnsone,AFK,3m,3,0.03156291615164361,0.04565669752419574,-0.1743159722777095,0.8616171473495897,0.3333333333333333,False,0.9949167923620882,False,ARENDALS FOSSEKOMP,Oslo Børs
aluminium:bunnsone,ATEA,3m,3,0.09906400858533981,3.981770979285049e-05,0.9072305393936405,0.36428489719242174,0.6666666666666666,True,0.9949167923620882,False,ATEA,Oslo Børs
aluminium:bunnsone,AURG,3m,3,0.011288183811376981,0.03842116980825354,-0.4328169312306912,0.6651477720225465,0.3333333333333333,False,0.9949167923620882,False,AURSKOG SPAREBANK,Oslo Børs
aluminium:bunnsone,AUSS,3m,3,0.23906849162974927,0.029870027230178998,2.4359843606429563,0.014851326615122475,0.6666666666666666,True,0.5902420884115092,False,AUSTEVOLL SEAFOOD,Oslo Børs
aluminium:bunnsone,ACR,3m,3,-0.06681074854427749,-0.054209728905760986,-0.07398544805282754,0.9410219642955886,0.3333333333333333,False,0.9949167923620882,False,AXACTOR,Oslo Børs
aluminium:bunnsone,BNOR,3m,3,0.3656078191456404,-0.07141968818799847,1.4731797782381757,0.14070256622629218,0.6666666666666666,True,0.9880798190048607,False,BLUENORD,Oslo Børs
aluminium:bunnsone,BONHR,3m,3,0.06571488161803375,0.030021128941076083,0.4625318404163923,0.6436999744016141,1.0,True,0.9949167923620882,False,BONHEUR,Oslo Børs
aluminium:bunnsone,BOR,3m,3,0.057708633177618145,-0.019945208971120256,0.635598527699303,0.5250381293640694,0.6666666666666666,True,0.9949167923620882,False,BORGESTAD,Oslo Børs
aluminium:bunnsone,BOUV,3m,3,0.07808205713517864,0.059083832518861394,0.29061466766430494,0.7713460408648116,0.6666666666666666,True,0.9949167923620882,False,BOUVET,Oslo Børs
aluminium:bunnsone,BWO,3m,3,-0.224642075353617,-0.007757935885598878,-1.6700100247517682,0.09491738021592165,0.3333333333333333,False,0.9416406767452544,False,BW OFFSHORE LTD,Oslo Børs
aluminium:bunnsone,BMA,3m,3,0.012201884736377835,0.03695120036364671,-0.23097648572613516,0.8173330698031027,0.6666666666666666,False,0.9949167923620882,False,BYGGMA,Euronext Growth Oslo
aluminium:bunnsone,CONTX,3m,3,0.24300268717616647,0.004694848310572618,1.9717445969453047,0.048638769827537856,0.6666666666666666,True,0.8357574804557348,False,CONTEXTVISION,Oslo Børs
aluminium:bunnsone,DNB,3m,3,0.14441324550681167,0.035919982848085376,1.7981592527050698,0.07215177469368068,0.6666666666666666,True,0.8666933415769953,False,DNB BANK,Oslo Børs
aluminium:bunnsone,DNO,3m,3,0.08064671803419936,0.025150234330548835,0.4411302562476066,0.6591187005877297,0.6666666666666666,False,0.9949167923620882,False,DNO,Oslo Børs
aluminium:bunnsone,EIOF,3m,3,-0.15027642625992418,-0.004052251556878182,-1.5632404995548048,0.11799603751406093,0.6666666666666666,True,0.9565068590570871,False,EIDESVIK OFFSHORE,Oslo Børs
aluminium:bunnsone,ENDUR,3m,3,0.18477920754745436,-0.018156154679315775,1.5043294769369004,0.13249655285596668,0.6666666666666666,False,0.9827711390059803,False,ENDÚR,Oslo Børs
aluminium:bunnsone,ENSU,3m,3,-0.428434222065087,-0.089253075511923,-1.3704141229533757,0.17055766594295715,1.0,True,0.9903733062802498,False,ENSURGE MICROPOWER,Oslo Børs
aluminium:bunnsone,EQNR,3m,3,-0.051960707328398074,0.031844731619147346,-1.3730044095484017,0.16975097587390825,1.0,True,0.9903733062802498,False,EQUINOR,Oslo Børs
aluminium:bunnsone,FRO,3m,3,-0.39216401387616046,0.015516330234817313,-2.5974622686991804,0.00939154376254806,1.0,True,0.5554692232920665,False,FRONTLINE,Oslo Børs
aluminium:bunnsone,GOD,3m,3,-0.0842431943352578,-0.03045882123747687,-0.34080304703852105,0.7332518564398289,0.6666666666666666,True,0.9949167923620882,False,GOODTECH,Oslo Børs
aluminium:bunnsone,GSF,3m,3,0.35269949754764324,0.028714590914396262,2.389191171527843,0.016885513450805766,0.6666666666666666,False,0.6207909356913884,False,GRIEG SEAFOOD,Oslo Børs
aluminium:bunnsone,GYL,3m,3,-0.1238327174447585,0.010638695516245217,-1.4746817112823096,0.14029813524654497,0.6666666666666666,True,0.9880798190048607,False,GYLDENDAL,Oslo Børs
aluminium:bunnsone,HAVI,3m,3,-0.29877211579538815,-0.06416389528317643,-1.0378752020495245,0.29932815983831224,1.0,True,0.9949167923620882,False,HAVILA SHIPPING,Oslo Børs
aluminium:bunnsone,HEX,3m,3,0.2996759577382128,0.014287497809155959,2.156978003316658,0.031007378392040586,1.0,True,0.7496056583792273,False,HEXAGON COMPOSITES,Oslo Børs
aluminium:bunnsone,HUNT,3m,3,-0.1272711934246822,0.010435128619018016,-0.5754441681051831,0.5649909400671629,1.0,True,0.9949167923620882,False,HUNTER GROUP,Euronext Expand Oslo
aluminium:bunnsone,HSPG,3m,3,-0.020803854825395623,0.04130735248375347,-0.29331516977547134,0.7692812595183163,0.6666666666666666,False,0.9949167923620882,False,HØLAND OG SETSKOG,Oslo Børs
aluminium:bunnsone,IOX,3m,3,0.044035152872907345,-0.08297638753768885,0.47989387416193086,0.6313028573294751,0.6666666666666666,False,0.9949167923620882,False,INTEROIL EXPL PROD,Oslo Børs
aluminium:bunnsone,ITERA,3m,3,0.1559110050817939,0.0053166016663879784,1.7288921824062315,0.0838283934792738,0.6666666666666666,True,0.8885735135263845,False,ITERA,Oslo Børs
aluminium:bunnsone,JIN,3m,3,-0.13741265845747094,0.013774860273887022,-1.0269692433015258,0.3044349469691751,0.6666666666666666,True,0.9949167923620882,False,JINHUI SHIPP TRANS,Oslo Børs
aluminium:bunnsone,JAREN,3m,3,0.052557007213699096,0.039951561046114845,0.19529499661516875,0.8451620137834999,0.6666666666666666,True,0.9949167923620882,False,JÆREN SPAREBANK,Oslo Børs
aluminium:bunnsone,KIT,3m,3,0.05392315754672536,0.02931314661277045,0.2119165652931539,0.8321721268567525,0.6666666666666666,False,0.9949167923620882,False,KITRON,Oslo Børs
aluminium:bunnsone,KOA,3m,3,-0.060637325130663035,-0.03657865681151952,-0.1510501509888261,0.87993615494529,0.3333333333333333,False,0.9949167923620882,False,KONGSBERG AUTOMOT,Oslo Børs
aluminium:bunnsone,KOG,3m,3,-0.06379766617672032,0.053258521614917245,-1.4140025460325902,0.15736115493288783,0.6666666666666666,True,0.9903733062802498,False,KONGSBERG GRUPPEN,Oslo Børs
aluminium:bunnsone,LSG,3m,3,0.22319948194624295,0.03919292331821946,2.1693887103664267,0.030053185357444542,0.6666666666666666,True,0.7496056583792273,False,LERØY SEAFOOD GP,Oslo Børs
aluminium:bunnsone,MGN,3m,3,0.10529517520983973,-0.020833645464918903,0.6669811441676518,0.5047841777361836,0.6666666666666666,True,0.9949167923620882,False,MAGNORA,Oslo Børs
aluminium:bunnsone,MEDI,3m,3,0.13174969961060015,0.04071214823247338,1.001710628629461,0.3164833718317684,1.0,True,0.9949167923620882,False,MEDISTIM,Oslo Børs
aluminium:bunnsone,MELG,3m,3,0.11958538810794776,0.025888755247269236,1.5906217099320166,0.11169473564077015,1.0,True,0.9565068590570871,False,MELHUS SPAREBANK,Oslo Børs
aluminium:bunnsone,MOWI,3m,3,0.23085825196849238,-0.03333186686241513,1.3028816041527973,0.1926151852120088,0.6666666666666666,True,0.9903733062802498,False,MOWI,Oslo Børs
aluminium:bunnsone,NAVA,3m,3,0.03972498374767571,0.024394827934189647,0.12768042235236587,0.8984018839675443,0.3333333333333333,False,0.9949167923620882,False,NAVAMEDIC,Oslo Børs
aluminium:bunnsone,NKR,3m,3,-0.1960330196294885,0.012274001728784657,-1.5844366448658067,0.11309438836510963,0.6666666666666666,True,0.9565068590570871,False,NEKKAR,Oslo Børs
aluminium:bunnsone,NEL,3m,3,0.18834434197126101,-0.04468254380221015,0.8804858556565704,0.37859616423635006,0.6666666666666666,True,0.9949167923620882,False,NEL,Oslo Børs
aluminium:bunnsone,NOM,3m,3,-0.07243978615429343,-0.030842678673961656,-0.23940561013391745,0.8107910802214706,0.6666666666666666,False,0.9949167923620882,False,NORDIC MINING,Oslo Børs
aluminium:bunnsone,NOD,3m,3,0.07807928828094736,0.04237759292374101,0.2600232965605486,0.7948458034589783,0.6666666666666666,False,0.9949167923620882,False,NORDIC SEMICONDUC,Oslo Børs
aluminium:bunnsone,NHY,3m,3,0.02887120887278206,0.03324205541634748,-0.0639728703703606,0.9489918288544873,1.0,True,0.9949167923620882,False,NORSK HYDRO,Oslo Børs
aluminium:bunnsone,NAS,3m,3,-0.4300016602114503,-0.04256266222789127,-1.9331976882716722,0.053211849441468444,0.6666666666666666,False,0.8357574804557348,False,NORWEGIAN AIR SHUT,Oslo Børs
aluminium:bunnsone,NRC,3m,3,-0.09904029442016611,-0.08732434268793898,-0.052850350154826524,0.9578511439042497,0.3333333333333333,False,0.9949167923620882,False,NRC GROUP,Oslo Børs
aluminium:bunnsone,ODF,3m,3,-0.0401842363679663,0.030386875065920756,-0.8090226514059119,0.418502117230487,0.6666666666666666,True,0.9949167923620882,False,ODFJELL SER. A,Oslo Børs
aluminium:bunnsone,ODFB,3m,3,-0.09332182339904145,0.023792846629947677,-1.380602485122971,0.1674012188312877,1.0,True,0.9903733062802498,False,ODFJELL SER. B,Oslo Børs
aluminium:bunnsone,ORK,3m,3,-0.005550419432517467,0.03020293065761927,-0.49459436287738245,0.6208864821496942,0.6666666666666666,False,0.9949167923620882,False,ORKLA,Oslo Børs
aluminium:bunnsone,PSE,3m,3,0.5335486374566586,-0.06649159256692544,3.382797833158707,0.000717514300964681,1.0,True,0.2951754917639036,False,PETROLIA,Oslo Børs
aluminium:bunnsone,PHO,3m,3,0.11681598580747206,-0.0029266955934815547,0.9975667779974221,0.3184894774477056,0.6666666666666666,True,0.9949167923620882,False,PHOTOCURE,Oslo Børs
aluminium:bunnsone,POL,3m,3,0.012892874037354321,-0.014511913574155853,0.13748309618070026,0.8906489531604591,0.3333333333333333,False,0.9949167923620882,False,POLARIS MEDIA,Oslo Børs
aluminium:bunnsone,PRS,3m,3,-0.3355678624196016,-0.10013714786702212,-0.9603677417168972,0.336870167359545,1.0,True,0.9949167923620882,False,PROSAFE,Oslo Børs
aluminium:bunnsone,PROT,3m,3,0.1618322223534643,0.07399453537724728,1.0276761999891242,0.3041021668187253,1.0,True,0.9949167923620882,False,PROTECTOR FORSIKRG,Oslo Børs
aluminium:bunnsone,QEC,3m,3,-0.24146637449180175,-0.0002536403893812309,-1.1516484267060885,0.24946557301640074,1.0,True,0.9949167923620882,False,QUESTERRE ENERGY,Oslo Børs
aluminium:bunnsone,REACH,3m,3,-0.1265197958021681,-0.04708234524431606,-0.4379394924072278,0.6614301463243049,1.0,True,0.9949167923620882,False,REACH SUBSEA,Oslo Børs
aluminium:bunnsone,ROGS,3m,3,-0.21100860163367563,0.03478795301513238,-3.2067480431485595,0.0013424451674403696,1.0,True,0.2951754917639036,False,ROGALAND SPAREBANK,Oslo Børs
aluminium:bunnsone,ROM,3m,3,0.07096836823370571,-0.03752671424515287,0.6757860300550227,0.49917650554342413,0.6666666666666666,False,0.9949167923620882,False,ROMREAL,Euronext Expand Oslo
aluminium:bunnsone,SALM,3m,3,0.13016172258720368,0.05556725113909748,0.8428656257940056,0.39930360004376236,0.6666666666666666,True,0.9949167923620882,False,SALMAR,Oslo Børs
aluminium:bunnsone,SCANA,3m,3,-0.027358173779294493,-0.04361879768022244,0.0831008582245337,0.9337713434439452,0.6666666666666666,False,0.9949167923620882,False,SCANA,Oslo Børs
aluminium:bunnsone,SEA1,3m,3,0.039839766865884536,0.0034315484923913234,0.14408897613530022,0.8854302096516358,0.6666666666666666,False,0.9949167923620882,False,Sea1 Offshore,Euronext Growth Oslo
aluminium:bunnsone,ENH,3m,3,-0.6397946629789202,-0.1647406029115423,-1.733030121068542,0.08309031522668696,1.0,True,0.8885735135263845,False,SED ENERGY HOLDING,Oslo Børs
aluminium:bunnsone,SKUE,3m,3,-0.0510938956243121,0.034668563817168485,-1.2734550946109093,0.20285659762194994,0.3333333333333333,False,0.9903733062802498,False,SKUE SPAREBANK,Oslo Børs
aluminium:bunnsone,SOGN,3m,3,-0.02152713252008978,0.034775625440356873,-0.780441389538982,0.4351311135754908,0.6666666666666666,False,0.9949167923620882,False,SOGN SPAREBANK,Oslo Børs
aluminium:bunnsone,SOFF,3m,3,-0.1427763100150472,-0.0518332923429021,-0.2911616729787863,0.7709276738010349,1.0,True,0.9949167923620882,False,SOLSTAD OFFSHORE,Oslo Børs
aluminium:bunnsone,MING,3m,3,0.12728833188997646,0.03545758335891203,1.6525289924570445,0.098426759881095,1.0,True,0.9464111527028366,False,SPAREBANK 1 SMN,Oslo Børs
aluminium:bunnsone,SB1NO,3m,3,-0.01810457641130228,0.023161901805791047,-0.6644869590801878,0.5063786927874049,0.6666666666666666,False,0.9949167923620882,False,SPAREBANK 1 SØR-N,Oslo Børs
aluminium:bunnsone,MORG,3m,3,-0.030226741061469747,0.030399348238914988,-1.0468618786391024,0.2951632861295365,0.6666666666666666,True,0.9949167923620882,False,SPAREBANKEN MØRE,Oslo Børs
aluminium:bunnsone,SBNOR,3m,3,-0.09370996280483775,0.029346505304726055,-2.0971588023282357,0.03597952006604086,0.6666666666666666,False,0.7496056583792273,False,SPAREBANKEN NORGE,Oslo Børs
aluminium:bunnsone,SPOG,3m,3,-0.1664650918629401,0.02129453333584816,-2.5836442233003116,0.00977625832994037,0.6666666666666666,False,0.5554692232920665,False,SPAREBANKEN ØST,Oslo Børs
aluminium:bunnsone,HELG,3m,3,0.0698513721621085,0.037261984641019284,0.6393799564265443,0.5225757848878625,0.6666666666666666,True,0.9949167923620882,False,SPBK1 HELGELAND,Oslo Børs
aluminium:bunnsone,NONG,3m,3,0.0881965551111062,0.03452272352146653,0.9801902497990381,0.3269922164980457,0.6666666666666666,True,0.9949167923620882,False,SPBK1 NORD-NORGE,Oslo Børs
aluminium:bunnsone,RING,3m,3,0.04477288407373597,0.04360420383198633,0.018971817583730354,0.9848635876728208,0.3333333333333333,False,0.9949167923620882,False,SPBK1 RINGERIKE,Oslo Børs
aluminium:bunnsone,SOAG,3m,3,-0.06272099598031025,0.034592545229420284,-1.5770795064200014,0.11477723206297662,0.3333333333333333,False,0.9565068590570871,False,SPBK1 ØSTFOLD AKE,Oslo Børs
aluminium:bunnsone,SNI,3m,3,-0.09535713810065001,0.009800657202361793,-1.2240766887146286,0.22092329900194926,1.0,True,0.9949167923620882,False,STOLT-NIELSEN,Oslo Børs
aluminium:bunnsone,STB,3m,3,0.08629480205423046,0.022384169591919433,0.830338123380457,0.40634763925482853,1.0,True,0.9949167923620882,False,STOREBRAND,Oslo Børs
aluminium:bunnsone,STRO,3m,3,0.20999989296848978,-0.004609772164940789,1.3136497735060348,0.1889640905534293,0.6666666666666666,True,0.9903733062802498,False,STRONGPOINT,Oslo Børs
aluminium:bunnsone,SUBC,3m,3,0.010496936010309479,0.016214908712675946,-0.052317222143659116,0.9582759308226119,0.6666666666666666,False,0.9949167923620882,False,SUBSEA 7,Oslo Børs
aluminium:bunnsone,TECH,3m,3,0.15846462748864135,-0.051163171987777034,1.072410999242452,0.2835354697239534,1.0,True,0.9949167923620882,False,TECHSTEP,Oslo Børs
aluminium:bunnsone,TEL,3m,3,-0.07956380321714632,0.028066416824922717,-1.5652521760989777,0.1175237918411726,0.6666666666666666,True,0.9565068590570871,False,TELENOR,Oslo Børs
aluminium:bunnsone,TGS,3m,3,-0.12184321581471047,0.027310494502198118,-1.5563259763028057,0.11963059749926339,0.6666666666666666,True,0.9565068590570871,False,TGS,Oslo Børs
aluminium:bunnsone,TOM,3m,3,-0.037116128932082555,0.019034770709663595,-0.5465797723339808,0.5846674689608142,0.6666666666666666,False,0.9949167923620882,False,TOMRA SYSTEMS,Oslo Børs
aluminium:bunnsone,VEI,3m,3,0.12023656417815176,0.04406818061444351,1.1537383185012906,0.24860746904362288,1.0,True,0.9949167923620882,False,VEIDEKKE,Oslo Børs
aluminium:bunnsone,VOIM,3m,3,-0.08040768355227373,-0.09483363971191969,0.06640395048744069,0.9470562251129655,0.6666666666666666,True,0.9949167923620882,False,VOIM,Oslo Børs
aluminium:bunnsone,VVL,3m,3,-0.021152897860590075,0.031524273686103575,-0.7912898837151261,0.42877485037608143,0.3333333333333333,False,0.9949167923620882,False,VOSS VEKSEL OGLAND,Oslo Børs
aluminium:bunnsone,WWI,3m,3,0.04721099636821932,0.038320010772941684,0.14112471313400107,0.8877714207713284,0.6666666666666666,False,0.9949167923620882,False,WILH. WILHELMSEN A,Oslo Børs
aluminium:bunnsone,WWIB,3m,3,0.03794910113764006,0.034118186642218946,0.05832696252995275,0.9534881910763771,0.6666666666666666,False,0.9949167923620882,False,WILH. WILHELMSEN B,Oslo Børs
aluminium:bunnsone,YAR,3m,3,0.0009415268454569062,0.03910987482539199,-0.44069725532441567,0.6594321838695495,0.6666666666666666,False,0.9949167923620882,False,YARA INTERNATIONAL,Oslo Børs
aluminium:bunnsone,ABG,6m,3,0.22015592874682868,0.08835572639017403,1.2074918440274591,0.22724278416590823,0.6666666666666666,True,0.9994189914539522,False,ABG SUNDAL COLLIER,Oslo Børs
aluminium:bunnsone,AFG,6m,3,-0.03853849439296688,0.09762425063081902,-1.3958714437955326,0.16275321128993786,0.6666666666666666,False,0.9994189914539522,False,AF GRUPPEN,Oslo Børs
aluminium:bunnsone,AKAST,6m,3,0.155668255068354,0.027651060119085122,0.8592181470587709,0.39022017326260927,0.6666666666666666,True,0.9994189914539522,False,AKASTOR,Oslo Børs
aluminium:bunnsone,AKER,6m,3,0.03968675672760293,0.0732189741977777,-0.10887947016906804,0.9132980902570165,0.6666666666666666,False,0.9994189914539522,False,AKER,Oslo Børs
aluminium:bunnsone,AKRBP,6m,3,0.08289796072874855,0.09808485140758631,-0.0893771127510871,0.9287822120436593,0.6666666666666666,False,0.9998456996038482,False,AKER BP,Oslo Børs
aluminium:bunnsone,AKSO,6m,3,0.22616102748152747,0.03964416885788304,1.160197131388892,0.24596855465817713,0.6666666666666666,False,0.9994189914539522,False,AKER SOLUTIONS,Oslo Børs
aluminium:bunnsone,AKVA,6m,3,0.2338393536612117,0.07239518270700163,1.246638316921077,0.21253014543752138,1.0,True,0.9994189914539522,False,AKVA GROUP,Oslo Børs
aluminium:bunnsone,ABTEC,6m,3,-0.4509054326413497,-0.16925591314545915,-0.7800299649487309,0.4353732377073292,0.6666666666666666,False,0.9994189914539522,False,AQUA BIO TECHNO,Euronext Expand Oslo
aluminium:bunnsone,AZT,6m,3,0.43719562881757196,0.01613291448549215,1.482528571774967,0.1381997069735764,0.6666666666666666,True,0.9994189914539522,False,ARCTICZYMES TECHNO,Oslo Børs
aluminium:bunnsone,AFK,6m,3,0.11994036816799715,0.084263158937693,0.3024526706034093,0.7623070082431908,0.6666666666666666,False,0.9994189914539522,False,ARENDALS FOSSEKOMP,Oslo Børs
aluminium:bunnsone,ATEA,6m,3,0.24271196490873934,0.007658467522952469,1.481240201181861,0.13854257707263007,1.0,True,0.9994189914539522,False,ATEA,Oslo Børs
aluminium:bunnsone,AURG,6m,3,-0.0544086681320969,0.07268510279109214,-1.3130654331576688,0.18916090042857103,0.6666666666666666,False,0.9994189914539522,False,AURSKOG SPAREBANK,Oslo Børs
aluminium:bunnsone,AUSS,6m,3,0.25774826472133083,0.06315153252710845,1.6114568474638316,0.10708018541899102,0.6666666666666666,True,0.9994189914539522,False,AUSTEVOLL SEAFOOD,Oslo Børs
aluminium:bunnsone,ACR,6m,3,-0.17417965067246696,-0.0972460146730896,-0.314412661605621,0.7532076408330975,0.3333333333333333,False,0.9994189914539522,False,AXACTOR,Oslo Børs
aluminium:bunnsone,BNOR,6m,3,0.4009519139811754,-0.10625281969071625,1.1725363436962948,0.2409817895006784,0.6666666666666666,False,0.9994189914539522,False,BLUENORD,Oslo Børs
aluminium:bunnsone,BONHR,6m,3,-0.00259792120332919,0.06577747804017883,-0.6620811376589455,0.5079192235998109,0.6666666666666666,False,0.9994189914539522,False,BONHEUR,Oslo Børs
aluminium:bunnsone,BOR,6m,3,-0.0005714438760664279,-0.044900245186317175,0.22194038544573708,0.8243602913846853,0.6666666666666666,False,0.9994189914539522,False,BORGESTAD,Oslo Børs
aluminium:bunnsone,BOUV,6m,3,0.17471186762776217,0.11774931490444537,0.5530876293556929,0.5802034070835601,1.0,True,0.9994189914539522,False,BOUVET,Oslo Børs
aluminium:bunnsone,BWO,6m,3,-0.2686542429606811,-0.012848333353014586,-1.4709992634472606,0.14129131606442635,0.6666666666666666,False,0.9994189914539522,False,BW OFFSHORE LTD,Oslo Børs
aluminium:bunnsone,BMA,6m,3,-0.04932976670794594,0.08259379406062183,-0.8432242365988137,0.39910304595915336,0.3333333333333333,False,0.9994189914539522,False,BYGGMA,Euronext Growth Oslo
aluminium:bunnsone,CONTX,6m,3,0.032073186808829174,0.0023505003910019072,0.16344868490236458,0.8701651732291672,0.6666666666666666,False,0.9994189914539522,False,CONTEXTVISION,Oslo Børs
aluminium:bunnsone,DNB,6m,3,0.14300556023912225,0.07056709243869332,0.9091643892700265,0.3632633584376995,0.6666666666666666,False,0.9994189914539522,False,DNB BANK,Oslo Børs
aluminium:bunnsone,DNO,6m,3,0.0031026956637803895,0.068400122424095,-0.3861993167458151,0.6993490597263065,0.6666666666666666,False,0.9994189914539522,False,DNO,Oslo Børs
aluminium:bunnsone,EIOF,6m,3,-0.31709135508276,-0.009334806208642032,-2.1305156823271147,0.03312906249376078,1.0,True,0.9994189914539522,False,EIDESVIK OFFSHORE,Oslo Børs
aluminium:bunnsone,ENDUR,6m,3,0.3998693827943904,-0.032062675050110005,2.29247542944232,0.021878223791455882,0.6666666666666666,True,0.9994189914539522,False,ENDÚR,Oslo Børs
aluminium:bunnsone,ENSU,6m,3,-0.12292793646356426,-0.18862193098947028,0.1743724342899065,0.861572776675482,0.3333333333333333,False,0.9994189914539522,False,ENSURGE MICROPOWER,Oslo Børs
aluminium:bunnsone,EQNR,6m,3,-0.0785132104307653,0.06137072033808642,-1.5103715226071932,0.13094865086551247,0.6666666666666666,True,0.9994189914539522,False,EQUINOR,Oslo Børs
aluminium:bunnsone,FRO,6m,3,-0.5798821681300709,0.018703669652438484,-2.6735631948961793,0.007505013444336299,1.0,True,0.9994189914539522,False,FRONTLINE,Oslo Børs
aluminium:bunnsone,GOD,6m,3,0.07006182377244984,-0.04488299713159674,0.49399562255722534,0.6213092709853854,0.6666666666666666,False,0.9994189914539522,False,GOODTECH,Oslo Børs
aluminium:bunnsone,GSF,6m,3,0.33161566059008807,0.060320104562568845,1.3520339740440814,0.17636444719837913,0.6666666666666666,False,0.9994189914539522,False,GRIEG SEAFOOD,Oslo Børs
aluminium:bunnsone,GYL,6m,3,-0.1719719174592491,0.01982466831562404,-1.53884212868267,0.12384284215030393,0.6666666666666666,True,0.9994189914539522,False,GYLDENDAL,Oslo Børs
aluminium:bunnsone,HAVI,6m,3,-0.22215760393627584,-0.1419016649205744,-0.2872796121578638,0.7738982321574789,0.6666666666666666,True,0.9994189914539522,False,HAVILA SHIPPING,Oslo Børs
aluminium:bunnsone,HEX,6m,3,0.3176388259512421,0.048849853220806025,1.4006076966177168,0.16133141811897858,1.0,True,0.9994189914539522,False,HEXAGON COMPOSITES,Oslo Børs
aluminium:bunnsone,HUNT,6m,3,-0.055740961802031364,0.02163072557422577,-0.2517711657934818,0.8012179458686766,0.6666666666666666,False,0.9994189914539522,False,HUNTER GROUP,Euronext Expand Oslo
aluminium:bunnsone,HSPG,6m,3,-0.1701094423297914,0.10741915061238723,-0.9134741839750323,0.3609932051295946,1.0,True,0.9994189914539522,False,HØLAND OG SETSKOG,Oslo Børs
aluminium:bunnsone,IOX,6m,3,-0.2824477684882578,-0.1640769675193989,-0.3396539579829514,0.7341171386113732,0.6666666666666666,True,0.9994189914539522,False,INTEROIL EXPL PROD,Oslo Børs
aluminium:bunnsone,ITERA,6m,3,0.1887620428466618,0.011516010338026902,1.4109327735266874,0.158264437413075,1.0,True,0.9994189914539522,False,ITERA,Oslo Børs
aluminium:bunnsone,JIN,6m,3,-0.14270038590990697,0.03598424147502275,-0.7931981183382374,0.42766240365156827,0.6666666666666666,True,0.9994189914539522,False,JINHUI SHIPP TRANS,Oslo Børs
aluminium:bunnsone,JAREN,6m,3,-0.10006947936530296,0.07234240251813827,-1.8973578778484248,0.057780720978481116,1.0,True,0.9994189914539522,False,JÆREN SPAREBANK,Oslo Børs
aluminium:bunnsone,KIT,6m,3,0.05242389215506671,0.05023886567313762,0.01280011002699965,0.9897872687140838,0.6666666666666666,False,0.9999935018945343,False,KITRON,Oslo Børs
aluminium:bunnsone,KOA,6m,3,0.16094945624138737,-0.0726587053039184,1.0093180443098502,0.31282212903191603,0.6666666666666666,False,0.9994189914539522,False,KONGSBERG AUTOMOT,Oslo Børs
aluminium:bunnsone,KOG,6m,3,-0.07826028729167518,0.105266877303708,-1.51274767448059,0.13034376466751307,0.3333333333333333,False,0.9994189914539522,False,KONGSBERG GRUPPEN,Oslo Børs
aluminium:bunnsone,LSG,6m,3,0.21059860826247168,0.06896329110390073,1.325150302794915,0.18512130480469266,0.6666666666666666,True,0.9994189914539522,False,LERØY SEAFOOD GP,Oslo Børs
aluminium:bunnsone,MGN,6m,3,0.30687071820078815,-0.05656921331766017,1.2061779001424875,0.22774890324135968,0.6666666666666666,True,0.9994189914539522,False,MAGNORA,Oslo Børs
aluminium:bunnsone,MEDI,6m,3,0.07684912873936706,0.08307444081311564,-0.0480438371563288,0.9616813059253133,1.0,True,0.9999935018945343,False,MEDISTIM,Oslo Børs
aluminium:bunnsone,MELG,6m,3,0.017749734158223656,0.05336571460695244,-0.4113135037304988,0.6808426690614986,1.0,True,0.9994189914539522,False,MELHUS SPAREBANK,Oslo Børs
aluminium:bunnsone,MOWI,6m,3,0.18184263831233727,-0.05321169365084194,0.7728132860332513,0.43963288933032746,0.6666666666666666,False,0.9994189914539522,False,MOWI,Oslo Børs
aluminium:bunnsone,NAVA,6m,3,-0.026903894856005178,0.03278617232653672,-0.3221436681217573,0.7473438577221614,0.3333333333333333,False,0.9994189914539522,False,NAVAMEDIC,Oslo Børs
aluminium:bunnsone,NKR,6m,3,-0.3073438431425873,0.02968882919818369,-1.7689635061818478,0.07689996492234288,0.6666666666666666,False,0.9994189914539522,False,NEKKAR,Oslo Børs
aluminium:bunnsone,NEL,6m,3,0.2970872448934489,-0.07750869201987041,1.1950595539790707,0.23206376293851635,0.6666666666666666,True,0.9994189914539522,False,NEL,Oslo Børs
aluminium:bunnsone,NOM,6m,3,-0.12947599230287285,-0.045184956427734055,-0.39298376672277224,0.6943314711182582,0.6666666666666666,True,0.9994189914539522,False,NORDIC MINING,Oslo Børs
aluminium:bunnsone,NOD,6m,3,0.2095509015679166,0.07183137870571826,0.6988193591176699,0.48466492855584864,1.0,True,0.9994189914539522,False,NORDIC SEMICONDUC,Oslo Børs
aluminium:bunnsone,NHY,6m,3,0.07052645826450644,0.06560566639782538,0.05172245634596333,0.9587498436098313,1.0,True,0.9999935018945343,False,NORSK HYDRO,Oslo Børs
aluminium:bunnsone,NAS,6m,3,-0.5897496116944837,-0.08413521739473785,-1.3772621221597356,0.16843122149684273,0.3333333333333333,False,0.9994189914539522,False,NORWEGIAN AIR SHUT,Oslo Børs
aluminium:bunnsone,NRC,6m,3,-0.2085910414263338,-0.1443555888272405,-0.1909506140628991,0.8485642853780802,0.6666666666666666,True,0.9994189914539522,False,NRC GROUP,Oslo Børs
aluminium:bunnsone,ODF,6m,3,0.022441626064628017,0.05855896110806528,-0.2846607529717577,0.7759040616959596,0.6666666666666666,False,0.9994189914539522,False,ODFJELL SER. A,Oslo Børs
aluminium:bunnsone,ODFB,6m,3,-0.03300147938923428,0.05597111774950859,-0.6659533778496315,0.5054409008049958,0.6666666666666666,False,0.9994189914539522,False,ODFJELL SER. B,Oslo Børs
aluminium:bunnsone,ORK,6m,3,-0.02920446538130726,0.0537517830786474,-0.9448361309621854,0.344742542732607,0.6666666666666666,False,0.9994189914539522,False,ORKLA,Oslo Børs
aluminium:bunnsone,PSE,6m,3,0.09226268217246114,-0.14552541330037513,0.8552703486140041,0.39240149870412044,0.3333333333333333,False,0.9994189914539522,False,PETROLIA,Oslo Børs
aluminium:bunnsone,PHO,6m,3,0.1299961221026555,0.004374770154736463,0.764284304814003,0.4446978364664253,1.0,True,0.9994189914539522,False,PHOTOCURE,Oslo Børs
aluminium:bunnsone,POL,6m,3,0.029518406388908246,0.0009253782318918944,0.12188104973201395,0.9029932238486331,0.6666666666666666,False,0.9994189914539522,False,POLARIS MEDIA,Oslo Børs
aluminium:bunnsone,PRS,6m,3,-0.8929555879822123,-0.2100072620968553,-2.015220810405654,0.043881517973259024,1.0,True,0.9994189914539522,False,PROSAFE,Oslo Børs
aluminium:bunnsone,PROT,6m,3,0.18627940385373865,0.15185874291537796,0.26514333236931054,0.790899047107212,1.0,True,0.9994189914539522,False,PROTECTOR FORSIKRG,Oslo Børs
aluminium:bunnsone,QEC,6m,3,-0.17770618753285025,-0.0024429214846709347,-0.6455074938715372,0.5185983635430901,1.0,True,0.9994189914539522,False,QUESTERRE ENERGY,Oslo Børs
aluminium:bunnsone,REACH,6m,3,-0.11371539074539035,-0.07705251079811207,-0.14676906218728455,0.8833143049889305,0.6666666666666666,False,0.9994189914539522,False,REACH SUBSEA,Oslo Børs
aluminium:bunnsone,ROGS,6m,3,-0.20339811134943897,0.06596568862522167,-2.3483365336652207,0.018857474551807012,0.6666666666666666,True,0.9994189914539522,False,ROGALAND SPAREBANK,Oslo Børs
aluminium:bunnsone,ROM,6m,3,-0.03357429829160998,-0.05959077789178279,0.10644035436578364,0.9152329767637581,0.6666666666666666,False,0.9994189914539522,False,ROMREAL,Euronext Expand Oslo
aluminium:bunnsone,SALM,6m,3,0.2471738075935499,0.12096680564714966,0.9887683143904399,0.3227765102199167,1.0,True,0.9994189914539522,False,SALMAR,Oslo Børs
aluminium:bunnsone,SCANA,6m,3,0.6529413707007445,-0.08873558968483133,2.5001606851742584,0.012413698706826255,0.6666666666666666,True,0.9994189914539522,False,SCANA,Oslo Børs
aluminium:bunnsone,SEA1,6m,3,-0.17694897809546273,0.00652608189174653,-0.5395356555095707,0.5895173012496145,0.6666666666666666,True,0.9994189914539522,False,Sea1 Offshore,Euronext Growth Oslo
aluminium:bunnsone,ENH,6m,3,-0.8869887281905924,-0.34721752231764297,-1.2678887291203322,0.2048376896318393,1.0,True,0.9994189914539522,False,SED ENERGY HOLDING,Oslo Børs
aluminium:bunnsone,SKUE,6m,3,-0.10816053901755958,0.0606515222526662,-1.7136258166777425,0.0865974690217777,0.3333333333333333,False,0.9994189914539522,False,SKUE SPAREBANK,Oslo Børs
aluminium:bunnsone,SOGN,6m,3,-0.05249600308737177,0.08420903183441417,-1.3040178019212643,0.19222751275626562,0.6666666666666666,False,0.9994189914539522,False,SOGN SPAREBANK,Oslo Børs
aluminium:bunnsone,SOFF,6m,3,-1.9329833101150768,-0.0908079099882382,-4.386623732924826,1.1512368712798946e-05,1.0,True,0.007183718076786543,True,SOLSTAD OFFSHORE,Oslo Børs
aluminium:bunnsone,MING,6m,3,0.15436722706799957,0.08229002149720681,0.9598689882182396,0.33712115582713076,0.6666666666666666,True,0.9994189914539522,False,SPAREBANK 1 SMN,Oslo Børs
aluminium:bunnsone,SB1NO,6m,3,0.03909841743461645,0.05007141246200722,-0.12717476234873368,0.8988020798987073,0.6666666666666666,False,0.9994189914539522,False,SPAREBANK 1 SØR-N,Oslo Børs
aluminium:bunnsone,MORG,6m,3,-0.049661459191085534,0.05797713941256902,-1.2213120516500378,0.2219678920787247,1.0,True,0.9994189914539522,False,SPAREBANKEN MØRE,Oslo Børs
aluminium:bunnsone,SBNOR,6m,3,-0.10708725613422547,0.06150034388392183,-2.024187143182901,0.042950899933278025,0.6666666666666666,True,0.9994189914539522,False,SPAREBANKEN NORGE,Oslo Børs
aluminium:bunnsone,SPOG,6m,3,-0.014031626536347134,0.056926654005138695,-0.7531702657151368,0.4513476047504377,0.6666666666666666,True,0.9994189914539522,False,SPAREBANKEN ØST,Oslo Børs
aluminium:bunnsone,HELG,6m,3,0.05702320860623546,0.08013971800582916,-0.323745487593637,0.7461307297748059,0.6666666666666666,True,0.9994189914539522,False,SPBK1 HELGELAND,Oslo Børs
aluminium:bunnsone,NONG,6m,3,0.15213180759253056,0.06134535783325331,1.158290089573897,0.24674567433109443,1.0,True,0.9994189914539522,False,SPBK1 NORD-NORGE,Oslo Børs
aluminium:bunnsone,RING,6m,3,-0.025818135735031462,0.08234591835115644,-1.2425293017803916,0.21404133628235247,0.6666666666666666,False,0.9994189914539522,False,SPBK1 RINGERIKE,Oslo Børs
aluminium:bunnsone,SOAG,6m,3,-0.13996099327834077,0.08394185019658096,-2.494978037278911,0.012596492651603619,1.0,True,0.9994189914539522,False,SPBK1 ØSTFOLD AKE,Oslo Børs
aluminium:bunnsone,SNI,6m,3,0.05426876139486405,0.02446974684161197,0.2464246733453833,0.8053535084476232,0.6666666666666666,True,0.9994189914539522,False,STOLT-NIELSEN,Oslo Børs
aluminium:bunnsone,STB,6m,3,0.11501112559221277,0.04956120845446877,0.68676467565491,0.49223103324172873,1.0,True,0.9994189914539522,False,STOREBRAND,Oslo Børs
aluminium:bunnsone,STRO,6m,3,0.07250385389947023,-0.01199661250687687,0.38304255821528904,0.7016882091764225,0.6666666666666666,False,0.9994189914539522,False,STRONGPOINT,Oslo Børs
aluminium:bunnsone,SUBC,6m,3,0.09116246228730657,0.03747292492315081,0.3504179559502974,0.7260250527275902,1.0,True,0.9994189914539522,False,SUBSEA 7,Oslo Børs
aluminium:bunnsone,TECH,6m,3,0.24360207903140876,-0.11677734111192574,1.46768063139044,0.14219099430108034,0.6666666666666666,True,0.9994189914539522,False,TECHSTEP,Oslo Børs
aluminium:bunnsone,TEL,6m,3,-0.012262340302666245,0.052800297960794725,-0.702213707726673,0.48254589827164834,0.6666666666666666,False,0.9994189914539522,False,TELENOR,Oslo Børs
aluminium:bunnsone,TGS,6m,3,-0.1539650108697601,0.06063101484519987,-1.6298742592974549,0.1031280749586361,0.6666666666666666,False,0.9994189914539522,False,TGS,Oslo Børs
aluminium:bunnsone,TOM,6m,3,-0.04964340509204488,0.0389429040733818,-0.6067278945820176,0.5440315070180647,0.3333333333333333,False,0.9994189914539522,False,TOMRA SYSTEMS,Oslo Børs
aluminium:bunnsone,VEI,6m,3,0.10342937383333267,0.09466880129752565,0.09415266866223933,0.9249878826177587,1.0,True,0.9998456996038482,False,VEIDEKKE,Oslo Børs
aluminium:bunnsone,VOIM,6m,3,-0.2953121985034496,-0.22240747084207663,-0.21253928927125182,0.831686329462287,1.0,True,0.9994189914539522,False,VOIM,Oslo Børs
aluminium:bunnsone,VVL,6m,3,-0.04818973015216401,0.0646445673798644,-1.2182327702107911,0.223135529890526,0.6666666666666666,False,0.9994189914539522,False,VOSS VEKSEL OGLAND,Oslo Børs
aluminium:bunnsone,WWI,6m,3,0.19812750200667972,0.0804375269865632,1.2546129338939367,0.2096193059200287,0.6666666666666666,True,0.9994189914539522,False,WILH. WILHELMSEN A,Oslo Børs
aluminium:bunnsone,WWIB,6m,3,0.17945479106671014,0.0719873863454382,1.2037114219461589,0.22870113602403871,0.6666666666666666,True,0.9994189914539522,False,WILH. WILHELMSEN B,Oslo Børs
aluminium:bunnsone,YAR,6m,3,-0.1622766340282548,0.06319027950928431,-1.8810522430177425,0.05996481251732386,1.0,True,0.9994189914539522,False,YARA INTERNATIONAL,Oslo Børs
aluminium:bunnsone,ABG,12m,3,0.23333174394967604,0.17988234236033196,0.3508293029071035,0.7257164122143892,0.6666666666666666,True,0.9572013166659956,False,ABG SUNDAL COLLIER,Oslo Børs
aluminium:bunnsone,AFG,12m,3,0.13665204886863594,0.20621194694767825,-0.4646928844653719,0.6421514046807174,0.6666666666666666,True,0.9345858170107878,False,AF GRUPPEN,Oslo Børs
aluminium:bunnsone,AKAST,12m,3,0.14251353286538132,0.062015843739594116,0.38171893578579563,0.7026698530505286,0.3333333333333333,False,0.9572013166659956,False,AKASTOR,Oslo Børs
aluminium:bunnsone,AKER,12m,3,0.29173319176278695,0.12718767951283577,0.3671100496981071,0.7135369313034775,0.6666666666666666,True,0.9572013166659956,False,AKER,Oslo Børs
aluminium:bunnsone,AKRBP,12m,3,0.13806169286579173,0.18232242842380492,-0.16835407148903073,0.8663047379512602,0.6666666666666666,False,0.9675309539804956,False,AKER BP,Oslo Børs
aluminium:bunnsone,AKSO,12m,3,0.3871052215096979,0.07283962120067355,1.3473320407318503,0.17787331725099978,1.0,True,0.8855244831355399,False,AKER SOLUTIONS,Oslo Børs
aluminium:bunnsone,AKVA,12m,3,0.17108000672700305,0.12401765120842743,0.24813441298888425,0.8040304103232988,0.6666666666666666,False,0.9625697521179546,False,AKVA GROUP,Oslo Børs
aluminium:bunnsone,ABTEC,12m,3,-0.4583999642066648,-0.32051597046965763,-0.2657590233979882,0.7904248032151246,0.6666666666666666,False,0.9625697521179546,False,AQUA BIO TECHNO,Euronext Expand Oslo
aluminium:bunnsone,AZT,12m,3,-0.061033543185144534,0.01648780169758824,-0.1775667519932091,0.8590632376021834,0.3333333333333333,False,0.9675309539804956,False,ARCTICZYMES TECHNO,Oslo Børs
aluminium:bunnsone,AFK,12m,3,0.23060680739360803,0.16219260547140174,0.37137393691249027,0.7103590351078635,0.6666666666666666,False,0.9572013166659956,False,ARENDALS FOSSEKOMP,Oslo Børs
aluminium:bunnsone,ARR,12m,3,-1.7978725391040864,-0.4258188860560331,-1.8531661149579652,0.06385855282933856,0.3333333333333333,False,0.8855244831355399,False,ARRIBATEC GROUP,Oslo Børs
aluminium:bunnsone,ATEA,12m,3,0.36113553265121806,0.008202432783860743,1.426429620211251,0.15374436879603992,1.0,True,0.8855244831355399,False,ATEA,Oslo Børs
aluminium:bunnsone,AURG,12m,3,-0.1693194523493562,0.1444799564063132,-2.5330210321964923,0.01130841674525024,0.6666666666666666,True,0.7127536518026142,False,AURSKOG SPAREBANK,Oslo Børs
aluminium:bunnsone,AUSS,12m,3,0.4277738637494069,0.11778162634886578,1.8855065833502,0.05936147646986207,0.6666666666666666,True,0.8855244831355399,False,AUSTEVOLL SEAFOOD,Oslo Børs
aluminium:bunnsone,ACR,12m,3,0.05500677717328186,-0.18959833179511343,0.6313991442246323,0.5277795754304673,0.6666666666666666,False,0.8983555341116912,False,AXACTOR,Oslo Børs
aluminium:bunnsone,BNOR,12m,3,0.33379946269815824,-0.24117375874468255,0.8161399500297871,0.41442009711645106,0.3333333333333333,False,0.8855244831355399,False,BLUENORD,Oslo Børs
aluminium:bunnsone,BONHR,12m,3,-0.11479956858382007,0.11636452682949801,-1.5065886554383592,0.13191612707000097,1.0,True,0.8855244831355399,False,BONHEUR,Oslo Børs
aluminium:bunnsone,BOR,12m,3,-0.08680528155908401,-0.10121992901438485,0.053689659078535214,0.9571824217794853,0.6666666666666666,True,0.9804252620434463,False,BORGESTAD,Oslo Børs
aluminium:bunnsone,BOUV,12m,3,0.24072989968326985,0.25235087651374766,-0.07597742054393525,0.9394370620597139,1.0,True,0.9797525066521244,False,BOUVET,Oslo Børs
aluminium:bunnsone,BWO,12m,3,-0.30527424285885346,-0.028699569587940316,-1.0744500493123694,0.28262102094635,0.6666666666666666,False,0.8855244831355399,False,BW OFFSHORE LTD,Oslo Børs
aluminium:bunnsone,BMA,12m,3,0.3282415959915091,0.16989432760882844,0.7332942576046788,0.46337897665603267,0.6666666666666666,False,0.8855244831355399,False,BYGGMA,Euronext Growth Oslo
aluminium:bunnsone,CONTX,12m,3,-0.06081663756057711,0.008849735898729913,-0.2545172230912528,0.7990959999905756,0.6666666666666666,False,0.9625697521179546,False,CONTEXTVISION,Oslo Børs
aluminium:bunnsone,DNB,12m,3,0.23427403035828673,0.1405375960261917,0.873653476867986,0.3823069939608743,1.0,True,0.8855244831355399,False,DNB BANK,Oslo Børs
aluminium:bunnsone,DNO,12m,3,-0.008465184556095332,0.1394205693247086,-0.5878000071208287,0.5566665392626615,0.6666666666666666,False,0.8983555341116912,False,DNO,Oslo Børs
aluminium:bunnsone,EIOF,12m,3,-0.23533361645388937,-0.0015992548781225753,-1.0661719232583677,0.2863459316527348,0.6666666666666666,True,0.8855244831355399,False,EIDESVIK OFFSHORE,Oslo Børs
aluminium:bunnsone,ENDUR,12m,3,0.09521549778875536,-0.05263355711586152,0.5482495974336267,0.5835205306684164,0.6666666666666666,False,0.9178085634920177,False,ENDÚR,Oslo Børs
aluminium:bunnsone,ENSU,12m,3,0.016359224048054843,-0.36099401471298675,0.6611948860507912,0.5084873404342447,0.6666666666666666,False,0.897103140537983,False,ENSURGE MICROPOWER,Oslo Børs
aluminium:bunnsone,EQNR,12m,3,-0.09880956445570611,0.10945694383198666,-1.603673838098266,0.10878596553413285,0.6666666666666666,True,0.8855244831355399,False,EQUINOR,Oslo Børs
aluminium:bunnsone,FRO,12m,3,-0.6431637177613972,0.02613840835780925,-2.079343925392865,0.037585750518968036,1.0,True,0.840940131564358,False,FRONTLINE,Oslo Børs
aluminium:bunnsone,GOD,12m,3,-0.25714299403927626,-0.08390174379577459,-0.4928389739321654,0.622126369996621,0.6666666666666666,True,0.9290947960813225,False,GOODTECH,Oslo Børs
aluminium:bunnsone,GSF,12m,3,0.4837660797164043,0.15050550256691106,1.301977792614368,0.192923977231719,0.6666666666666666,True,0.8855244831355399,False,GRIEG SEAFOOD,Oslo Børs
aluminium:bunnsone,GYL,12m,3,-0.25497928488379035,0.051530818420911007,-1.8052602291008948,0.07103397000053528,0.6666666666666666,True,0.8855244831355399,False,GYLDENDAL,Oslo Børs
aluminium:bunnsone,HAVI,12m,3,-0.42010499231883647,-0.2883746977055296,-0.2998978146879247,0.7642551012825773,0.6666666666666666,True,0.9625697521179546,False,HAVILA SHIPPING,Oslo Børs
aluminium:bunnsone,HEX,12m,3,0.49104106816409127,0.08935861648150163,1.4012610028834336,0.16113603815985855,1.0,True,0.8855244831355399,False,HEXAGON COMPOSITES,Oslo Børs
aluminium:bunnsone,HUNT,12m,3,-0.10412369034841325,-0.0071338935359509725,-0.22903357096713675,0.818842823677524,0.6666666666666666,False,0.9667762600162115,False,HUNTER GROUP,Euronext Expand Oslo
aluminium:bunnsone,HSPG,12m,3,-0.28670223630251673,0.13876660110524394,-1.4525092979287932,0.14636004575191086,1.0,True,0.8855244831355399,False,HØLAND OG SETSKOG,Oslo Børs
aluminium:bunnsone,IOX,12m,3,-0.7332034658270087,-0.33624911348415376,-0.9240428141532727,0.3554640250971827,1.0,True,0.8855244831355399,False,INTEROIL EXPL PROD,Oslo Børs
aluminium:bunnsone,ITERA,12m,3,0.2764749820079598,0.029518305887558303,1.2479460608497943,0.21205081101379217,0.6666666666666666,True,0.8855244831355399,False,ITERA,Oslo Børs
aluminium:bunnsone,JIN,12m,3,0.09649425956806047,0.0413416465779855,0.16822651502604968,0.866405082218783,0.6666666666666666,False,0.9675309539804956,False,JINHUI SHIPP TRANS,Oslo Børs
aluminium:bunnsone,JAREN,12m,3,-0.14408451710513795,0.15604026001494384,-2.414442683839987,0.015759302219035994,1.0,True,0.8124795810703002,False,JÆREN SPAREBANK,Oslo Børs
aluminium:bunnsone,KIT,12m,3,0.1504379800607212,0.10921383537377281,0.16919350576355233,0.8656444378007113,0.6666666666666666,False,0.9675309539804956,False,KITRON,Oslo Børs
aluminium:bunnsone,KOA,12m,3,0.16229996523375625,-0.1284757829567616,0.9136664553511087,0.360892135359257,0.6666666666666666,False,0.8855244831355399,False,KONGSBERG AUTOMOT,Oslo Børs
aluminium:bunnsone,KOG,12m,3,-0.10288386573238571,0.20746540269487315,-1.6472108306549,0.09951471841113185,0.6666666666666666,True,0.8855244831355399,False,KONGSBERG GRUPPEN,Oslo Børs
aluminium:bunnsone,LSG,12m,3,0.34977078720671706,0.15465564302371707,1.2747393693095597,0.20240150716163238,0.6666666666666666,True,0.8855244831355399,False,LERØY SEAFOOD GP,Oslo Børs
aluminium:bunnsone,MGN,12m,3,0.15718222968982618,-0.09452224401489528,0.5905846772222789,0.5547987340859384,0.6666666666666666,False,0.8983555341116912,False,MAGNORA,Oslo Børs
aluminium:bunnsone,MEDI,12m,3,0.2115480862096415,0.17914146287085841,0.1793392388431268,0.8576713381241016,1.0,True,0.9675309539804956,False,MEDISTIM,Oslo Børs
aluminium:bunnsone,MELG,12m,3,-0.06103380829505051,0.11788399357826768,-1.3062114766433688,0.19148065103981332,0.6666666666666666,False,0.8855244831355399,False,MELHUS SPAREBANK,Oslo Børs
aluminium:bunnsone,MOWI,12m,3,0.2752910899022911,-0.0970698213799043,0.7635431768627599,0.44513952273049046,0.6666666666666666,True,0.8855244831355399,False,MOWI,Oslo Børs
aluminium:bunnsone,NAVA,12m,3,0.009655692560565365,0.08145308801914801,-0.2780253439152147,0.7809929037978729,0.3333333333333333,False,0.9625697521179546,False,NAVAMEDIC,Oslo Børs
aluminium:bunnsone,NKR,12m,3,-0.36071912127609346,0.06521439767066994,-1.4887633748871967,0.13654968991840818,0.6666666666666666,False,0.8855244831355399,False,NEKKAR,Oslo Børs
aluminium:bunnsone,NEL,12m,3,-0.09955120888608147,-0.1999033840754584,0.2217420238643232,0.8245147140495198,0.3333333333333333,False,0.9675309539804956,False,NEL,Oslo Børs
aluminium:bunnsone,NOM,12m,3,-0.07878630208699998,-0.05995438920941826,-0.06262827599782608,0.950062512619235,0.3333333333333333,False,0.9797525066521244,False,NORDIC MINING,Oslo Børs
aluminium:bunnsone,NOD,12m,3,0.49263712532310583,0.1503586435314273,1.0671679688527493,0.2858959938755999,0.6666666666666666,True,0.8855244831355399,False,NORDIC SEMICONDUC,Oslo Børs
aluminium:bunnsone,NHY,12m,3,0.28962186703462434,0.12749525581032617,1.2153602655115636,0.22422871581156667,1.0,True,0.8855244831355399,False,NORSK HYDRO,Oslo Børs
aluminium:bunnsone,NAS,12m,3,-0.6272433309368898,-0.15776271290985855,-0.7860868308657444,0.4318166189022171,0.6666666666666666,False,0.8855244831355399,False,NORWEGIAN AIR SHUT,Oslo Børs
aluminium:bunnsone,NRC,12m,3,-0.3888646693930524,-0.32167455085001506,-0.12200888486117308,0.9028919817424441,0.6666666666666666,True,0.9699370647999099,False,NRC GROUP,Oslo Børs
aluminium:bunnsone,ODF,12m,3,-0.040952747050794824,0.11409347574322837,-0.7280638526841119,0.4665744999924594,1.0,True,0.8855244831355399,False,ODFJELL SER. A,Oslo Børs
aluminium:bunnsone,ODFB,12m,3,-0.07137653900146818,0.11172879441885669,-0.8948937017344354,0.37084391390380456,1.0,True,0.8855244831355399,False,ODFJELL SER. B,Oslo Børs
aluminium:bunnsone,ORK,12m,3,-0.18229084265227624,0.1104454421117928,-2.503739258369316,0.012288856065562313,0.6666666666666666,True,0.7127536518026142,False,ORKLA,Oslo Børs
aluminium:bunnsone,PSE,12m,3,-0.12345512455611855,-0.2839398597181735,0.3575636806988861,0.7206698622287345,0.6666666666666666,False,0.9572013166659956,False,PETROLIA,Oslo Børs
aluminium:bunnsone,PHO,12m,3,0.19272798859959672,-0.010436518457173022,0.8748372296988666,0.3816624769598391,0.6666666666666666,True,0.8855244831355399,False,PHOTOCURE,Oslo Børs
aluminium:bunnsone,POL,12m,3,-0.0862286586283837,-0.00219901987122123,-0.23816714028503408,0.8117514621277221,0.6666666666666666,False,0.9625697521179546,False,POLARIS MEDIA,Oslo Børs
aluminium:bunnsone,PRS,12m,3,-1.5697512533624087,-0.43702545029333895,-2.1566675346562825,0.03103157831372859,1.0,True,0.840940131564358,False,PROSAFE,Oslo Børs
aluminium:bunnsone,PROT,12m,3,0.2645393307852808,0.31643679071104347,-0.2549646522458935,0.798750400563755,1.0,True,0.9625697521179546,False,PROTECTOR FORSIKRG,Oslo Børs
aluminium:bunnsone,QEC,12m,3,0.3348541099577207,0.014416584418961126,0.825759205648451,0.40894069951150336,1.0,True,0.8855244831355399,False,QUESTERRE ENERGY,Oslo Børs
aluminium:bunnsone,REACH,12m,3,0.03917006429286914,-0.14482761308002906,0.5261346894517255,0.5987946278809972,0.3333333333333333,False,0.9256729493928433,False,REACH SUBSEA,Oslo Børs
aluminium:bunnsone,ROGS,12m,3,-0.028355529162485533,0.12312055885751855,-0.9177708324800934,0.35873885546202544,0.3333333333333333,False,0.8855244831355399,False,ROGALAND SPAREBANK,Oslo Børs
aluminium:bunnsone,ROM,12m,3,-0.22824592862584447,-0.10059099736358289,-0.3999238870342526,0.6892125778978382,1.0,True,0.9572013166659956,False,ROMREAL,Euronext Expand Oslo
aluminium:bunnsone,SALM,12m,3,0.2866562178581719,0.23700976895388992,0.27869932951651544,0.7804755771017815,1.0,True,0.9625697521179546,False,SALMAR,Oslo Børs
aluminium:bunnsone,SCANA,12m,3,0.15839605074800875,-0.1894098074399836,0.7933211785083338,0.4275907207938389,0.6666666666666666,True,0.8855244831355399,False,SCANA,Oslo Børs
aluminium:bunnsone,SEA1,12m,3,-0.23387959097664665,0.033124100104913116,-0.48164001026275516,0.6300616984445688,0.6666666666666666,True,0.9301563030031553,False,Sea1 Offshore,Euronext Growth Oslo
aluminium:bunnsone,ENH,12m,3,-0.5443150860185048,-0.6723936332514142,0.1969066168813315,0.8439006155314435,0.6666666666666666,False,0.9675309539804956,False,SED ENERGY HOLDING,Oslo Børs
aluminium:bunnsone,SKUE,12m,3,-0.1584090817987977,0.12461142685268825,-2.0189068382341637,0.04349690335677714,0.6666666666666666,True,0.840940131564358,False,SKUE SPAREBANK,Oslo Børs
aluminium:bunnsone,SOGN,12m,3,-0.153496333634122,0.157369097940297,-2.2591073568348103,0.023876707633851198,0.6666666666666666,True,0.840940131564358,False,SOGN SPAREBANK,Oslo Børs
aluminium:bunnsone,SOFF,12m,3,-1.8138342937703011,-0.2209821756146222,-2.6334928533424242,0.008451161425238591,1.0,True,0.67665311322097,False,SOLSTAD OFFSHORE,Oslo Børs
aluminium:bunnsone,MING,12m,3,0.2735205523247122,0.1595714588342709,1.0421085908550567,0.29736133606396936,1.0,True,0.8855244831355399,False,SPAREBANK 1 SMN,Oslo Børs
aluminium:bunnsone,SB1NO,12m,3,0.22995539300834245,0.10062055788860823,1.0127413524762492,0.3111837202493076,1.0,True,0.8855244831355399,False,SPAREBANK 1 SØR-N,Oslo Børs
aluminium:bunnsone,MORG,12m,3,0.005066094473703227,0.11953987104336085,-0.8659872122659286,0.3864971744871885,0.6666666666666666,False,0.8855244831355399,False,SPAREBANKEN MØRE,Oslo Børs
aluminium:bunnsone,SBNOR,12m,3,0.02237061942716147,0.11975317266394134,-0.7561623036478877,0.4495518909123817,0.6666666666666666,False,0.8855244831355399,False,SPAREBANKEN NORGE,Oslo Børs
aluminium:bunnsone,SPOG,12m,3,0.02593967515186389,0.09790412939455881,-0.4996555726951133,0.6173176201544444,0.6666666666666666,True,0.9290947960813225,False,SPAREBANKEN ØST,Oslo Børs
aluminium:bunnsone,HELG,12m,3,0.1284024688148207,0.15570445818064466,-0.3103900217240761,0.7562643812159693,0.6666666666666666,True,0.9625697521179546,False,SPBK1 HELGELAND,Oslo Børs
aluminium:bunnsone,NONG,12m,3,0.2934795424419345,0.14033618037212045,1.277657891253141,0.20137007869429077,1.0,True,0.8855244831355399,False,SPBK1 NORD-NORGE,Oslo Børs
aluminium:bunnsone,RING,12m,3,-0.08149459063336456,0.15725085095232283,-2.2302186297958912,0.025732932054755648,0.6666666666666666,True,0.840940131564358,False,SPBK1 RINGERIKE,Oslo Børs
aluminium:bunnsone,SOAG,12m,3,-0.07623774732942529,0.1615606829295694,-2.1563634292193874,0.031055297959082614,0.6666666666666666,False,0.840940131564358,False,SPBK1 ØSTFOLD AKE,Oslo Børs
aluminium:bunnsone,SNI,12m,3,0.025828421870882468,0.04520517113873227,-0.10763567104139825,0.9142846999567049,0.6666666666666666,False,0.9699370647999099,False,STOLT-NIELSEN,Oslo Børs
aluminium:bunnsone,STB,12m,3,0.2942190940808644,0.08234798660053883,1.5877400699320314,0.112345128175501,1.0,True,0.8855244831355399,False,STOREBRAND,Oslo Børs
aluminium:bunnsone,STRO,12m,3,-0.004067134915463659,-0.00474331591786509,0.002246083638754703,0.9982078860492026,0.3333333333333333,False,0.9982078860492026,False,STRONGPOINT,Oslo Børs
aluminium:bunnsone,SUBC,12m,3,0.24856959142897442,0.04946766275665175,0.8493524912315912,0.3956851806084549,1.0,True,0.8855244831355399,False,SUBSEA 7,Oslo Børs
aluminium:bunnsone,TECH,12m,3,0.25200957998122736,-0.2280676706926671,1.4785022900460567,0.13927338459419916,0.6666666666666666,True,0.8855244831355399,False,TECHSTEP,Oslo Børs
aluminium:bunnsone,TEL,12m,3,-0.1097611885717492,0.10269496911075382,-1.7689985604260998,0.07689411482443864,0.6666666666666666,True,0.8855244831355399,False,TELENOR,Oslo Børs
aluminium:bunnsone,TGS,12m,3,0.011619262941883127,0.10346583945672118,-0.46812172750321585,0.6396975422781699,0.6666666666666666,False,0.9345858170107878,False,TGS,Oslo Børs
aluminium:bunnsone,TOM,12m,3,-0.1766182835567828,0.05547916419448821,-1.0821005412755078,0.2792078553346532,1.0,True,0.8855244831355399,False,TOMRA SYSTEMS,Oslo Børs
aluminium:bunnsone,VEI,12m,3,0.20208744111008894,0.17828225169415496,0.17888640551589888,0.8580268974317888,1.0,True,0.9675309539804956,False,VEIDEKKE,Oslo Børs
aluminium:bunnsone,VOIM,12m,3,-0.29709875544477876,-0.38462756386061303,0.18892357855310785,0.8501527133301798,0.6666666666666666,False,0.9675309539804956,False,VOIM,Oslo Børs
aluminium:bunnsone,VVL,12m,3,-0.09874827398838043,0.12654378295667637,-1.7644087517805103,0.0776631857666719,0.6666666666666666,True,0.8855244831355399,False,VOSS VEKSEL OGLAND,Oslo Børs
aluminium:bunnsone,WWI,12m,3,0.17416629490876226,0.16564665294911363,0.05888775877728277,0.9530415082120688,1.0,True,0.9797525066521244,False,WILH. WILHELMSEN A,Oslo Børs
aluminium:bunnsone,WWIB,12m,3,0.1485392934421703,0.15711066809477833,-0.05994992909045288,0.9521955137105773,1.0,True,0.9797525066521244,False,WILH. WILHELMSEN B,Oslo Børs
aluminium:bunnsone,YAR,12m,3,-0.062269117903239544,0.1329549082318233,-1.2979732511572204,0.19429652680261017,0.6666666666666666,False,0.8855244831355399,False,YARA INTERNATIONAL,Oslo Børs
aluminium:bunnsone,ABG,24m,3,0.30604734165680275,0.3652511514739699,-0.302173399616831,0.7625198810097852,0.6666666666666666,True,0.999247941291574,False,ABG SUNDAL COLLIER,Oslo Børs
aluminium:bunnsone,AFG,24m,3,0.1350655943385721,0.41884724005159646,-1.3554685743432289,0.17526831438849003,0.6666666666666666,False,0.999247941291574,False,AF GRUPPEN,Oslo Børs
aluminium:bunnsone,AKAST,24m,3,0.5139109287886462,0.11545772534553136,1.245943224666905,0.21278523963845852,1.0,True,0.999247941291574,False,AKASTOR,Oslo Børs
aluminium:bunnsone,AKER,24m,3,0.4450433645191969,0.2977173267186394,0.2828778371229425,0.7772704844009044,0.6666666666666666,True,0.999247941291574,False,AKER,Oslo Børs
aluminium:bunnsone,AKRBP,24m,3,0.4104353917982888,0.40594888496409,0.01250505411868127,0.990022670423822,0.6666666666666666,True,0.999247941291574,False,AKER BP,Oslo Børs
aluminium:bunnsone,AKSO,24m,3,0.772578097926918,0.11502127461882534,2.0184250979819462,0.043547007695453645,1.0,True,0.999247941291574,False,AKER SOLUTIONS,Oslo Børs
aluminium:bunnsone,AKVA,24m,3,0.049153700646334376,0.24671022449193303,-0.6596271094582488,0.5094931529408486,0.6666666666666666,False,0.999247941291574,False,AKVA GROUP,Oslo Børs
aluminium:bunnsone,ABTEC,24m,3,-0.38928230046307893,-0.4402799202386855,0.07353826789700885,0.9413777931181784,0.6666666666666666,False,0.999247941291574,False,AQUA BIO TECHNO,Euronext Expand Oslo
aluminium:bunnsone,AZT,24m,3,-0.10990177281885487,0.04506336951400678,-0.2418280696610808,0.8089133878840653,0.6666666666666666,False,0.999247941291574,False,ARCTICZYMES TECHNO,Oslo Børs
aluminium:bunnsone,AFK,24m,3,0.3218195755647207,0.3379849826363687,-0.06778274537718904,0.9459585793627352,0.6666666666666666,False,0.999247941291574,False,ARENDALS FOSSEKOMP,Oslo Børs
aluminium:bunnsone,ARR,24m,3,-2.785190984010047,-1.0217964716966508,-1.6531283132194199,0.09830475215801138,1.0,True,0.999247941291574,False,ARRIBATEC GROUP,Oslo Børs
aluminium:bunnsone,ATEA,24m,3,0.4547873043370943,0.07081877090590802,1.018001032353746,0.3086774654701273,1.0,True,0.999247941291574,False,ATEA,Oslo Børs
aluminium:bunnsone,AURG,24m,3,-0.0744493652574434,0.2823355742919839,-2.525781855130615,0.011544113824088575,0.6666666666666666,False,0.9370253521860031,False,AURSKOG SPAREBANK,Oslo Børs
aluminium:bunnsone,AUSS,24m,3,0.5826074576443165,0.2841852919181282,1.5735559747868766,0.11559013807163457,1.0,True,0.999247941291574,False,AUSTEVOLL SEAFOOD,Oslo Børs
aluminium:bunnsone,ACR,24m,3,-0.6390388559152088,-0.39770497437882457,-0.41744702927473454,0.6763514617231448,0.6666666666666666,False,0.999247941291574,False,AXACTOR,Oslo Børs
aluminium:bunnsone,BNOR,24m,3,1.0091507829361464,-0.5416503016334693,1.3995481386214654,0.16164867338963926,0.6666666666666666,True,0.999247941291574,False,BLUENORD,Oslo Børs
aluminium:bunnsone,BONHR,24m,3,0.16237695777138508,0.23496342968226144,-0.31904456590766433,0.7496927185477578,0.6666666666666666,True,0.999247941291574,False,BONHEUR,Oslo Børs
aluminium:bunnsone,BOR,24m,3,-0.8354610819507887,-0.19529576855503028,-1.5255058151983358,0.1271329842170622,1.0,True,0.999247941291574,False,BORGESTAD,Oslo Børs
aluminium:bunnsone,BOUV,24m,3,0.3063183492484695,0.5130688274108921,-1.1273789102009577,0.25958231192912307,1.0,True,0.999247941291574,False,BOUVET,Oslo Børs
aluminium:bunnsone,BWO,24m,3,-0.06115905427999013,-0.09173929607311843,0.07878218411497973,0.9372058750132918,0.6666666666666666,False,0.999247941291574,False,BW OFFSHORE LTD,Oslo Børs
aluminium:bunnsone,BMA,24m,3,0.3310892311318396,0.3442620958079622,-0.04288872353498897,0.9657902377959563,0.6666666666666666,False,0.999247941291574,False,BYGGMA,Euronext Growth Oslo
aluminium:bunnsone,CONTX,24m,3,-0.34976667619466056,0.06653560585923925,-1.228003269697069,0.2194457405609312,0.6666666666666666,True,0.999247941291574,False,CONTEXTVISION,Oslo Børs
aluminium:bunnsone,DNB,24m,3,0.4229836692655786,0.2551394230834441,1.1016698979727806,0.2706052082469621,1.0,True,0.999247941291574,False,DNB BANK,Oslo Børs
aluminium:bunnsone,DNO,24m,3,0.37002056280480833,0.2766803094067234,0.2844027171954015,0.7761017769202068,1.0,True,0.999247941291574,False,DNO,Oslo Børs
aluminium:bunnsone,EIOF,24m,3,-0.06691137050086576,-0.024711005264659126,-0.12504857143617323,0.9004850976466281,0.3333333333333333,False,0.999247941291574,False,EIDESVIK OFFSHORE,Oslo Børs
aluminium:bunnsone,ENDUR,24m,3,0.005008655127686816,-0.1172633007848684,0.30146228805776965,0.7630620029427548,0.6666666666666666,False,0.999247941291574,False,ENDÚR,Oslo Børs
aluminium:bunnsone,ENSU,24m,3,-0.4124446192219755,-0.7220811534971283,0.3594793759144156,0.7192365037681053,0.6666666666666666,False,0.999247941291574,False,ENSURGE MICROPOWER,Oslo Børs
aluminium:bunnsone,EQNR,24m,3,0.18152952873462092,0.2254130376518186,-0.26164950882190113,0.7935916707378627,0.6666666666666666,False,0.999247941291574,False,EQUINOR,Oslo Børs
aluminium:bunnsone,FRO,24m,3,-0.6940211697613345,-0.01705935377511863,-1.4582626072327716,0.14476817280919235,1.0,True,0.999247941291574,False,FRONTLINE,Oslo Børs
aluminium:bunnsone,GOD,24m,3,-0.4318330791224059,-0.1833845839767933,-0.4529005885858306,0.6506203270958175,1.0,True,0.999247941291574,False,GOODTECH,Oslo Børs
aluminium:bunnsone,GSF,24m,3,0.7999921488463099,0.35257550151233474,1.4607579225501666,0.14408188697159496,1.0,True,0.999247941291574,False,GRIEG SEAFOOD,Oslo Børs
aluminium:bunnsone,GYL,24m,3,-0.146297556437649,0.09451035333758835,-1.1270278192152157,0.25973071920295215,0.6666666666666666,False,0.999247941291574,False,GYLDENDAL,Oslo Børs
aluminium:bunnsone,HAVI,24m,3,-0.22116553474657633,-0.5539003841790359,0.5075908637752021,0.6117402991603742,0.3333333333333333,False,0.999247941291574,False,HAVILA SHIPPING,Oslo Børs
aluminium:bunnsone,HEX,24m,3,0.2777724808661293,0.21292526957038455,0.16660832531122166,0.8676782426140066,0.6666666666666666,True,0.999247941291574,False,HEXAGON COMPOSITES,Oslo Børs
aluminium:bunnsone,HUNT,24m,3,0.27001280330251887,-0.09465398884110902,0.827978244964403,0.4076828204732047,0.6666666666666666,True,0.999247941291574,False,HUNTER GROUP,Euronext Expand Oslo
aluminium:bunnsone,HSPG,24m,3,-0.13010615233058526,0.32244950307284265,-1.0399631638650777,0.2983570148373929,0.6666666666666666,True,0.999247941291574,False,HØLAND OG SETSKOG,Oslo Børs
aluminium:bunnsone,IOX,24m,3,-0.08666234835223215,-0.7286519451009992,1.1401569551079733,0.2542209170322319,0.3333333333333333,False,0.999247941291574,False,INTEROIL EXPL PROD,Oslo Børs
aluminium:bunnsone,ITERA,24m,3,0.2023479937686273,0.11378998107807127,0.30502265422302693,0.7603488984063969,0.3333333333333333,False,0.999247941291574,False,ITERA,Oslo Børs
aluminium:bunnsone,JIN,24m,3,0.43039170893011497,0.10989627458124142,0.7259365528699251,0.4678776669116422,0.6666666666666666,True,0.999247941291574,False,JINHUI SHIPP TRANS,Oslo Børs
aluminium:bunnsone,JAREN,24m,3,0.08753173839700422,0.30022975753043774,-1.3792662779928788,0.1678126697115623,0.6666666666666666,False,0.999247941291574,False,JÆREN SPAREBANK,Oslo Børs
aluminium:bunnsone,KIT,24m,3,0.04468892954531902,0.1895954339537726,-0.3829278293615867,0.7017732763624441,0.6666666666666666,False,0.999247941291574,False,KITRON,Oslo Børs
aluminium:bunnsone,KOA,24m,3,0.1822318716915944,-0.2668388336794318,0.9819272089138056,0.32613571012757003,0.6666666666666666,False,0.999247941291574,False,KONGSBERG AUTOMOT,Oslo Børs
aluminium:bunnsone,KOG,24m,3,0.25338606448340945,0.4207721192997405,-0.5496323045534255,0.582571596861865,1.0,True,0.999247941291574,False,KONGSBERG GRUPPEN,Oslo Børs
aluminium:bunnsone,LSG,24m,3,0.5640218693811543,0.3099743874785156,1.3079867863682797,0.19087779112849323,1.0,True,0.999247941291574,False,LERØY SEAFOOD GP,Oslo Børs
aluminium:bunnsone,MGN,24m,3,-0.1395065472868761,-0.2230793752151754,0.13404530236781742,0.8933667515508958,0.6666666666666666,False,0.999247941291574,False,MAGNORA,Oslo Børs
aluminium:bunnsone,MEDI,24m,3,0.1533013634372319,0.3992254108762753,-0.9491708111922575,0.3425337444098696,1.0,True,0.999247941291574,False,MEDISTIM,Oslo Børs
aluminium:bunnsone,MELG,24m,3,0.12781709515002,0.20912859670967207,-0.41511046042942,0.6780610422089136,1.0,True,0.999247941291574,False,MELHUS SPAREBANK,Oslo Børs
aluminium:bunnsone,MOWI,24m,3,0.45220675070358757,-0.23045075281766378,0.7577220596868763,0.44861739002766365,1.0,True,0.999247941291574,False,MOWI,Oslo Børs
aluminium:bunnsone,NAVA,24m,3,0.01805166668517701,0.12097742725365099,-0.3198491306794171,0.7490827014696355,0.6666666666666666,False,0.999247941291574,False,NAVAMEDIC,Oslo Børs
aluminium:bunnsone,NKR,24m,3,-0.2559572346655798,0.09437603116808106,-0.8121239428820647,0.41672051586244413,0.6666666666666666,False,0.999247941291574,False,NEKKAR,Oslo Børs
aluminium:bunnsone,NEL,24m,3,-0.5138134675637471,-0.37951679388294457,-0.19696545161474474,0.8438545737566877,0.6666666666666666,True,0.999247941291574,False,NEL,Oslo Børs
aluminium:bunnsone,NOM,24m,3,0.18427830938128187,-0.07591579309948991,0.8525760483569517,0.39389444967211523,0.6666666666666666,True,0.999247941291574,False,NORDIC MINING,Oslo Børs
aluminium:bunnsone,NOD,24m,3,0.6246070729785557,0.31199753128647034,0.6838891724731706,0.4940451516910891,0.6666666666666666,True,0.999247941291574,False,NORDIC SEMICONDUC,Oslo Børs
aluminium:bunnsone,NHY,24m,3,0.5127211783811234,0.24401587500917093,1.4169051753743465,0.1565106531921826,1.0,True,0.999247941291574,False,NORSK HYDRO,Oslo Børs
aluminium:bunnsone,NAS,24m,3,-1.0743467615023239,-0.32276024682372223,-0.7782411693611636,0.4364268505031593,0.6666666666666666,False,0.999247941291574,False,NORWEGIAN AIR SHUT,Oslo Børs
aluminium:bunnsone,NRC,24m,3,-1.0339592841281788,-0.710682020519952,-0.35497393518026515,0.7226091180208116,0.6666666666666666,True,0.999247941291574,False,NRC GROUP,Oslo Børs
aluminium:bunnsone,ODF,24m,3,0.15622901893325183,0.2050647283596674,-0.14913864514584785,0.8814442324519819,0.3333333333333333,False,0.999247941291574,False,ODFJELL SER. A,Oslo Børs
aluminium:bunnsone,ODFB,24m,3,0.140110360291799,0.19828646437143568,-0.18471833883591157,0.8534499613935952,0.6666666666666666,False,0.999247941291574,False,ODFJELL SER. B,Oslo Børs
aluminium:bunnsone,ORK,24m,3,-0.1549669332102304,0.22301169310470362,-2.436492197830442,0.014830489388616292,0.6666666666666666,True,0.9555072448951354,False,ORKLA,Oslo Børs
aluminium:bunnsone,PSE,24m,3,-0.45137234956543143,-0.6141828713397158,0.21321462457484303,0.8311595617680726,0.6666666666666666,True,0.999247941291574,False,PETROLIA,Oslo Børs
aluminium:bunnsone,PHO,24m,3,0.050999806001030656,-0.02585474338149539,0.24707408142042264,0.8048508920262413,0.6666666666666666,False,0.999247941291574,False,PHOTOCURE,Oslo Børs
aluminium:bunnsone,POL,24m,3,0.03003561779468646,-0.004754714061774148,0.06950934345801983,0.9445841956395765,0.3333333333333333,False,0.999247941291574,False,POLARIS MEDIA,Oslo Børs
aluminium:bunnsone,PRS,24m,3,-2.3343966166347396,-0.8506494854461744,-1.7936785089485496,0.07286449746472551,0.6666666666666666,True,0.999247941291574,False,PROSAFE,Oslo Børs
aluminium:bunnsone,PROT,24m,3,0.6154773099813344,0.6446697966594299,-0.09296263289460219,0.9259332472566663,1.0,True,0.999247941291574,False,PROTECTOR FORSIKRG,Oslo Børs
aluminium:bunnsone,QEC,24m,3,0.2869931223229307,0.006152248446135686,0.5393726006789538,0.5896297828658223,0.6666666666666666,False,0.999247941291574,False,QUESTERRE ENERGY,Oslo Børs
aluminium:bunnsone,REACH,24m,3,-0.37145094259560535,-0.29719728975646403,-0.12377988838839822,0.9014895560792112,0.6666666666666666,False,0.999247941291574,False,REACH SUBSEA,Oslo Børs
aluminium:bunnsone,ROGS,24m,3,0.15673924713063456,0.2732803889751642,-0.6524912397798283,0.5140843222869445,1.0,True,0.999247941291574,False,ROGALAND SPAREBANK,Oslo Børs
aluminium:bunnsone,ROM,24m,3,-0.17272010832904913,-0.16668734267390467,-0.013384709614252826,0.9893208657108649,0.6666666666666666,True,0.999247941291574,False,ROMREAL,Euronext Expand Oslo
aluminium:bunnsone,SALM,24m,3,0.4136926666279142,0.4791794293371922,-0.29330859603167486,0.769286283768468,1.0,True,0.999247941291574,False,SALMAR,Oslo Børs
aluminium:bunnsone,SCANA,24m,3,0.051790879986266004,-0.3495183604664668,0.5744258518746435,0.5656796631465291,0.6666666666666666,False,0.999247941291574,False,SCANA,Oslo Børs
aluminium:bunnsone,SEA1,24m,3,-0.7492592343080595,0.08042059122548477,-1.0497282522073088,0.2938430705054481,0.6666666666666666,False,0.999247941291574,False,Sea1 Offshore,Euronext Growth Oslo
aluminium:bunnsone,ENH,24m,3,-1.6035662697013129,-1.4101963182295296,-0.19095777204222777,0.8485586773193632,1.0,True,0.999247941291574,False,SED ENERGY HOLDING,Oslo Børs
aluminium:bunnsone,SKUE,24m,3,0.059414487314186915,0.24529023333078323,-0.912116757918033,0.3617072575867179,0.6666666666666666,False,0.999247941291574,False,SKUE SPAREBANK,Oslo Børs
aluminium:bunnsone,SOGN,24m,3,-0.15831518622256305,0.29538978225264867,-2.3415899983686006,0.019201795834410167,0.3333333333333333,False,0.999247941291574,False,SOGN SPAREBANK,Oslo Børs
aluminium:bunnsone,SOFF,24m,3,-1.6356760531058152,-0.5069595281054586,-1.208402841743202,0.22689234726599827,0.6666666666666666,True,0.999247941291574,False,SOLSTAD OFFSHORE,Oslo Børs
aluminium:bunnsone,MING,24m,3,0.5177035072255648,0.317942988052228,1.2467983264189466,0.21247145431173428,1.0,True,0.999247941291574,False,SPAREBANK 1 SMN,Oslo Børs
aluminium:bunnsone,SB1NO,24m,3,0.45689979351668303,0.18644178044411452,1.2662760159373596,0.20541428058206215,1.0,True,0.999247941291574,False,SPAREBANK 1 SØR-N,Oslo Børs
aluminium:bunnsone,MORG,24m,3,0.10320835575663743,0.22898392012228497,-0.6059882699848692,0.5445225424692985,0.6666666666666666,True,0.999247941291574,False,SPAREBANKEN MØRE,Oslo Børs
aluminium:bunnsone,SBNOR,24m,3,0.07795990600851312,0.2398833976020224,-0.8058126271295653,0.42035089614628257,0.6666666666666666,False,0.999247941291574,False,SPAREBANKEN NORGE,Oslo Børs
aluminium:bunnsone,SPOG,24m,3,0.17043883059609347,0.20474111213651877,-0.14411182443809198,0.8854121676399098,1.0,True,0.999247941291574,False,SPAREBANKEN ØST,Oslo Børs
aluminium:bunnsone,HELG,24m,3,0.2361263311882862,0.30807444697078085,-0.622133590884982,0.5338540288757618,0.6666666666666666,True,0.999247941291574,False,SPBK1 HELGELAND,Oslo Børs
aluminium:bunnsone,NONG,24m,3,0.48770273273184545,0.26418790333278774,1.2423906079656317,0.21409247919946867,1.0,True,0.999247941291574,False,SPBK1 NORD-NORGE,Oslo Børs
aluminium:bunnsone,RING,24m,3,0.046174260808693156,0.3091030828160097,-2.114214765471978,0.034496928313739655,0.6666666666666666,False,0.999247941291574,False,SPBK1 RINGERIKE,Oslo Børs
aluminium:bunnsone,SOAG,24m,3,0.10132612600320529,0.33785808295737535,-1.7956756954120596,0.07254610946409971,0.6666666666666666,True,0.999247941291574,False,SPBK1 ØSTFOLD AKE,Oslo Børs
aluminium:bunnsone,SNI,24m,3,0.28019808933720186,0.08350152965500858,0.7398543604816421,0.4593883700297737,0.6666666666666666,True,0.999247941291574,False,STOLT-NIELSEN,Oslo Børs
aluminium:bunnsone,STB,24m,3,0.46863909285584354,0.15690814987822582,1.6484628887633759,0.09925772008689462,1.0,True,0.999247941291574,False,STOREBRAND,Oslo Børs
aluminium:bunnsone,STRO,24m,3,-0.30110262080852807,0.001097473447705818,-0.8393022488092117,0.4012997216165364,0.6666666666666666,False,0.999247941291574,False,STRONGPOINT,Oslo Børs
aluminium:bunnsone,SUBC,24m,3,0.48096154279686815,0.09539035017143589,1.072660934140767,0.2834232742755968,1.0,True,0.999247941291574,False,SUBSEA 7,Oslo Børs
aluminium:bunnsone,TECH,24m,3,-0.18484921074643837,-0.4344074370341805,0.6439839553241831,0.519585838331867,0.6666666666666666,False,0.999247941291574,False,TECHSTEP,Oslo Børs
aluminium:bunnsone,TEL,24m,3,0.034916681542404814,0.20891283759478865,-1.0705171047229618,0.2843866139924488,0.6666666666666666,False,0.999247941291574,False,TELENOR,Oslo Børs
aluminium:bunnsone,TGS,24m,3,0.17929396178442944,0.1804831004905263,-0.004550759039014367,0.996369032155373,0.6666666666666666,False,0.999247941291574,False,TGS,Oslo Børs
aluminium:bunnsone,TOM,24m,3,-0.0365211382738194,0.104279841334217,-0.4711655069136567,0.6375225486102138,0.6666666666666666,False,0.999247941291574,False,TOMRA SYSTEMS,Oslo Børs
aluminium:bunnsone,VEI,24m,3,0.10202842171110284,0.36562379448501425,-1.5156553416621816,0.1296065254796375,0.6666666666666666,False,0.999247941291574,False,VEIDEKKE,Oslo Børs
aluminium:bunnsone,VOIM,24m,3,-0.017426288574260134,-0.6437911307266283,0.8723072553775126,0.38304078061236996,0.3333333333333333,False,0.999247941291574,False,VOIM,Oslo Børs
aluminium:bunnsone,VVL,24m,3,0.012530351314445446,0.24884318254428245,-1.2166607345151927,0.22373332440848057,0.3333333333333333,False,0.999247941291574,False,VOSS VEKSEL OGLAND,Oslo Børs
aluminium:bunnsone,WWI,24m,3,0.463706729748312,0.3090075361303152,0.7007640233203891,0.483450293486603,1.0,True,0.999247941291574,False,WILH. WILHELMSEN A,Oslo Børs
aluminium:bunnsone,WWIB,24m,3,0.47409319366137187,0.2977979469490158,0.7520918100650903,0.4519958487900831,1.0,True,0.999247941291574,False,WILH. WILHELMSEN B,Oslo Børs
aluminium:bunnsone,YAR,24m,3,0.08914868566626945,0.27305969215803155,-0.9092867091632654,0.36319880439228247,0.6666666666666666,True,0.999247941291574,False,YARA INTERNATIONAL,Oslo Børs
brent:d95,ABG,1d,3,-0.006613488857750707,0.0009097792874989332,-0.5549887089237291,0.5789023835150235,0.6666666666666666,True,0.9878463438452625,False,ABG SUNDAL COLLIER,Oslo Børs
brent:d95,AFG,1d,3,0.014736314963015341,0.0008082438641631906,0.9890069961065192,0.3226597187329179,0.6666666666666666,True,0.9878463438452625,False,AF GRUPPEN,Oslo Børs
brent:d95,AKAST,1d,3,-0.014645601292273956,0.00014243975758604314,-0.9611316508163863,0.3364859772686756,0.6666666666666666,True,0.9878463438452625,False,AKASTOR,Oslo Børs
brent:d95,AKER,1d,3,-0.019982653044719318,0.00015306518384302647,-1.1972952771601046,0.23119148460920638,0.6666666666666666,False,0.9878463438452625,False,AKER,Oslo Børs
brent:d95,AKRBP,1d,3,-0.009811981507587922,0.000327449694849431,-0.8037530703638212,0.42153959780173034,0.6666666666666666,False,0.9878463438452625,False,AKER BP,Oslo Børs
brent:d95,AKSO,1d,3,-0.021699824215109225,-0.0001213961361731029,-1.3503480077106533,0.1769043798260964,0.6666666666666666,True,0.9839813370344908,False,AKER SOLUTIONS,Oslo Børs
brent:d95,AKVA,1d,3,0.0014264658704096188,0.0005190866258907048,0.04986595417165226,0.9602292081699335,0.3333333333333333,False,0.9878463438452625,False,AKVA GROUP,Oslo Børs
brent:d95,ALNG,1d,3,0.008814006727759211,-0.0008252263863755261,0.49920601174701984,0.6176342598494111,0.3333333333333333,False,0.9878463438452625,False,ALNG,Euronext Expand Oslo
brent:d95,ABTEC,1d,3,-0.05342539322011893,-0.001760829828493544,-1.5006556638838209,0.13344464602138306,1.0,True,0.9405970278991354,False,AQUA BIO TECHNO,Euronext Expand Oslo
brent:d95,AQUA,1d,3,0.014846207233207322,0.0002913972230224322,0.90581115369527,0.36503581639535165,0.6666666666666666,True,0.9878463438452625,False,AQUALIS,Oslo Børs
brent:d95,ARCH,1d,3,-0.06031408124906579,-0.0005763385551014036,-2.3936712636664734,0.016680691749407124,0.6666666666666666,True,0.42012113191932976,False,ARCHER,Oslo Børs
brent:d95,AZT,1d,3,0.00994277685334684,-0.0008966763235151194,0.5355951933055471,0.5922383514848555,0.6666666666666666,True,0.9878463438452625,False,ARCTICZYMES TECHNO,Oslo Børs
brent:d95,AFK,1d,3,0.010686008961059828,-1.0071011633711713e-05,0.6245975473248009,0.5322352298321997,0.6666666666666666,True,0.9878463438452625,False,ARENDALS FOSSEKOMP,Oslo Børs
brent:d95,ARR,1d,3,0.004620028088362332,0.00031502445219384136,0.139021499175888,0.8894331601298551,0.6666666666666666,False,0.9878463438452625,False,ARRIBATEC GROUP,Oslo Børs
brent:d95,ATEA,1d,3,0.011398455188148042,0.00037967341635456294,0.8002803977910503,0.4235483576457159,0.6666666666666666,True,0.9878463438452625,False,ATEA,Oslo Børs
brent:d95,AURG,1d,3,0.011975585002796678,0.0006139615632108332,1.2974687221218657,0.19446996028965285,0.6666666666666666,True,0.9839813370344908,False,AURSKOG SPAREBANK,Oslo Børs
brent:d95,AUSS,1d,3,-0.012640668413164248,0.0003765812303748276,-1.1860967644040372,0.23558408817882828,1.0,True,0.9878463438452625,False,AUSTEVOLL SEAFOOD,Oslo Børs
brent:d95,ACR,1d,3,-0.022210838110144054,-0.0009504429685675936,-0.636498479981172,0.5244515713849033,0.3333333333333333,False,0.9878463438452625,False,AXACTOR,Oslo Børs
brent:d95,BAKKA,1d,3,0.002025539469589053,0.0009923597332455398,0.09382319180163579,0.9252496085518157,0.3333333333333333,False,0.9878463438452625,False,BAKKAFROST,Oslo Børs
brent:d95,BNOR,1d,3,0.03392411673204051,0.0009101940373797643,1.3747383151983616,0.16921258800709998,1.0,True,0.9839813370344908,False,BLUENORD,Oslo Børs
brent:d95,BONHR,1d,3,-0.03467770717837345,0.0008473812593360728,-2.67334693217864,0.007509853961778068,0.3333333333333333,False,0.2938230362545669,False,BONHEUR,Oslo Børs
brent:d95,BOR,1d,3,-0.0033206637357812547,-0.000816322012188454,-0.12435773050338216,0.9010320396601138,0.6666666666666666,False,0.9878463438452625,False,BORGESTAD,Oslo Børs
brent:d95,BRG,1d,3,-0.010856935085443538,0.0008285980290939265,-1.1982644396814348,0.2308140857205301,0.6666666666666666,True,0.9878463438452625,False,BORREGAARD,Oslo Børs
brent:d95,BOUV,1d,3,-0.008251213600920924,0.0007357634833062419,-0.8277164891437734,0.40783107863664897,0.6666666666666666,False,0.9878463438452625,False,BOUVET,Oslo Børs
brent:d95,BWLPG,1d,3,0.02781267255407553,0.0001652442743778305,1.7962972992604456,0.07244724716892634,1.0,True,0.7956487145218928,False,BW LPG,Oslo Børs
brent:d95,BWO,1d,3,-0.015745055702787874,0.0005237810977648406,-0.9329135153144337,0.35086462359994297,1.0,True,0.9878463438452625,False,BW OFFSHORE LTD,Oslo Børs
brent:d95,BMA,1d,3,0.016811899705152473,-0.0007431403653173338,0.4392288037116911,0.6604957561969713,1.0,True,0.9878463438452625,False,BYGGMA,Euronext Growth Oslo
brent:d95,CONTX,1d,3,-0.014910674051221375,-8.714761613367512e-05,-0.726555745901562,0.4674981462751548,0.6666666666666666,False,0.9878463438452625,False,CONTEXTVISION,Oslo Børs
brent:d95,DNB,1d,3,0.002201384038555703,0.0008962787650044504,0.12860301853362233,0.8976717777009559,0.6666666666666666,False,0.9878463438452625,False,DNB BANK,Oslo Børs
brent:d95,DNO,1d,3,0.014586786911923942,0.0010577798815748559,0.7869381833551409,0.43131805392676575,0.6666666666666666,True,0.9878463438452625,False,DNO,Oslo Børs
brent:d95,EAM,1d,3,-0.02081310523050303,-0.0028612138239454852,-0.29944856493149746,0.7645978116267773,1.0,True,0.9878463438452625,False,EAM SOLAR,Euronext Growth Oslo
brent:d95,EIOF,1d,3,0.007245828570041003,-1.6378058733572538e-06,0.42459472049942,0.6711321423435634,0.6666666666666666,True,0.9878463438452625,False,EIDESVIK OFFSHORE,Oslo Børs
brent:d95,ENDUR,1d,3,0.008866961036208244,-0.001027655855831427,0.3898319608555571,0.6966608084465917,0.3333333333333333,False,0.9878463438452625,False,ENDÚR,Oslo Børs
brent:d95,ENSU,1d,3,-0.012787287984474689,-0.0031065855324958398,-0.2628121060922815,0.7926954041461384,1.0,True,0.9878463438452625,False,ENSURGE MICROPOWER,Oslo Børs
brent:d95,ENTRA,1d,3,0.005413256234814624,0.0002168653497081125,0.5778897189221381,0.563338576910019,0.6666666666666666,True,0.9878463438452625,False,ENTRA,Oslo Børs
brent:d95,EQNR,1d,3,0.015555594481302724,0.0008644252295006851,1.4914674160497066,0.13583881980387194,1.0,True,0.9405970278991354,False,EQUINOR,Oslo Børs
brent:d95,EQVA,1d,3,0.0026717176519873687,0.000629413479890767,0.07964178810470818,0.9365221586531094,0.6666666666666666,False,0.9878463438452625,False,EQVA,Oslo Børs
brent:d95,FRO,1d,3,0.05880016482862194,-0.0009760175696891167,3.1259704080246835,0.0017721938371125232,1.0,True,0.18489889033873994,False,FRONTLINE,Oslo Børs
brent:d95,GJF,1d,3,0.006339402512141229,0.00042840691364521877,0.7904654444351024,0.4292559952373612,0.6666666666666666,True,0.9878463438452625,False,GJENSIDIGE FORSIKR,Oslo Børs
brent:d95,GOD,1d,3,0.0026504991091666646,0.0009462744314315122,0.07460645372136934,0.9405278391100063,0.6666666666666666,False,0.9878463438452625,False,GOODTECH,Oslo Børs
brent:d95,GSF,1d,3,0.006454625852980028,5.857541943667388e-07,0.4007736950502166,0.6885867474369015,0.6666666666666666,True,0.9878463438452625,False,GRIEG SEAFOOD,Oslo Børs
brent:d95,GYL,1d,3,0.018529482166454076,0.00029807642486246377,0.6952257194046481,0.48691385664327846,0.6666666666666666,True,0.9878463438452625,False,GYLDENDAL,Oslo Børs
brent:d95,HAVI,1d,3,-0.07490608752320486,-0.0013145866462347272,-2.1939981919600307,0.028235539533806617,1.0,True,0.4590188314794619,False,HAVILA SHIPPING,Oslo Børs
brent:d95,HEX,1d,3,-0.016947008418403468,3.1444582599939983e-05,-0.9190400802951215,0.35807460845552375,0.6666666666666666,True,0.9878463438452625,False,HEXAGON COMPOSITES,Oslo Børs
brent:d95,HBC,1d,3,0.03384088512262642,-0.0005034010429283524,1.5326842516560057,0.12535367126895153,0.6666666666666666,True,0.9405970278991354,False,HOFSETH BIOCARE,Oslo Børs
brent:d95,HUNT,1d,3,-0.02816943195884986,2.5584164115115772e-05,-0.8947489725334953,0.37092129329264495,0.3333333333333333,False,0.9878463438452625,False,HUNTER GROUP,Euronext Expand Oslo
brent:d95,HSPG,1d,3,0.018529482166454076,0.0009381712622078397,0.2787784681055623,0.7804148395855188,0.6666666666666666,True,0.9878463438452625,False,HØLAND OG SETSKOG,Oslo Børs
brent:d95,IDEX,1d,3,0.010257486039430623,-0.0006242510923770027,0.35368379734210903,0.7235758665962302,0.6666666666666666,True,0.9878463438452625,False,IDEX BIOMETRICS,Oslo Børs
brent:d95,IOX,1d,3,0.026754259407001473,-0.002104324184938988,0.8906766783078032,0.37310264982355673,0.3333333333333333,False,0.9878463438452625,False,INTEROIL EXPL PROD,Oslo Børs
brent:d95,ITERA,1d,3,0.023151915756184915,0.00036750593316945367,1.3168615902106438,0.18788502338453916,1.0,True,0.9839813370344908,False,ITERA,Oslo Børs
brent:d95,JIN,1d,3,-0.0022661657735695306,0.0013492200551419743,-0.18265723804474704,0.8550669702849182,0.6666666666666666,False,0.9878463438452625,False,JINHUI SHIPP TRANS,Oslo Børs
brent:d95,JAREN,1d,3,0.02177559936964509,0.0007705191148788203,1.7603507537284044,0.07834835367937977,1.0,True,0.8047308173015537,False,JÆREN SPAREBANK,Oslo Børs
brent:d95,KIT,1d,3,0.031165164684803653,0.00045042124522807445,1.7732326612898182,0.07619016205589682,0.3333333333333333,False,0.8047308173015537,False,KITRON,Oslo Børs
brent:d95,KOA,1d,3,-0.03577200884586788,-0.00020909607759339954,-1.926625009593031,0.05402637954445656,0.6666666666666666,False,0.6704009177306072,False,KONGSBERG AUTOMOT,Oslo Børs
brent:d95,KOG,1d,3,-3.7546529101190516e-05,0.0004925989436436934,-0.048397090736526024,0.9613997778458211,0.3333333333333333,False,0.9878463438452625,False,KONGSBERG GRUPPEN,Oslo Børs
brent:d95,LSG,1d,3,-0.012144718317849914,0.001601744545495969,-1.1872037875507342,0.23514724727194317,1.0,True,0.9878463438452625,False,LERØY SEAFOOD GP,Oslo Børs
brent:d95,MGN,1d,3,0.0055168990969598096,-0.0017394963969512844,0.32505735369990063,0.7451376645430563,0.6666666666666666,False,0.9878463438452625,False,MAGNORA,Oslo Børs
brent:d95,MEDI,1d,3,0.007151794344957309,0.0010084840331434086,0.2877345424991944,0.7735499465720742,0.6666666666666666,True,0.9878463438452625,False,MEDISTIM,Oslo Børs
brent:d95,MELG,1d,3,0.027294147895825183,0.00018101873128164564,2.8966746089014133,0.0037714070299302736,1.0,True,0.23609008007363513,False,MELHUS SPAREBANK,Oslo Børs
brent:d95,MOWI,1d,3,-0.011578728012046256,-3.996060034567439e-05,-0.4650868710836449,0.6418692475017175,0.6666666666666666,True,0.9878463438452625,False,MOWI,Oslo Børs
brent:d95,NAPA,1d,3,-0.010519143961185846,0.0011943344961635879,-0.546085731984303,0.5850070070373798,0.3333333333333333,False,0.9878463438452625,False,NAPATECH,Oslo Børs
brent:d95,NAVA,1d,3,-0.018717922093397104,-0.00029141992916031147,-0.8368844311464652,0.4026575324107901,1.0,True,0.9878463438452625,False,NAVAMEDIC,Oslo Børs
brent:d95,NKR,1d,3,-0.002371256944504798,0.00010141912657879077,-0.14007104518842792,0.8886038576166595,0.6666666666666666,False,0.9878463438452625,False,NEKKAR,Oslo Børs
brent:d95,NEL,1d,3,0.008408129250964196,-0.0007569761061643266,0.1191766641736708,0.9051353941626121,1.0,True,0.9878463438452625,False,NEL,Oslo Børs
brent:d95,NEXT,1d,3,-0.03385955903906723,-0.0032317091340891414,-1.1583373172751708,0.24672640829146206,0.6666666666666666,True,0.9878463438452625,False,NEXT BIOMETRICS GP,Oslo Børs
brent:d95,NOM,1d,3,-0.003631421170327257,-0.0005739362710380285,-0.11885305455807038,0.905391775074045,0.3333333333333333,False,0.9878463438452625,False,NORDIC MINING,Oslo Børs
brent:d95,NOD,1d,3,0.007678005596569168,0.0006361896570825115,0.32225518811909815,0.7472593784390251,0.6666666666666666,True,0.9878463438452625,False,NORDIC SEMICONDUC,Oslo Børs
brent:d95,NHY,1d,3,0.011669885211280241,0.00034658895244518993,1.0813513083699324,0.2795408721727884,1.0,True,0.9878463438452625,False,NORSK HYDRO,Oslo Børs
brent:d95,NORTH,1d,3,0.058857185203554284,-0.0011419110072806529,2.712175561066599,0.00668431801217584,0.6666666666666666,False,0.27895887170813843,False,NORTH ENERGY,Euronext Expand Oslo
brent:d95,NAS,1d,3,-0.043179199428098745,-0.0008664149544853929,-1.900483019894302,0.05736976122428361,1.0,True,0.6906436639692604,False,NORWEGIAN AIR SHUT,Oslo Børs
brent:d95,NRC,1d,3,0.009249478461044512,-0.0010409436904488493,0.3643993483125136,0.7155598220428215,0.6666666666666666,True,0.9878463438452625,False,NRC GROUP,Oslo Børs
brent:d95,ODL,1d,3,-0.04225747389210469,0.0018884384980154554,-2.9438896925483866,0.003241154965794301,0.6666666666666666,True,0.22544033428747026,False,ODFJELL DRILLING,Oslo Børs
brent:d95,ODF,1d,3,0.03676079836165547,0.0002891111629258402,2.8049328352970146,0.005032706557712829,0.6666666666666666,False,0.2572362564250578,False,ODFJELL SER. A,Oslo Børs
brent:d95,ODFB,1d,3,0.03768135662269164,0.0008496586483866404,2.9854531470093493,0.0028315851195956226,0.6666666666666666,True,0.22544033428747026,False,ODFJELL SER. B,Oslo Børs
brent:d95,ORK,1d,3,0.023782515775337482,0.0001079035717206846,1.2597141805308845,0.2077724879897851,0.6666666666666666,True,0.9878463438452625,False,ORKLA,Oslo Børs
brent:d95,PEN,1d,3,-0.0024640080058464173,0.0003764842680472272,-0.16104445382099775,0.8720583884787911,0.6666666666666666,False,0.9878463438452625,False,PANORO ENERGY,Oslo Børs
brent:d95,PSE,1d,3,-0.00044581875849780683,-0.001175224221032076,0.022850230736735876,0.9817697401350273,0.3333333333333333,False,0.9912707376202049,False,PETROLIA,Oslo Børs
brent:d95,PHO,1d,3,0.0022127841367550727,0.000536798447061548,0.10667829539717445,0.9150442020948351,0.3333333333333333,False,0.9878463438452625,False,PHOTOCURE,Oslo Børs
brent:d95,POL,1d,3,-0.02527303759561106,0.0024236290125281227,-0.9915530137061321,0.3214156194372065,0.6666666666666666,False,0.9878463438452625,False,POLARIS MEDIA,Oslo Børs
brent:d95,PRS,1d,3,0.014618477172679127,-0.002153025276191781,0.718547587377248,0.47241971709750025,0.6666666666666666,False,0.9878463438452625,False,PROSAFE,Oslo Børs
brent:d95,PROT,1d,3,0.00427000432142547,0.0016594146152581085,0.19207573821515833,0.8476828791536715,0.6666666666666666,False,0.9878463438452625,False,PROTECTOR FORSIKRG,Oslo Børs
brent:d95,QEC,1d,3,0.02789947672670871,0.00031157726666698185,1.1637077009940056,0.2445424874900244,1.0,True,0.9878463438452625,False,QUESTERRE ENERGY,Oslo Børs
brent:d95,REACH,1d,3,-0.008174713925270418,0.0015135292707506081,-0.28886398430517046,0.7726854657002166,0.6666666666666666,False,0.9878463438452625,False,REACH SUBSEA,Oslo Børs
brent:d95,ROGS,1d,3,-0.01347183528825084,0.0008439614465721772,-1.3386660864657098,0.18067940138697583,1.0,True,0.9839813370344908,False,ROGALAND SPAREBANK,Oslo Børs
brent:d95,ROM,1d,3,0.05774264403104593,-0.0008436104330958551,1.6536325793799111,0.09820218893272155,0.3333333333333333,False,0.8421174009847081,False,ROMREAL,Euronext Expand Oslo
brent:d95,SDSD,1d,3,0.03102088999747003,-0.0007934474595954244,1.4601818744838508,0.14424009544361027,0.6666666666666666,True,0.9504663131336845,False,S.D. STANDARD ETC,Oslo Børs
brent:d95,SAGA,1d,3,-0.04669565053757571,0.0005915364350808225,-2.761543370649065,0.005752887523883083,0.3333333333333333,False,0.2572362564250578,False,SAGA PURE,Oslo Børs
brent:d95,SALM,1d,3,-0.003819304192697976,0.0012552483444358247,-0.3620080502262062,0.7173460146649749,0.6666666666666666,False,0.9878463438452625,False,SALMAR,Oslo Børs
brent:d95,SCANA,1d,3,-0.012176009144526446,-0.0008033649523717539,-0.40244105353052906,0.6873594617963916,1.0,True,0.9878463438452625,False,SCANA,Oslo Børs
brent:d95,SCATC,1d,3,0.008136034856203065,0.00017688747007307942,0.5798815166030511,0.5619945209926531,0.3333333333333333,False,0.9878463438452625,False,SCATEC,Oslo Børs
brent:d95,SEA1,1d,3,-0.03772195225695033,-0.0002872152781150254,-1.7318585282344983,0.0832987542598026,0.6666666666666666,True,0.8047308173015537,False,Sea1 Offshore,Euronext Growth Oslo
brent:d95,ENH,1d,3,-0.01260098034124635,-0.0032811432880394545,-0.2650290508262818,0.7909870824522334,0.6666666666666666,True,0.9878463438452625,False,SED ENERGY HOLDING,Oslo Børs
brent:d95,SBO,1d,3,0.00499028812876619,0.00034123882126448497,0.4560245474760206,0.6483723263037395,0.6666666666666666,True,0.9878463438452625,False,SELVAAG BOLIG,Oslo Børs
brent:d95,SKUE,1d,3,-0.007651277903360068,6.537229461981873e-05,-0.51839098373739,0.6041855041378776,0.6666666666666666,False,0.9878463438452625,False,SKUE SPAREBANK,Oslo Børs
brent:d95,SOGN,1d,3,0.017133365109912403,0.0011814430585370362,1.4348947331265474,0.15131709678991068,0.6666666666666666,True,0.9568131574796371,False,SOGN SPAREBANK,Oslo Børs
brent:d95,SOFF,1d,3,0.013861607356962881,-0.0007623200804482338,0.7392541887779455,0.4597526614546473,0.6666666666666666,False,0.9878463438452625,False,SOLSTAD OFFSHORE,Oslo Børs
brent:d95,MING,1d,3,0.004353654664781138,0.0002812484443834401,0.4715671751384748,0.6372357609836063,0.6666666666666666,False,0.9878463438452625,False,SPAREBANK 1 SMN,Oslo Børs
brent:d95,SB1NO,1d,3,-0.011579170576689264,0.0005545754691467953,-1.3007858092594453,0.1933317806645565,0.6666666666666666,False,0.9839813370344908,False,SPAREBANK 1 SØR-N,Oslo Børs
brent:d95,MORG,1d,3,0.004877423918611824,0.00019627319306865076,0.5049786896064478,0.6135738037060947,0.6666666666666666,False,0.9878463438452625,False,SPAREBANKEN MØRE,Oslo Børs
brent:d95,SBNOR,1d,3,0.004208067461169046,0.0009084665779479615,0.2825065625701551,0.7775551152361023,0.6666666666666666,False,0.9878463438452625,False,SPAREBANKEN NORGE,Oslo Børs
brent:d95,SPOG,1d,3,-0.010309677728845208,0.0003676831939730037,-0.9615141655412689,0.33629370644291945,0.3333333333333333,False,0.9878463438452625,False,SPAREBANKEN ØST,Oslo Børs
brent:d95,HELG,1d,3,-0.01707356888937162,0.00046332042302921314,-1.8771108631781648,0.06050290083074727,1.0,True,0.701385480000885,False,SPBK1 HELGELAND,Oslo Børs
brent:d95,NONG,1d,3,3.3659795490301646e-05,0.00038999263988652276,-0.03833333449025399,0.9694219132298765,0.3333333333333333,False,0.9878463438452625,False,SPBK1 NORD-NORGE,Oslo Børs
brent:d95,RING,1d,3,0.0013014848207910264,0.0007342772631004628,0.061420143516858594,0.9510246104374492,0.6666666666666666,False,0.9878463438452625,False,SPBK1 RINGERIKE,Oslo Børs
brent:d95,SOAG,1d,3,0.020171827136280778,-0.0003734029194913281,2.337170935059518,0.019430297804978503,0.6666666666666666,True,0.4396569513685579,False,SPBK1 ØSTFOLD AKE,Oslo Børs
brent:d95,SNI,1d,3,0.025888539915140323,0.0002824554860304451,1.9719420646665207,0.04861622060190104,1.0,True,0.634036543683126,False,STOLT-NIELSEN,Oslo Børs
brent:d95,STB,1d,3,0.020891975553091302,8.916231448498532e-05,1.7161787205585113,0.08612933667604489,0.6666666666666666,False,0.8047308173015537,False,STOREBRAND,Oslo Børs
brent:d95,STRO,1d,3,-0.016282710502647922,5.6734826606656254e-05,-0.7598332089539913,0.4473542896763181,0.6666666666666666,True,0.9878463438452625,False,STRONGPOINT,Oslo Børs
brent:d95,SUBC,1d,3,-0.021973693596804716,0.0006285391844126894,-1.4798438125980857,0.13891493331129107,0.6666666666666666,True,0.9405970278991354,False,SUBSEA 7,Oslo Børs
brent:d95,TECH,1d,3,-0.06623638361646933,-0.0019260833539364607,-2.205423055580774,0.02742442165848519,0.6666666666666666,True,0.4590188314794619,False,TECHSTEP,Oslo Børs
brent:d95,TEL,1d,3,-0.010798847382450112,0.0002462905035115297,-1.0899240919398856,0.2757465830642629,0.6666666666666666,False,0.9878463438452625,False,TELENOR,Oslo Børs
brent:d95,TGS,1d,3,-0.012411108700742468,0.0004239486283511149,-0.8651416524482824,0.38696104556343,0.3333333333333333,False,0.9878463438452625,False,TGS,Oslo Børs
brent:d95,TOM,1d,3,-0.002971351554003264,-0.00011681144521436004,-0.2094976557748952,0.8340597652067943,0.3333333333333333,False,0.9878463438452625,False,TOMRA SYSTEMS,Oslo Børs
brent:d95,VEI,1d,3,0.002104295194206849,0.0004164182530270682,0.16232066629827194,0.8710533411382153,0.3333333333333333,False,0.9878463438452625,False,VEIDEKKE,Oslo Børs
brent:d95,VOIM,1d,3,-0.032209026431470895,-0.0011864271788744147,-0.9441729538213061,0.34508127376083403,0.6666666666666666,True,0.9878463438452625,False,VOIM,Oslo Børs
brent:d95,VVL,1d,3,0.024878860325871204,0.00016479261281293343,1.5787505713382963,0.11439328017095485,0.6666666666666666,True,0.9064581441394649,False,VOSS VEKSEL OGLAND,Oslo Børs
brent:d95,VOW,1d,3,0.0013854108688117182,0.0003316440359838069,0.044251794642778494,0.9647036963049385,0.3333333333333333,False,0.9878463438452625,False,VOW,Oslo Børs
brent:d95,WAWI,1d,3,-0.010643995055439302,0.0004993215558038543,-0.8595602153024737,0.39003151372093153,0.3333333333333333,False,0.9878463438452625,False,WALLENIUS WILHELMS,Oslo Børs
brent:d95,WWI,1d,3,0.046901920172804736,0.0004393984540121229,4.154530791626059,3.259557228106553e-05,1.0,True,0.02040482824794702,True,WILH. WILHELMSEN A,Oslo Børs
brent:d95,WWIB,1d,3,0.03328086953474185,0.0002457966244009343,2.2057484853172555,0.02740161503622017,1.0,True,0.4590188314794619,False,WILH. WILHELMSEN B,Oslo Børs
brent:d95,YAR,1d,3,0.03145002076508167,0.000502692226037544,2.817607627776504,0.004838289593296317,1.0,True,0.2572362564250578,False,YARA INTERNATIONAL,Oslo Børs
brent:d95,ZAL,1d,3,0.009037884423339968,0.0011678391125836756,0.565699520071997,0.5715980615431782,0.6666666666666666,False,0.9878463438452625,False,ZALARIS,Oslo Børs
brent:d95,ABG,1m,3,0.10490951587187032,0.014318861025933043,2.132925332473309,0.03293085187580599,1.0,True,0.8116549380126422,False,ABG SUNDAL COLLIER,Oslo Børs
brent:d95,AFG,1m,3,0.04029661271126341,0.015729281344322416,0.5945506679727885,0.5521438640662334,1.0,True,0.9969061973633782,False,AF GRUPPEN,Oslo Børs
brent:d95,AKAST,1m,3,-0.07382915626934633,0.0051516374767444145,-1.2954751755527696,0.19515635959081618,0.6666666666666666,False,0.9969061973633782,False,AKASTOR,Oslo Børs
brent:d95,AKER,1m,3,0.006178410662958933,0.0026210942218231922,0.034548160066135515,0.9724400390698459,0.3333333333333333,False,0.9969061973633782,False,AKER,Oslo Børs
brent:d95,AKRBP,1m,3,0.0886040931229663,0.016458183109093374,1.1750342580635056,0.2399810102873853,0.6666666666666666,True,0.9969061973633782,False,AKER BP,Oslo Børs
brent:d95,AKSO,1m,3,0.07387795474164648,0.006155809988044483,0.9841382717385799,0.325047531546107,1.0,True,0.9969061973633782,False,AKER SOLUTIONS,Oslo Børs
brent:d95,AKVA,1m,3,0.024622890096544187,0.013100487948675405,0.19489421749660138,0.8454757611626476,0.6666666666666666,False,0.9969061973633782,False,AKVA GROUP,Oslo Børs
brent:d95,ALNG,1m,3,-0.1403175951222226,-0.008946756722929014,-1.7207157655585121,0.08530241411109257,1.0,True,0.9185018360434064,False,ALNG,Euronext Expand Oslo
brent:d95,ABTEC,1m,3,-0.38856840739455484,-0.020158943423121467,-2.5434336085138045,0.010976891525183715,0.6666666666666666,True,0.8094803887012854,False,AQUA BIO TECHNO,Euronext Expand Oslo
brent:d95,AQUA,1m,3,0.034407376825590495,0.011518732023196126,0.4271132259273649,0.6692968601214867,0.6666666666666666,False,0.9969061973633782,False,AQUALIS,Oslo Børs
brent:d95,ARCH,1m,3,-0.1384932750473686,-0.018538680419842666,-1.31495252658791,0.18852585787363016,0.6666666666666666,False,0.9969061973633782,False,ARCHER,Oslo Børs
brent:d95,AZT,1m,3,0.08663986691190241,0.008481690843315548,0.6636181275461372,0.5069347521102099,0.6666666666666666,True,0.9969061973633782,False,ARCTICZYMES TECHNO,Oslo Børs
brent:d95,AFK,1m,3,0.07180292978457024,0.013356752009756728,1.31741153721916,0.1877007157629067,1.0,True,0.9969061973633782,False,ARENDALS FOSSEKOMP,Oslo Børs
brent:d95,ARR,1m,3,0.06398794260459707,-0.037047541613320994,0.6001768597013148,0.5483883737468942,0.6666666666666666,True,0.9969061973633782,False,ARRIBATEC GROUP,Oslo Børs
brent:d95,ATEA,1m,3,0.0032931049499348255,0.0023317393122613563,0.015254171817391205,0.9878294038164128,0.6666666666666666,False,0.9986807999722572,False,ATEA,Oslo Børs
brent:d95,AURG,1m,3,5.348072067448001e-05,0.013367658685875423,-0.3725240847775209,0.7095026832351704,0.3333333333333333,False,0.9969061973633782,False,AURSKOG SPAREBANK,Oslo Børs
brent:d95,AUSS,1m,3,-0.009390696115251356,0.01022179182449792,-0.3950265990782994,0.6928232578067008,0.6666666666666666,False,0.9969061973633782,False,AUSTEVOLL SEAFOOD,Oslo Børs
brent:d95,ACR,1m,3,-0.09283520212424606,-0.017478445822848042,-0.6909689021209748,0.48958508407353346,0.6666666666666666,True,0.9969061973633782,False,AXACTOR,Oslo Børs
brent:d95,BAKKA,1m,3,0.029865935061432407,0.01585095712967361,0.30113351003115674,0.763312688968631,0.3333333333333333,False,0.9969061973633782,False,BAKKAFROST,Oslo Børs
brent:d95,BNOR,1m,3,-0.1118153103782103,-0.02012590887252675,-0.5907346907936657,0.554698200186195,0.6666666666666666,True,0.9969061973633782,False,BLUENORD,Oslo Børs
brent:d95,BONHR,1m,3,-0.059773152263966976,0.008906010392506672,-1.587102296089785,0.11248947795928435,0.6666666666666666,True,0.9185018360434064,False,BONHEUR,Oslo Børs
brent:d95,BOR,1m,3,-0.004037564151678902,-0.008037560104627804,0.05482967153793361,0.9562741614823713,0.6666666666666666,False,0.9969061973633782,False,BORGESTAD,Oslo Børs
brent:d95,BRG,1m,3,-0.0049629710834234175,0.017161845296505038,-0.5018737422657523,0.6157563366992191,0.3333333333333333,False,0.9969061973633782,False,BORREGAARD,Oslo Børs
brent:d95,BOUV,1m,3,0.02166029923676821,0.018670786695746937,0.08368268511948687,0.9333087241244878,0.6666666666666666,False,0.9969061973633782,False,BOUVET,Oslo Børs
brent:d95,BWLPG,1m,3,0.07738989739759056,0.01832449418199856,0.8164463571260848,0.41424489224422956,0.6666666666666666,True,0.9969061973633782,False,BW LPG,Oslo Børs
brent:d95,BWO,1m,3,-0.0251543715910581,-0.0034152572074029625,-0.26967978689276845,0.7874066123013617,0.3333333333333333,False,0.9969061973633782,False,BW OFFSHORE LTD,Oslo Børs
brent:d95,BMA,1m,3,0.06459615255747155,0.01720873011811188,0.7056983076719993,0.4803757736264918,1.0,True,0.9969061973633782,False,BYGGMA,Euronext Growth Oslo
brent:d95,CONTX,1m,3,0.00368294288767518,0.0011465683574496852,0.034903031785785334,0.9721570630723113,0.3333333333333333,False,0.9969061973633782,False,CONTEXTVISION,Oslo Børs
brent:d95,DNB,1m,3,0.02059674911330554,0.012516274743207247,0.21334868118081013,0.8310550054078537,0.6666666666666666,False,0.9969061973633782,False,DNB BANK,Oslo Børs
brent:d95,DNO,1m,3,-0.04034107683942092,0.013771539241365885,-0.7866283386481471,0.43149946506235326,0.6666666666666666,False,0.9969061973633782,False,DNO,Oslo Børs
brent:d95,EAM,1m,3,0.23393655174739378,-0.03852106946831057,1.277646513628488,0.20137409217851984,0.6666666666666666,False,0.9969061973633782,False,EAM SOLAR,Euronext Growth Oslo
brent:d95,EIOF,1m,3,-0.06326333243704062,-0.002025864246604746,-1.152579171189851,0.2490831565111986,0.6666666666666666,True,0.9969061973633782,False,EIDESVIK OFFSHORE,Oslo Børs
brent:d95,ENDUR,1m,3,-0.07363389086193989,-0.0071372018422526185,-0.7431657942213388,0.4573813097706073,0.6666666666666666,False,0.9969061973633782,False,ENDÚR,Oslo Børs
brent:d95,ENSU,1m,3,-0.17075106204607907,-0.034260569882891834,-0.9266924108424797,0.35408625898006607,1.0,True,0.9969061973633782,False,ENSURGE MICROPOWER,Oslo Børs
brent:d95,ENTRA,1m,3,-0.023718302482984177,0.007599551692009191,-0.9177210077418853,0.35876494648929014,0.6666666666666666,True,0.9969061973633782,False,ENTRA,Oslo Børs
brent:d95,EQNR,1m,3,0.10947399746224024,0.009238835903936302,2.741243628194453,0.00612071052071653,0.6666666666666666,True,0.7663129571937096,False,EQUINOR,Oslo Børs
brent:d95,EQVA,1m,3,0.00341532177633073,0.014121517761497178,-0.07526612116411086,0.9400029763918683,0.6666666666666666,False,0.9969061973633782,False,EQVA,Oslo Børs
brent:d95,FRO,1m,3,0.02134568653371029,-0.00017960721994355472,0.25842859777390265,0.796076148157196,0.6666666666666666,False,0.9969061973633782,False,FRONTLINE,Oslo Børs
brent:d95,GJF,1m,3,0.026627021311655896,0.013514293034070275,0.3962526614466027,0.6919186457161532,0.6666666666666666,True,0.9969061973633782,False,GJENSIDIGE FORSIKR,Oslo Børs
brent:d95,GOD,1m,3,-0.07575054661994224,-0.015220635571359276,-0.705256768320835,0.48065045904540377,1.0,True,0.9969061973633782,False,GOODTECH,Oslo Børs
brent:d95,GSF,1m,3,-0.012639721299614083,0.011343744165815864,-0.3157384809387134,0.7522010160793458,0.6666666666666666,True,0.9969061973633782,False,GRIEG SEAFOOD,Oslo Børs
brent:d95,GYL,1m,3,0.01270825886599164,0.002610002845210458,0.15598645274092984,0.8760436996526684,0.3333333333333333,False,0.9969061973633782,False,GYLDENDAL,Oslo Børs
brent:d95,HAVI,1m,3,-0.028510119386368642,-0.01713427012347539,-0.08055252811687515,0.9357978205295368,0.6666666666666666,False,0.9969061973633782,False,HAVILA SHIPPING,Oslo Børs
brent:d95,HEX,1m,3,0.04140785130337896,0.004574933122733499,0.49970250429477786,0.6172845688745372,1.0,True,0.9969061973633782,False,HEXAGON COMPOSITES,Oslo Børs
brent:d95,HBC,1m,3,-0.00506403920463603,-0.007914022762238912,0.03725814078196063,0.970279181118394,0.6666666666666666,False,0.9969061973633782,False,HOFSETH BIOCARE,Oslo Børs
brent:d95,HUNT,1m,3,0.013993725250224742,0.011675109317198512,0.017319741624172574,0.9861815364264636,0.6666666666666666,False,0.9986807999722572,False,HUNTER GROUP,Euronext Expand Oslo
brent:d95,HSPG,1m,3,0.07418544514250348,0.011163040068578031,0.36483452194505905,0.7152349338852524,0.6666666666666666,False,0.9969061973633782,False,HØLAND OG SETSKOG,Oslo Børs
brent:d95,IDEX,1m,3,0.2213830551199487,-0.020174125441026487,1.752761592900352,0.07964293828981893,0.6666666666666666,True,0.9185018360434064,False,IDEX BIOMETRICS,Oslo Børs
brent:d95,IOX,1m,3,0.022070116431603642,-0.03370235321180977,0.3253553000231015,0.7449121820740113,0.3333333333333333,False,0.9969061973633782,False,INTEROIL EXPL PROD,Oslo Børs
brent:d95,ITERA,1m,3,-0.03142636422450634,0.0034545388202018123,-0.5672916138710854,0.5705160736764177,0.6666666666666666,True,0.9969061973633782,False,ITERA,Oslo Børs
brent:d95,JIN,1m,3,0.12416986253076902,0.004328029835000638,1.529324744453524,0.12618395830628268,0.6666666666666666,False,0.9185018360434064,False,JINHUI SHIPP TRANS,Oslo Børs
brent:d95,JAREN,1m,3,0.006612559655639322,0.011389821876197746,-0.12192074607716835,0.9029617852040727,0.6666666666666666,False,0.9969061973633782,False,JÆREN SPAREBANK,Oslo Børs
brent:d95,KIT,1m,3,0.0754439691461509,0.009197231397611492,1.0558001635352061,0.291059523511345,0.6666666666666666,True,0.9969061973633782,False,KITRON,Oslo Børs
brent:d95,KOA,1m,3,-0.2948669466323852,-0.014573507567323247,-2.786545508492288,0.00532731373061545,1.0,True,0.7663129571937096,False,KONGSBERG AUTOMOT,Oslo Børs
brent:d95,KOG,1m,3,0.07953830229180416,0.016333353503457573,1.3368788064448665,0.18126219982543454,0.6666666666666666,True,0.9969061973633782,False,KONGSBERG GRUPPEN,Oslo Børs
brent:d95,LSG,1m,3,-0.038837480207082754,0.014289023348642807,-1.06000623458698,0.28914176297877375,1.0,True,0.9969061973633782,False,LERØY SEAFOOD GP,Oslo Børs
brent:d95,MGN,1m,3,-0.060507211295571704,-0.00533544006161866,-0.5348256988572571,0.5927703907309678,0.3333333333333333,False,0.9969061973633782,False,MAGNORA,Oslo Børs
brent:d95,MEDI,1m,3,0.12028292310802774,0.017886212225151965,1.8541454604410559,0.06371835235902139,0.6666666666666666,True,0.9185018360434064,False,MEDISTIM,Oslo Børs
brent:d95,MELG,1m,3,0.027786766475836982,0.007937843240792672,0.5936142320001997,0.5527701598739236,0.6666666666666666,True,0.9969061973633782,False,MELHUS SPAREBANK,Oslo Børs
brent:d95,MOWI,1m,3,-0.025184577349371646,-0.00688800642239794,-0.1805753594036336,0.8567008982519814,0.6666666666666666,True,0.9969061973633782,False,MOWI,Oslo Børs
brent:d95,NAPA,1m,3,0.05690106000472315,0.006972355025437114,0.4193437100257513,0.6749649562045268,0.6666666666666666,True,0.9969061973633782,False,NAPATECH,Oslo Børs
brent:d95,NAVA,1m,3,0.07134394795443653,0.004962874415689464,0.8986475754404069,0.3688404091209317,1.0,True,0.9969061973633782,False,NAVAMEDIC,Oslo Børs
brent:d95,NKR,1m,3,-0.020966784120263038,0.008044551835203471,-0.38907448128275224,0.6972210501432542,0.6666666666666666,False,0.9969061973633782,False,NEKKAR,Oslo Børs
brent:d95,NEL,1m,3,0.023470706492396815,-0.02884606126857582,0.25865828518519607,0.795898908007143,0.3333333333333333,False,0.9969061973633782,False,NEL,Oslo Børs
brent:d95,NEXT,1m,3,-0.15895349791182847,-0.055971872107373914,-0.7279426677793532,0.4666486827534336,0.6666666666666666,True,0.9969061973633782,False,NEXT BIOMETRICS GP,Oslo Børs
brent:d95,NOM,1m,3,-0.09515381726810285,-0.013567064061532755,-0.7527619394859109,0.4515929818244205,0.3333333333333333,False,0.9969061973633782,False,NORDIC MINING,Oslo Børs
brent:d95,NOD,1m,3,0.0569947904910823,0.01605116061098022,0.5071792797518099,0.6120290320559375,0.6666666666666666,False,0.9969061973633782,False,NORDIC SEMICONDUC,Oslo Børs
brent:d95,NHY,1m,3,0.010359673730837517,0.011398762260576326,-0.024786777710320774,0.9802250376781733,0.3333333333333333,False,0.9986807999722572,False,NORSK HYDRO,Oslo Børs
brent:d95,NORTH,1m,3,0.10972345395929944,-0.001919928187978809,1.6660470330105872,0.09570404698246032,1.0,True,0.9185018360434064,False,NORTH ENERGY,Euronext Expand Oslo
brent:d95,NAS,1m,3,-0.11616912890166321,-0.018747775950652742,-0.8758372174944128,0.3811185341651194,0.6666666666666666,True,0.9969061973633782,False,NORWEGIAN AIR SHUT,Oslo Børs
brent:d95,NRC,1m,3,0.05518897967753528,-0.02925158868141959,0.6830775026603709,0.4945578704770448,0.6666666666666666,False,0.9969061973633782,False,NRC GROUP,Oslo Børs
brent:d95,ODL,1m,3,-0.16426629081170466,0.007850093527523524,-2.4427630242134053,0.014575304395612778,0.6666666666666666,True,0.8094803887012854,False,ODFJELL DRILLING,Oslo Børs
brent:d95,ODF,1m,3,-0.036656047610985086,0.010533165687982717,-0.9258380667585951,0.35453014109394787,0.6666666666666666,False,0.9969061973633782,False,ODFJELL SER. A,Oslo Børs
brent:d95,ODFB,1m,3,-0.044773656813601515,0.011230835929658739,-1.1581887598889815,0.2467870142574561,0.6666666666666666,True,0.9969061973633782,False,ODFJELL SER. B,Oslo Børs
brent:d95,ORK,1m,3,0.0844809911011079,0.009045165170305257,1.5603341930317056,0.11868092708454717,1.0,True,0.9185018360434064,False,ORKLA,Oslo Børs
brent:d95,PEN,1m,3,0.03764169835751935,-0.0013494995907094947,0.49895499868274507,0.6178110870444948,0.6666666666666666,False,0.9969061973633782,False,PANORO ENERGY,Oslo Børs
brent:d95,PSE,1m,3,0.04018590790596105,-0.030625455270504996,0.6552616662541488,0.5122992970980141,0.6666666666666666,False,0.9969061973633782,False,PETROLIA,Oslo Børs
brent:d95,PHO,1m,3,-0.08349368477076825,0.0006646204698637655,-1.224483702265873,0.22076981073418653,1.0,True,0.9969061973633782,False,PHOTOCURE,Oslo Børs
brent:d95,POL,1m,3,-0.0036410442006554905,-0.008010335797010723,0.03457281761721802,0.9724203769365327,0.6666666666666666,False,0.9969061973633782,False,POLARIS MEDIA,Oslo Børs
brent:d95,PRS,1m,3,0.17847504706144054,-0.02970845071314479,1.84563375671098,0.06494540160819419,1.0,True,0.9185018360434064,False,PROSAFE,Oslo Børs
brent:d95,PROT,1m,3,0.1204789337939926,0.023138450859335965,1.8862669746252203,0.059258987275340735,1.0,True,0.9185018360434064,False,PROTECTOR FORSIKRG,Oslo Børs
brent:d95,QEC,1m,3,-0.14485801534383078,-0.00023534380876333083,-1.2205242852502922,0.22226618908988724,0.6666666666666666,True,0.9969061973633782,False,QUESTERRE ENERGY,Oslo Børs
brent:d95,REACH,1m,3,-0.0653280431770006,-0.008634743856865384,-0.5198631760673249,0.6031589427184307,0.3333333333333333,False,0.9969061973633782,False,REACH SUBSEA,Oslo Børs
brent:d95,ROGS,1m,3,-0.03994197765991864,0.011409108471373709,-1.1134510144086016,0.26551477561292974,0.6666666666666666,False,0.9969061973633782,False,ROGALAND SPAREBANK,Oslo Børs
brent:d95,ROM,1m,3,0.05741169541626943,-0.009518165107086779,0.6627046466035893,0.5075197332627354,0.6666666666666666,True,0.9969061973633782,False,ROMREAL,Euronext Expand Oslo
brent:d95,SDSD,1m,3,0.013057606470168662,-0.009200516140203226,0.20015926149661561,0.8413560270166321,0.3333333333333333,False,0.9969061973633782,False,S.D. STANDARD ETC,Oslo Børs
brent:d95,SAGA,1m,3,-0.05097530232069714,-0.00645605018007786,-0.5835105844611351,0.5595496338496653,0.6666666666666666,True,0.9969061973633782,False,SAGA PURE,Oslo Børs
brent:d95,SALM,1m,3,0.01084112095345352,0.020397106854251206,-0.17556414531159226,0.8606363726583919,0.3333333333333333,False,0.9969061973633782,False,SALMAR,Oslo Børs
brent:d95,SCANA,1m,3,-0.13714521484827383,-0.0187126117901114,-1.1405188405063014,0.25407020801026503,0.6666666666666666,True,0.9969061973633782,False,SCANA,Oslo Børs
brent:d95,SCATC,1m,3,0.0888968487448793,0.015735287590899587,1.195976701559302,0.2317056511260766,1.0,True,0.9969061973633782,False,SCATEC,Oslo Børs
brent:d95,SEA1,1m,3,-0.1558626076586271,-0.001078372193820828,-1.2428247353359372,0.2139324254473087,0.6666666666666666,True,0.9969061973633782,False,Sea1 Offshore,Euronext Growth Oslo
brent:d95,ENH,1m,3,-0.12578728693325486,-0.05979493513383804,-0.3917437602119341,0.6952475530822131,0.6666666666666666,True,0.9969061973633782,False,SED ENERGY HOLDING,Oslo Børs
brent:d95,SBO,1m,3,0.0018683284882941946,0.01237515314389767,-0.25660204173851536,0.7974859986897568,0.3333333333333333,False,0.9969061973633782,False,SELVAAG BOLIG,Oslo Børs
brent:d95,SKUE,1m,3,0.008118892766907674,0.01052542622753852,-0.06429816595337537,0.948732813792133,0.3333333333333333,False,0.9969061973633782,False,SKUE SPAREBANK,Oslo Børs
brent:d95,SOGN,1m,3,0.03208555830958435,0.013263568680123015,0.4232050173997456,0.672145686403351,0.6666666666666666,False,0.9969061973633782,False,SOGN SPAREBANK,Oslo Børs
brent:d95,SOFF,1m,3,-0.04408731009158231,-0.018902047111480358,-0.1451395588494949,0.8846006855089926,0.6666666666666666,False,0.9969061973633782,False,SOLSTAD OFFSHORE,Oslo Børs
brent:d95,MING,1m,3,0.02632892121517096,0.013287205326481118,0.4106903987110918,0.6812995680830234,0.6666666666666666,False,0.9969061973633782,False,SPAREBANK 1 SMN,Oslo Børs
brent:d95,SB1NO,1m,3,0.0022351682657986336,0.008807179802709278,-0.17981606516058346,0.8572969710184624,0.6666666666666666,False,0.9969061973633782,False,SPAREBANK 1 SØR-N,Oslo Børs
brent:d95,MORG,1m,3,-0.0238478600857638,0.008738036598361294,-1.0506902032595102,0.293400896930541,0.6666666666666666,False,0.9969061973633782,False,SPAREBANKEN MØRE,Oslo Børs
brent:d95,SBNOR,1m,3,0.05572702503670607,0.010970433204509047,1.339587832702782,0.18037938169175824,1.0,True,0.9969061973633782,False,SPAREBANKEN NORGE,Oslo Børs
brent:d95,SPOG,1m,3,-0.01300514386989665,0.009549160269489456,-0.5975278099789081,0.5501550454464977,0.3333333333333333,False,0.9969061973633782,False,SPAREBANKEN ØST,Oslo Børs
brent:d95,HELG,1m,3,-0.042685966435529375,0.012400149777310191,-1.750754683753181,0.07998817551388095,0.6666666666666666,True,0.9185018360434064,False,SPBK1 HELGELAND,Oslo Børs
brent:d95,NONG,1m,3,0.029238740995286876,0.009568899012034457,0.5977207590354371,0.5500262716368312,0.6666666666666666,True,0.9969061973633782,False,SPBK1 NORD-NORGE,Oslo Børs
brent:d95,RING,1m,3,-0.00427849520339531,0.015356635782763141,-0.556520618805469,0.5778550031018834,0.3333333333333333,False,0.9969061973633782,False,SPBK1 RINGERIKE,Oslo Børs
brent:d95,SOAG,1m,3,0.03112064106165041,0.014106450672413466,0.4819045613319263,0.6298737456782558,0.6666666666666666,True,0.9969061973633782,False,SPBK1 ØSTFOLD AKE,Oslo Børs
brent:d95,SNI,1m,3,-0.058364942872713675,0.004166214977273222,-1.1451031804300635,0.2521664181865659,0.6666666666666666,True,0.9969061973633782,False,STOLT-NIELSEN,Oslo Børs
brent:d95,STB,1m,3,0.04742294036523755,0.007317077551267919,0.7706225725092507,0.4409306777318155,0.6666666666666666,False,0.9969061973633782,False,STOREBRAND,Oslo Børs
brent:d95,STRO,1m,3,-0.024050962335253667,0.0037320214510449374,-0.24239391287067216,0.8084749505930136,0.3333333333333333,False,0.9969061973633782,False,STRONGPOINT,Oslo Børs
brent:d95,SUBC,1m,3,0.049794145545906277,0.001978567162650946,0.7419664978091891,0.4581076341513589,0.3333333333333333,False,0.9969061973633782,False,SUBSEA 7,Oslo Børs
brent:d95,TECH,1m,3,-0.14257972342774045,-0.02202117948986074,-1.1800605212985111,0.23797614486148663,1.0,True,0.9969061973633782,False,TECHSTEP,Oslo Børs
brent:d95,TEL,1m,3,0.06348297857541046,0.006969238351058728,1.429114538349367,0.15297131555506638,0.6666666666666666,True,0.9969061973633782,False,TELENOR,Oslo Børs
brent:d95,TGS,1m,3,0.08261107754416214,0.011762515026002856,1.2583194690835626,0.20827624288827734,1.0,True,0.9969061973633782,False,TGS,Oslo Børs
brent:d95,TOM,1m,3,0.04251328760311507,0.006696381717711492,0.6082244241129132,0.54303863774511,0.6666666666666666,True,0.9969061973633782,False,TOMRA SYSTEMS,Oslo Børs
brent:d95,VEI,1m,3,-0.009694790361282199,0.014361978610844019,-0.61192791596625,0.5405854508797006,0.3333333333333333,False,0.9969061973633782,False,VEIDEKKE,Oslo Børs
brent:d95,VOIM,1m,3,-0.05742830027665389,-0.03289513790290616,-0.19086642964933972,0.8486302418763246,0.6666666666666666,False,0.9969061973633782,False,VOIM,Oslo Børs
brent:d95,VVL,1m,3,-0.015946236761084438,0.010927873895689704,-0.6680243469423662,0.5041180512874166,0.6666666666666666,False,0.9969061973633782,False,VOSS VEKSEL OGLAND,Oslo Børs
brent:d95,VOW,1m,3,0.07033972808920068,0.0035252173231292974,0.606382505214288,0.5442607829959842,0.6666666666666666,False,0.9969061973633782,False,VOW,Oslo Børs
brent:d95,WAWI,1m,3,-0.028175333401672092,0.02014346830607993,-0.7734267263704395,0.4392698778795612,0.3333333333333333,False,0.9969061973633782,False,WALLENIUS WILHELMS,Oslo Børs
brent:d95,WWI,1m,3,0.024163758390699824,0.01547959944782219,0.2151722633631338,0.8296330150667709,0.3333333333333333,False,0.9969061973633782,False,WILH. WILHELMSEN A,Oslo Børs
brent:d95,WWIB,1m,3,0.027485355254138182,0.012564285025107307,0.3840584797651085,0.7009351042815022,0.6666666666666666,True,0.9969061973633782,False,WILH. WILHELMSEN B,Oslo Børs
brent:d95,YAR,1m,3,0.11096592053718707,0.011174037871488764,2.080068198194399,0.037519278028332756,1.0,True,0.8116549380126422,False,YARA INTERNATIONAL,Oslo Børs
brent:d95,ZAL,1m,3,0.026401295614851994,0.013015730005518792,0.2493436119607496,0.8030949989025651,0.6666666666666666,False,0.9969061973633782,False,ZALARIS,Oslo Børs
brent:d95,ABG,3m,3,0.11947304811572351,0.04596968976203969,0.9863855795125794,0.3239439387176193,0.6666666666666666,True,0.9949167923620882,False,ABG SUNDAL COLLIER,Oslo Børs
brent:d95,AFG,3m,3,0.048593201533177706,0.055895950041981265,-0.10624185506522658,0.9153904633057486,0.6666666666666666,False,0.9949167923620882,False,AF GRUPPEN,Oslo Børs
brent:d95,AKAST,3m,3,-0.11227621209515849,0.021223160767613835,-1.2808587096568624,0.20024329808558988,0.6666666666666666,True,0.9903733062802498,False,AKASTOR,Oslo Børs
brent:d95,AKER,3m,3,0.10648201773918271,0.023613413456556123,0.4149176663376238,0.6782021766680909,1.0,True,0.9949167923620882,False,AKER,Oslo Børs
brent:d95,AKRBP,3m,3,0.26439832715349865,0.046705838434979496,1.913749892218278,0.055652120763856866,1.0,True,0.8357574804557348,False,AKER BP,Oslo Børs
brent:d95,AKSO,3m,3,0.20276742315534527,0.01614657250010533,1.484889996371231,0.1375729664198687,1.0,True,0.9880798190048607,False,AKER SOLUTIONS,Oslo Børs
brent:d95,AKVA,3m,3,0.10584269591515598,0.03114529582459995,0.8009111940498674,0.4231830591735451,0.3333333333333333,False,0.9949167923620882,False,AKVA GROUP,Oslo Børs
brent:d95,ALNG,3m,3,-0.05293310494793534,-0.017531675081244667,-0.2608297930767344,0.7942237679326732,0.6666666666666666,True,0.9949167923620882,False,ALNG,Euronext Expand Oslo
brent:d95,ABTEC,3m,3,-0.0714317164627829,-0.08308831455945792,0.04517257191370601,0.9639697563679966,0.3333333333333333,False,0.9949167923620882,False,AQUA BIO TECHNO,Euronext Expand Oslo
brent:d95,AQUA,3m,3,0.21597113703573656,0.030186012994798405,1.8298991206887463,0.06726502496981855,0.6666666666666666,True,0.8408128121227318,False,AQUALIS,Oslo Børs
brent:d95,ARCH,3m,3,-0.01856478920643907,-0.061755628655009116,0.26711829860084124,0.7893780790815803,0.6666666666666666,False,0.9949167923620882,False,ARCHER,Oslo Børs
brent:d95,AZT,3m,3,0.4710597064200033,0.005633399142667202,2.4373860271041887,0.014793876970311856,0.6666666666666666,False,0.5902420884115092,False,ARCTICZYMES TECHNO,Oslo Børs
brent:d95,AFK,3m,3,0.04093838077890141,0.04077161842520596,0.0021753624978131975,0.9982643132177822,0.6666666666666666,False,0.9993753932073317,False,ARENDALS FOSSEKOMP,Oslo Børs
brent:d95,ARR,3m,3,0.142233070756333,-0.11067352761115716,0.7954290609069894,0.4263639608464961,0.6666666666666666,True,0.9949167923620882,False,ARRIBATEC GROUP,Oslo Børs
brent:d95,ATEA,3m,3,-0.060136647911822855,0.00037018901878267397,-0.5354800251256493,0.5923179664337549,0.6666666666666666,True,0.9949167923620882,False,ATEA,Oslo Børs
brent:d95,AURG,3m,3,-0.02415695052642655,0.039029766386497224,-0.9961783689606406,0.3191634874666581,0.3333333333333333,False,0.9949167923620882,False,AURSKOG SPAREBANK,Oslo Børs
brent:d95,AUSS,3m,3,-0.05583687687953708,0.035819446690818664,-1.0531419156470014,0.29227595469286105,1.0,True,0.9949167923620882,False,AUSTEVOLL SEAFOOD,Oslo Børs
brent:d95,ACR,3m,3,-0.30673842119588085,-0.04209793498117125,-1.4998360564640634,0.13365687490481332,1.0,True,0.9827711390059803,False,AXACTOR,Oslo Børs
brent:d95,BAKKA,3m,3,0.061678389498019404,0.056260706122791077,0.06760714102602998,0.9460983706916732,0.3333333333333333,False,0.9949167923620882,False,BAKKAFROST,Oslo Børs
brent:d95,BNOR,3m,3,-0.3253168557593667,-0.05455056052516697,-0.9806866487319043,0.32674728984898216,0.3333333333333333,False,0.9949167923620882,False,BLUENORD,Oslo Børs
brent:d95,BONHR,3m,3,-0.006822470429144217,0.030616785845942112,-0.5136985736016777,0.6074627493859002,0.6666666666666666,False,0.9949167923620882,False,BONHEUR,Oslo Børs
brent:d95,BOR,3m,3,-0.10391281862169484,-0.021504787590541134,-0.6262798233317493,0.5311314180528517,1.0,True,0.9949167923620882,False,BORGESTAD,Oslo Børs
brent:d95,BRG,3m,3,-0.018154628846320974,0.04525347929384393,-0.8801205039557167,0.3787940326546126,0.6666666666666666,False,0.9949167923620882,False,BORREGAARD,Oslo Børs
brent:d95,BOUV,3m,3,0.02579832223706152,0.06477099248983399,-0.6047010555237148,0.5453776466869088,0.6666666666666666,False,0.9949167923620882,False,BOUVET,Oslo Børs
brent:d95,BWLPG,3m,3,0.04797492727582258,0.050418681055561666,-0.01935251096218008,0.9845598940671139,0.6666666666666666,False,0.9949167923620882,False,BW LPG,Oslo Børs
brent:d95,BWO,3m,3,0.050860532322292706,-0.005634005132955488,0.4353853231490265,0.6632827618261183,0.6666666666666666,False,0.9949167923620882,False,BW OFFSHORE LTD,Oslo Børs
brent:d95,BMA,3m,3,0.211443983820764,0.0460134897217056,1.5509967325897092,0.12090246698481581,1.0,True,0.9565068590570871,False,BYGGMA,Euronext Growth Oslo
brent:d95,CONTX,3m,3,0.19239151594139758,0.007523738460098915,1.4452651082423646,0.14838343451718447,0.3333333333333333,False,0.9903733062802498,False,CONTEXTVISION,Oslo Børs
brent:d95,DNB,3m,3,0.052977337037425916,0.03153663514398895,0.3696754039978172,0.7116243603088801,0.6666666666666666,True,0.9949167923620882,False,DNB BANK,Oslo Børs
brent:d95,DNO,3m,3,0.033975106166684386,0.039615505118023794,-0.046161540873270984,0.9631814957157543,0.6666666666666666,False,0.9949167923620882,False,DNO,Oslo Børs
brent:d95,EAM,3m,3,0.2079535730458267,-0.09953924772011608,0.9130568576341679,0.36121263884306026,0.6666666666666666,False,0.9949167923620882,False,EAM SOLAR,Euronext Growth Oslo
brent:d95,EIOF,3m,3,-0.09972358616017997,-0.00021278166040578704,-0.9897082136339148,0.32231675916556335,0.6666666666666666,False,0.9949167923620882,False,EIDESVIK OFFSHORE,Oslo Børs
brent:d95,ENDUR,3m,3,-0.1346306758356724,-0.01667546761991994,-0.8541849517952436,0.39300251971080147,0.6666666666666666,True,0.9949167923620882,False,ENDÚR,Oslo Børs
brent:d95,ENSU,3m,3,-0.032098740938199914,-0.10637144767525672,0.29009260992510605,0.7717453892622513,0.6666666666666666,False,0.9949167923620882,False,ENSURGE MICROPOWER,Oslo Børs
brent:d95,ENTRA,3m,3,-0.12394440408202977,0.020752584838070527,-2.4639733455019606,0.013740632928881703,1.0,True,0.5902420884115092,False,ENTRA,Oslo Børs
brent:d95,EQNR,3m,3,0.20240465407551256,0.02985725281502489,2.7662972036674334,0.005669683663550375,1.0,True,0.46186649180531186,False,EQUINOR,Oslo Børs
brent:d95,EQVA,3m,3,-0.031283639727456285,0.024756998316376396,-0.22832802774834549,0.819391236979255,0.3333333333333333,False,0.9949167923620882,False,EQVA,Oslo Børs
brent:d95,FRO,3m,3,-0.02757361362632769,0.00041860074425619274,-0.17525273704929195,0.8608810473098066,0.6666666666666666,False,0.9949167923620882,False,FRONTLINE,Oslo Børs
brent:d95,GJF,3m,3,-0.06304381105992972,0.0492344459171037,-1.9213832394367483,0.05468340997921472,1.0,True,0.8357574804557348,False,GJENSIDIGE FORSIKR,Oslo Børs
brent:d95,GOD,3m,3,0.07545434297966833,-0.030376166251425224,0.6674829029850482,0.5044637268845062,0.6666666666666666,True,0.9949167923620882,False,GOODTECH,Oslo Børs
brent:d95,GSF,3m,3,-0.09097103795954975,0.03379867349265511,-0.9298591576945622,0.35244401193237984,0.6666666666666666,True,0.9949167923620882,False,GRIEG SEAFOOD,Oslo Børs
brent:d95,GYL,3m,3,0.004192799501280163,0.006611013910512001,-0.0261457960420714,0.9791410495741695,0.3333333333333333,False,0.9949167923620882,False,GYLDENDAL,Oslo Børs
brent:d95,HAVI,3m,3,-0.04135257391151481,-0.06992510215726182,0.11963622791150391,0.9047713200938821,0.6666666666666666,False,0.9949167923620882,False,HAVILA SHIPPING,Oslo Børs
brent:d95,HEX,3m,3,0.1729855452608935,0.030169528658496217,1.0364656745259706,0.2999849451747562,1.0,True,0.9949167923620882,False,HEXAGON COMPOSITES,Oslo Børs
brent:d95,HBC,3m,3,0.087421344976724,-0.009692893810675663,0.7059425679008402,0.48022385400583234,1.0,True,0.9949167923620882,False,HOFSETH BIOCARE,Oslo Børs
brent:d95,HUNT,3m,3,0.21140668260708262,0.011883809634809905,0.8869721779738196,0.37509387971211267,0.3333333333333333,False,0.9949167923620882,False,HUNTER GROUP,Euronext Expand Oslo
brent:d95,HSPG,3m,3,-0.007082108632895333,0.056889838972770314,-0.24614135273012644,0.805572812724018,0.6666666666666666,False,0.9949167923620882,False,HØLAND OG SETSKOG,Oslo Børs
brent:d95,IDEX,3m,3,0.5659271263666019,-0.04652255132212998,2.6134573776507732,0.008963126269997703,1.0,True,0.5554692232920665,False,IDEX BIOMETRICS,Oslo Børs
brent:d95,IOX,3m,3,0.455287494475953,-0.06811253893754476,1.9303735923297223,0.05356056453815618,0.3333333333333333,False,0.8357574804557348,False,INTEROIL EXPL PROD,Oslo Børs
brent:d95,ITERA,3m,3,-0.06242774648943738,-0.0018784542561882272,-0.6755308753010839,0.4993385420587075,0.6666666666666666,False,0.9949167923620882,False,ITERA,Oslo Børs
brent:d95,JIN,3m,3,0.022260571468517464,0.010659818795150081,0.07613588634548955,0.9393109898108851,0.6666666666666666,False,0.9949167923620882,False,JINHUI SHIPP TRANS,Oslo Børs
brent:d95,JAREN,3m,3,-0.022365889383503656,0.03837212796312688,-0.9156242304526838,0.35986401807957313,0.6666666666666666,True,0.9949167923620882,False,JÆREN SPAREBANK,Oslo Børs
brent:d95,KIT,3m,3,0.26226700054664204,0.019442463939502847,1.890530605502449,0.058687031318052675,1.0,True,0.8357574804557348,False,KITRON,Oslo Børs
brent:d95,KOA,3m,3,-0.025598019444239034,-0.0315736971366204,0.038979899711956686,0.9689064141387482,0.6666666666666666,False,0.9949167923620882,False,KONGSBERG AUTOMOT,Oslo Børs
brent:d95,KOG,3m,3,0.06166864219012466,0.048268472781627055,0.1713544280412211,0.8639450858762123,0.6666666666666666,False,0.9949167923620882,False,KONGSBERG GRUPPEN,Oslo Børs
brent:d95,LSG,3m,3,-0.07195442987671277,0.04068127287513767,-1.286898266980452,0.19812974942425055,1.0,True,0.9903733062802498,False,LERØY SEAFOOD GP,Oslo Børs
brent:d95,MGN,3m,3,-0.09608987059003055,-0.011448824341432377,-0.539365472348111,0.5896347004936835,0.6666666666666666,False,0.9949167923620882,False,MAGNORA,Oslo Børs
brent:d95,MEDI,3m,3,0.15115332478254098,0.04285906178584304,1.2053608084080238,0.22806404424295024,0.6666666666666666,True,0.9949167923620882,False,MEDISTIM,Oslo Børs
brent:d95,MELG,3m,3,-0.0036629746187467524,0.027632742748143025,-0.5366171697033181,0.5915320816450964,0.3333333333333333,False,0.9949167923620882,False,MELHUS SPAREBANK,Oslo Børs
brent:d95,MOWI,3m,3,-0.1397429035025361,-0.02196397001155785,-0.5933323780906617,0.5529587342031619,1.0,True,0.9949167923620882,False,MOWI,Oslo Børs
brent:d95,NAPA,3m,3,0.02360091325023066,0.038376253897166916,-0.06846862463482796,0.9454125953599825,0.6666666666666666,False,0.9949167923620882,False,NAPATECH,Oslo Børs
brent:d95,NAVA,3m,3,-0.053685734594216356,0.021204235771730317,-0.6079832886666301,0.5431985575210541,0.6666666666666666,False,0.9949167923620882,False,NAVAMEDIC,Oslo Børs
brent:d95,NKR,3m,3,0.19140861698640924,0.012957908565096423,1.3211409388884614,0.1864543748475785,0.6666666666666666,True,0.9903733062802498,False,NEKKAR,Oslo Børs
brent:d95,NEL,3m,3,0.17045317323450462,-0.04822908220733843,0.8292575293344324,0.4069586977109151,0.6666666666666666,False,0.9949167923620882,False,NEL,Oslo Børs
brent:d95,NEXT,3m,3,-0.3249615647481026,-0.15288610279030757,-0.5736441378459005,0.566208637274979,0.6666666666666666,False,0.9949167923620882,False,NEXT BIOMETRICS GP,Oslo Børs
brent:d95,NOM,3m,3,-0.013092720121375023,-0.028416635463775874,0.08472562598272576,0.9324795226264836,0.3333333333333333,False,0.9949167923620882,False,NORDIC MINING,Oslo Børs
brent:d95,NOD,3m,3,0.1803436633085204,0.04328604856225007,1.0031023440531253,0.31581148383928004,1.0,True,0.9949167923620882,False,NORDIC SEMICONDUC,Oslo Børs
brent:d95,NHY,3m,3,0.022465258792967874,0.03167902981504184,-0.13550075694154023,0.8922159658243292,0.6666666666666666,False,0.9949167923620882,False,NORSK HYDRO,Oslo Børs
brent:d95,NORTH,3m,3,0.007893535237566205,-0.020340065580407945,0.2618373302084789,0.7934468574450418,0.3333333333333333,False,0.9949167923620882,False,NORTH ENERGY,Euronext Expand Oslo
brent:d95,NAS,3m,3,-0.5106212507791626,-0.04572097386362435,-2.097141269833486,0.03598107160220291,0.6666666666666666,True,0.7496056583792273,False,NORWEGIAN AIR SHUT,Oslo Børs
brent:d95,NRC,3m,3,0.27967124650466163,-0.08360927817534752,1.607455511775656,0.10795448109249002,0.6666666666666666,True,0.9565068590570871,False,NRC GROUP,Oslo Børs
brent:d95,ODL,3m,3,-0.21640591636784556,0.03505969797111566,-1.787503991012084,0.07385606764880072,0.6666666666666666,True,0.8666933415769953,False,ODFJELL DRILLING,Oslo Børs
brent:d95,ODF,3m,3,-0.04101979026195745,0.02424586847032028,-0.7617064890257955,0.4462352015870943,0.6666666666666666,False,0.9949167923620882,False,ODFJELL SER. A,Oslo Børs
brent:d95,ODFB,3m,3,-0.0414223577809856,0.023298988978567643,-0.720386202507238,0.47128724276410644,0.6666666666666666,False,0.9949167923620882,False,ODFJELL SER. B,Oslo Børs
brent:d95,ORK,3m,3,0.015179954881144181,0.02977356177747214,-0.2122119107332634,0.8319417149334201,0.6666666666666666,True,0.9949167923620882,False,ORKLA,Oslo Børs
brent:d95,PEN,3m,3,0.13922906108181354,-0.005102952740750228,1.0195236892087163,0.30795441263578777,0.6666666666666666,False,0.9949167923620882,False,PANORO ENERGY,Oslo Børs
brent:d95,PSE,3m,3,-0.05252143680771604,-0.07092476179850922,0.0998324235341272,0.9204773663700935,0.3333333333333333,False,0.9949167923620882,False,PETROLIA,Oslo Børs
brent:d95,PHO,3m,3,-0.03434330260280382,-0.004633271270406015,-0.2452393285980817,0.8062711261367681,0.6666666666666666,False,0.9949167923620882,False,PHOTOCURE,Oslo Børs
brent:d95,POL,3m,3,-0.03841319756400129,-0.0019679064565330563,-0.21147255155154399,0.8325185485702398,0.6666666666666666,False,0.9949167923620882,False,POLARIS MEDIA,Oslo Børs
brent:d95,PRS,3m,3,0.14507081251738377,-0.09980525391435105,1.0484093072781056,0.2944500672344451,0.6666666666666666,True,0.9949167923620882,False,PROSAFE,Oslo Børs
brent:d95,PROT,3m,3,0.1575405872507483,0.07727463230663467,0.9115399650816756,0.36201093813803203,0.6666666666666666,True,0.9949167923620882,False,PROTECTOR FORSIKRG,Oslo Børs
brent:d95,QEC,3m,3,-0.1872167179890377,0.004771821202574071,-0.886475283554699,0.3753614672413613,1.0,True,0.9949167923620882,False,QUESTERRE ENERGY,Oslo Børs
brent:d95,REACH,3m,3,-0.1286613695678714,-0.04607450055571419,-0.4942201580188176,0.6211507049719838,1.0,True,0.9949167923620882,False,REACH SUBSEA,Oslo Børs
brent:d95,ROGS,3m,3,-0.028145574979278155,0.027958832545781444,-0.6880285977814642,0.4914347726504643,0.6666666666666666,False,0.9949167923620882,False,ROGALAND SPAREBANK,Oslo Børs
brent:d95,ROM,3m,3,-0.04441060246616534,-0.025873678268670347,-0.1128914445679943,0.9101166192153011,0.6666666666666666,True,0.9949167923620882,False,ROMREAL,Euronext Expand Oslo
brent:d95,SDSD,3m,3,-0.062004734112670275,-0.021910463666445043,-0.2409945345905541,0.8095593524748275,0.6666666666666666,False,0.9949167923620882,False,S.D. STANDARD ETC,Oslo Børs
brent:d95,SAGA,3m,3,-0.029090048557521,-0.01308388274023178,-0.11617925060534044,0.9075104810008257,0.6666666666666666,False,0.9949167923620882,False,SAGA PURE,Oslo Børs
brent:d95,SALM,3m,3,-0.05999714465039118,0.0592990474256212,-1.3081007754989493,0.1908391304710208,0.6666666666666666,True,0.9903733062802498,False,SALMAR,Oslo Børs
brent:d95,SCANA,3m,3,-0.40634510038793464,-0.04665009305610664,-1.8792394886855015,0.06021179994966458,0.6666666666666666,True,0.8357574804557348,False,SCANA,Oslo Børs
brent:d95,SCATC,3m,3,0.16868443225129173,0.045294699148262195,1.091735874152694,0.27494921216867335,0.6666666666666666,True,0.9949167923620882,False,SCATEC,Oslo Børs
brent:d95,SEA1,3m,3,0.02549200670850572,0.014439195262829852,0.049100558520720275,0.9608391583108147,0.6666666666666666,False,0.9949167923620882,False,Sea1 Offshore,Euronext Growth Oslo
brent:d95,ENH,3m,3,-0.4976988041538495,-0.17808382691626837,-1.1596965141526154,0.2461723899235164,0.6666666666666666,True,0.9949167923620882,False,SED ENERGY HOLDING,Oslo Børs
brent:d95,SBO,3m,3,-0.04436287631562492,0.03246973788425037,-1.052770807803401,0.292446047260105,0.6666666666666666,False,0.9949167923620882,False,SELVAAG BOLIG,Oslo Børs
brent:d95,SKUE,3m,3,0.0011700903312763244,0.03322803353476659,-0.5073222615885876,0.6119287211340536,0.3333333333333333,False,0.9949167923620882,False,SKUE SPAREBANK,Oslo Børs
brent:d95,SOGN,3m,3,0.0845645206404334,0.03909623384983225,0.648370907324135,0.5167450823015334,0.6666666666666666,True,0.9949167923620882,False,SOGN SPAREBANK,Oslo Børs
brent:d95,SOFF,3m,3,0.001697590232966543,-0.043160375046727525,0.15626657359021004,0.875822903030809,0.3333333333333333,False,0.9949167923620882,False,SOLSTAD OFFSHORE,Oslo Børs
brent:d95,MING,3m,3,0.08273315955775011,0.03933530877844994,0.8112110524914615,0.41724447955420685,0.6666666666666666,True,0.9949167923620882,False,SPAREBANK 1 SMN,Oslo Børs
brent:d95,SB1NO,3m,3,0.021489630194212506,0.02504489440854961,-0.05701700766288237,0.9545316470245225,0.6666666666666666,False,0.9949167923620882,False,SPAREBANK 1 SØR-N,Oslo Børs
brent:d95,MORG,3m,3,0.008962156382947515,0.031594438401351746,-0.4050320839333714,0.6854539274990699,0.6666666666666666,False,0.9949167923620882,False,SPAREBANKEN MØRE,Oslo Børs
brent:d95,SBNOR,3m,3,0.09544885060551345,0.029390194184070483,1.1099275150704557,0.2670302626814068,0.6666666666666666,True,0.9949167923620882,False,SPAREBANKEN NORGE,Oslo Børs
brent:d95,SPOG,3m,3,-0.022913645437771957,0.024707799213640903,-0.71498223041724,0.4746200234468745,0.3333333333333333,False,0.9949167923620882,False,SPAREBANKEN ØST,Oslo Børs
brent:d95,HELG,3m,3,-0.05552326844063862,0.03894321883364859,-1.7984271411582742,0.07210934492881707,0.6666666666666666,True,0.8666933415769953,False,SPBK1 HELGELAND,Oslo Børs
brent:d95,NONG,3m,3,0.0689745532511206,0.033039002356881064,0.6305518321672867,0.5283336020024233,0.6666666666666666,True,0.9949167923620882,False,SPBK1 NORD-NORGE,Oslo Børs
brent:d95,RING,3m,3,-0.001588526220385587,0.03881275202513963,-0.6823731104976984,0.4950030541585866,0.3333333333333333,False,0.9949167923620882,False,SPBK1 RINGERIKE,Oslo Børs
brent:d95,SOAG,3m,3,0.04910351782227907,0.036248653242515756,0.2139844554804222,0.8305591791614886,0.6666666666666666,False,0.9949167923620882,False,SPBK1 ØSTFOLD AKE,Oslo Børs
brent:d95,SNI,3m,3,-0.09161849113126574,0.010160615899355881,-1.1656646762132863,0.24375004728645908,0.6666666666666666,True,0.9949167923620882,False,STOLT-NIELSEN,Oslo Børs
brent:d95,STB,3m,3,0.0328810219851784,0.023322638916957475,0.11399432791859741,0.9092422897997687,0.6666666666666666,False,0.9949167923620882,False,STOREBRAND,Oslo Børs
brent:d95,STRO,3m,3,-0.03702808685135309,-0.0035104908049233,-0.20555178032968593,0.8371410468073834,0.6666666666666666,True,0.9949167923620882,False,STRONGPOINT,Oslo Børs
brent:d95,SUBC,3m,3,0.15880118577676205,0.013425785436398748,1.3890423122347428,0.16481988395977995,1.0,True,0.9903733062802498,False,SUBSEA 7,Oslo Børs
brent:d95,TECH,3m,3,-0.27259867902599066,-0.05652838249676118,-1.163001810681034,0.24482876778180598,1.0,True,0.9949167923620882,False,TECHSTEP,Oslo Børs
brent:d95,TEL,3m,3,0.019276538536260074,0.0236300870927232,-0.06661123188948002,0.9468912038526579,0.6666666666666666,False,0.9949167923620882,False,TELENOR,Oslo Børs
brent:d95,TGS,3m,3,0.11090811761790598,0.02659294408031612,0.8947846470109807,0.37090221902196413,1.0,True,0.9949167923620882,False,TGS,Oslo Børs
brent:d95,TOM,3m,3,-0.008725839239779274,0.019505413564715624,-0.2799641616634395,0.7795050006491656,0.3333333333333333,False,0.9949167923620882,False,TOMRA SYSTEMS,Oslo Børs
brent:d95,VEI,3m,3,0.0190038310245494,0.04742652178344461,-0.4098232650748699,0.6819355985005531,0.6666666666666666,False,0.9949167923620882,False,VEIDEKKE,Oslo Børs
brent:d95,VOIM,3m,3,-0.31155880872727976,-0.09947354635977734,-0.9220103792574961,0.3565231617556263,0.6666666666666666,True,0.9949167923620882,False,VOIM,Oslo Børs
brent:d95,VVL,3m,3,0.00212019767772495,0.034672413585877,-0.5061190931699022,0.61277304773287,0.3333333333333333,False,0.9949167923620882,False,VOSS VEKSEL OGLAND,Oslo Børs
brent:d95,VOW,3m,3,-0.004951663180138001,0.002948220783711006,-0.042290879924301965,0.966266815549444,0.6666666666666666,False,0.9949167923620882,False,VOW,Oslo Børs
brent:d95,WAWI,3m,3,0.06766010728512215,0.0678140474555822,-0.0014995153162278198,0.9988035603288694,0.6666666666666666,True,0.9993753932073317,False,WALLENIUS WILHELMS,Oslo Børs
brent:d95,WWI,3m,3,0.057381619239317776,0.0371046886180044,0.3107960486617417,0.7559556737455808,0.6666666666666666,True,0.9949167923620882,False,WILH. WILHELMSEN A,Oslo Børs
brent:d95,WWIB,3m,3,0.058841512525747736,0.036181295126230265,0.3732285632541343,0.7089783391957671,0.6666666666666666,True,0.9949167923620882,False,WILH. WILHELMSEN B,Oslo Børs
brent:d95,YAR,3m,3,0.08223240256148827,0.032361117381353305,0.608405335168918,0.5429186738699292,0.6666666666666666,False,0.9949167923620882,False,YARA INTERNATIONAL,Oslo Børs
brent:d95,ZAL,3m,3,0.06412287229798279,0.04143709635562126,0.23087318670256252,0.8174133219432917,1.0,True,0.9949167923620882,False,ZALARIS,Oslo Børs
brent:d95,ABG,6m,3,0.2610937151126646,0.08728503824101935,1.6138896828188727,0.10655135691990397,0.6666666666666666,True,0.9994189914539522,False,ABG SUNDAL COLLIER,Oslo Børs
brent:d95,AFG,6m,3,0.13151141514283016,0.09164983966439023,0.41302241199295714,0.6795901934809521,0.6666666666666666,True,0.9994189914539522,False,AF GRUPPEN,Oslo Børs
brent:d95,AKAST,6m,3,-0.12425344364650004,0.033799732670601455,-1.1062916479834786,0.2686003056247964,0.6666666666666666,False,0.9994189914539522,False,AKASTOR,Oslo Børs
brent:d95,AKER,6m,3,0.267006265542409,0.0709353505043503,0.6342867390614054,0.5258937091814513,1.0,True,0.9994189914539522,False,AKER,Oslo Børs
brent:d95,AKRBP,6m,3,0.20671950016589927,0.09196378379827443,0.6687227729211619,0.5036723378494609,1.0,True,0.9994189914539522,False,AKER BP,Oslo Børs
brent:d95,AKSO,6m,3,0.2474376044809474,0.03932085144660006,1.2824392353630283,0.1996886080485137,0.6666666666666666,True,0.9994189914539522,False,AKER SOLUTIONS,Oslo Børs
brent:d95,AKVA,6m,3,0.1637955541764668,0.05782754463132761,0.88303393371091,0.3772179374961202,0.6666666666666666,True,0.9994189914539522,False,AKVA GROUP,Oslo Børs
brent:d95,ALNG,6m,3,-0.2050570292238638,-0.04583528563782207,-0.7302446708407343,0.4652406417278624,0.6666666666666666,True,0.9994189914539522,False,ALNG,Euronext Expand Oslo
brent:d95,ABTEC,6m,3,0.0008208762291207853,-0.19195507928537092,0.5343541238686493,0.5930965525338662,0.6666666666666666,False,0.9994189914539522,False,AQUA BIO TECHNO,Euronext Expand Oslo
brent:d95,AQUA,6m,3,0.2697492678387942,0.055260317358035424,1.3223602262178238,0.18604822661283515,1.0,True,0.9994189914539522,False,AQUALIS,Oslo Børs
brent:d95,ARCH,6m,3,-0.21276100134104536,-0.14540421668216363,-0.294685114267233,0.7682344355834366,0.6666666666666666,True,0.9994189914539522,False,ARCHER,Oslo Børs
brent:d95,AZT,6m,3,0.5022161338225485,0.02845796903291232,1.5737191023765982,0.11555240361103451,0.3333333333333333,False,0.9994189914539522,False,ARCTICZYMES TECHNO,Oslo Børs
brent:d95,AFK,6m,3,0.23172608966403563,0.08809600501176675,1.2431509995881738,0.21381219541146135,1.0,True,0.9994189914539522,False,ARENDALS FOSSEKOMP,Oslo Børs
brent:d95,ARR,6m,3,0.2827242189235492,-0.1989826235348507,1.0077806172138235,0.31355979297122133,0.6666666666666666,True,0.9994189914539522,False,ARRIBATEC GROUP,Oslo Børs
brent:d95,ATEA,6m,3,-0.026352631301575075,0.010295478988500032,-0.22833167167398813,0.819388404356755,0.6666666666666666,False,0.9994189914539522,False,ATEA,Oslo Børs
brent:d95,AURG,6m,3,0.04035590715831041,0.07098773171915901,-0.3370748384539247,0.7360604846349303,0.6666666666666666,False,0.9994189914539522,False,AURSKOG SPAREBANK,Oslo Børs
brent:d95,AUSS,6m,3,-0.022962794804102293,0.06177698096525335,-0.7117572532938883,0.4766151073315706,0.6666666666666666,False,0.9994189914539522,False,AUSTEVOLL SEAFOOD,Oslo Børs
brent:d95,ACR,6m,3,-0.4020381682996323,-0.10923268212931589,-1.1232160266015232,0.2613457575785887,1.0,True,0.9994189914539522,False,AXACTOR,Oslo Børs
brent:d95,BAKKA,6m,3,0.1434386285285415,0.10121230379352136,0.36899530437534284,0.7121312247634527,0.3333333333333333,False,0.9994189914539522,False,BAKKAFROST,Oslo Børs
brent:d95,BNOR,6m,3,-0.45734199164464423,-0.12928649728051053,-0.7208454897019876,0.471004583896616,0.6666666666666666,False,0.9994189914539522,False,BLUENORD,Oslo Børs
brent:d95,BONHR,6m,3,0.0431484268244397,0.06009426943984415,-0.16075574230285086,0.8722857843002056,0.3333333333333333,False,0.9994189914539522,False,BONHEUR,Oslo Børs
brent:d95,BOR,6m,3,-0.008098359830486734,-0.04309946253283439,0.18510340417498988,0.8531479316026669,0.6666666666666666,False,0.9994189914539522,False,BORGESTAD,Oslo Børs
brent:d95,BRG,6m,3,0.0665027003580947,0.08326219912429034,-0.1795285389923536,0.8575227104670825,0.6666666666666666,False,0.9994189914539522,False,BORREGAARD,Oslo Børs
brent:d95,BOUV,6m,3,0.12383595377394496,0.12384285427524028,-7.045887166842138e-05,0.9999437819541707,0.6666666666666666,True,0.9999935018945343,False,BOUVET,Oslo Børs
brent:d95,BWLPG,6m,3,0.23636020283475123,0.08068002445341826,0.8486538096990811,0.39607395550380187,0.6666666666666666,True,0.9994189914539522,False,BW LPG,Oslo Børs
brent:d95,BWO,6m,3,-0.07341719212025286,-0.010324836041848317,-0.3609090938736721,0.7181674052110665,0.6666666666666666,False,0.9994189914539522,False,BW OFFSHORE LTD,Oslo Børs
brent:d95,BMA,6m,3,0.32169615972283955,0.08316597794779103,1.6037083124821807,0.10877836276403098,1.0,True,0.9994189914539522,False,BYGGMA,Euronext Growth Oslo
brent:d95,CONTX,6m,3,0.28047207053020395,0.009840945917710717,1.4578095870911831,0.14489303499478554,0.6666666666666666,True,0.9994189914539522,False,CONTEXTVISION,Oslo Børs
brent:d95,DNB,6m,3,0.08704969082968385,0.06291181858318182,0.3155468476683725,0.7523464871144667,0.6666666666666666,True,0.9994189914539522,False,DNB BANK,Oslo Børs
brent:d95,DNO,6m,3,-0.1671303778703748,0.07320803407789567,-1.4394177864585362,0.15003218794281778,0.6666666666666666,False,0.9994189914539522,False,DNO,Oslo Børs
brent:d95,EAM,6m,3,-0.15954249949389318,-0.21197934920311362,0.11792692114358226,0.9061255620902837,0.6666666666666666,False,0.9994189914539522,False,EAM SOLAR,Euronext Growth Oslo
brent:d95,EIOF,6m,3,-0.23907584224276676,-0.005601392988295853,-1.723232483863053,0.08484649163128967,0.6666666666666666,True,0.9994189914539522,False,EIDESVIK OFFSHORE,Oslo Børs
brent:d95,ENDUR,6m,3,-0.05421062706684073,-0.0321440118474131,-0.11561584711679573,0.907957002951505,0.3333333333333333,False,0.9994189914539522,False,ENDÚR,Oslo Børs
brent:d95,ENSU,6m,3,-0.41134175154908864,-0.1885408038519506,-0.5630464785101701,0.5734032351122895,1.0,True,0.9994189914539522,False,ENSURGE MICROPOWER,Oslo Børs
brent:d95,ENTRA,6m,3,-0.10903537103622934,0.04228053901473482,-1.961695271824267,0.049797972648241276,1.0,True,0.9994189914539522,False,ENTRA,Oslo Børs
brent:d95,EQNR,6m,3,0.1986299151308002,0.06502920145538159,1.4562103804479667,0.14533447082205128,1.0,True,0.9994189914539522,False,EQUINOR,Oslo Børs
brent:d95,EQVA,6m,3,-0.18429148096140577,0.020729895126126167,-0.6413665938264912,0.5212845319129809,0.6666666666666666,True,0.9994189914539522,False,EQVA,Oslo Børs
brent:d95,FRO,6m,3,0.03201473563324131,0.03682821122385278,-0.02196949516324154,0.9824722889957103,0.6666666666666666,False,0.9999935018945343,False,FRONTLINE,Oslo Børs
brent:d95,GJF,6m,3,0.020293875467376432,0.09212047567395519,-0.9304781378930076,0.35212357833477986,0.6666666666666666,False,0.9994189914539522,False,GJENSIDIGE FORSIKR,Oslo Børs
brent:d95,GOD,6m,3,0.15216144509986468,-0.0564157282946138,0.8727454350099552,0.38280184682340074,1.0,True,0.9994189914539522,False,GOODTECH,Oslo Børs
brent:d95,GSF,6m,3,-0.13015243537405563,0.06540966758023042,-1.0299042138879047,0.3030549724325883,0.6666666666666666,True,0.9994189914539522,False,GRIEG SEAFOOD,Oslo Børs
brent:d95,GYL,6m,3,0.009811692712855036,0.013775048346166673,-0.03328246055558124,0.973449340460056,0.6666666666666666,False,0.9999935018945343,False,GYLDENDAL,Oslo Børs
brent:d95,HAVI,6m,3,-0.15418529866737526,-0.12187744456175184,-0.11491029712905587,0.9085162232347274,0.6666666666666666,False,0.9994189914539522,False,HAVILA SHIPPING,Oslo Børs
brent:d95,HEX,6m,3,0.24735512840585472,0.04456617429910981,1.0083129408897624,0.31330425239427356,0.6666666666666666,True,0.9994189914539522,False,HEXAGON COMPOSITES,Oslo Børs
brent:d95,HBC,6m,3,0.19222113617516398,-0.030002401048350447,1.0980349683139103,0.2721892201931876,0.6666666666666666,True,0.9994189914539522,False,HOFSETH BIOCARE,Oslo Børs
brent:d95,HUNT,6m,3,-0.03341037570835289,0.015177493864821126,-0.15215889016268536,0.87906161724756,0.6666666666666666,False,0.9994189914539522,False,HUNTER GROUP,Euronext Expand Oslo
brent:d95,HSPG,6m,3,0.041430786220988496,0.09437862520204687,-0.17197649482154326,0.8634560080810071,0.3333333333333333,False,0.9994189914539522,False,HØLAND OG SETSKOG,Oslo Børs
brent:d95,IDEX,6m,3,0.7303277803465265,-0.1218467088281319,2.2406273250561983,0.025050225199671827,1.0,True,0.9994189914539522,False,IDEX BIOMETRICS,Oslo Børs
brent:d95,IOX,6m,3,0.25439959688572716,-0.12849303231061615,1.1577897790650165,0.24694983541915744,0.3333333333333333,False,0.9994189914539522,False,INTEROIL EXPL PROD,Oslo Børs
brent:d95,ITERA,6m,3,-0.011266048838227813,0.006478472210596502,-0.12708455689628848,0.8988734741638137,0.3333333333333333,False,0.9994189914539522,False,ITERA,Oslo Børs
brent:d95,JIN,6m,3,0.02116139646854237,0.027208593163461855,-0.02575409470903292,0.9794534768063419,0.3333333333333333,False,0.9999935018945343,False,JINHUI SHIPP TRANS,Oslo Børs
brent:d95,JAREN,6m,3,0.03961673270614957,0.08041654263338657,-0.41556146656164317,0.6777309283587647,0.6666666666666666,True,0.9994189914539522,False,JÆREN SPAREBANK,Oslo Børs
brent:d95,KIT,6m,3,0.4019143284709728,0.050924912754857776,2.0338450703739763,0.041967218686900926,1.0,True,0.9994189914539522,False,KITRON,Oslo Børs
brent:d95,KOA,6m,3,-0.5808556301933901,-0.07834825436886239,-2.0188123860451173,0.04350672320191522,1.0,True,0.9994189914539522,False,KONGSBERG AUTOMOT,Oslo Børs
brent:d95,KOG,6m,3,-0.06699932606673828,0.10484021911034205,-1.458225078922344,0.14477851329330474,0.6666666666666666,False,0.9994189914539522,False,KONGSBERG GRUPPEN,Oslo Børs
brent:d95,LSG,6m,3,-0.03762765221566028,0.07196279803653602,-0.9879208739920813,0.32319140155326503,0.6666666666666666,False,0.9994189914539522,False,LERØY SEAFOOD GP,Oslo Børs
brent:d95,MGN,6m,3,0.19333085859864688,-0.04539787548511897,0.8332364747669997,0.40471137529141205,0.6666666666666666,True,0.9994189914539522,False,MAGNORA,Oslo Børs
brent:d95,MEDI,6m,3,0.29070230523937907,0.0887626433154365,1.5695164645511466,0.11652764611423759,0.6666666666666666,True,0.9994189914539522,False,MEDISTIM,Oslo Børs
brent:d95,MELG,6m,3,0.046654547125577574,0.05286224748263788,-0.07329435561281182,0.941571883189628,0.6666666666666666,False,0.9998456996038482,False,MELHUS SPAREBANK,Oslo Børs
brent:d95,MOWI,6m,3,-0.08500880423780549,-0.0473652182739231,-0.12345254305108413,0.9017487519022729,0.6666666666666666,True,0.9994189914539522,False,MOWI,Oslo Børs
brent:d95,NAPA,6m,3,0.3980724012218735,0.07467216214157484,0.9573362177839824,0.33839758042608736,0.6666666666666666,True,0.9994189914539522,False,NAPATECH,Oslo Børs
brent:d95,NAVA,6m,3,-0.055516879639731675,0.0397432373005407,-0.5105019892725061,0.6096998212936715,0.6666666666666666,False,0.9994189914539522,False,NAVAMEDIC,Oslo Børs
brent:d95,NKR,6m,3,0.24522231562519878,0.02945078510953498,1.1669185157018274,0.24324327774800608,1.0,True,0.9994189914539522,False,NEKKAR,Oslo Børs
brent:d95,NEL,6m,3,0.4446102401140772,-0.08751756880312095,1.698770980037105,0.08936234351658916,0.6666666666666666,True,0.9994189914539522,False,NEL,Oslo Børs
brent:d95,NEXT,6m,3,-1.2510315629137714,-0.2562875604508645,-2.1131756891050992,0.034585733276483115,0.3333333333333333,False,0.9994189914539522,False,NEXT BIOMETRICS GP,Oslo Børs
brent:d95,NOM,6m,3,-0.33402949787220076,-0.036650754294598076,-1.3157510985908933,0.18825759735099626,0.3333333333333333,False,0.9994189914539522,False,NORDIC MINING,Oslo Børs
brent:d95,NOD,6m,3,0.25548991572940055,0.07668585175549841,0.8787126056807665,0.379557122041569,0.6666666666666666,True,0.9994189914539522,False,NORDIC SEMICONDUC,Oslo Børs
brent:d95,NHY,6m,3,-0.05845735985246984,0.06975768673173666,-1.367071351245174,0.17160294200993248,0.3333333333333333,False,0.9994189914539522,False,NORSK HYDRO,Oslo Børs
brent:d95,NORTH,6m,3,0.006530103373916536,-0.03445092155294346,0.262310953298161,0.7930817181004637,0.3333333333333333,False,0.9994189914539522,False,NORTH ENERGY,Euronext Expand Oslo
brent:d95,NAS,6m,3,-0.7659771430034444,-0.09103150878433673,-1.87938708887901,0.06019165796040165,0.6666666666666666,False,0.9994189914539522,False,NORWEGIAN AIR SHUT,Oslo Børs
brent:d95,NRC,6m,3,0.2294317518042768,-0.15931199497152515,1.0837853399976485,0.2784599866970551,0.3333333333333333,False,0.9994189914539522,False,NRC GROUP,Oslo Børs
brent:d95,ODL,6m,3,-0.27612277637435095,0.069678173826768,-1.495510321863617,0.1347813081217135,1.0,True,0.9994189914539522,False,ODFJELL DRILLING,Oslo Børs
brent:d95,ODF,6m,3,-0.05197803974436468,0.05391861145225174,-0.8014273908232022,0.42288426332414414,0.6666666666666666,True,0.9994189914539522,False,ODFJELL SER. A,Oslo Børs
brent:d95,ODFB,6m,3,-0.04588117281437507,0.05307657343315253,-0.7387116808987598,0.4600820912812596,0.6666666666666666,True,0.9994189914539522,False,ODFJELL SER. B,Oslo Børs
brent:d95,ORK,6m,3,0.07090120476151106,0.058358296407686604,0.1331013672556725,0.8941132138555944,1.0,True,0.9994189914539522,False,ORKLA,Oslo Børs
brent:d95,PEN,6m,3,-0.06462251302463358,0.004898042850617268,-0.35319337401155787,0.7239434749736375,0.3333333333333333,False,0.9994189914539522,False,PANORO ENERGY,Oslo Børs
brent:d95,PSE,6m,3,0.34157714769588216,-0.1345080264431269,1.7830495133492512,0.0745782437382478,0.6666666666666666,False,0.9994189914539522,False,PETROLIA,Oslo Børs
brent:d95,PHO,6m,3,0.0033470020807853293,-0.004691168556619489,0.04894514668281268,0.9609630101044756,0.6666666666666666,False,0.9999935018945343,False,PHOTOCURE,Oslo Børs
brent:d95,POL,6m,3,0.058806786125522835,-0.003971161660665444,0.2699840648060879,0.7871725129784906,0.6666666666666666,True,0.9994189914539522,False,POLARIS MEDIA,Oslo Børs
brent:d95,PRS,6m,3,0.06282676776626027,-0.2151160284207987,0.7868794393814659,0.4313524445683575,0.3333333333333333,False,0.9994189914539522,False,PROSAFE,Oslo Børs
brent:d95,PROT,6m,3,0.22810369173973488,0.15016722330636093,0.6025748261205695,0.5467915714020263,0.6666666666666666,True,0.9994189914539522,False,PROTECTOR FORSIKRG,Oslo Børs
brent:d95,QEC,6m,3,-0.36439369704579233,-0.005735019813353574,-1.3273484632398147,0.1843934393505821,1.0,True,0.9994189914539522,False,QUESTERRE ENERGY,Oslo Børs
brent:d95,REACH,6m,3,-0.13461216566923956,-0.08796709109505338,-0.19338533862826557,0.8466571967909259,0.6666666666666666,True,0.9994189914539522,False,REACH SUBSEA,Oslo Børs
brent:d95,ROGS,6m,3,0.018844591842810048,0.0692249704319654,-0.4311183816578583,0.6663822957080141,0.3333333333333333,False,0.9994189914539522,False,ROGALAND SPAREBANK,Oslo Børs
brent:d95,ROM,6m,3,0.049109602722655056,-0.057644811662463685,0.4632251289084459,0.6432030059269374,0.6666666666666666,False,0.9994189914539522,False,ROMREAL,Euronext Expand Oslo
brent:d95,SDSD,6m,3,-0.01601451507399565,-0.047109521961239235,0.13494581572033326,0.8926547151187311,0.6666666666666666,False,0.9994189914539522,False,S.D. STANDARD ETC,Oslo Børs
brent:d95,SAGA,6m,3,0.13692642407827665,-0.01824039882950224,0.7624202898447952,0.44580920033215543,1.0,True,0.9994189914539522,False,SAGA PURE,Oslo Børs
brent:d95,SALM,6m,3,0.05913020628256638,0.11591724982677008,-0.43573310836263446,0.6630303813398364,0.3333333333333333,False,0.9994189914539522,False,SALMAR,Oslo Børs
brent:d95,SCANA,6m,3,-0.3507956604448262,-0.0945549868984534,-0.9290168346440693,0.3528803619700972,0.3333333333333333,False,0.9994189914539522,False,SCANA,Oslo Børs
brent:d95,SCATC,6m,3,0.15596155859339536,0.07550271643604102,0.5183630420761238,0.6042049954745565,0.6666666666666666,False,0.9994189914539522,False,SCATEC,Oslo Børs
brent:d95,SEA1,6m,3,-0.16315244829303152,0.013014792694725184,-0.5234686233042865,0.6006481803966317,0.6666666666666666,False,0.9994189914539522,False,Sea1 Offshore,Euronext Growth Oslo
brent:d95,ENH,6m,3,-0.7017198624598467,-0.3629701693888417,-0.7887507856192785,0.43025767888629757,0.6666666666666666,True,0.9994189914539522,False,SED ENERGY HOLDING,Oslo Børs
brent:d95,SBO,6m,3,0.03847636573683258,0.07838506868372433,-0.3606913152071592,0.7183302177559534,0.3333333333333333,False,0.9994189914539522,False,SELVAAG BOLIG,Oslo Børs
brent:d95,SKUE,6m,3,0.0947235829305821,0.062158939164486365,0.32417126444199457,0.745808376037775,0.6666666666666666,False,0.9994189914539522,False,SKUE SPAREBANK,Oslo Børs
brent:d95,SOGN,6m,3,0.08366037706485047,0.08214935630136774,0.013742031693971557,0.9890357901649105,0.6666666666666666,False,0.9999935018945343,False,SOGN SPAREBANK,Oslo Børs
brent:d95,SOFF,6m,3,-0.07965972739822665,-0.11019768598192577,0.07354112950494018,0.9413755160510122,0.6666666666666666,False,0.9998456996038482,False,SOLSTAD OFFSHORE,Oslo Børs
brent:d95,MING,6m,3,0.09878380518829027,0.07786023897145038,0.2763166494847812,0.7823048690982332,1.0,True,0.9994189914539522,False,SPAREBANK 1 SMN,Oslo Børs
brent:d95,SB1NO,6m,3,0.04402616078369961,0.04775517000900329,-0.04179738941908444,0.9666602161378326,0.6666666666666666,False,0.9999935018945343,False,SPAREBANK 1 SØR-N,Oslo Børs
brent:d95,MORG,6m,3,0.01720107347120331,0.057642094520427276,-0.47801046518934137,0.632642756494515,0.6666666666666666,False,0.9994189914539522,False,SPAREBANKEN MØRE,Oslo Børs
brent:d95,SBNOR,6m,3,0.11347951424768367,0.0580292403513486,0.6408077236227415,0.5216476142091184,1.0,True,0.9994189914539522,False,SPAREBANKEN NORGE,Oslo Børs
brent:d95,SPOG,6m,3,-0.016802257645504897,0.052997488500838234,-0.6741640174170729,0.500207043231808,0.6666666666666666,False,0.9994189914539522,False,SPAREBANKEN ØST,Oslo Børs
brent:d95,HELG,6m,3,0.014518494819886893,0.07028638071327153,-0.7892762347375161,0.42995057353775273,0.3333333333333333,False,0.9994189914539522,False,SPBK1 HELGELAND,Oslo Børs
brent:d95,NONG,6m,3,0.08482110710367369,0.06472107210524776,0.24453765367698518,0.8068144435277427,0.6666666666666666,True,0.9994189914539522,False,SPBK1 NORD-NORGE,Oslo Børs
brent:d95,RING,6m,3,0.04030176230664686,0.07637436352417509,-0.43473703673395464,0.663753311775287,0.6666666666666666,False,0.9994189914539522,False,SPBK1 RINGERIKE,Oslo Børs
brent:d95,SOAG,6m,3,0.07893230335326838,0.0822412577372456,-0.03708177869409901,0.9704198005313617,0.6666666666666666,False,0.9999935018945343,False,SPBK1 ØSTFOLD AKE,Oslo Børs
brent:d95,SNI,6m,3,-0.03124162265795924,0.023843016899028433,-0.47304300751953166,0.6361824961726146,0.6666666666666666,False,0.9994189914539522,False,STOLT-NIELSEN,Oslo Børs
brent:d95,STB,6m,3,0.15668676127191536,0.04258557939552857,1.1898004786295313,0.23412482143460672,0.6666666666666666,True,0.9994189914539522,False,STOREBRAND,Oslo Børs
brent:d95,STRO,6m,3,0.18138414274144068,-0.026803390300998764,0.9643901931869518,0.33485033706703465,0.6666666666666666,True,0.9994189914539522,False,STRONGPOINT,Oslo Børs
brent:d95,SUBC,6m,3,0.16434089979734975,0.023056390846275712,0.8653023506717821,0.38687286096656764,0.6666666666666666,False,0.9994189914539522,False,SUBSEA 7,Oslo Børs
brent:d95,TECH,6m,3,-0.38708958486532286,-0.11071011735867384,-1.0324660595104937,0.3018538395062837,0.6666666666666666,True,0.9994189914539522,False,TECHSTEP,Oslo Børs
brent:d95,TEL,6m,3,0.026838622731160795,0.055312570681834046,-0.314507407632122,0.7531356912242586,0.6666666666666666,False,0.9994189914539522,False,TELENOR,Oslo Børs
brent:d95,TGS,6m,3,0.02538885682354375,0.05391899557718885,-0.2142684012094541,0.8303377579757807,0.6666666666666666,False,0.9994189914539522,False,TGS,Oslo Børs
brent:d95,TOM,6m,3,-0.00786409199720082,0.025574137898325678,-0.22625745505284486,0.8210011863251215,0.3333333333333333,False,0.9994189914539522,False,TOMRA SYSTEMS,Oslo Børs
brent:d95,VEI,6m,3,0.12489161115757903,0.08752479307282775,0.4163557807912087,0.6771496806730157,0.6666666666666666,True,0.9994189914539522,False,VEIDEKKE,Oslo Børs
brent:d95,VOIM,6m,3,-0.6305242268296889,-0.20988990206432978,-1.3414121938497023,0.1797866607130466,1.0,True,0.9994189914539522,False,VOIM,Oslo Børs
brent:d95,VVL,6m,3,0.06909628569759475,0.061266120954814554,0.08394069294816207,0.9331035854168092,0.6666666666666666,False,0.9998456996038482,False,VOSS VEKSEL OGLAND,Oslo Børs
brent:d95,VOW,6m,3,0.0997299273187368,0.008856266564201036,0.325118937582057,0.7450910567537811,0.3333333333333333,False,0.9994189914539522,False,VOW,Oslo Børs
brent:d95,WAWI,6m,3,0.12772238365638708,0.12914671944172995,-0.009654601635699879,0.9922968620843174,0.6666666666666666,True,0.9999935018945343,False,WALLENIUS WILHELMS,Oslo Børs
brent:d95,WWI,6m,3,0.11636751376262976,0.08094448298535005,0.3851172030395014,0.700150582994157,0.6666666666666666,True,0.9994189914539522,False,WILH. WILHELMSEN A,Oslo Børs
brent:d95,WWIB,6m,3,0.10104865806405285,0.07430871927614977,0.2980933079464041,0.76563194901168,0.6666666666666666,True,0.9994189914539522,False,WILH. WILHELMSEN B,Oslo Børs
brent:d95,YAR,6m,3,0.095623016273899,0.06902547408362361,0.21808820193938305,0.8273603896592128,0.6666666666666666,True,0.9994189914539522,False,YARA INTERNATIONAL,Oslo Børs
brent:d95,ZAL,6m,3,0.1707424510552038,0.06687814897268268,0.7172908912090901,0.4731946264561092,1.0,True,0.9994189914539522,False,ZALARIS,Oslo Børs
henryhub:bunnsone,ABG,1d,5,-0.004729310388747235,0.000641871258859527,-0.4966836048480549,0.6194121858135391,0.8,True,0.9878463438452625,False,ABG SUNDAL COLLIER,Oslo Børs
henryhub:bunnsone,AFG,1d,5,-0.004108579776822539,0.001261737775270597,-0.48059374142680744,0.6308052644310602,0.4,False,0.9878463438452625,False,AF GRUPPEN,Oslo Børs
henryhub:bunnsone,AKAST,1d,5,-0.014688223192710955,0.0004637128807910185,-1.2830292704730646,0.19948182149505136,1.0,True,0.9839813370344908,False,AKASTOR,Oslo Børs
henryhub:bunnsone,AKER,1d,5,0.0058658130632688234,0.0009918407576604321,0.22357016870170474,0.8230917780405518,0.8,True,0.9878463438452625,False,AKER,Oslo Børs
henryhub:bunnsone,AKRBP,1d,5,-0.010268924582757485,0.0008666090402473618,-1.1411568095983322,0.25380467397700285,0.6,True,0.9878463438452625,False,AKER BP,Oslo Børs
henryhub:bunnsone,AKSO,1d,5,0.001027080243053926,0.0005488003712320477,0.03952961637047488,0.9684681415147702,0.4,False,0.9878463438452625,False,AKER SOLUTIONS,Oslo Børs
henryhub:bunnsone,AKVA,1d,5,0.0077001761550614806,0.0002128989903033374,0.5448992424601196,0.5858228173158089,0.6,True,0.9878463438452625,False,AKVA GROUP,Oslo Børs
henryhub:bunnsone,ALNG,1d,4,-0.007968630763933797,0.0015110604955149752,-0.5285620055352549,0.5971093230013613,0.75,True,0.9878463438452625,False,ALNG,Euronext Expand Oslo
henryhub:bunnsone,ABTEC,1d,5,-0.026928405000783667,-0.0029770017993203473,-0.7873133861806654,0.43109843543944826,0.2,False,0.9878463438452625,False,AQUA BIO TECHNO,Euronext Expand Oslo
henryhub:bunnsone,AQUA,1d,3,-0.006460516245202888,0.00020970667425989544,-0.4198651431019471,0.6745839728682406,0.3333333333333333,False,0.9878463438452625,False,AQUALIS,Oslo Børs
henryhub:bunnsone,ARCH,1d,4,-0.0075374839760492685,-0.0007998003049854322,-0.33919639448372063,0.7344617852256833,0.5,False,0.9878463438452625,False,ARCHER,Oslo Børs
henryhub:bunnsone,AZT,1d,5,-0.013553337517114262,6.901632736341282e-05,-0.6363258911749857,0.5245640328166683,1.0,True,0.9878463438452625,False,ARCTICZYMES TECHNO,Oslo Børs
henryhub:bunnsone,AFK,1d,5,-0.0035936108437130665,0.0007353056752763474,-0.3236687473361287,0.746188834206537,0.6,True,0.9878463438452625,False,ARENDALS FOSSEKOMP,Oslo Børs
henryhub:bunnsone,ARR,1d,5,0.01375594727720203,-0.0002721252196886395,0.6354706454982948,0.5251215058292218,0.6,True,0.9878463438452625,False,ARRIBATEC GROUP,Oslo Børs
henryhub:bunnsone,ATEA,1d,5,0.006438833726490602,-0.00011249512111901618,0.5601567121071109,0.5753725503803954,0.6,False,0.9878463438452625,False,ATEA,Oslo Børs
henryhub:bunnsone,AURG,1d,5,-0.0079387990555963,0.0008449198372752953,-1.214278677374089,0.2246413251502413,0.6,False,0.9878463438452625,False,AURSKOG SPAREBANK,Oslo Børs
henryhub:bunnsone,AUSS,1d,5,0.004112316398955431,0.0006370234318205227,0.3759022089652911,0.7069895982399208,0.6,False,0.9878463438452625,False,AUSTEVOLL SEAFOOD,Oslo Børs
henryhub:bunnsone,ACR,1d,5,0.04079520372253308,-0.001844986966917055,1.7472776944206114,0.0805891803214094,0.6,True,0.8047308173015537,False,AXACTOR,Oslo Børs
henryhub:bunnsone,BAKKA,1d,4,0.005151842791009871,0.0006302737965393434,0.4521001165712194,0.651196859711543,0.75,False,0.9878463438452625,False,BAKKAFROST,Oslo Børs
henryhub:bunnsone,BINT,1d,3,0.05422911940129791,7.354966979163301e-05,1.635758909022097,0.10189005503012546,0.6666666666666666,False,0.849088478969323,False,BEVEST,Oslo Børs
henryhub:bunnsone,BNOR,1d,5,-0.018465761111025877,-0.0019457721262741434,-0.45857107582926965,0.6465422113321732,0.4,False,0.9878463438452625,False,BLUENORD,Oslo Børs
henryhub:bunnsone,BONHR,1d,5,-0.008902197086623861,0.0008068159629080778,-0.9863903598626139,0.32394159381984766,0.8,True,0.9878463438452625,False,BONHEUR,Oslo Børs
henryhub:bunnsone,BOR,1d,5,0.011327229708525103,-0.0005493668605469442,0.7812467359085474,0.4346573907618512,0.8,True,0.9878463438452625,False,BORGESTAD,Oslo Børs
henryhub:bunnsone,BRG,1d,3,-0.007914392334451738,0.00033744225857431227,-0.8589776923461154,0.39035282349012657,1.0,True,0.9878463438452625,False,BORREGAARD,Oslo Børs
henryhub:bunnsone,BOUV,1d,5,0.012795377157630383,0.001224842239118745,1.3330436887701693,0.18251746705157929,1.0,True,0.9839813370344908,False,BOUVET,Oslo Børs
henryhub:bunnsone,BWLPG,1d,3,0.005604272084962038,0.0004853117923293151,0.33512282168660706,0.7375324380501043,0.6666666666666666,True,0.9878463438452625,False,BW LPG,Oslo Børs
henryhub:bunnsone,BWO,1d,5,0.0017442338808964972,-0.00023991256547869675,0.14662473430135214,0.8834282295350762,0.4,False,0.9878463438452625,False,BW OFFSHORE LTD,Oslo Børs
henryhub:bunnsone,BMA,1d,5,-0.024733943523779077,0.0003519572502460983,-1.2114574223327852,0.2257201433542467,0.6,True,0.9878463438452625,False,BYGGMA,Euronext Growth Oslo
henryhub:bunnsone,CONTX,1d,5,-0.008458689610185819,0.00010897045763331148,-0.5548577283676897,0.5789919774513326,0.4,True,0.9878463438452625,False,CONTEXTVISION,Oslo Børs
henryhub:bunnsone,DNB,1d,5,-0.0053401218693840714,0.00069871524282712,-0.8000192160306464,0.42369966380885815,0.8,True,0.9878463438452625,False,DNB BANK,Oslo Børs
henryhub:bunnsone,DNO,1d,5,-0.006808197784808755,0.000297719885053114,-0.5491040451597885,0.5829340493441539,0.8,True,0.9878463438452625,False,DNO,Oslo Børs
henryhub:bunnsone,EAM,1d,3,0.03342257489474141,-0.0005900819797437083,0.7519052767052952,0.45210802465228817,0.6666666666666666,False,0.9878463438452625,False,EAM SOLAR,Euronext Growth Oslo
henryhub:bunnsone,EIOF,1d,5,-0.00627742165495547,0.0005453870607527506,-0.5463293283574789,0.5848395796147055,0.4,False,0.9878463438452625,False,EIDESVIK OFFSHORE,Oslo Børs
henryhub:bunnsone,ENDUR,1d,5,-0.016470031647728766,-0.000597248510212365,-0.7374639341715581,0.4608402679247476,0.8,True,0.9878463438452625,False,ENDÚR,Oslo Børs
henryhub:bunnsone,ENSU,1d,5,-0.017077891042167434,-0.00025922713446498543,-0.5893892981724803,0.5556001538792134,0.6,False,0.9878463438452625,False,ENSURGE MICROPOWER,Oslo Børs
henryhub:bunnsone,ENTRA,1d,3,0.0073890217776818755,0.0004350571182234044,0.8023359628671379,0.42235864480133617,0.6666666666666666,True,0.9878463438452625,False,ENTRA,Oslo Børs
henryhub:bunnsone,EQNR,1d,5,0.007679662600974182,0.00028817608926118,1.0109302860191294,0.31204979735537647,0.6,True,0.9878463438452625,False,EQUINOR,Oslo Børs
henryhub:bunnsone,EQVA,1d,3,0.016216017307505177,0.00023360147724080804,0.4373450000536901,0.6618611648713002,0.6666666666666666,False,0.9878463438452625,False,EQVA,Oslo Børs
henryhub:bunnsone,FRO,1d,5,0.005931576370273829,9.365485469550256e-05,0.3937269918814507,0.693782611096545,0.6,True,0.9878463438452625,False,FRONTLINE,Oslo Børs
henryhub:bunnsone,GJF,1d,4,-5.0848977358424266e-05,0.0005498859803776475,-0.09655890373963266,0.9230766939975413,0.5,False,0.9878463438452625,False,GJENSIDIGE FORSIKR,Oslo Børs
henryhub:bunnsone,GOD,1d,5,-0.01106076430733721,-0.0006612075397760812,-0.5628520671134872,0.5735356220816086,0.8,True,0.9878463438452625,False,GOODTECH,Oslo Børs
henryhub:bunnsone,GSF,1d,5,0.002001671589487243,0.00021708063412644802,0.15363110332233035,0.8779006111687901,0.2,False,0.9878463438452625,False,GRIEG SEAFOOD,Oslo Børs
henryhub:bunnsone,GYL,1d,5,-0.00184288081628202,-0.0003339264324880117,-0.07236279938938445,0.9423131889384635,0.4,False,0.9878463438452625,False,GYLDENDAL,Oslo Børs
henryhub:bunnsone,HAVI,1d,5,-0.022633683884794996,-0.0007306742709480294,-0.8504969409819363,0.3950488604351756,0.6,True,0.9878463438452625,False,HAVILA SHIPPING,Oslo Børs
henryhub:bunnsone,HEX,1d,5,-0.016494892648538748,0.0007861288226448428,-1.17480310131941,0.2400734991027786,0.6,True,0.9878463438452625,False,HEXAGON COMPOSITES,Oslo Børs
henryhub:bunnsone,HBC,1d,4,0.025148248065483866,0.0007955015161463782,1.2143505569210575,0.22461388738351457,0.5,True,0.9878463438452625,False,HOFSETH BIOCARE,Oslo Børs
henryhub:bunnsone,HUNT,1d,5,0.027720666141493176,0.001133359689987826,0.9073916677081931,0.3641997141006966,0.6,False,0.9878463438452625,False,HUNTER GROUP,Euronext Expand Oslo
henryhub:bunnsone,HSPG,1d,5,-0.00184288081628202,-0.003959262700467121,0.044728157298759744,0.9643239898734646,0.4,False,0.9878463438452625,False,HØLAND OG SETSKOG,Oslo Børs
henryhub:bunnsone,IDEX,1d,4,-0.010479513336375439,-0.0011032335442706983,-0.33399212773197684,0.7383854990784395,0.75,True,0.9878463438452625,False,IDEX BIOMETRICS,Oslo Børs
henryhub:bunnsone,IOX,1d,5,0.016369591848979962,-0.0012136127468910462,0.6185213246060008,0.5362317454129031,0.6,False,0.9878463438452625,False,INTEROIL EXPL PROD,Oslo Børs
henryhub:bunnsone,ITERA,1d,5,0.02350035726140111,0.00023516561361362548,1.7769060984948475,0.07558369083517683,0.6,True,0.8047308173015537,False,ITERA,Oslo Børs
henryhub:bunnsone,JIN,1d,5,0.03343108233628264,0.0005241205899972798,2.232968498431243,0.02555102181009776,0.4,False,0.4590188314794619,False,JINHUI SHIPP TRANS,Oslo Børs
henryhub:bunnsone,JAREN,1d,5,-0.004400365698273654,0.0002692152510144187,-0.4854251435871482,0.6273748002946289,0.6,True,0.9878463438452625,False,JÆREN SPAREBANK,Oslo Børs
henryhub:bunnsone,KIT,1d,5,-0.012360618916084382,0.0003413470730568081,-0.9175034596973947,0.35887888082292135,0.6,True,0.9878463438452625,False,KITRON,Oslo Børs
henryhub:bunnsone,KOA,1d,5,0.01102819138157948,-0.0013502521067087654,0.7566058717177327,0.4492860225061187,0.8,True,0.9878463438452625,False,KONGSBERG AUTOMOT,Oslo Børs
henryhub:bunnsone,KOG,1d,5,-0.00902149872924903,0.0009673669556745596,-1.1357807084990417,0.2560483528103027,0.6,True,0.9878463438452625,False,KONGSBERG GRUPPEN,Oslo Børs
henryhub:bunnsone,LSG,1d,5,0.001418686497893442,0.0009527023236513206,0.05351585365903255,0.9573208993564168,0.6,False,0.9878463438452625,False,LERØY SEAFOOD GP,Oslo Børs
henryhub:bunnsone,MGN,1d,5,0.003574513352200461,-9.792201816616198e-05,0.22560099956198973,0.8215117633544828,0.6,False,0.9878463438452625,False,MAGNORA,Oslo Børs
henryhub:bunnsone,MEDI,1d,5,0.00740005996790655,0.0009365126517855196,0.3961940703886627,0.6919618653232145,0.8,False,0.9878463438452625,False,MEDISTIM,Oslo Børs
henryhub:bunnsone,MELG,1d,5,0.007971567816476113,0.0005395594437818009,1.0443009146025024,0.2963461898653619,0.8,True,0.9878463438452625,False,MELHUS SPAREBANK,Oslo Børs
henryhub:bunnsone,MOWI,1d,5,-0.0008220531703932866,-0.0005363080599433206,-0.014183467343427096,0.9886836098104091,0.6,False,0.9950417037641739,False,MOWI,Oslo Børs
henryhub:bunnsone,NAPA,1d,3,-0.005271877149344242,0.0008331726119458156,-0.24192390712963371,0.8088391250679152,0.3333333333333333,False,0.9878463438452625,False,NAPATECH,Oslo Børs
henryhub:bunnsone,NAVA,1d,5,0.00512380087420611,0.0004743944674885978,0.27115411076279655,0.7862725054888473,0.6,False,0.9878463438452625,False,NAVAMEDIC,Oslo Børs
henryhub:bunnsone,NKR,1d,5,-0.009928909092994317,0.0007083203341359877,-0.7515126052426238,0.45234421753432663,0.6,True,0.9878463438452625,False,NEKKAR,Oslo Børs
henryhub:bunnsone,NEL,1d,5,-0.001752514052102383,0.0009696173035546614,-0.049009968940408065,0.9609113514225781,0.6,False,0.9878463438452625,False,NEL,Oslo Børs
henryhub:bunnsone,NEXT,1d,3,-0.007247063701921096,-0.002054171722855207,-0.16071236499467653,0.8723199501766274,0.6666666666666666,False,0.9878463438452625,False,NEXT BIOMETRICS GP,Oslo Børs
henryhub:bunnsone,NOM,1d,5,0.022998880637890205,-0.00024426925364873063,1.2263928493955811,0.2200508756035677,0.8,True,0.9878463438452625,False,NORDIC MINING,Oslo Børs
henryhub:bunnsone,NOD,1d,5,0.02037156847634708,0.00034612303528332703,1.4478108725078689,0.14766995120479895,1.0,True,0.9564977138347652,False,NORDIC SEMICONDUC,Oslo Børs
henryhub:bunnsone,NHY,1d,5,0.0014026583788012159,0.0007646860365668624,0.0764359469901394,0.9390722716826505,0.6,False,0.9878463438452625,False,NORSK HYDRO,Oslo Børs
henryhub:bunnsone,NORTH,1d,4,0.030890609652527053,-5.387983213326279e-05,1.6651574012687995,0.09588135721717468,0.5,False,0.8336351335826576,False,NORTH ENERGY,Euronext Expand Oslo
henryhub:bunnsone,NAS,1d,5,-0.036188967299584616,0.00010722137224100073,-2.2087878055968124,0.027189403628959895,0.8,True,0.4590188314794619,False,NORWEGIAN AIR SHUT,Oslo Børs
henryhub:bunnsone,NRC,1d,5,0.019385056382816502,-0.0012533961503662665,0.9301557150662633,0.3522904671253078,0.6,False,0.9878463438452625,False,NRC GROUP,Oslo Børs
henryhub:bunnsone,ODL,1d,3,-0.021681167349104875,0.0007353402619184106,-1.4602775714001979,0.1442138035858138,1.0,True,0.9504663131336845,False,ODFJELL DRILLING,Oslo Børs
henryhub:bunnsone,ODF,1d,5,-0.006904447112420961,0.0006158873705513325,-0.7534145270812161,0.45120085588117304,0.6,True,0.9878463438452625,False,ODFJELL SER. A,Oslo Børs
henryhub:bunnsone,ODFB,1d,5,-0.006752545547503872,0.0003528108042034117,-0.7144468139510325,0.47495093300606855,0.6,True,0.9878463438452625,False,ODFJELL SER. B,Oslo Børs
henryhub:bunnsone,ORK,1d,5,-0.0010906513053979918,0.00024285927763799208,-0.11512135503063999,0.9083489335688089,0.4,False,0.9878463438452625,False,ORKLA,Oslo Børs
henryhub:bunnsone,PEN,1d,4,-0.011684351951163366,-0.00030798147600915937,-0.7348184687843609,0.4624500576727086,0.25,False,0.9878463438452625,False,PANORO ENERGY,Oslo Børs
henryhub:bunnsone,PSE,1d,5,-0.0014619707115371618,6.341359074219665e-05,-0.060820973678557114,0.9515017866616519,0.4,False,0.9878463438452625,False,PETROLIA,Oslo Børs
henryhub:bunnsone,PHO,1d,5,0.0012853296746146673,-0.00026411338544948777,0.12384799427660875,0.9014356303683428,0.4,False,0.9878463438452625,False,PHOTOCURE,Oslo Børs
henryhub:bunnsone,POL,1d,5,0.004187716016401945,0.00036363538156086934,0.1768702149946426,0.8596103347265056,0.8,False,0.9878463438452625,False,POLARIS MEDIA,Oslo Børs
henryhub:bunnsone,PRS,1d,5,0.0006221857991425626,-0.001855231996806728,0.1378254079856323,0.8903784033217195,0.6,False,0.9878463438452625,False,PROSAFE,Oslo Børs
henryhub:bunnsone,PROT,1d,5,-0.022188082380438335,0.0011134298790674033,-2.1735246219484705,0.029740854737157492,0.8,True,0.4590188314794619,False,PROTECTOR FORSIKRG,Oslo Børs
henryhub:bunnsone,QEC,1d,5,-0.01860655224432671,0.00024093081807342862,-0.9217332267254778,0.3566677446270808,0.4,False,0.9878463438452625,False,QUESTERRE ENERGY,Oslo Børs
henryhub:bunnsone,REACH,1d,5,0.0066506076728306916,0.0005294894957085565,0.22359803798828545,0.8230700904775052,0.4,False,0.9878463438452625,False,REACH SUBSEA,Oslo Børs
henryhub:bunnsone,ROGS,1d,5,-0.0032972684442278723,0.000922634329314626,-0.4648050267964785,0.6420710876466338,0.6,False,0.9878463438452625,False,ROGALAND SPAREBANK,Oslo Børs
henryhub:bunnsone,ROM,1d,5,-0.0366882997983516,-0.0009754214342298328,-1.4067357008619117,0.15950577526883855,0.2,False,0.9839813370344908,False,ROMREAL,Euronext Expand Oslo
henryhub:bunnsone,SDSD,1d,4,-0.016097820742837485,-0.0004250633720447153,-0.6761057048689014,0.49897353486859225,1.0,True,0.9878463438452625,False,S.D. STANDARD ETC,Oslo Børs
henryhub:bunnsone,SAGA,1d,4,0.007075763924869199,-0.0003312406064077011,0.4873637296351994,0.6260005922193315,0.75,False,0.9878463438452625,False,SAGA PURE,Oslo Børs
henryhub:bunnsone,SALM,1d,5,0.000435478390032009,0.0008066865455403189,-0.03412330507695032,0.9727788245405785,0.4,False,0.9885706885753281,False,SALMAR,Oslo Børs
henryhub:bunnsone,SCANA,1d,5,-0.0027663955582297476,-0.0017914705907631353,-0.04460677837665334,0.9644207396764369,0.4,False,0.9878463438452625,False,SCANA,Oslo Børs
henryhub:bunnsone,SCATC,1d,3,0.011808459404568407,0.0010188879535015722,0.8034170723187627,0.42173371061542025,1.0,True,0.9878463438452625,False,SCATEC,Oslo Børs
henryhub:bunnsone,SEA1,1d,5,-0.012946644410268235,-0.0006068840203293138,-0.43549305522652193,0.6632045788142651,0.6,True,0.9878463438452625,False,Sea1 Offshore,Euronext Growth Oslo
henryhub:bunnsone,ENH,1d,5,0.0026171974396863493,-0.002256082924395524,0.19074997499591942,0.8487214830917008,0.8,False,0.9878463438452625,False,SED ENERGY HOLDING,Oslo Børs
henryhub:bunnsone,SBO,1d,3,-0.005007400515048538,0.00014269761929596507,-0.5082292711616054,0.6112925653275536,0.3333333333333333,False,0.9878463438452625,False,SELVAAG BOLIG,Oslo Børs
henryhub:bunnsone,SKUE,1d,5,0.0158693504603706,0.00031819411154161746,1.1702703350930619,0.2418921958826786,0.4,False,0.9878463438452625,False,SKUE SPAREBANK,Oslo Børs
henryhub:bunnsone,SOGN,1d,5,-0.0058033949132956985,0.0008224837339981493,-0.7193883349360476,0.47190168219695483,0.6,True,0.9878463438452625,False,SOGN SPAREBANK,Oslo Børs
henryhub:bunnsone,SOFF,1d,5,0.013564542576599083,-0.0008153547838001958,0.9214710455534917,0.3568045513515112,0.8,True,0.9878463438452625,False,SOLSTAD OFFSHORE,Oslo Børs
henryhub:bunnsone,MING,1d,5,-0.009533727087885056,0.000721323319792973,-1.4840268813527393,0.1378017892910748,0.6,True,0.9405970278991354,False,SPAREBANK 1 SMN,Oslo Børs
henryhub:bunnsone,SB1NO,1d,5,0.0009582175385773571,0.00041183949696113923,0.07971655706906206,0.9364626907248916,0.2,False,0.9878463438452625,False,SPAREBANK 1 SØR-N,Oslo Børs
henryhub:bunnsone,MORG,1d,5,0.00563971192864258,2.4187750299429205e-05,0.7619778378388954,0.4460732314415445,0.8,True,0.9878463438452625,False,SPAREBANKEN MØRE,Oslo Børs
henryhub:bunnsone,SBNOR,1d,5,0.004280526714766633,0.00034498460947839213,0.43595279250871694,0.6628709808368056,0.6,True,0.9878463438452625,False,SPAREBANKEN NORGE,Oslo Børs
henryhub:bunnsone,SPOG,1d,5,-0.003638390613610274,0.0003921074836397327,-0.486429860187307,0.6266624237421052,0.4,False,0.9878463438452625,False,SPAREBANKEN ØST,Oslo Børs
henryhub:bunnsone,HELG,1d,5,-0.0027667191738658704,0.000933530859868986,-0.46539055114071365,0.6416517994849639,0.6,True,0.9878463438452625,False,SPBK1 HELGELAND,Oslo Børs
henryhub:bunnsone,NONG,1d,5,-3.563086663421547e-05,0.0003981438809005397,-0.0534518487741559,0.9573718948767702,0.4,False,0.9878463438452625,False,SPBK1 NORD-NORGE,Oslo Børs
henryhub:bunnsone,RING,1d,5,0.0001275713718374892,0.0006371958873304869,-0.0729442016517154,0.9418505197758548,0.6,False,0.9878463438452625,False,SPBK1 RINGERIKE,Oslo Børs
henryhub:bunnsone,SOAG,1d,5,0.0037332324179719786,0.00012739838545882981,0.5234070063259901,0.6006910495498674,0.8,False,0.9878463438452625,False,SPBK1 ØSTFOLD AKE,Oslo Børs
henryhub:bunnsone,SNI,1d,5,0.0016404192848302433,0.000186290117352881,0.14818015996402806,0.8822005890107266,0.6,False,0.9878463438452625,False,STOLT-NIELSEN,Oslo Børs
henryhub:bunnsone,STB,1d,5,0.013450655448187299,0.0006145726720052879,1.3185785998523942,0.1873100319813376,0.6,True,0.9839813370344908,False,STOREBRAND,Oslo Børs
henryhub:bunnsone,STRO,1d,5,-0.02623807874652123,-0.00025099407747625305,-1.1526773860832618,0.24904282671558386,0.6,True,0.9878463438452625,False,STRONGPOINT,Oslo Børs
henryhub:bunnsone,SUBC,1d,5,-0.005631560371584041,0.0005227108301515279,-0.5206624737688444,0.6026019203524664,0.6,True,0.9878463438452625,False,SUBSEA 7,Oslo Børs
henryhub:bunnsone,TECH,1d,5,0.010703755169893383,-0.0002808581177630404,0.4281222752906819,0.6685620999971214,0.8,True,0.9878463438452625,False,TECHSTEP,Oslo Børs
henryhub:bunnsone,TEL,1d,5,0.010428007439441448,-0.0001915710844083588,1.4422055020692701,0.14924440889013318,0.8,True,0.9564977138347652,False,TELENOR,Oslo Børs
henryhub:bunnsone,TGS,1d,5,0.012091785294929483,0.0007671782991113302,1.0215282879386334,0.3070042138673643,0.6,True,0.9878463438452625,False,TGS,Oslo Børs
henryhub:bunnsone,TOM,1d,5,-0.0053977083821834405,0.0004455940465837831,-0.49126904895689977,0.6232361677851128,0.6,False,0.9878463438452625,False,TOMRA SYSTEMS,Oslo Børs
henryhub:bunnsone,VEI,1d,5,2.3233505997679455e-05,0.0008643380425684233,-0.10529771582369692,0.9161395754096598,0.8,False,0.9878463438452625,False,VEIDEKKE,Oslo Børs
henryhub:bunnsone,VOIM,1d,5,-0.005857520774273516,-0.0018344663911399077,-0.15068419897673635,0.880224838291616,0.4,False,0.9878463438452625,False,VOIM,Oslo Børs
henryhub:bunnsone,VVL,1d,5,-0.0013345284297146744,0.0004643582618568768,-0.1464758384419689,0.8835457623163807,0.4,False,0.9878463438452625,False,VOSS VEKSEL OGLAND,Oslo Børs
henryhub:bunnsone,VOW,1d,3,0.0017471750492477598,0.0005228016585957729,0.048807902592516786,0.9610723843242052,0.6666666666666666,False,0.9878463438452625,False,VOW,Oslo Børs
henryhub:bunnsone,WAWI,1d,4,-0.014136688140497193,0.0009462611430842733,-1.2828781636037687,0.19953476423007144,0.75,True,0.9839813370344908,False,WALLENIUS WILHELMS,Oslo Børs
henryhub:bunnsone,WWI,1d,5,0.011335531243467591,0.0001491664854711821,1.178950607343738,0.2384178443463683,0.8,True,0.9878463438452625,False,WILH. WILHELMSEN A,Oslo Børs
henryhub:bunnsone,WWIB,1d,5,0.008602820426945193,0.0006713082598595857,0.6686740741804742,0.5037034091017392,0.6,False,0.9878463438452625,False,WILH. WILHELMSEN B,Oslo Børs
henryhub:bunnsone,YAR,1d,5,0.0021890533186923154,0.000822500507441322,0.16250254044107237,0.870910127884181,0.6,True,0.9878463438452625,False,YARA INTERNATIONAL,Oslo Børs
henryhub:bunnsone,ZAL,1d,3,0.012585647642664434,0.0008146917218674841,0.842700246657782,0.3993961092106901,0.6666666666666666,False,0.9878463438452625,False,ZALARIS,Oslo Børs
henryhub:bunnsone,ABG,1m,5,0.031849082615098716,0.015225399947031058,0.5044487518956839,0.6139460665377332,0.6,True,0.9969061973633782,False,ABG SUNDAL COLLIER,Oslo Børs
henryhub:bunnsone,AFG,1m,5,0.011242823186222278,0.017594852990992813,-0.19754275052993955,0.843402830398581,0.6,False,0.9969061973633782,False,AF GRUPPEN,Oslo Børs
henryhub:bunnsone,AKAST,1m,5,-0.023902908892536386,0.004373341095158476,-0.5461151784363809,0.5849867668677795,0.4,False,0.9969061973633782,False,AKASTOR,Oslo Børs
henryhub:bunnsone,AKER,1m,5,-0.027715345859351797,0.010004977333348363,-0.4227338051468866,0.6724894883358197,0.8,False,0.9969061973633782,False,AKER,Oslo Børs
henryhub:bunnsone,AKRBP,1m,5,-0.06532381796162454,0.01422114640028903,-1.583015580695693,0.11341791319328408,0.8,True,0.9185018360434064,False,AKER BP,Oslo Børs
henryhub:bunnsone,AKSO,1m,5,-0.0022589673366733786,0.005701269585885659,-0.14116663681145764,0.8877383020620315,0.4,False,0.9969061973633782,False,AKER SOLUTIONS,Oslo Børs
henryhub:bunnsone,AKVA,1m,5,0.05529462171244437,0.012310382567397072,0.9495377378773149,0.34234718794809327,0.8,True,0.9969061973633782,False,AKVA GROUP,Oslo Børs
henryhub:bunnsone,ALNG,1m,4,0.033361240017206834,-0.006467855832019364,0.5443424410098485,0.5862058465904345,0.5,False,0.9969061973633782,False,ALNG,Euronext Expand Oslo
henryhub:bunnsone,ABTEC,1m,5,-0.028969534126806185,-0.03292756653340097,0.032232340883247355,0.9742867652763783,0.6,False,0.9969061973633782,False,AQUA BIO TECHNO,Euronext Expand Oslo
henryhub:bunnsone,AQUA,1m,3,-0.06560242154117364,0.010447188444579083,-1.423511319791117,0.15458798298733417,0.6666666666666666,True,0.9969061973633782,False,AQUALIS,Oslo Børs
henryhub:bunnsone,ARCH,1m,4,-0.015616804804928499,-0.02306760897741688,0.08985102618575279,0.9284055991038922,0.5,True,0.9969061973633782,False,ARCHER,Oslo Børs
henryhub:bunnsone,AZT,1m,5,-0.013498711013045468,-0.003197926450757012,-0.10835527025980335,0.9137138813223427,0.6,False,0.9969061973633782,False,ARCTICZYMES TECHNO,Oslo Børs
henryhub:bunnsone,AFK,1m,5,-0.013745960262092533,0.015447798494554705,-0.8431402037796802,0.39915003610634703,0.6,True,0.9969061973633782,False,ARENDALS FOSSEKOMP,Oslo Børs
henryhub:bunnsone,ARR,1m,5,-0.11696551715692882,-0.02916769363588023,-0.7244913247742193,0.46876415121349885,0.6,True,0.9969061973633782,False,ARRIBATEC GROUP,Oslo Børs
henryhub:bunnsone,ATEA,1m,5,0.08524126934823412,-0.0008355102255195461,1.840103455646636,0.065753050065385,0.8,True,0.9185018360434064,False,ATEA,Oslo Børs
henryhub:bunnsone,AURG,1m,5,-0.019030448552870366,0.011994364893751903,-1.1013887376194091,0.2707275049871631,0.4,False,0.9969061973633782,False,AURSKOG SPAREBANK,Oslo Børs
henryhub:bunnsone,AUSS,1m,5,-0.03696585357316139,0.010754411532297744,-1.2725263114255592,0.20318618164768934,0.6,True,0.9969061973633782,False,AUSTEVOLL SEAFOOD,Oslo Børs
henryhub:bunnsone,ACR,1m,5,-0.12039185808019685,-0.014480651903777913,-1.2435674410315796,0.21365880545167484,0.8,True,0.9969061973633782,False,AXACTOR,Oslo Børs
henryhub:bunnsone,BAKKA,1m,4,0.01780526102904073,0.01781998596048056,-0.0003704912605349725,0.9997043907500694,0.5,False,0.9997043907500693,False,BAKKAFROST,Oslo Børs
henryhub:bunnsone,BINT,1m,3,0.11594153078891815,-0.006921192110240222,1.0526074606547722,0.29252093641781096,0.6666666666666666,True,0.9969061973633782,False,BEVEST,Oslo Børs
henryhub:bunnsone,BNOR,1m,5,-0.033949835772821485,-0.011639675379663242,-0.18696844792752523,0.8516853715847514,0.6,True,0.9969061973633782,False,BLUENORD,Oslo Børs
henryhub:bunnsone,BONHR,1m,5,0.0724274180287245,0.00781342271527103,1.8415867786766482,0.06553561643983606,1.0,True,0.9185018360434064,False,BONHEUR,Oslo Børs
henryhub:bunnsone,BOR,1m,5,0.0031908950079103937,-0.008093960704967155,0.2088155989985369,0.8345921935307377,0.6,False,0.9969061973633782,False,BORGESTAD,Oslo Børs
henryhub:bunnsone,BRG,1m,3,-0.024366004252266833,0.01443348588935387,-0.8884430397546648,0.3743024825189272,0.3333333333333333,False,0.9969061973633782,False,BORREGAARD,Oslo Børs
henryhub:bunnsone,BOUV,1m,5,0.027308480237299287,0.020102882659793167,0.25735938494475274,0.7969013532316356,0.8,True,0.9969061973633782,False,BOUVET,Oslo Børs
henryhub:bunnsone,BWLPG,1m,3,0.028631383584528842,0.01902793926448795,0.12942108319107523,0.8970244659998867,0.6666666666666666,False,0.9969061973633782,False,BW LPG,Oslo Børs
henryhub:bunnsone,BWO,1m,5,-0.07306360354502175,-0.0034454204513434854,-1.150862060478483,0.249788988220759,0.8,True,0.9969061973633782,False,BW OFFSHORE LTD,Oslo Børs
henryhub:bunnsone,BMA,1m,5,-0.01220947610644249,0.012359777500230184,-0.4582490875783456,0.6467734970452752,0.6,False,0.9969061973633782,False,BYGGMA,Euronext Growth Oslo
henryhub:bunnsone,CONTX,1m,5,-0.02291094235710331,0.003776391814802333,-0.46699461337161113,0.6405037319694622,0.8,True,0.9969061973633782,False,CONTEXTVISION,Oslo Børs
henryhub:bunnsone,DNB,1m,5,0.05120503024971114,0.011711961470481137,1.4140023433329854,0.15736121444812073,0.6,True,0.9969061973633782,False,DNB BANK,Oslo Børs
henryhub:bunnsone,DNO,1m,5,-0.11503978589562891,0.007779557847393007,-2.1907614531297877,0.028469059418750917,0.6,True,0.8116549380126422,False,DNO,Oslo Børs
henryhub:bunnsone,EAM,1m,3,-0.014797594333813335,-0.028870767918579048,0.06317785447042004,0.9496248791166879,0.6666666666666666,False,0.9969061973633782,False,EAM SOLAR,Euronext Growth Oslo
henryhub:bunnsone,EIOF,1m,5,-0.05350687284635871,-0.001524280603743692,-1.3029976926838207,0.19257554928785872,0.6,True,0.9969061973633782,False,EIDESVIK OFFSHORE,Oslo Børs
henryhub:bunnsone,ENDUR,1m,5,0.034371897216852784,-0.007466986899200066,0.5860761915373168,0.5578243148839443,0.4,False,0.9969061973633782,False,ENDÚR,Oslo Børs
henryhub:bunnsone,ENSU,1m,5,0.09873540770666192,-0.030477498188816073,1.1128642646506284,0.26576672975821686,0.6,False,0.9969061973633782,False,ENSURGE MICROPOWER,Oslo Børs
henryhub:bunnsone,ENTRA,1m,3,0.04915345404684335,0.007070140415641166,1.2116006247090458,0.22566529532760418,1.0,True,0.9969061973633782,False,ENTRA,Oslo Børs
henryhub:bunnsone,EQNR,1m,5,-0.026265260228765623,0.010453787532031054,-1.273357482626062,0.20289121746932295,0.8,True,0.9969061973633782,False,EQUINOR,Oslo Børs
henryhub:bunnsone,EQVA,1m,3,-0.09024784743656152,0.0041243497385649855,-0.708275337153129,0.478774289630114,1.0,True,0.9969061973633782,False,EQVA,Oslo Børs
henryhub:bunnsone,FRO,1m,5,-0.07614730851673643,0.001601264631171596,-1.0905251670756873,0.2754818733722902,0.4,False,0.9969061973633782,False,FRONTLINE,Oslo Børs
henryhub:bunnsone,GJF,1m,4,0.00358239384745279,0.016310037142036157,-0.43467692005085934,0.6637969533812553,0.75,False,0.9969061973633782,False,GJENSIDIGE FORSIKR,Oslo Børs
henryhub:bunnsone,GOD,1m,5,-0.005065069873369005,-0.012106163699159593,0.10116953805073411,0.9194158777341905,0.6,False,0.9969061973633782,False,GOODTECH,Oslo Børs
henryhub:bunnsone,GSF,1m,5,-0.03100938248805928,0.008572007238881515,-0.6862102176630707,0.49258055547657337,0.4,False,0.9969061973633782,False,GRIEG SEAFOOD,Oslo Børs
henryhub:bunnsone,GYL,1m,5,-0.001169429270569372,0.0006112998156153518,-0.03540944715279944,0.9717532516986431,0.2,False,0.9969061973633782,False,GYLDENDAL,Oslo Børs
henryhub:bunnsone,HAVI,1m,5,-0.051097074618014826,-0.02495315043710417,-0.21050084683100642,0.8332767907924781,0.6,True,0.9969061973633782,False,HAVILA SHIPPING,Oslo Børs
henryhub:bunnsone,HEX,1m,5,-0.0289546054180757,0.012150872796904787,-0.6669314880376093,0.5048158967127452,0.8,True,0.9969061973633782,False,HEXAGON COMPOSITES,Oslo Børs
henryhub:bunnsone,HBC,1m,4,0.024906565654620065,-0.005047498338913136,0.44195128757710217,0.6585244561375456,0.25,False,0.9969061973633782,False,HOFSETH BIOCARE,Oslo Børs
henryhub:bunnsone,HUNT,1m,5,0.10067353944812887,0.008390439582262906,0.7967542933760341,0.4255937449868873,0.4,False,0.9969061973633782,False,HUNTER GROUP,Euronext Expand Oslo
henryhub:bunnsone,HSPG,1m,5,0.012198532537881418,0.0016342394686667547,0.08385990908727164,0.9331678151489502,0.6,False,0.9969061973633782,False,HØLAND OG SETSKOG,Oslo Børs
henryhub:bunnsone,IDEX,1m,4,0.15208708415712804,-0.016224993371093704,1.4227173130315167,0.15481811968500206,0.75,True,0.9969061973633782,False,IDEX BIOMETRICS,Oslo Børs
henryhub:bunnsone,IOX,1m,5,-0.017186282479189165,-0.026637482269013746,0.07124514933131437,0.9432026487168307,0.8,False,0.9969061973633782,False,INTEROIL EXPL PROD,Oslo Børs
henryhub:bunnsone,ITERA,1m,5,0.039274277011598475,0.0009445681263779643,0.7680627029459954,0.44244993381204634,0.6,True,0.9969061973633782,False,ITERA,Oslo Børs
henryhub:bunnsone,JIN,1m,5,0.031022075791941627,0.004062151144469152,0.42331409527409136,0.6720661116883531,0.6,False,0.9969061973633782,False,JINHUI SHIPP TRANS,Oslo Børs
henryhub:bunnsone,JAREN,1m,5,-0.01589582206145907,0.012822166287204194,-0.9763083738279984,0.3289116715080395,0.4,True,0.9969061973633782,False,JÆREN SPAREBANK,Oslo Børs
henryhub:bunnsone,KIT,1m,5,0.032028364105479906,0.012352254785169763,0.3857275908050504,0.6996984267203685,0.6,False,0.9969061973633782,False,KITRON,Oslo Børs
henryhub:bunnsone,KOA,1m,5,0.023538362655823347,-0.010755293006378444,0.46992664962857933,0.6384074236889739,0.6,False,0.9969061973633782,False,KONGSBERG AUTOMOT,Oslo Børs
henryhub:bunnsone,KOG,1m,5,-0.001486915455592447,0.015553415039022606,-0.48091155079940384,0.6305793629823446,0.4,False,0.9969061973633782,False,KONGSBERG GRUPPEN,Oslo Børs
henryhub:bunnsone,LSG,1m,5,-0.02553872627583717,0.013753305641876707,-1.0276823607397194,0.30409926787941294,0.8,True,0.9969061973633782,False,LERØY SEAFOOD GP,Oslo Børs
henryhub:bunnsone,MGN,1m,5,-0.04868216177200923,-0.008009270743721,-0.48904271281550676,0.6248114577263882,0.6,False,0.9969061973633782,False,MAGNORA,Oslo Børs
henryhub:bunnsone,MEDI,1m,5,-0.003948651234844646,0.014616220323412933,-0.44221209528441435,0.6583357343482414,0.6,False,0.9969061973633782,False,MEDISTIM,Oslo Børs
henryhub:bunnsone,MELG,1m,5,-0.013553454271998338,0.008900266473605327,-0.8527211622844271,0.39381395242667705,0.6,False,0.9969061973633782,False,MELHUS SPAREBANK,Oslo Børs
henryhub:bunnsone,MOWI,1m,5,0.0008384000397345714,-0.005509401216705304,0.08013764597452049,0.936127781857398,0.6,False,0.9969061973633782,False,MOWI,Oslo Børs
henryhub:bunnsone,NAPA,1m,3,-0.020213092724599313,0.01174819983862605,-0.2737612379231879,0.784268113628315,0.6666666666666666,True,0.9969061973633782,False,NAPATECH,Oslo Børs
henryhub:bunnsone,NAVA,1m,5,0.04056011040588388,0.0011968251627977942,0.7365993017546978,0.46136605971334055,0.6,True,0.9969061973633782,False,NAVAMEDIC,Oslo Børs
henryhub:bunnsone,NKR,1m,5,0.11099995483997949,0.002826640711141559,1.7696516768378805,0.07678518450755467,1.0,True,0.9185018360434064,False,NEKKAR,Oslo Børs
henryhub:bunnsone,NEL,1m,5,-0.08261622006317923,-0.028100438844992286,-0.3267737233110969,0.7438390350950881,0.4,True,0.9969061973633782,False,NEL,Oslo Børs
henryhub:bunnsone,NEXT,1m,3,0.058797938962235986,-0.042830440111895664,0.6815128993227564,0.4955470074660217,0.3333333333333333,False,0.9969061973633782,False,NEXT BIOMETRICS GP,Oslo Børs
henryhub:bunnsone,NOM,1m,5,-0.011045520289767723,-0.016423276658043554,0.06559166861576228,0.9477029223118758,0.6,False,0.9969061973633782,False,NORDIC MINING,Oslo Børs
henryhub:bunnsone,NOD,1m,5,0.00971776882602513,0.018128318962521418,-0.1390416694755708,0.8894172213525183,0.8,False,0.9969061973633782,False,NORDIC SEMICONDUC,Oslo Børs
henryhub:bunnsone,NHY,1m,5,0.010801274621028251,0.011082398755807727,-0.008552721673487272,0.9931759986188493,0.6,False,0.9986807999722572,False,NORSK HYDRO,Oslo Børs
henryhub:bunnsone,NORTH,1m,4,-0.07655581194524447,-0.004936756087844353,-1.204971151487495,0.2282144388858137,0.75,True,0.9969061973633782,False,NORTH ENERGY,Euronext Expand Oslo
henryhub:bunnsone,NAS,1m,5,0.0553440923258834,-0.019386758527778138,0.9318217201265203,0.3514286677538118,0.6,True,0.9969061973633782,False,NORWEGIAN AIR SHUT,Oslo Børs
henryhub:bunnsone,NRC,1m,5,0.013415887865258653,-0.025615224153846382,0.4144282185976072,0.6785605264338539,0.2,False,0.9969061973633782,False,NRC GROUP,Oslo Børs
henryhub:bunnsone,ODL,1m,3,-0.16087500655361986,0.00672535488224897,-2.3378217865849265,0.019396494936931758,1.0,True,0.8094803887012854,False,ODFJELL DRILLING,Oslo Børs
henryhub:bunnsone,ODF,1m,5,-0.026946736229723538,0.008781112504170284,-0.9087131463466387,0.3635015629574511,0.4,False,0.9969061973633782,False,ODFJELL SER. A,Oslo Børs
henryhub:bunnsone,ODFB,1m,5,-0.03801152028230641,0.010149525999902972,-1.2377647196672898,0.21580331365596056,0.4,False,0.9969061973633782,False,ODFJELL SER. B,Oslo Børs
henryhub:bunnsone,ORK,1m,5,0.06017622153403988,0.011436663722635295,1.5574733652523598,0.1193581394664294,0.8,True,0.9185018360434064,False,ORKLA,Oslo Børs
henryhub:bunnsone,PEN,1m,4,-0.11602547693679138,-0.00032490095768114227,-1.698400120725865,0.08943226933882728,1.0,True,0.9185018360434064,False,PANORO ENERGY,Oslo Børs
henryhub:bunnsone,PSE,1m,5,0.13599085383887874,-0.025665116196455035,1.9055292759267228,0.056711305621699785,1.0,True,0.9185018360434064,False,PETROLIA,Oslo Børs
henryhub:bunnsone,PHO,1m,5,-0.028397660818195454,-0.002704418675813171,-0.48482976845673537,0.6277971045294715,0.6,True,0.9969061973633782,False,PHOTOCURE,Oslo Børs
henryhub:bunnsone,POL,1m,5,-0.019613888735215208,0.001263363495383325,-0.2520603924106429,0.8009943839565443,0.8,True,0.9969061973633782,False,POLARIS MEDIA,Oslo Børs
henryhub:bunnsone,PRS,1m,5,-0.04705726319037877,-0.030054373704385733,-0.18305158944808328,0.8547575398901093,0.6,True,0.9969061973633782,False,PROSAFE,Oslo Børs
henryhub:bunnsone,PROT,1m,5,0.0320563869783638,0.021636452171465842,0.25504274179149466,0.7986900873391553,0.6,False,0.9969061973633782,False,PROTECTOR FORSIKRG,Oslo Børs
henryhub:bunnsone,QEC,1m,5,-0.015217362988425482,-0.0009361153315232351,-0.15638431382767712,0.8757301008030905,0.6,False,0.9969061973633782,False,QUESTERRE ENERGY,Oslo Børs
henryhub:bunnsone,REACH,1m,5,0.014553444795040144,-0.010599916546950427,0.29675563463831184,0.7666530788397639,0.8,True,0.9969061973633782,False,REACH SUBSEA,Oslo Børs
henryhub:bunnsone,ROGS,1m,5,0.01856833192454302,0.0085095132490169,0.2789487479932835,0.780284157222131,0.6,False,0.9969061973633782,False,ROGALAND SPAREBANK,Oslo Børs
henryhub:bunnsone,ROM,1m,5,-0.022099792946086123,-0.008406037710092495,-0.1790126267789468,0.8579277871086448,0.6,False,0.9969061973633782,False,ROMREAL,Euronext Expand Oslo
henryhub:bunnsone,SDSD,1m,4,-0.011960606622563203,-0.00639609338087971,-0.06464415392166854,0.948457328462311,0.75,False,0.9969061973633782,False,S.D. STANDARD ETC,Oslo Børs
henryhub:bunnsone,SAGA,1m,4,0.06876399279629708,-0.006932578008887973,1.027671300249701,0.3041044724027187,0.5,False,0.9969061973633782,False,SAGA PURE,Oslo Børs
henryhub:bunnsone,SALM,1m,5,-0.026604752706967088,0.019288446648126623,-1.1332323938110545,0.25711667396473975,0.6,False,0.9969061973633782,False,SALMAR,Oslo Børs
henryhub:bunnsone,SCANA,1m,5,0.0061877182635494635,-0.01477653459838886,0.25694504205554225,0.7972211989905041,0.6,False,0.9969061973633782,False,SCANA,Oslo Børs
henryhub:bunnsone,SCATC,1m,3,0.04138082118582661,0.016590254515585448,0.4071475512868907,0.6838996205091068,0.6666666666666666,True,0.9969061973633782,False,SCATEC,Oslo Børs
henryhub:bunnsone,SEA1,1m,5,-0.06995941201976974,0.0025431771486555117,-0.77694916569748,0.4371887624682096,0.4,True,0.9969061973633782,False,Sea1 Offshore,Euronext Growth Oslo
henryhub:bunnsone,ENH,1m,5,-0.34307020922187004,-0.053422976438453305,-2.420712709601097,0.015490113856892954,0.8,True,0.8094803887012854,False,SED ENERGY HOLDING,Oslo Børs
henryhub:bunnsone,SBO,1m,3,0.045577571633093394,0.009180088103818774,0.9305029097302555,0.3521107582924551,0.6666666666666666,False,0.9969061973633782,False,SELVAAG BOLIG,Oslo Børs
henryhub:bunnsone,SKUE,1m,5,0.024405155508654547,0.00987862914936088,0.4930336746849255,0.6219887936082169,0.8,True,0.9969061973633782,False,SKUE SPAREBANK,Oslo Børs
henryhub:bunnsone,SOGN,1m,5,-0.008511488556852326,0.012704631361978809,-0.6287685690074121,0.529500580006832,0.4,False,0.9969061973633782,False,SOGN SPAREBANK,Oslo Børs
henryhub:bunnsone,SOFF,1m,5,-0.010960568228711581,-0.017503711627764637,0.04557415651232361,0.9636496678785313,0.8,False,0.9969061973633782,False,SOLSTAD OFFSHORE,Oslo Børs
henryhub:bunnsone,MING,1m,5,0.014414082627275,0.012505564833490482,0.07830785167845532,0.9375831719080869,0.8,True,0.9969061973633782,False,SPAREBANK 1 SMN,Oslo Børs
henryhub:bunnsone,SB1NO,1m,5,0.008558868767914524,0.008808546373720605,-0.008950713285494996,0.9928584594191977,0.6,False,0.9986807999722572,False,SPAREBANK 1 SØR-N,Oslo Børs
henryhub:bunnsone,MORG,1m,5,0.01086259030724826,0.009971205268301035,0.037778515875671236,0.9698642739895761,0.6,False,0.9969061973633782,False,SPAREBANKEN MØRE,Oslo Børs
henryhub:bunnsone,SBNOR,1m,5,0.026314047986998195,0.009213148497296637,0.6320948976456131,0.5273248690907517,1.0,True,0.9969061973633782,False,SPAREBANKEN NORGE,Oslo Børs
henryhub:bunnsone,SPOG,1m,5,0.03301085135757789,0.00841237061310996,0.8510006268326968,0.3947690045822792,0.6,True,0.9969061973633782,False,SPAREBANKEN ØST,Oslo Børs
henryhub:bunnsone,HELG,1m,5,-0.0008233396663772597,0.012322802959805588,-0.5428881313051512,0.5872068282258083,0.6,False,0.9969061973633782,False,SPBK1 HELGELAND,Oslo Børs
henryhub:bunnsone,NONG,1m,5,0.025058485514301326,0.010722956228024263,0.5544013098162921,0.579304229888457,0.6,True,0.9969061973633782,False,SPBK1 NORD-NORGE,Oslo Børs
henryhub:bunnsone,RING,1m,5,0.009396511445140471,0.015221333772288874,-0.2179680592884583,0.8274539980765623,0.4,False,0.9969061973633782,False,SPBK1 RINGERIKE,Oslo Børs
henryhub:bunnsone,SOAG,1m,5,-0.006368294023072614,0.013982689118810846,-0.7816880987083433,0.43439789764060127,0.4,False,0.9969061973633782,False,SPBK1 ØSTFOLD AKE,Oslo Børs
henryhub:bunnsone,SNI,1m,5,-0.033689867546086286,0.005817538216328526,-0.9774330779566827,0.3283547937668205,0.6,True,0.9969061973633782,False,STOLT-NIELSEN,Oslo Børs
henryhub:bunnsone,STB,1m,5,0.0028108878437658248,0.007882878668479013,-0.12774069581206032,0.8983541832937785,0.6,False,0.9969061973633782,False,STOREBRAND,Oslo Børs
henryhub:bunnsone,STRO,1m,5,0.026659421050351646,0.0016359013224446675,0.2917656696756451,0.7704657953207776,0.4,False,0.9969061973633782,False,STRONGPOINT,Oslo Børs
henryhub:bunnsone,SUBC,1m,5,0.015590486841027401,0.004156143329169577,0.23252200507866516,0.8161325979371008,0.4,False,0.9969061973633782,False,SUBSEA 7,Oslo Børs
henryhub:bunnsone,TECH,1m,5,0.04248833554184879,-0.02282982764656677,0.7592310671246446,0.4477143447928062,0.6,False,0.9969061973633782,False,TECHSTEP,Oslo Børs
henryhub:bunnsone,TEL,1m,5,0.027198010925921785,0.00724589057296838,0.6582350457738466,0.5103871085406447,0.8,True,0.9969061973633782,False,TELENOR,Oslo Børs
henryhub:bunnsone,TGS,1m,5,-0.022751960232910033,0.010040458488336956,-0.7598950481580212,0.4473173217961111,0.4,False,0.9969061973633782,False,TGS,Oslo Børs
henryhub:bunnsone,TOM,1m,5,-0.0005754685927616465,0.006989007850867511,-0.16451234464886805,0.8693278295215552,0.6,False,0.9969061973633782,False,TOMRA SYSTEMS,Oslo Børs
henryhub:bunnsone,VEI,1m,5,0.017204106464582664,0.013888907491441314,0.10889748395458658,0.913283802291309,0.8,True,0.9969061973633782,False,VEIDEKKE,Oslo Børs
henryhub:bunnsone,VOIM,1m,5,-0.04186257970140425,-0.03440354329772788,-0.07307042194233983,0.9417500785909275,0.8,True,0.9969061973633782,False,VOIM,Oslo Børs
henryhub:bunnsone,VVL,1m,5,0.028826053149501714,0.009421149780471393,0.6172833634994923,0.5370478381450525,0.8,True,0.9969061973633782,False,VOSS VEKSEL OGLAND,Oslo Børs
henryhub:bunnsone,VOW,1m,3,0.0019760547380721083,-0.0013801512547033932,0.031825550520448005,0.9746111705852833,0.6666666666666666,False,0.9969061973633782,False,VOW,Oslo Børs
henryhub:bunnsone,WAWI,1m,4,-0.03947977445025597,0.021881539787168298,-1.129549377668576,0.2586661520544137,0.75,True,0.9969061973633782,False,WALLENIUS WILHELMS,Oslo Børs
henryhub:bunnsone,WWI,1m,5,0.0029935094052469914,0.0128408718916824,-0.3144985392974043,0.7531424256976885,0.6,False,0.9969061973633782,False,WILH. WILHELMSEN A,Oslo Børs
henryhub:bunnsone,WWIB,1m,5,0.015477370843313937,0.013648598415937267,0.05705872969486371,0.9544984117657965,0.4,False,0.9969061973633782,False,WILH. WILHELMSEN B,Oslo Børs
henryhub:bunnsone,YAR,1m,5,-0.03588920340717534,0.009742865237417096,-1.2669096640595134,0.20518759278346044,0.8,True,0.9969061973633782,False,YARA INTERNATIONAL,Oslo Børs
henryhub:bunnsone,ZAL,1m,3,0.04451405790821872,0.008795180748932853,0.676226842697838,0.4988966324588879,1.0,True,0.9969061973633782,False,ZALARIS,Oslo Børs
henryhub:bunnsone,ABG,3m,5,0.08544398968692188,0.047637757298110574,0.6519011590127242,0.5144649371929901,0.6,True,0.9949167923620882,False,ABG SUNDAL COLLIER,Oslo Børs
henryhub:bunnsone,AFG,3m,5,0.09117014461528865,0.049321450749260344,0.7808040228755179,0.4349177676371139,0.8,True,0.9949167923620882,False,AF GRUPPEN,Oslo Børs
henryhub:bunnsone,AKAST,3m,5,0.012163088965738644,0.014731180968765585,-0.03071223408344886,0.9754990343781249,0.4,False,0.9949167923620882,False,AKASTOR,Oslo Børs
henryhub:bunnsone,AKER,3m,5,0.0066810810793664355,0.03387974964174552,-0.16330995271378548,0.8702743979719006,0.4,False,0.9949167923620882,False,AKER,Oslo Børs
henryhub:bunnsone,AKRBP,3m,5,0.02009864985381026,0.04812448845464046,-0.3054124563553343,0.7600520359205676,0.4,False,0.9949167923620882,False,AKER BP,Oslo Børs
henryhub:bunnsone,AKSO,3m,5,0.11797011602250222,0.01541381777240479,1.0788626968576693,0.28064894027569687,0.8,True,0.9949167923620882,False,AKER SOLUTIONS,Oslo Børs
henryhub:bunnsone,AKVA,3m,5,0.023458709848894345,0.0310506816297809,-0.10551512006838441,0.9159670728822158,0.6,False,0.9949167923620882,False,AKVA GROUP,Oslo Børs
henryhub:bunnsone,ALNG,3m,4,0.04369844852105713,-0.015465439494458255,0.49898189312447805,0.6177921400838495,0.5,True,0.9949167923620882,False,ALNG,Euronext Expand Oslo
henryhub:bunnsone,ABTEC,3m,5,0.05085622498297928,-0.09212493514678835,0.7086905724943032,0.4785165164524738,0.8,False,0.9949167923620882,False,AQUA BIO TECHNO,Euronext Expand Oslo
henryhub:bunnsone,AQUA,3m,3,0.03213585797313813,0.028413327299831724,0.03571563775919355,0.9715091013786895,1.0,True,0.9949167923620882,False,AQUALIS,Oslo Børs
henryhub:bunnsone,ARCH,3m,4,-0.13109558065922522,-0.07059301009616575,-0.40978773973882326,0.6819616606619052,1.0,True,0.9949167923620882,False,ARCHER,Oslo Børs
henryhub:bunnsone,AZT,3m,5,-0.33229763977801424,0.0019676312020032024,-2.132911805372573,0.0329319617347965,0.6,False,0.7496056583792273,False,ARCTICZYMES TECHNO,Oslo Børs
henryhub:bunnsone,AFK,3m,5,-0.07089320081897102,0.04391903370445309,-1.8452882092964702,0.0649956247246409,0.8,True,0.8408128121227318,False,ARENDALS FOSSEKOMP,Oslo Børs
henryhub:bunnsone,ARR,3m,5,-0.10539490178250892,-0.09942309165928177,-0.025496927062842328,0.9796585995405072,0.4,False,0.9949167923620882,False,ARRIBATEC GROUP,Oslo Børs
henryhub:bunnsone,ATEA,3m,5,0.16226805913133296,-0.00024002865758397473,1.8899987991570328,0.058758120684358935,1.0,True,0.8357574804557348,False,ATEA,Oslo Børs
henryhub:bunnsone,AURG,3m,5,-0.016291977517571977,0.03816209970457564,-1.0758364518255608,0.28200040670071486,0.4,False,0.9949167923620882,False,AURSKOG SPAREBANK,Oslo Børs
henryhub:bunnsone,AUSS,3m,5,-0.13062211382716357,0.030808602125232138,-2.4297270482034716,0.015110197463334635,1.0,True,0.5902420884115092,False,AUSTEVOLL SEAFOOD,Oslo Børs
henryhub:bunnsone,ACR,3m,5,-0.31870096020314487,-0.050421751555315385,-1.9599016241341531,0.0500072897620306,1.0,True,0.8357574804557348,False,AXACTOR,Oslo Børs
henryhub:bunnsone,BAKKA,3m,4,0.06158398838626679,0.055240107994113205,0.08713628501401414,0.9305631837902697,0.75,True,0.9949167923620882,False,BAKKAFROST,Oslo Børs
henryhub:bunnsone,BINT,3m,3,0.21601587276513112,-0.007824744955293594,1.212305580435867,0.22539542852930045,0.6666666666666666,True,0.9949167923620882,False,BEVEST,Oslo Børs
henryhub:bunnsone,BNOR,3m,5,-0.2731135921024048,-0.0536394588966185,-1.0489559404911755,0.29419839714512097,0.8,True,0.9949167923620882,False,BLUENORD,Oslo Børs
henryhub:bunnsone,BONHR,3m,5,0.016575297136104516,0.028541790178432887,-0.20133118244575682,0.8404396216665735,0.6,False,0.9949167923620882,False,BONHEUR,Oslo Børs
henryhub:bunnsone,BOR,3m,5,0.11611230564499138,-0.022090319355853198,1.3865694710978969,0.16557308284237182,0.6,False,0.9903733062802498,False,BORGESTAD,Oslo Børs
henryhub:bunnsone,BRG,3m,3,0.06950510902606005,0.045193066514423307,0.34953956009911946,0.7266842767378057,0.6666666666666666,True,0.9949167923620882,False,BORREGAARD,Oslo Børs
henryhub:bunnsone,BOUV,3m,5,0.06726184483137097,0.061404742538737664,0.11879268585803472,0.9054396034914513,1.0,True,0.9949167923620882,False,BOUVET,Oslo Børs
henryhub:bunnsone,BWLPG,3m,3,0.31180931130760564,0.04378442657652046,2.032100166862417,0.042143516511417116,1.0,True,0.8357574804557348,False,BW LPG,Oslo Børs
henryhub:bunnsone,BWO,3m,5,-0.03481449385471339,-0.007405943044471327,-0.2723454075034798,0.7853564450739168,0.6,False,0.9949167923620882,False,BW OFFSHORE LTD,Oslo Børs
henryhub:bunnsone,BMA,3m,5,0.059011867448763564,0.04226125190179662,0.2109545113883316,0.8329227671752574,0.4,False,0.9949167923620882,False,BYGGMA,Euronext Growth Oslo
henryhub:bunnsone,CONTX,3m,5,0.020192520444867457,0.001549943149466868,0.19693873131189363,0.8438754839606359,0.4,False,0.9949167923620882,False,CONTEXTVISION,Oslo Børs
henryhub:bunnsone,DNB,3m,5,0.09630776448289592,0.035699718261852725,1.3453859472967877,0.17850063097999636,0.8,True,0.9903733062802498,False,DNB BANK,Oslo Børs
henryhub:bunnsone,DNO,3m,5,-0.1425834615418208,0.037034978396492356,-1.8368626338940925,0.06623017670137327,0.8,True,0.8408128121227318,False,DNO,Oslo Børs
henryhub:bunnsone,EAM,3m,3,-0.2975503834045792,-0.09831065000065507,-0.6059053559390909,0.5445776026815861,1.0,True,0.9949167923620882,False,EAM SOLAR,Euronext Growth Oslo
henryhub:bunnsone,EIOF,3m,5,-0.09530906400468694,-0.003263944920511499,-1.2412440607793092,0.2145156025686229,0.4,True,0.9949167923620882,False,EIDESVIK OFFSHORE,Oslo Børs
henryhub:bunnsone,ENDUR,3m,5,0.023651045318944665,-0.021345786558649528,0.4266717715822777,0.6696184138487387,0.4,False,0.9949167923620882,False,ENDÚR,Oslo Børs
henryhub:bunnsone,ENSU,3m,5,0.12471198508961293,-0.08518975464132765,1.123351554826604,0.26128821614156683,0.8,True,0.9949167923620882,False,ENSURGE MICROPOWER,Oslo Børs
henryhub:bunnsone,ENTRA,3m,3,0.0657871779787934,0.022276265117022787,0.7380584070981229,0.46047895730045774,1.0,True,0.9949167923620882,False,ENTRA,Oslo Børs
henryhub:bunnsone,EQNR,3m,5,0.02979227161941197,0.030755438668662843,-0.01981444747283724,0.9841913927297042,0.6,False,0.9949167923620882,False,EQUINOR,Oslo Børs
henryhub:bunnsone,EQVA,3m,3,-0.3036949254512899,0.0156912920969084,-1.2988681646029223,0.1939891766967436,1.0,True,0.9903733062802498,False,EQVA,Oslo Børs
henryhub:bunnsone,FRO,3m,5,0.10925502252794646,0.0112622308422251,0.7809138716151222,0.4348531528928329,0.8,True,0.9949167923620882,False,FRONTLINE,Oslo Børs
henryhub:bunnsone,GJF,3m,4,0.030357113828392138,0.048045890958580445,-0.33814579911215253,0.735253318449129,0.5,False,0.9949167923620882,False,GJENSIDIGE FORSIKR,Oslo Børs
henryhub:bunnsone,GOD,3m,5,-0.038012714306184636,-0.030705692329079257,-0.05959616189764107,0.952477275299227,0.6,False,0.9949167923620882,False,GOODTECH,Oslo Børs
henryhub:bunnsone,GSF,3m,5,-0.1268196666433304,0.03228459918728332,-1.5303162742241523,0.12593846190700803,0.8,True,0.9631667436365903,False,GRIEG SEAFOOD,Oslo Børs
henryhub:bunnsone,GYL,3m,5,-0.04566069442883399,0.008333377009987906,-0.7703903509310053,0.44106837540903493,0.6,True,0.9949167923620882,False,GYLDENDAL,Oslo Børs
henryhub:bunnsone,HAVI,3m,5,-0.06806710468845206,-0.06819949175918154,0.0007828286034699298,0.9993753932073318,0.6,False,0.9993753932073317,False,HAVILA SHIPPING,Oslo Børs
henryhub:bunnsone,HEX,3m,5,0.0807352575581565,0.02458012377036479,0.544700446096016,0.5859595579862996,0.8,True,0.9949167923620882,False,HEXAGON COMPOSITES,Oslo Børs
henryhub:bunnsone,HBC,3m,4,-0.01267644564331033,-0.02059349968790071,0.06663923357340569,0.9468689112738304,0.75,False,0.9949167923620882,False,HOFSETH BIOCARE,Oslo Børs
henryhub:bunnsone,HUNT,3m,5,0.13452617054677984,0.012296528687333963,0.6812480339721407,0.4957145589316569,0.6,True,0.9949167923620882,False,HUNTER GROUP,Euronext Expand Oslo
henryhub:bunnsone,HSPG,3m,5,0.026289175806165042,0.044827195798643006,-0.10058158802411798,0.9198826132029052,0.8,False,0.9949167923620882,False,HØLAND OG SETSKOG,Oslo Børs
henryhub:bunnsone,IDEX,3m,4,0.11826022143426196,-0.05070398372396073,0.8241957231206133,0.40982835677881396,0.25,False,0.9949167923620882,False,IDEX BIOMETRICS,Oslo Børs
henryhub:bunnsone,IOX,3m,5,-0.12099288999384097,-0.08010310728960815,-0.19679899073273419,0.843984840950828,0.8,True,0.9949167923620882,False,INTEROIL EXPL PROD,Oslo Børs
henryhub:bunnsone,ITERA,3m,5,0.0359656957426389,0.004429095409834452,0.4477180762997511,0.6543566742737161,0.6,False,0.9949167923620882,False,ITERA,Oslo Børs
henryhub:bunnsone,JIN,3m,5,0.015694137339273197,0.006469635306656157,0.07713526327527524,0.9385159405191613,0.2,False,0.9949167923620882,False,JINHUI SHIPP TRANS,Oslo Børs
henryhub:bunnsone,JAREN,3m,5,-0.08078582190100977,0.035194310740916224,-2.307908342429752,0.021004234968084366,0.8,True,0.6909287818448805,False,JÆREN SPAREBANK,Oslo Børs
henryhub:bunnsone,KIT,3m,5,0.06674670708932304,0.030293173387095754,0.4058563281077171,0.6848481680638289,0.8,True,0.9949167923620882,False,KITRON,Oslo Børs
henryhub:bunnsone,KOA,3m,5,0.004559168571878225,-0.041546759947184896,0.3601361880108089,0.7187452917777539,0.8,False,0.9949167923620882,False,KONGSBERG AUTOMOT,Oslo Børs
henryhub:bunnsone,KOG,3m,5,0.03837299735716678,0.05108196028992534,-0.20106947709869802,0.8406442483166597,0.6,False,0.9949167923620882,False,KONGSBERG GRUPPEN,Oslo Børs
henryhub:bunnsone,LSG,3m,5,-0.09975260163584944,0.03633386083477335,-2.1271447720982093,0.03340805623141969,1.0,True,0.7496056583792273,False,LERØY SEAFOOD GP,Oslo Børs
henryhub:bunnsone,MGN,3m,5,0.013339953285097461,-0.024662299096284,0.2698761276002724,0.7872555533712262,0.4,False,0.9949167923620882,False,MAGNORA,Oslo Børs
henryhub:bunnsone,MEDI,3m,5,0.06393122302993176,0.03932086745327793,0.350535180234267,0.7259370928484856,0.6,False,0.9949167923620882,False,MEDISTIM,Oslo Børs
henryhub:bunnsone,MELG,3m,5,0.017350533578087725,0.024197755079271493,-0.1560087155859037,0.8760261512984562,0.8,True,0.9949167923620882,False,MELHUS SPAREBANK,Oslo Børs
henryhub:bunnsone,MOWI,3m,5,-0.06538406407057097,-0.03130916278600004,-0.22168452432430613,0.824559478182128,0.8,True,0.9949167923620882,False,MOWI,Oslo Børs
henryhub:bunnsone,NAPA,3m,3,0.2964805043150314,0.026469212947149205,1.251914008034692,0.2106011998612175,0.6666666666666666,False,0.9949167923620882,False,NAPATECH,Oslo Børs
henryhub:bunnsone,NAVA,3m,5,0.018119625205196933,0.019000138923047256,-0.008992907254029478,0.992824794858062,0.4,False,0.9992198015882267,False,NAVAMEDIC,Oslo Børs
henryhub:bunnsone,NKR,3m,5,0.07813872354658438,0.00669012813628607,0.7025304261236215,0.4823484338496351,0.8,True,0.9949167923620882,False,NEKKAR,Oslo Børs
henryhub:bunnsone,NEL,3m,5,-0.19937640924054406,-0.05771506189949851,-0.6706181032924204,0.5024638468436436,0.8,True,0.9949167923620882,False,NEL,Oslo Børs
henryhub:bunnsone,NEXT,3m,3,0.20925753738564393,-0.132275896259861,1.120826029803867,0.26236192197256997,0.6666666666666666,True,0.9949167923620882,False,NEXT BIOMETRICS GP,Oslo Børs
henryhub:bunnsone,NOM,3m,5,-0.03607844816892519,-0.030326455689837672,-0.04309536329153043,0.9656255154247008,0.6,False,0.9949167923620882,False,NORDIC MINING,Oslo Børs
henryhub:bunnsone,NOD,3m,5,0.16944787500422845,0.04005351121166229,1.186046822101876,0.23560380937253916,1.0,True,0.9949167923620882,False,NORDIC SEMICONDUC,Oslo Børs
henryhub:bunnsone,NHY,3m,5,0.017400454360737772,0.030538099010090726,-0.23533182223755839,0.813951197988069,0.6,True,0.9949167923620882,False,NORSK HYDRO,Oslo Børs
henryhub:bunnsone,NORTH,3m,4,-0.1425015983749084,-0.020955764135521866,-1.2780798975287062,0.20122125618525516,0.75,True,0.9903733062802498,False,NORTH ENERGY,Euronext Expand Oslo
henryhub:bunnsone,NAS,3m,5,0.10242296282135559,-0.035532991917159855,0.8324326293282963,0.4051647908051078,0.6,True,0.9949167923620882,False,NORWEGIAN AIR SHUT,Oslo Børs
henryhub:bunnsone,NRC,3m,5,-0.2973652250185188,-0.07797332870159386,-1.2690785482604399,0.20441305041624355,1.0,True,0.9903733062802498,False,NRC GROUP,Oslo Børs
henryhub:bunnsone,ODL,3m,3,-0.15731352621222708,0.032588773881128276,-1.2504283862468237,0.2111431005171737,0.3333333333333333,False,0.9949167923620882,False,ODFJELL DRILLING,Oslo Børs
henryhub:bunnsone,ODF,3m,5,-0.033838046033954516,0.02462141816634985,-0.8487593360157664,0.3960152215732621,0.6,False,0.9949167923620882,False,ODFJELL SER. A,Oslo Børs
henryhub:bunnsone,ODFB,3m,5,-0.009944431791792685,0.0249119723050703,-0.49564051167661916,0.6201480650323589,0.4,False,0.9949167923620882,False,ODFJELL SER. B,Oslo Børs
henryhub:bunnsone,ORK,3m,5,0.06326338402229384,0.030583905784383674,0.6481557205232833,0.5168842378660095,0.6,True,0.9949167923620882,False,ORKLA,Oslo Børs
henryhub:bunnsone,PEN,3m,4,-0.0900047262402529,-0.0044190723098884825,-0.6972884386181106,0.4856223019066469,0.5,True,0.9949167923620882,False,PANORO ENERGY,Oslo Børs
henryhub:bunnsone,PSE,3m,5,-0.015925312305387018,-0.06288874222383135,0.3379081877798489,0.7354323771701344,0.4,False,0.9949167923620882,False,PETROLIA,Oslo Børs
henryhub:bunnsone,PHO,3m,5,-0.015240980047675745,-0.0017547183125143162,-0.14947016237595404,0.8811826518344461,0.8,False,0.9949167923620882,False,PHOTOCURE,Oslo Børs
henryhub:bunnsone,POL,3m,5,-0.035837339212756905,-0.0005487907272665407,-0.2560762336777076,0.7978919730488112,0.8,True,0.9949167923620882,False,POLARIS MEDIA,Oslo Børs
henryhub:bunnsone,PRS,3m,5,-0.09127056122349383,-0.09568413265499515,0.024977934888352947,0.9800725635254607,0.8,True,0.9949167923620882,False,PROSAFE,Oslo Børs
henryhub:bunnsone,PROT,3m,5,0.1199500784104297,0.07375457311368447,0.665788605574346,0.5055462289775263,0.6,True,0.9949167923620882,False,PROTECTOR FORSIKRG,Oslo Børs
henryhub:bunnsone,QEC,3m,5,-0.0788470042163348,0.0004789574311147633,-0.4947623622081871,0.6207678751740529,0.8,True,0.9949167923620882,False,QUESTERRE ENERGY,Oslo Børs
henryhub:bunnsone,REACH,3m,5,-0.001058485609608828,-0.045941366681405145,0.3356968900424942,0.7370994512574414,0.8,False,0.9949167923620882,False,REACH SUBSEA,Oslo Børs
henryhub:bunnsone,ROGS,3m,5,-0.028007511148104503,0.033572814979262205,-1.0141602692502276,0.3105062833567699,0.6,True,0.9949167923620882,False,ROGALAND SPAREBANK,Oslo Børs
henryhub:bunnsone,ROM,3m,5,-0.15708781320100867,-0.02903703989527557,-0.9935049542383461,0.32046393733341805,1.0,True,0.9949167923620882,False,ROMREAL,Euronext Expand Oslo
henryhub:bunnsone,SDSD,3m,4,0.013673331618383425,-0.02422655884185565,0.2522646914790821,0.8008364778468442,0.5,False,0.9949167923620882,False,S.D. STANDARD ETC,Oslo Børs
henryhub:bunnsone,SAGA,3m,4,0.07323131158798384,-0.017745310854350115,0.7836697277244482,0.43323392984115355,0.5,True,0.9949167923620882,False,SAGA PURE,Oslo Børs
henryhub:bunnsone,SALM,3m,5,-0.03181716544234706,0.05839009299648805,-1.3045975612083964,0.19202991915781373,0.8,True,0.9903733062802498,False,SALMAR,Oslo Børs
henryhub:bunnsone,SCANA,3m,5,0.013684131251099263,-0.04106493419969429,0.384927112071744,0.7002914181854171,0.6,False,0.9949167923620882,False,SCANA,Oslo Børs
henryhub:bunnsone,SCATC,3m,3,0.21878998400949765,0.03426105803648612,1.7296222692987897,0.08369778463002789,1.0,True,0.8885735135263845,False,SCATEC,Oslo Børs
henryhub:bunnsone,SEA1,3m,5,-0.056906701673051174,0.0009002139808451148,-0.311485459737229,0.7554315949405145,0.8,True,0.9949167923620882,False,Sea1 Offshore,Euronext Growth Oslo
henryhub:bunnsone,ENH,3m,5,-0.18984117599574743,-0.16048416069172006,-0.14207109621715888,0.8870238484398925,0.6,False,0.9949167923620882,False,SED ENERGY HOLDING,Oslo Børs
henryhub:bunnsone,SBO,3m,3,0.12575264654949686,0.032805323417894015,1.3286035975865396,0.18397878452696398,0.6666666666666666,True,0.9903733062802498,False,SELVAAG BOLIG,Oslo Børs
henryhub:bunnsone,SKUE,3m,5,0.010984014162075872,0.0294736872209353,-0.37273124565380095,0.7093484788916409,0.4,False,0.9949167923620882,False,SKUE SPAREBANK,Oslo Børs
henryhub:bunnsone,SOGN,3m,5,-0.010368219606829331,0.0377670745431934,-0.8488926338800711,0.39594103804932707,0.4,False,0.9949167923620882,False,SOGN SPAREBANK,Oslo Børs
henryhub:bunnsone,SOFF,3m,5,-0.19696376158167814,-0.047467147469507295,-0.7378736673477698,0.46059122203579306,0.6,True,0.9949167923620882,False,SOLSTAD OFFSHORE,Oslo Børs
henryhub:bunnsone,MING,3m,5,0.07900444950212354,0.03757527251797833,0.9786963398958997,0.3277300410912293,0.8,True,0.9949167923620882,False,SPAREBANK 1 SMN,Oslo Børs
henryhub:bunnsone,SB1NO,3m,5,0.06928949245180033,0.02381219689576764,0.9435204085576986,0.34541478143394716,0.6,True,0.9949167923620882,False,SPAREBANK 1 SØR-N,Oslo Børs
henryhub:bunnsone,MORG,3m,5,0.04354685750584632,0.0307361373441024,0.28079270055366806,0.7788694026002532,0.8,True,0.9949167923620882,False,SPAREBANKEN MØRE,Oslo Børs
henryhub:bunnsone,SBNOR,3m,5,0.05584446274295737,0.030036268622345284,0.5623995124824515,0.57384385115129,0.6,True,0.9949167923620882,False,SPAREBANKEN NORGE,Oslo Børs
henryhub:bunnsone,SPOG,3m,5,0.03752493986285484,0.028433792985184128,0.16918502934303417,0.865651104896794,0.8,True,0.9949167923620882,False,SPAREBANKEN ØST,Oslo Børs
henryhub:bunnsone,HELG,3m,5,0.027636014854765002,0.03732489891872666,-0.2438028851462154,0.8073834857248301,0.8,True,0.9949167923620882,False,SPBK1 HELGELAND,Oslo Børs
henryhub:bunnsone,NONG,3m,5,0.03822894353767027,0.03130670364321882,0.1604479769150897,0.8725281990083502,0.8,True,0.9949167923620882,False,SPBK1 NORD-NORGE,Oslo Børs
henryhub:bunnsone,RING,3m,5,0.001706813985461139,0.04058970279028367,-0.8505066111700863,0.39504348639611736,0.4,False,0.9949167923620882,False,SPBK1 RINGERIKE,Oslo Børs
henryhub:bunnsone,SOAG,3m,5,-0.014359085843312792,0.04010479025454964,-1.220658515041469,0.2222153411221706,0.4,False,0.9949167923620882,False,SPBK1 ØSTFOLD AKE,Oslo Børs
henryhub:bunnsone,SNI,3m,5,-0.034883401148041594,0.011847250135084572,-0.677627647035827,0.4980078120206313,0.6,False,0.9949167923620882,False,STOLT-NIELSEN,Oslo Børs
henryhub:bunnsone,STB,3m,5,0.034687865175777946,0.02074769566062948,0.2284272306556536,0.8193141219805324,0.6,True,0.9949167923620882,False,STOREBRAND,Oslo Børs
henryhub:bunnsone,STRO,3m,5,-0.11147261850224957,-0.0046464290870291995,-0.8806383076535498,0.3785136175828975,0.4,True,0.9949167923620882,False,STRONGPOINT,Oslo Børs
henryhub:bunnsone,SUBC,3m,5,0.1297898405711188,0.00922552394118589,1.3529126325379552,0.17608354320186997,1.0,True,0.9903733062802498,False,SUBSEA 7,Oslo Børs
henryhub:bunnsone,TECH,3m,5,0.0004924733145471261,-0.061091255131212635,0.419901573450913,0.6745573582713627,0.2,False,0.9949167923620882,False,TECHSTEP,Oslo Børs
henryhub:bunnsone,TEL,3m,5,0.032719892372167866,0.025331770734448093,0.13819815994789775,0.8900838092934027,0.8,True,0.9949167923620882,False,TELENOR,Oslo Børs
henryhub:bunnsone,TGS,3m,5,-0.030614250073987402,0.025768221626305092,-0.7658076258506339,0.4437907760440985,0.4,False,0.9949167923620882,False,TGS,Oslo Børs
henryhub:bunnsone,TOM,3m,5,0.0055954167923243925,0.01992983391453739,-0.1801014693446149,0.8570729091011376,0.4,False,0.9949167923620882,False,TOMRA SYSTEMS,Oslo Børs
henryhub:bunnsone,VEI,3m,5,0.1615956560215392,0.045970009880247575,2.271770711485515,0.023100362726802114,1.0,True,0.7218863352125661,False,VEIDEKKE,Oslo Børs
henryhub:bunnsone,VOIM,3m,5,-0.13209984239233297,-0.0965567671024507,-0.20216122944038878,0.839790681724505,0.6,True,0.9949167923620882,False,VOIM,Oslo Børs
henryhub:bunnsone,VVL,3m,5,0.005363757723437679,0.029838416585144887,-0.4871461516259667,0.6261547624532011,0.4,False,0.9949167923620882,False,VOSS VEKSEL OGLAND,Oslo Børs
henryhub:bunnsone,VOW,3m,3,-0.016535117827770857,0.005953039072982914,-0.1220916557929385,0.9028264301537067,0.6666666666666666,False,0.9949167923620882,False,VOW,Oslo Børs
henryhub:bunnsone,WAWI,3m,4,-0.015658645796951906,0.060843335246622755,-0.8742627777723044,0.38197516505876167,0.25,False,0.9949167923620882,False,WALLENIUS WILHELMS,Oslo Børs
henryhub:bunnsone,WWI,3m,5,0.013483613280806925,0.037280486002223764,-0.45755851385180796,0.6472696545499822,0.6,False,0.9949167923620882,False,WILH. WILHELMSEN A,Oslo Børs
henryhub:bunnsone,WWIB,3m,5,0.03253289407133061,0.03998036649963926,-0.1447858826337425,0.8848799287956031,0.8,True,0.9949167923620882,False,WILH. WILHELMSEN B,Oslo Børs
henryhub:bunnsone,YAR,3m,5,0.06780440924116043,0.03503687308608543,0.5051433071535673,0.6134581858709443,1.0,True,0.9949167923620882,False,YARA INTERNATIONAL,Oslo Børs
henryhub:bunnsone,ZAL,3m,3,0.03234231520579283,0.03773386831800932,-0.05511127505781595,0.9560498136004586,0.6666666666666666,False,0.9949167923620882,False,ZALARIS,Oslo Børs
henryhub:bunnsone,ABG,6m,5,0.18373383842896418,0.09020048661044427,1.1280310098675952,0.2593068231697569,0.8,True,0.9994189914539522,False,ABG SUNDAL COLLIER,Oslo Børs
henryhub:bunnsone,AFG,6m,5,0.20727131677576538,0.09932270527057058,1.378208219740672,0.16813901016051136,0.8,True,0.9994189914539522,False,AF GRUPPEN,Oslo Børs
henryhub:bunnsone,AKAST,6m,5,-0.00832713878475686,0.02956803289413503,-0.3410084701565316,0.7330972052612552,0.6,False,0.9994189914539522,False,AKASTOR,Oslo Børs
henryhub:bunnsone,AKER,6m,5,0.056486728056135374,0.07428192348302415,-0.07277359285659686,0.9419862850710776,0.8,True,0.9998456996038482,False,AKER,Oslo Børs
henryhub:bunnsone,AKRBP,6m,5,0.04462208805957328,0.09624262031006782,-0.3771236545874967,0.7060817130093295,0.6,False,0.9994189914539522,False,AKER BP,Oslo Børs
henryhub:bunnsone,AKSO,6m,5,0.09000092912604374,0.03435491067991373,0.43659818447195725,0.6624027795471528,0.8,True,0.9994189914539522,False,AKER SOLUTIONS,Oslo Børs
henryhub:bunnsone,AKVA,6m,5,0.14068484888703772,0.06784082411702493,0.7443404562134049,0.45667053188423407,0.6,True,0.9994189914539522,False,AKVA GROUP,Oslo Børs
henryhub:bunnsone,ALNG,6m,4,-0.09655203828681343,-0.042460877265531695,-0.298932604639262,0.7649914690093986,0.75,True,0.9994189914539522,False,ALNG,Euronext Expand Oslo
henryhub:bunnsone,ABTEC,6m,5,0.060116868143825886,-0.17758839213601826,0.8753778089553473,0.3813683700555933,0.6,False,0.9994189914539522,False,AQUA BIO TECHNO,Euronext Expand Oslo
henryhub:bunnsone,AQUA,6m,3,0.05096342984529815,0.04993451247975827,0.006699368812111645,0.9946547170418125,0.3333333333333333,False,0.9999935018945343,False,AQUALIS,Oslo Børs
henryhub:bunnsone,ARCH,6m,4,-0.2011754353347634,-0.14390087655796013,-0.27376801345330004,0.784262906373962,1.0,True,0.9994189914539522,False,ARCHER,Oslo Børs
henryhub:bunnsone,AZT,6m,5,-0.42257807618627236,0.011633140667438745,-1.9559632664790758,0.05046948150126172,0.6,True,0.9994189914539522,False,ARCTICZYMES TECHNO,Oslo Børs
henryhub:bunnsone,AFK,6m,5,-0.07429541934452506,0.08657447348528906,-1.8213489231014652,0.06855383406656618,0.6,False,0.9994189914539522,False,ARENDALS FOSSEKOMP,Oslo Børs
henryhub:bunnsone,ARR,6m,5,-0.11911111352583989,-0.19198586785901392,0.19325428000950923,0.8467598305656456,0.6,False,0.9994189914539522,False,ARRIBATEC GROUP,Oslo Børs
henryhub:bunnsone,ATEA,6m,5,0.11529931043604873,0.005263012925343638,0.8764928900225326,0.3807621399329617,0.8,True,0.9994189914539522,False,ATEA,Oslo Børs
henryhub:bunnsone,AURG,6m,5,0.013611740929920527,0.0773160855392586,-0.8526963401770609,0.3938277209796575,0.6,False,0.9994189914539522,False,AURSKOG SPAREBANK,Oslo Børs
henryhub:bunnsone,AUSS,6m,5,-0.018172186588758833,0.06089477846821961,-0.8331279786293119,0.40477255569349074,0.6,False,0.9994189914539522,False,AUSTEVOLL SEAFOOD,Oslo Børs
henryhub:bunnsone,ACR,6m,5,-0.24814029141710683,-0.1010292823240553,-0.7367389815693969,0.46128109630273706,0.8,True,0.9994189914539522,False,AXACTOR,Oslo Børs
henryhub:bunnsone,BAKKA,6m,4,0.1710715430096557,0.1052221700112307,0.629294803059678,0.5291560730482179,0.75,True,0.9994189914539522,False,BAKKAFROST,Oslo Børs
henryhub:bunnsone,BNOR,6m,5,-0.2738167855158137,-0.1211509170000351,-0.45487296272504335,0.6492006351904103,0.6,False,0.9994189914539522,False,BLUENORD,Oslo Børs
henryhub:bunnsone,BONHR,6m,5,-0.028684037258239002,0.05659774110494212,-1.0402211218893063,0.29823718056921833,0.6,True,0.9994189914539522,False,BONHEUR,Oslo Børs
henryhub:bunnsone,BOR,6m,5,0.04091158275743036,-0.04262553946414557,0.5487552407732708,0.5831734307296619,0.6,False,0.9994189914539522,False,BORGESTAD,Oslo Børs
henryhub:bunnsone,BRG,6m,3,-0.04230544503452588,0.09819364083449668,-1.4611076423711558,0.1439859032434947,0.6666666666666666,True,0.9994189914539522,False,BORREGAARD,Oslo Børs
henryhub:bunnsone,BOUV,6m,5,0.12999827511643547,0.12057347669942386,0.1234319196475829,0.901765082102665,0.8,True,0.9994189914539522,False,BOUVET,Oslo Børs
henryhub:bunnsone,BWLPG,6m,3,0.5300148881745905,0.09249543796097241,2.399856796327352,0.01640148690947033,1.0,True,0.9994189914539522,False,BW LPG,Oslo Børs
henryhub:bunnsone,BWO,6m,5,-0.129705259907854,-0.016173165506213567,-0.8059664352365833,0.42026220274916887,0.8,True,0.9994189914539522,False,BW OFFSHORE LTD,Oslo Børs
henryhub:bunnsone,BMA,6m,5,-0.03282142950821566,0.08662792133929387,-1.0349349864637265,0.3006992742131959,0.6,False,0.9994189914539522,False,BYGGMA,Euronext Growth Oslo
henryhub:bunnsone,CONTX,6m,5,-0.04043922937177614,0.003145740944667573,-0.3101465606606512,0.7564495064366779,0.4,False,0.9994189914539522,False,CONTEXTVISION,Oslo Børs
henryhub:bunnsone,DNB,6m,5,0.13250873069681038,0.06967745193453115,1.07677725853385,0.28157978740558176,0.6,True,0.9994189914539522,False,DNB BANK,Oslo Børs
henryhub:bunnsone,DNO,6m,5,-0.227210887795361,0.06544423381187024,-2.1778738994157187,0.029415426175647578,0.8,True,0.9994189914539522,False,DNO,Oslo Børs
henryhub:bunnsone,EAM,6m,3,-0.3798752939203513,-0.19814352027294538,-0.4202596726674759,0.6742957665776381,0.6666666666666666,True,0.9994189914539522,False,EAM SOLAR,Euronext Growth Oslo
henryhub:bunnsone,EIOF,6m,5,-0.07749038315607888,0.006696676305141126,-0.7635819486690922,0.44511640989538986,0.6,False,0.9994189914539522,False,EIDESVIK OFFSHORE,Oslo Børs
henryhub:bunnsone,ENDUR,6m,5,-0.13655948618362806,-0.023473695746129914,-0.770112723163399,0.44123302938918324,0.6,False,0.9994189914539522,False,ENDÚR,Oslo Børs
henryhub:bunnsone,ENSU,6m,5,-0.14667358781688403,-0.17346065962989782,0.09434055380322454,0.9248386362734917,0.6,True,0.9998456996038482,False,ENSURGE MICROPOWER,Oslo Børs
henryhub:bunnsone,ENTRA,6m,3,0.04178468331623014,0.041784043755551635,8.144167445869404e-06,0.9999935018945344,0.6666666666666666,True,0.9999935018945343,False,ENTRA,Oslo Børs
henryhub:bunnsone,EQNR,6m,5,0.06166593350797123,0.061987535987323,-0.00468292672990208,0.996263578719342,0.6,True,0.9999935018945343,False,EQUINOR,Oslo Børs
henryhub:bunnsone,EQVA,6m,3,-0.5465286457258484,0.013691991941018812,-1.7087867442941949,0.08749045902531942,1.0,True,0.9994189914539522,False,EQVA,Oslo Børs
henryhub:bunnsone,FRO,6m,5,0.11357532200917046,0.007753117527340595,0.6124083126300922,0.5402676433691084,0.8,True,0.9994189914539522,False,FRONTLINE,Oslo Børs
henryhub:bunnsone,GJF,6m,4,0.06606013806675487,0.09675105316230914,-0.4502878591471749,0.652502892053668,0.75,True,0.9994189914539522,False,GJENSIDIGE FORSIKR,Oslo Børs
henryhub:bunnsone,GOD,6m,5,-0.0262035759504756,-0.061307292942778244,0.18802292475803498,0.8508586803131208,0.6,False,0.9994189914539522,False,GOODTECH,Oslo Børs
henryhub:bunnsone,GSF,6m,5,0.06614114949747853,0.0663097311965989,-0.0011179179576114983,0.9991080307071659,0.6,False,0.9999935018945343,False,GRIEG SEAFOOD,Oslo Børs
henryhub:bunnsone,GYL,6m,5,0.012308501714054149,0.02494296501358907,-0.136501169695602,0.8914250999226365,0.8,False,0.9994189914539522,False,GYLDENDAL,Oslo Børs
henryhub:bunnsone,HAVI,6m,5,-0.22221114651527135,-0.12976063226857468,-0.42741645768321856,0.6690760223413073,0.6,True,0.9994189914539522,False,HAVILA SHIPPING,Oslo Børs
henryhub:bunnsone,HEX,6m,5,0.18706046895585518,0.04770523334476535,0.9012206962407141,0.3674709890396565,0.8,True,0.9994189914539522,False,HEXAGON COMPOSITES,Oslo Børs
henryhub:bunnsone,HBC,6m,4,0.2785950176330832,-0.02233622862028934,1.7439014283403058,0.08117627953824452,0.5,True,0.9994189914539522,False,HOFSETH BIOCARE,Oslo Børs
henryhub:bunnsone,HUNT,6m,5,-0.14504484239534782,0.011474242450260245,-0.6612798332445876,0.5084328720167457,0.6,False,0.9994189914539522,False,HUNTER GROUP,Euronext Expand Oslo
henryhub:bunnsone,HSPG,6m,5,0.06271614703120698,0.0855761824550971,-0.10339814567651814,0.9176469837955609,0.6,True,0.9994189914539522,False,HØLAND OG SETSKOG,Oslo Børs
henryhub:bunnsone,IDEX,6m,4,-0.10326696068577883,-0.10526598062427109,0.006149752440376087,0.995093238403592,0.75,False,0.9999935018945343,False,IDEX BIOMETRICS,Oslo Børs
henryhub:bunnsone,IOX,6m,5,-0.22870553296568402,-0.1566276693726531,-0.2701452943735028,0.787048477156028,0.8,True,0.9994189914539522,False,INTEROIL EXPL PROD,Oslo Børs
henryhub:bunnsone,ITERA,6m,5,0.0745398141663566,0.010682570855152434,0.6298206785732687,0.5288119147625021,0.4,False,0.9994189914539522,False,ITERA,Oslo Børs
henryhub:bunnsone,JIN,6m,5,-0.05851725829685148,0.019124801314628535,-0.4325286135337836,0.6653572605061477,0.8,False,0.9994189914539522,False,JINHUI SHIPP TRANS,Oslo Børs
henryhub:bunnsone,JAREN,6m,5,-0.010398098550137153,0.07615052183644325,-1.2404453559626194,0.21481071378888425,0.4,False,0.9994189914539522,False,JÆREN SPAREBANK,Oslo Børs
henryhub:bunnsone,KIT,6m,5,0.16210911693056054,0.053313322908672425,0.7860640611918662,0.431829957753172,1.0,True,0.9994189914539522,False,KITRON,Oslo Børs
henryhub:bunnsone,KOA,6m,5,-0.06438130730441596,-0.06610144514633742,0.010020606649116883,0.9920048464673175,0.8,True,0.9999935018945343,False,KONGSBERG AUTOMOT,Oslo Børs
henryhub:bunnsone,KOG,6m,5,0.15036978094798686,0.10124766007311843,0.5303155793319528,0.5958931467546627,1.0,True,0.9994189914539522,False,KONGSBERG GRUPPEN,Oslo Børs
henryhub:bunnsone,LSG,6m,5,0.06033728096045956,0.06986878909001978,-0.11193603996986261,0.9108741203980775,0.6,True,0.9994189914539522,False,LERØY SEAFOOD GP,Oslo Børs
henryhub:bunnsone,MGN,6m,5,0.06533066619323424,-0.04084829612438885,0.4848916409284609,0.6277532122229428,0.4,False,0.9994189914539522,False,MAGNORA,Oslo Børs
henryhub:bunnsone,MEDI,6m,5,0.06151153538358484,0.08820168289220973,-0.26451153088179763,0.791385780775143,0.4,False,0.9994189914539522,False,MEDISTIM,Oslo Børs
henryhub:bunnsone,MELG,6m,5,0.08826185015370744,0.0497123749722838,0.5756498674083336,0.5648518673598865,1.0,True,0.9994189914539522,False,MELHUS SPAREBANK,Oslo Børs
henryhub:bunnsone,MOWI,6m,5,0.08697093429313366,-0.047459887040773155,0.5415058881175053,0.5881589402965528,0.8,True,0.9994189914539522,False,MOWI,Oslo Børs
henryhub:bunnsone,NAPA,6m,3,0.31292743483994445,0.07872521223322593,0.6777340710891625,0.4979403196482137,0.6666666666666666,False,0.9994189914539522,False,NAPATECH,Oslo Børs
henryhub:bunnsone,NAVA,6m,5,0.016611096219025383,0.0370892720692449,-0.14043371261967602,0.8883173229515291,0.8,False,0.9994189914539522,False,NAVAMEDIC,Oslo Børs
henryhub:bunnsone,NKR,6m,5,0.06750541461135033,0.02925958473217021,0.25129031875300467,0.8015896595921829,0.6,False,0.9994189914539522,False,NEKKAR,Oslo Børs
henryhub:bunnsone,NEL,6m,5,-0.17895431684603796,-0.09029066322495546,-0.3541169976295928,0.7232512041311694,0.6,False,0.9994189914539522,False,NEL,Oslo Børs
henryhub:bunnsone,NEXT,6m,3,0.09886928572748684,-0.26428660982546714,0.7834366093119479,0.43337076505663363,0.6666666666666666,False,0.9994189914539522,False,NEXT BIOMETRICS GP,Oslo Børs
henryhub:bunnsone,NOM,6m,5,0.1354255142106894,-0.049308428430049664,1.069457598371027,0.2848635253120439,0.8,True,0.9994189914539522,False,NORDIC MINING,Oslo Børs
henryhub:bunnsone,NOD,6m,5,0.20345558202219444,0.08440494795503667,0.74567722496263,0.4558624203166715,0.8,True,0.9994189914539522,False,NORDIC SEMICONDUC,Oslo Børs
henryhub:bunnsone,NHY,6m,5,-0.08130583675781042,0.06393262541829686,-1.9952268620721827,0.0460181425680649,0.8,True,0.9994189914539522,False,NORSK HYDRO,Oslo Børs
henryhub:bunnsone,NORTH,6m,4,-0.28171943733797206,-0.03464383330640222,-1.8499300513143886,0.06432363193003515,0.75,True,0.9994189914539522,False,NORTH ENERGY,Euronext Expand Oslo
henryhub:bunnsone,NAS,6m,5,0.17102166366150146,-0.09642063743307781,0.9608023685287446,0.3366515474647234,0.6,True,0.9994189914539522,False,NORWEGIAN AIR SHUT,Oslo Børs
henryhub:bunnsone,NRC,6m,5,-0.3395983679814019,-0.16558963714764102,-0.6554109651040702,0.5122031935913667,0.6,True,0.9994189914539522,False,NRC GROUP,Oslo Børs
henryhub:bunnsone,ODL,6m,3,-0.0483155364357005,0.06280526917313956,-0.4934965663790282,0.6216617653755075,0.3333333333333333,False,0.9994189914539522,False,ODFJELL DRILLING,Oslo Børs
henryhub:bunnsone,ODF,6m,5,-0.0333534152765886,0.046778560080597796,-0.7993978559234197,0.4240597532927678,0.6,False,0.9994189914539522,False,ODFJELL SER. A,Oslo Børs
henryhub:bunnsone,ODFB,6m,5,-0.019107507472656902,0.051078032356305696,-0.6827536828311787,0.49476250162290697,0.6,False,0.9994189914539522,False,ODFJELL SER. B,Oslo Børs
henryhub:bunnsone,ORK,6m,5,0.08007556123816051,0.058658178182294976,0.2955806593477871,0.7675503455971582,0.8,True,0.9994189914539522,False,ORKLA,Oslo Børs
henryhub:bunnsone,PEN,6m,4,-0.19405955009678566,-0.003022013332350672,-1.1054029853692977,0.26898501076169323,0.5,True,0.9994189914539522,False,PANORO ENERGY,Oslo Børs
henryhub:bunnsone,PSE,6m,5,-0.10049785795458255,-0.1559304544918386,0.256793623548152,0.7973380927278865,0.4,False,0.9994189914539522,False,PETROLIA,Oslo Børs
henryhub:bunnsone,PHO,6m,5,0.09664672367737412,0.003020536095425098,0.7379949999659426,0.4605174875366917,0.6,True,0.9994189914539522,False,PHOTOCURE,Oslo Børs
henryhub:bunnsone,POL,6m,5,0.054379280754315265,0.012168005076956838,0.24191329838278602,0.8088473455197667,0.8,True,0.9994189914539522,False,POLARIS MEDIA,Oslo Børs
henryhub:bunnsone,PRS,6m,5,-0.2721966264771648,-0.20680033999390085,-0.24436235510703302,0.8069501943991506,0.6,True,0.9994189914539522,False,PROSAFE,Oslo Børs
henryhub:bunnsone,PROT,6m,5,0.22038416481445117,0.14592054989446535,0.7234774500322447,0.46938660325167797,1.0,True,0.9994189914539522,False,PROTECTOR FORSIKRG,Oslo Børs
henryhub:bunnsone,QEC,6m,5,0.024965715586724335,-0.009448991228370436,0.17170055639694784,0.8636729483692679,0.4,False,0.9994189914539522,False,QUESTERRE ENERGY,Oslo Børs
henryhub:bunnsone,REACH,6m,5,-0.31743802782986064,-0.07341748331122801,-1.288336844179478,0.1976287329079243,0.6,True,0.9994189914539522,False,REACH SUBSEA,Oslo Børs
henryhub:bunnsone,ROGS,6m,5,0.06352028608551001,0.0666332752231544,-0.03437500353660911,0.9725781159767269,0.6,False,0.9999935018945343,False,ROGALAND SPAREBANK,Oslo Børs
henryhub:bunnsone,ROM,6m,5,-0.23507901033925874,-0.04835830263689833,-1.022675748247535,0.3064611816044288,0.4,False,0.9994189914539522,False,ROMREAL,Euronext Expand Oslo
henryhub:bunnsone,SDSD,6m,4,0.06535271073853074,-0.05214716972177308,0.5882847782564516,0.5563411609294748,0.75,True,0.9994189914539522,False,S.D. STANDARD ETC,Oslo Børs
henryhub:bunnsone,SAGA,6m,4,0.17899788526922317,-0.02162130811915426,1.2080067472173572,0.22704466704528875,0.75,True,0.9994189914539522,False,SAGA PURE,Oslo Børs
henryhub:bunnsone,SALM,6m,5,0.08325745812007335,0.11635818708807147,-0.3349618733900521,0.7376538470649288,0.8,True,0.9994189914539522,False,SALMAR,Oslo Børs
henryhub:bunnsone,SCANA,6m,5,-0.3059650387528425,-0.09543684605275402,-0.9127286287287636,0.3613852831266793,0.8,False,0.9994189914539522,False,SCANA,Oslo Børs
henryhub:bunnsone,SCATC,6m,3,0.1876261876722757,0.07119312164664013,0.789140258446536,0.4300300343806644,0.6666666666666666,True,0.9994189914539522,False,SCATEC,Oslo Børs
henryhub:bunnsone,SEA1,6m,5,-0.08163772032084872,0.017741171060152584,-0.3549699784422061,0.7226120822767885,0.6,False,0.9994189914539522,False,Sea1 Offshore,Euronext Growth Oslo
henryhub:bunnsone,ENH,6m,5,-0.3926238245645703,-0.3445823639451912,-0.1470654413766956,0.8830803670214136,0.4,False,0.9994189914539522,False,SED ENERGY HOLDING,Oslo Børs
henryhub:bunnsone,SBO,6m,3,0.1884900749639696,0.06746083292389796,1.1374840942141298,0.25533597014286835,0.6666666666666666,True,0.9994189914539522,False,SELVAAG BOLIG,Oslo Børs
henryhub:bunnsone,SKUE,6m,5,0.0892174957433101,0.06059194597632135,0.37235938327813795,0.709625290584172,1.0,True,0.9994189914539522,False,SKUE SPAREBANK,Oslo Børs
henryhub:bunnsone,SOGN,6m,5,-0.031282984730323316,0.08261169213259939,-1.476667834189781,0.1397646984719601,0.4,False,0.9994189914539522,False,SOGN SPAREBANK,Oslo Børs
henryhub:bunnsone,SOFF,6m,5,-0.11999772184270055,-0.07425536678155158,-0.16179564564217838,0.8714667821382522,0.4,False,0.9994189914539522,False,SOLSTAD OFFSHORE,Oslo Børs
henryhub:bunnsone,MING,6m,5,0.08700632173828286,0.07560902215668873,0.19723420603096398,0.8436442637877597,0.8,True,0.9994189914539522,False,SPAREBANK 1 SMN,Oslo Børs
henryhub:bunnsone,SB1NO,6m,5,0.03002625197463238,0.04450996871945618,-0.22539443815816157,0.8216724380439151,0.6,False,0.9994189914539522,False,SPAREBANK 1 SØR-N,Oslo Børs
henryhub:bunnsone,MORG,6m,5,0.03410984995651343,0.0626133346650864,-0.42186002579419696,0.6731271891089634,0.6,True,0.9994189914539522,False,SPAREBANKEN MØRE,Oslo Børs
henryhub:bunnsone,SBNOR,6m,5,0.08264275318518713,0.0577151058066167,0.37500429025168935,0.7076572759532298,0.6,True,0.9994189914539522,False,SPAREBANKEN NORGE,Oslo Børs
henryhub:bunnsone,SPOG,6m,5,0.07845286835907964,0.05265526005178612,0.3328016311685813,0.7392840268679121,0.8,True,0.9994189914539522,False,SPAREBANKEN ØST,Oslo Børs
henryhub:bunnsone,HELG,6m,5,0.038931164854681066,0.0780813269327081,-0.7260567892614285,0.4678039573301015,0.6,True,0.9994189914539522,False,SPBK1 HELGELAND,Oslo Børs
henryhub:bunnsone,NONG,6m,5,0.059593470006218174,0.06395259363771971,-0.0685259952270434,0.9453669275100487,0.8,True,0.9998456996038482,False,SPBK1 NORD-NORGE,Oslo Børs
henryhub:bunnsone,RING,6m,5,0.046592046171220904,0.08684853492639069,-0.6017410819016565,0.5473464992998482,0.4,True,0.9994189914539522,False,SPBK1 RINGERIKE,Oslo Børs
henryhub:bunnsone,SOAG,6m,5,0.010576328921126213,0.08390448377467519,-1.0464109146125105,0.29537135566885203,0.6,False,0.9994189914539522,False,SPBK1 ØSTFOLD AKE,Oslo Børs
henryhub:bunnsone,SNI,6m,5,0.07197824390436555,0.01668215972768187,0.5940693613528615,0.5524657222337079,0.8,True,0.9994189914539522,False,STOLT-NIELSEN,Oslo Børs
henryhub:bunnsone,STB,6m,5,0.11651715213438743,0.04937165763208275,0.9150623899936638,0.3601588778492464,0.8,True,0.9994189914539522,False,STOREBRAND,Oslo Børs
henryhub:bunnsone,STRO,6m,5,-0.1218001992246123,-0.010408771699894672,-0.650568348032304,0.5153251680250647,0.4,False,0.9994189914539522,False,STRONGPOINT,Oslo Børs
henryhub:bunnsone,SUBC,6m,5,0.15311298364570897,0.0339795530866472,1.0026022719070802,0.3160527992055304,1.0,True,0.9994189914539522,False,SUBSEA 7,Oslo Børs
henryhub:bunnsone,TECH,6m,5,-0.13710802027169924,-0.1148832821521397,-0.11622503808571807,0.9074741936986539,0.8,True,0.9994189914539522,False,TECHSTEP,Oslo Børs
henryhub:bunnsone,TEL,6m,5,0.05341833336811672,0.052831723720788835,0.008476024983302473,0.9932371915056818,0.8,True,0.9999935018945343,False,TELENOR,Oslo Børs
henryhub:bunnsone,TGS,6m,5,0.08878549569192598,0.04881016273609226,0.37236920959453856,0.7096179754513171,0.8,True,0.9994189914539522,False,TGS,Oslo Børs
henryhub:bunnsone,TOM,6m,5,-0.011969945091686229,0.031461733929694015,-0.3903562519819835,0.6962731327926659,0.6,False,0.9994189914539522,False,TOMRA SYSTEMS,Oslo Børs
henryhub:bunnsone,VEI,6m,5,0.14527199757030665,0.09131980775160799,0.7727262760899284,0.43968439255821634,0.6,True,0.9994189914539522,False,VEIDEKKE,Oslo Børs
henryhub:bunnsone,VOIM,6m,5,-0.3355204050456443,-0.22459941930477764,-0.4359008570987576,0.6629086632457506,0.8,True,0.9994189914539522,False,VOIM,Oslo Børs
henryhub:bunnsone,VVL,6m,5,0.021582709534665637,0.06540069239143721,-0.593872524478978,0.5525973770198274,0.8,True,0.9994189914539522,False,VOSS VEKSEL OGLAND,Oslo Børs
henryhub:bunnsone,VOW,6m,3,0.18881284082544383,0.01076932579403656,0.6178992704199554,0.536641739958502,1.0,True,0.9994189914539522,False,VOW,Oslo Børs
henryhub:bunnsone,WAWI,6m,4,0.15233387757039124,0.12794906040117104,0.1930578902788187,0.8469136308823123,1.0,True,0.9994189914539522,False,WALLENIUS WILHELMS,Oslo Børs
henryhub:bunnsone,WWI,6m,5,0.11367090691369985,0.0789713287426521,0.48949949217583194,0.6244881139730856,0.8,True,0.9994189914539522,False,WILH. WILHELMSEN A,Oslo Børs
henryhub:bunnsone,WWIB,6m,5,0.10757843684162212,0.08018174420784581,0.39473535009605226,0.693038211293181,0.8,True,0.9994189914539522,False,WILH. WILHELMSEN B,Oslo Børs
henryhub:bunnsone,YAR,6m,5,0.04858986335610429,0.06629712230219154,-0.1859642317627237,0.8524728109250292,0.8,True,0.9994189914539522,False,YARA INTERNATIONAL,Oslo Børs
henryhub:bunnsone,ZAL,6m,3,0.14748220561066258,0.07078652985957487,0.5148105843774333,0.6066853883558105,1.0,True,0.9994189914539522,False,ZALARIS,Oslo Børs
henryhub:bunnsone,ABG,12m,5,0.333447191383293,0.1742067620160602,1.3275755053301914,0.184318380955657,0.8,True,0.8855244831355399,False,ABG SUNDAL COLLIER,Oslo Børs
henryhub:bunnsone,AFG,12m,5,0.41393052761439675,0.20199795439226972,1.8632014048059737,0.062433935320953184,0.8,True,0.8855244831355399,False,AF GRUPPEN,Oslo Børs
henryhub:bunnsone,AKAST,12m,5,-0.03954237557456004,0.05965402099249597,-0.600626804430567,0.5480885807538414,0.6,False,0.8983555341116912,False,AKASTOR,Oslo Børs
henryhub:bunnsone,AKER,12m,5,0.037082894415887975,0.12632576887513816,-0.26068529685043035,0.7943352055322941,0.6,False,0.9625697521179546,False,AKER,Oslo Børs
henryhub:bunnsone,AKRBP,12m,5,-0.04695057068459041,0.18810200809006938,-1.1656129865292908,0.24377095482794495,0.6,False,0.8855244831355399,False,AKER BP,Oslo Børs
henryhub:bunnsone,AKSO,12m,5,-0.08398886720097051,0.0643183141532314,-0.8261672554529478,0.4087092202577628,0.4,False,0.8855244831355399,False,AKER SOLUTIONS,Oslo Børs
henryhub:bunnsone,AKVA,12m,5,0.2462024383954325,0.12213500605056808,0.834499356175188,0.40399965000881793,0.6,True,0.8855244831355399,False,AKVA GROUP,Oslo Børs
henryhub:bunnsone,ALNG,12m,4,-0.5391869242888007,-0.07814089821985302,-1.6534422746950852,0.09824088515697525,0.75,True,0.8855244831355399,False,ALNG,Euronext Expand Oslo
henryhub:bunnsone,ABTEC,12m,5,0.39994867412664303,-0.3212596387107196,1.7552859543806325,0.07921040775262331,0.8,True,0.8855244831355399,False,AQUA BIO TECHNO,Euronext Expand Oslo
henryhub:bunnsone,AQUA,12m,3,-0.10549682118544272,0.11542226614326796,-1.004885559467066,0.314951958636635,0.6666666666666666,False,0.8855244831355399,False,AQUALIS,Oslo Børs
henryhub:bunnsone,ARCH,12m,4,-0.8112189955641868,-0.30613903728965003,-1.6110386506862222,0.10717129847290308,0.75,True,0.8855244831355399,False,ARCHER,Oslo Børs
henryhub:bunnsone,AZT,12m,5,0.033264467907029506,-0.0044540243198507865,0.11357206025954532,0.909577036694627,0.2,False,0.9699370647999099,False,ARCTICZYMES TECHNO,Oslo Børs
henryhub:bunnsone,AFK,12m,5,0.08168251330238088,0.17096698260906043,-0.6458732289439386,0.5183614583935545,0.6,True,0.8983555341116912,False,ARENDALS FOSSEKOMP,Oslo Børs
henryhub:bunnsone,ARR,12m,4,-0.17938425678952138,-0.4023848326029837,0.3558085352624788,0.7219839566412998,0.75,True,0.9572013166659956,False,ARRIBATEC GROUP,Oslo Børs
henryhub:bunnsone,ATEA,12m,5,0.16133366604028035,0.015627699052668857,0.7761337274135589,0.43767003132492666,1.0,True,0.8855244831355399,False,ATEA,Oslo Børs
henryhub:bunnsone,AURG,12m,5,0.22961602683259205,0.14746612502936315,0.8380216442740347,0.4020185475516048,1.0,True,0.8855244831355399,False,AURSKOG SPAREBANK,Oslo Børs
henryhub:bunnsone,AUSS,12m,5,0.12357588939763224,0.1306940763372847,-0.057164596709818806,0.9544140797559488,0.6,True,0.9797525066521244,False,AUSTEVOLL SEAFOOD,Oslo Børs
henryhub:bunnsone,ACR,12m,5,-0.35962525115064076,-0.17531032217309717,-0.605318627709767,0.5449673066619293,0.8,True,0.8983555341116912,False,AXACTOR,Oslo Børs
henryhub:bunnsone,BAKKA,12m,4,0.38298685922425724,0.21843003872779673,1.1457574217855284,0.25189553716382473,1.0,True,0.8855244831355399,False,BAKKAFROST,Oslo Børs
henryhub:bunnsone,BNOR,12m,5,-0.19535187946123245,-0.2805073573695225,0.15298665404571585,0.8784087999228524,0.8,True,0.9675309539804956,False,BLUENORD,Oslo Børs
henryhub:bunnsone,BONHR,12m,5,0.09980736353389388,0.11365710238169976,-0.119669389286642,0.9047450498720178,0.6,True,0.9699370647999099,False,BONHEUR,Oslo Børs
henryhub:bunnsone,BOR,12m,5,0.0642165805394533,-0.08970004938348944,0.7300733946313644,0.4653453229814576,0.6,True,0.8855244831355399,False,BORGESTAD,Oslo Børs
henryhub:bunnsone,BRG,12m,3,0.11374990279495616,0.20160830724261786,-0.6831808378778478,0.4944925794798908,0.6666666666666666,True,0.8855244831355399,False,BORREGAARD,Oslo Børs
henryhub:bunnsone,BOUV,12m,5,0.30266655596104775,0.25046357646863604,0.43758395177949594,0.6616879067333883,0.8,True,0.9426303000689772,False,BOUVET,Oslo Børs
henryhub:bunnsone,BWLPG,12m,3,0.42377144201286265,0.1576130203190823,1.184640656541921,0.2361595549574576,0.6666666666666666,True,0.8855244831355399,False,BW LPG,Oslo Børs
henryhub:bunnsone,BWO,12m,5,-0.29814814029854625,-0.04507257353918928,-1.3008579005272602,0.19330709869935292,0.8,True,0.8855244831355399,False,BW OFFSHORE LTD,Oslo Børs
henryhub:bunnsone,BMA,12m,5,0.09201842657863338,0.18237875341072282,-0.5572008469481037,0.5773902111259438,0.4,False,0.911356813651899,False,BYGGMA,Euronext Growth Oslo
henryhub:bunnsone,CONTX,12m,5,0.2590331769646241,0.013836855595392527,1.2649490346180126,0.20588959813649557,0.6,False,0.8855244831355399,False,CONTEXTVISION,Oslo Børs
henryhub:bunnsone,DNB,12m,5,0.18312658029330495,0.13298526448924416,0.5914887431648902,0.5541929953696235,1.0,True,0.8983555341116912,False,DNB BANK,Oslo Børs
henryhub:bunnsone,DNO,12m,5,-0.26558602206804016,0.1286155444916091,-1.961082352859943,0.0498694169669719,0.4,True,0.8570151656546281,False,DNO,Oslo Børs
henryhub:bunnsone,EAM,12m,3,-0.37483903933232154,-0.3768906603020408,0.004892640387418699,0.9960962533479266,0.6666666666666666,False,0.9982078860492026,False,EAM SOLAR,Euronext Growth Oslo
henryhub:bunnsone,EIOF,12m,5,-0.09145396994328137,-0.010805823681119599,-0.4863225190803411,0.62673851546003,0.4,False,0.9290947960813225,False,EIDESVIK OFFSHORE,Oslo Børs
henryhub:bunnsone,ENDUR,12m,5,0.0435180476025366,-0.058717497826555984,0.49688225274066716,0.619272087294772,0.8,False,0.9290947960813225,False,ENDÚR,Oslo Børs
henryhub:bunnsone,ENSU,12m,5,-0.2162967150943218,-0.36193697669365305,0.33821387687659105,0.7352020191806592,0.6,False,0.9572013166659956,False,ENSURGE MICROPOWER,Oslo Børs
henryhub:bunnsone,ENTRA,12m,3,0.1390241863914734,0.09416614943124123,0.39415802556293933,0.6934643730982759,1.0,True,0.9572013166659956,False,ENTRA,Oslo Børs
henryhub:bunnsone,EQNR,12m,5,0.014586632077813216,0.11516089590664652,-0.997113323416276,0.318709506627206,0.6,False,0.8855244831355399,False,EQUINOR,Oslo Børs
henryhub:bunnsone,EQVA,12m,3,-0.6804545284374784,0.04548466038992379,-1.6344265088236332,0.10216932583644496,0.6666666666666666,True,0.8855244831355399,False,EQVA,Oslo Børs
henryhub:bunnsone,FRO,12m,5,0.08442704974936437,0.009325020006059549,0.28957034501439444,0.7721449566555989,0.6,False,0.9625697521179546,False,FRONTLINE,Oslo Børs
henryhub:bunnsone,GJF,12m,4,0.21476784007793828,0.1878470949173925,0.2759159158085662,0.7826126492077842,1.0,True,0.9625697521179546,False,GJENSIDIGE FORSIKR,Oslo Børs
henryhub:bunnsone,GOD,12m,5,0.10780250563565186,-0.10748733704182853,0.7910953544411277,0.4288883498755844,0.4,False,0.8855244831355399,False,GOODTECH,Oslo Børs
henryhub:bunnsone,GSF,12m,5,0.2138334884091809,0.1491019894988367,0.3453685368635981,0.7298173275743773,0.8,True,0.9572013166659956,False,GRIEG SEAFOOD,Oslo Børs
henryhub:bunnsone,GYL,12m,5,0.21191348715673525,0.03645956943792968,1.3118401581857844,0.18957407206316151,0.8,True,0.8855244831355399,False,GYLDENDAL,Oslo Børs
henryhub:bunnsone,HAVI,12m,5,-0.6215331590190161,-0.2773966699978923,-1.0816556611082917,0.27940556181228354,0.8,True,0.8855244831355399,False,HAVILA SHIPPING,Oslo Børs
henryhub:bunnsone,HEX,12m,5,0.24367831037457854,0.08583526552318153,0.7368719492449693,0.4612002238255816,0.8,True,0.8855244831355399,False,HEXAGON COMPOSITES,Oslo Børs
henryhub:bunnsone,HBC,12m,4,0.2380261357367845,-0.04736360098119589,1.128821362286114,0.25897319911611205,0.5,False,0.8855244831355399,False,HOFSETH BIOCARE,Oslo Børs
henryhub:bunnsone,HUNT,12m,5,-0.20745435120718492,-0.008124777972974496,-0.5992531983578586,0.5490040523379627,0.6,True,0.8983555341116912,False,HUNTER GROUP,Euronext Expand Oslo
henryhub:bunnsone,HSPG,12m,5,0.16730410882682395,0.12988943838661052,0.1653445123129717,0.8686728251787177,0.8,True,0.9675309539804956,False,HØLAND OG SETSKOG,Oslo Børs
henryhub:bunnsone,IDEX,12m,4,0.07485864350114502,-0.20528051688266924,0.5864100582960671,0.5575999866900152,0.25,False,0.8983555341116912,False,IDEX BIOMETRICS,Oslo Børs
henryhub:bunnsone,IOX,12m,5,-0.3712391352737974,-0.34762632426618634,-0.07087654245409865,0.9434960128235409,0.6,True,0.9797525066521244,False,INTEROIL EXPL PROD,Oslo Børs
henryhub:bunnsone,ITERA,12m,5,0.15783074856149076,0.030025222307396154,0.8247642688698117,0.4095054360748172,0.6,True,0.8855244831355399,False,ITERA,Oslo Børs
henryhub:bunnsone,JIN,12m,5,-0.22078280007424098,0.05706896193947131,-1.1009763440577014,0.27090695295533396,0.8,True,0.8855244831355399,False,JINHUI SHIPP TRANS,Oslo Børs
henryhub:bunnsone,JAREN,12m,5,0.12904582938327552,0.15731365018490945,-0.2943020653519737,0.7685270945813691,0.6,True,0.9625697521179546,False,JÆREN SPAREBANK,Oslo Børs
henryhub:bunnsone,KIT,12m,5,0.3206713274081029,0.10495346934678314,1.1354467008710212,0.2561882018057665,0.6,True,0.8855244831355399,False,KITRON,Oslo Børs
henryhub:bunnsone,KOA,12m,5,-0.4971345908909014,-0.13685583537606352,-1.4586347088781417,0.1446656752006555,0.8,True,0.8855244831355399,False,KONGSBERG AUTOMOT,Oslo Børs
henryhub:bunnsone,KOG,12m,5,0.3780351092680803,0.20693271279486838,1.1761980917234012,0.2395157268848324,1.0,True,0.8855244831355399,False,KONGSBERG GRUPPEN,Oslo Børs
henryhub:bunnsone,LSG,12m,5,0.2339034425378303,0.15188564170477298,0.7274157487151447,0.4669713098270193,1.0,True,0.8855244831355399,False,LERØY SEAFOOD GP,Oslo Børs
henryhub:bunnsone,MGN,12m,5,0.21688718503861057,-0.11467550355292701,0.9722403119525883,0.33093101015048504,0.8,True,0.8855244831355399,False,MAGNORA,Oslo Børs
henryhub:bunnsone,MEDI,12m,5,0.2218487044532817,0.1806978785807116,0.29803773342477263,0.7656743644315422,0.4,True,0.9625697521179546,False,MEDISTIM,Oslo Børs
henryhub:bunnsone,MELG,12m,5,0.19703299167555044,0.10831591373346941,0.8332222411948251,0.4047194012128047,1.0,True,0.8855244831355399,False,MELHUS SPAREBANK,Oslo Børs
henryhub:bunnsone,MOWI,12m,5,0.2252263844303209,-0.14487517908066222,0.9213036640082464,0.3568919087058473,0.8,True,0.8855244831355399,False,MOWI,Oslo Børs
henryhub:bunnsone,NAPA,12m,3,1.1805797907330666,0.12224637145854635,2.050204074834071,0.04034452053041334,1.0,True,0.840940131564358,False,NAPATECH,Oslo Børs
henryhub:bunnsone,NAVA,12m,5,0.10306044642236245,0.06250930055099174,0.2161871435894595,0.8288418745313068,0.6,True,0.9675309539804956,False,NAVAMEDIC,Oslo Børs
henryhub:bunnsone,NKR,12m,5,0.23317261529553263,0.04029192582629217,0.8534517408906457,0.3934088389465067,0.8,True,0.8855244831355399,False,NEKKAR,Oslo Børs
henryhub:bunnsone,NEL,12m,5,-0.22050849427443825,-0.17576174282774049,-0.1312720893631813,0.8955600701638474,0.6,False,0.9699370647999099,False,NEL,Oslo Børs
henryhub:bunnsone,NEXT,12m,3,0.3280564471740674,-0.4079019598002944,1.0519863109326595,0.2928058302044762,0.6666666666666666,True,0.8855244831355399,False,NEXT BIOMETRICS GP,Oslo Børs
henryhub:bunnsone,NOM,12m,5,0.14313698303755867,-0.06183632616733361,0.9158473973089414,0.35974693985088696,0.6,True,0.8855244831355399,False,NORDIC MINING,Oslo Børs
henryhub:bunnsone,NOD,12m,5,0.34234992718355806,0.1516386981958421,0.7862852082342393,0.43170041626538824,0.4,True,0.8855244831355399,False,NORDIC SEMICONDUC,Oslo Børs
henryhub:bunnsone,NHY,12m,5,-0.027733284503831317,0.12238822855592789,-1.4931248513632427,0.13540450848252658,0.8,False,0.8855244831355399,False,NORSK HYDRO,Oslo Børs
henryhub:bunnsone,NORTH,12m,4,-0.3275899381294379,-0.04600076215203117,-1.3535590693007524,0.17587709275715163,0.5,True,0.8855244831355399,False,NORTH ENERGY,Euronext Expand Oslo
henryhub:bunnsone,NAS,12m,5,-0.20538054622315408,-0.15698453124542755,-0.10736517049937364,0.914499284666138,0.4,False,0.9699370647999099,False,NORWEGIAN AIR SHUT,Oslo Børs
henryhub:bunnsone,NRC,12m,5,-0.496829247988294,-0.31315682973470177,-0.43500110312920054,0.6635616267254588,0.6,True,0.9426303000689772,False,NRC GROUP,Oslo Børs
henryhub:bunnsone,ODL,12m,3,-0.22305689641043747,0.1451552449870546,-1.009231245220017,0.3128637451326349,0.6666666666666666,False,0.8855244831355399,False,ODFJELL DRILLING,Oslo Børs
henryhub:bunnsone,ODF,12m,5,0.007603158703311808,0.11078894811742357,-0.6162573400513874,0.5377246894875887,0.4,False,0.8983555341116912,False,ODFJELL SER. A,Oslo Børs
henryhub:bunnsone,ODFB,12m,5,-0.015893426436869484,0.11098396562112643,-0.810839143216025,0.41745805234862166,0.6,False,0.8855244831355399,False,ODFJELL SER. B,Oslo Børs
henryhub:bunnsone,ORK,12m,5,0.21419753072020478,0.11186088504656701,1.097095970207299,0.2725994416440895,1.0,True,0.8855244831355399,False,ORKLA,Oslo Børs
henryhub:bunnsone,PEN,12m,4,-0.35898027333902616,-0.0016553659672972438,-1.4004612121322988,0.16137525080479245,0.75,True,0.8855244831355399,False,PANORO ENERGY,Oslo Børs
henryhub:bunnsone,PSE,12m,5,-0.003074892387456729,-0.3064137280062689,0.8473718779800772,0.3967878742187293,0.6,False,0.8855244831355399,False,PETROLIA,Oslo Børs
henryhub:bunnsone,PHO,12m,5,0.14423524659679485,-0.010512860348567783,0.8930643555375565,0.3718227099382057,0.8,True,0.8855244831355399,False,PHOTOCURE,Oslo Børs
henryhub:bunnsone,POL,12m,5,0.24770752275806887,-0.009079174785351994,0.9411010396060671,0.3466530828466053,0.8,True,0.8855244831355399,False,POLARIS MEDIA,Oslo Børs
henryhub:bunnsone,PRS,12m,5,-0.5623333966448063,-0.4437785915834809,-0.28348560520607546,0.7768046146658298,0.6,True,0.9625697521179546,False,PROSAFE,Oslo Børs
henryhub:bunnsone,PROT,12m,5,0.3865727197381954,0.30498216404776235,0.513710381244378,0.6074544928137244,1.0,True,0.9290947960813225,False,PROTECTOR FORSIKRG,Oslo Børs
henryhub:bunnsone,QEC,12m,5,-0.14224463611498317,0.002628384061107677,-0.4930974821518177,0.6219437098508598,0.6,True,0.9290947960813225,False,QUESTERRE ENERGY,Oslo Børs
henryhub:bunnsone,REACH,12m,5,-0.4017953657685364,-0.15205723029711413,-0.9316360757514575,0.351524632621134,0.8,True,0.8855244831355399,False,REACH SUBSEA,Oslo Børs
henryhub:bunnsone,ROGS,12m,5,0.16844009877730906,0.12586392669380675,0.33653509358226874,0.7364673923486216,0.8,True,0.9572013166659956,False,ROGALAND SPAREBANK,Oslo Børs
henryhub:bunnsone,ROM,12m,5,-0.37975974300445214,-0.11594377555724798,-0.9661579243176971,0.3339651634612647,0.4,False,0.8855244831355399,False,ROMREAL,Euronext Expand Oslo
henryhub:bunnsone,SDSD,12m,4,-0.12950899057663348,-0.09850102065498753,-0.11424707253352595,0.9090419376775923,0.75,True,0.9699370647999099,False,S.D. STANDARD ETC,Oslo Børs
henryhub:bunnsone,SAGA,12m,4,0.2635272608377074,-0.026837863219501528,1.202686909836286,0.22909750135481077,0.75,True,0.8855244831355399,False,SAGA PURE,Oslo Børs
henryhub:bunnsone,SALM,12m,5,0.35666017285902096,0.23537955383653514,0.864013205795375,0.3875806361347476,1.0,True,0.8855244831355399,False,SALMAR,Oslo Børs
henryhub:bunnsone,SCANA,12m,5,-0.23246774771761225,-0.1787470336345936,-0.15237191814769116,0.8788936045073789,0.6,False,0.9675309539804956,False,SCANA,Oslo Børs
henryhub:bunnsone,SCATC,12m,3,0.40546951529813374,0.13262981390036846,1.0836626688563962,0.27851439337567174,1.0,True,0.8855244831355399,False,SCATEC,Oslo Børs
henryhub:bunnsone,SEA1,12m,5,-0.04598854947632691,0.016604164923095483,-0.15239763354416597,0.8788733234364491,0.6,False,0.9675309539804956,False,Sea1 Offshore,Euronext Growth Oslo
henryhub:bunnsone,ENH,12m,5,-0.7696896919664996,-0.6884198930213872,-0.16274772456135425,0.870717069120477,0.4,False,0.9675309539804956,False,SED ENERGY HOLDING,Oslo Børs
henryhub:bunnsone,SBO,12m,3,0.4746435275975774,0.14271881274056414,2.0585689397992826,0.03953555076281106,1.0,True,0.840940131564358,False,SELVAAG BOLIG,Oslo Børs
henryhub:bunnsone,SKUE,12m,5,0.22211997142943107,0.11717027357786237,0.9444329967458022,0.3449484263338633,0.8,True,0.8855244831355399,False,SKUE SPAREBANK,Oslo Børs
henryhub:bunnsone,SOGN,12m,5,0.1162214871694965,0.14493646466598176,-0.2752282236069729,0.7831409046732308,0.8,True,0.9625697521179546,False,SOGN SPAREBANK,Oslo Børs
henryhub:bunnsone,SOFF,12m,5,-0.21632694381986955,-0.20503356716398083,-0.02396273031164686,0.9808823370671538,0.4,False,0.9929019699060749,False,SOLSTAD OFFSHORE,Oslo Børs
henryhub:bunnsone,MING,12m,5,0.1637945828532667,0.15754446203781522,0.07110075757568109,0.9433175652403929,1.0,True,0.9797525066521244,False,SPAREBANK 1 SMN,Oslo Børs
henryhub:bunnsone,SB1NO,12m,5,0.03018020665653858,0.10490898096280084,-0.7748610943915972,0.4384217437085332,0.4,False,0.8855244831355399,False,SPAREBANK 1 SØR-N,Oslo Børs
henryhub:bunnsone,MORG,12m,5,0.0724315454826167,0.11875046657830458,-0.46416749278264346,0.6425277491949166,0.6,True,0.9345858170107878,False,SPAREBANKEN MØRE,Oslo Børs
henryhub:bunnsone,SBNOR,12m,5,0.14302096946094367,0.12151406854969365,0.2136844775921002,0.8307931168568077,0.6,True,0.9675309539804956,False,SPAREBANKEN NORGE,Oslo Børs
henryhub:bunnsone,SPOG,12m,5,0.1509088547894823,0.11594995074246324,0.32934101847725705,0.7418979435574113,0.8,True,0.9580837120663455,False,SPAREBANKEN ØST,Oslo Børs
henryhub:bunnsone,HELG,12m,5,0.1465024557450117,0.15355398349695065,-0.10599396169843281,0.9155871430654322,1.0,True,0.9699370647999099,False,SPBK1 HELGELAND,Oslo Børs
henryhub:bunnsone,NONG,12m,5,0.1245325634549735,0.13461490097803136,-0.1061571575228056,0.9154576621511347,0.8,True,0.9699370647999099,False,SPBK1 NORD-NORGE,Oslo Børs
henryhub:bunnsone,RING,12m,5,0.15760289533112826,0.16390284568470184,-0.07227482559539661,0.942383198555318,0.8,True,0.9797525066521244,False,SPBK1 RINGERIKE,Oslo Børs
henryhub:bunnsone,SOAG,12m,5,0.1451829755776614,0.1649558479376238,-0.24124641002474093,0.8093641428929422,0.8,True,0.9625697521179546,False,SPBK1 ØSTFOLD AKE,Oslo Børs
henryhub:bunnsone,SNI,12m,5,0.09497817572860641,0.03896931179616822,0.39336997986667205,0.6940462387946966,0.4,True,0.9572013166659956,False,STOLT-NIELSEN,Oslo Børs
henryhub:bunnsone,STB,12m,5,0.1521614188573546,0.08573502238316308,0.63683926800499,0.5242295451234124,1.0,True,0.8983555341116912,False,STOREBRAND,Oslo Børs
henryhub:bunnsone,STRO,12m,5,0.05643421841641052,-0.00554147911022104,0.27057774804752005,0.7867158120911641,0.6,False,0.9625697521179546,False,STRONGPOINT,Oslo Børs
henryhub:bunnsone,SUBC,12m,5,0.12770947224267276,0.06233575329419278,0.37701376388625374,0.7061633762922945,0.6,True,0.9572013166659956,False,SUBSEA 7,Oslo Børs
henryhub:bunnsone,TECH,12m,5,-0.5561671711076089,-0.23202582540726635,-1.2494729049593047,0.21149215762447326,0.8,True,0.8855244831355399,False,TECHSTEP,Oslo Børs
henryhub:bunnsone,TEL,12m,5,0.15650373070611842,0.10291021412137308,0.5668300084572296,0.5708296805175692,0.8,True,0.9109586235994398,False,TELENOR,Oslo Børs
henryhub:bunnsone,TGS,12m,5,-0.046688899392888464,0.10298815741828145,-1.0172784868977887,0.30902096771288357,0.6,False,0.8855244831355399,False,TGS,Oslo Børs
henryhub:bunnsone,TOM,12m,5,0.25180866704303495,0.060949330744536526,1.1979637221388717,0.23093114042685414,0.8,True,0.8855244831355399,False,TOMRA SYSTEMS,Oslo Børs
henryhub:bunnsone,VEI,12m,5,0.2802792408600384,0.18615473810058825,0.9399999992888741,0.347217561042016,0.8,True,0.8855244831355399,False,VEIDEKKE,Oslo Børs
henryhub:bunnsone,VOIM,12m,5,-0.7319116355198326,-0.42721071500564656,-0.8234156212394728,0.4102716827271187,0.8,True,0.8855244831355399,False,VOIM,Oslo Børs
henryhub:bunnsone,VVL,12m,5,0.09247665569398944,0.13169035539289203,-0.3754444328392341,0.7073299649769809,0.8,True,0.9572013166659956,False,VOSS VEKSEL OGLAND,Oslo Børs
henryhub:bunnsone,VOW,12m,3,-0.18467141314695834,0.019329831052435045,-0.43469280033975183,0.6637854250011401,0.6666666666666666,False,0.9426303000689772,False,VOW,Oslo Børs
henryhub:bunnsone,WAWI,12m,4,0.08351044050651604,0.23169683958702303,-0.7719749261290203,0.44012927828203974,0.5,False,0.8855244831355399,False,WALLENIUS WILHELMS,Oslo Børs
henryhub:bunnsone,WWI,12m,5,0.126008302835293,0.16268361536991097,-0.31993197347797697,0.7490198993714752,0.6,True,0.960069705271725,False,WILH. WILHELMSEN A,Oslo Børs
henryhub:bunnsone,WWIB,12m,5,0.1018063635072232,0.15663421034892352,-0.5243191290843683,0.6000565941773168,0.8,True,0.9256729493928433,False,WILH. WILHELMSEN B,Oslo Børs
henryhub:bunnsone,YAR,12m,5,0.10590469369893643,0.13559773847703904,-0.2532262571905283,0.8000933772865015,0.8,True,0.9625697521179546,False,YARA INTERNATIONAL,Oslo Børs
henryhub:bunnsone,ZAL,12m,3,0.5328997877192995,0.1525871785494057,1.67596915058649,0.09374423539139616,1.0,True,0.8855244831355399,False,ZALARIS,Oslo Børs
henryhub:bunnsone,ABG,24m,5,0.49958660182549164,0.37026834676558124,0.8631697651099328,0.38804413460885434,0.8,True,0.999247941291574,False,ABG SUNDAL COLLIER,Oslo Børs
henryhub:bunnsone,AFG,24m,5,0.5358165502089822,0.41731659658401216,0.7221679877047444,0.4701912023724006,1.0,True,0.999247941291574,False,AF GRUPPEN,Oslo Børs
henryhub:bunnsone,AKAST,24m,5,0.028637272856150187,0.11348234367165619,-0.35174288357077327,0.7250310967042848,0.6,False,0.999247941291574,False,AKASTOR,Oslo Børs
henryhub:bunnsone,AKER,24m,5,0.30512468357622413,0.31610697239608293,-0.02561382295334591,0.9795653605654016,1.0,True,0.999247941291574,False,AKER,Oslo Børs
henryhub:bunnsone,AKRBP,24m,5,0.2968930372989077,0.4205977267973815,-0.46223244769267363,0.6439146367218025,0.8,True,0.999247941291574,False,AKER BP,Oslo Børs
henryhub:bunnsone,AKSO,24m,5,0.024091656689195995,0.11515496231349681,-0.3290390675123772,0.7421261590300283,0.8,False,0.999247941291574,False,AKER SOLUTIONS,Oslo Børs
henryhub:bunnsone,AKVA,24m,5,0.3387747100805652,0.24010314652447143,0.441786725471393,0.6586435453120718,0.8,True,0.999247941291574,False,AKVA GROUP,Oslo Børs
henryhub:bunnsone,ALNG,24m,4,-0.5610145119089405,-0.1377999512273998,-1.0020311732804992,0.31632853721173926,1.0,True,0.999247941291574,False,ALNG,Euronext Expand Oslo
henryhub:bunnsone,ABTEC,24m,5,0.3700692131536652,-0.48719024048179665,1.5863268673932744,0.11266518061965476,0.8,False,0.999247941291574,False,AQUA BIO TECHNO,Euronext Expand Oslo
henryhub:bunnsone,AQUA,24m,3,-0.008117185116304623,0.22110120004391484,-0.7117856538257983,0.47659751774208553,0.6666666666666666,False,0.999247941291574,False,AQUALIS,Oslo Børs
henryhub:bunnsone,ARCH,24m,4,-0.5754495385659989,-0.5674674005984407,-0.0189835449974707,0.9848542322353026,0.75,True,0.999247941291574,False,ARCHER,Oslo Børs
henryhub:bunnsone,AZT,24m,5,0.26801300582072674,0.004781696529166345,0.5700146886832581,0.5686677355551111,0.4,False,0.999247941291574,False,ARCTICZYMES TECHNO,Oslo Børs
henryhub:bunnsone,AFK,24m,5,0.2731733565080914,0.33205334631510175,-0.3078637816448723,0.7581859861669423,0.6,True,0.999247941291574,False,ARENDALS FOSSEKOMP,Oslo Børs
henryhub:bunnsone,ARR,24m,5,-1.2464034803037212,-1.0635763052499625,-0.21010905483669973,0.8335825584814505,0.8,True,0.999247941291574,False,ARRIBATEC GROUP,Oslo Børs
henryhub:bunnsone,ATEA,24m,5,0.33210766050467033,0.055416458499040214,0.9136548168635323,0.3608982527659817,1.0,True,0.999247941291574,False,ATEA,Oslo Børs
henryhub:bunnsone,AURG,24m,5,0.2903409729854381,0.28789170908430217,0.02206840138125965,0.9823933923796211,1.0,True,0.999247941291574,False,AURSKOG SPAREBANK,Oslo Børs
henryhub:bunnsone,AUSS,24m,5,0.2088041136969206,0.2788034174505367,-0.4795674814145601,0.6315349738026215,0.8,True,0.999247941291574,False,AUSTEVOLL SEAFOOD,Oslo Børs
henryhub:bunnsone,ACR,24m,5,-0.8893042058593034,-0.3919822452495232,-1.0942073054097317,0.27386406817857706,0.8,True,0.999247941291574,False,AXACTOR,Oslo Børs
henryhub:bunnsone,BAKKA,24m,4,0.442192908957143,0.44038960201264093,0.007960341400506728,0.9936486335757633,1.0,True,0.999247941291574,False,BAKKAFROST,Oslo Børs
henryhub:bunnsone,BINT,24m,3,-1.5140651935429446,-0.5101947424820793,-0.7387075329316928,0.4600846105811876,0.3333333333333333,False,0.999247941291574,False,BEVEST,Oslo Børs
henryhub:bunnsone,BNOR,24m,5,-0.6591891344879302,-0.5413974269914791,-0.13954911573238113,0.889016246849804,0.6,True,0.999247941291574,False,BLUENORD,Oslo Børs
henryhub:bunnsone,BONHR,24m,5,0.11822185947554727,0.22334742671855556,-0.6026956177102492,0.5467111974050772,0.6,True,0.999247941291574,False,BONHEUR,Oslo Børs
henryhub:bunnsone,BOR,24m,5,-0.0770274163881672,-0.23123066364500602,0.4541021958815762,0.6497552728681844,0.4,False,0.999247941291574,False,BORGESTAD,Oslo Børs
henryhub:bunnsone,BRG,24m,3,0.4551995399611595,0.4000759005053429,0.3187880214510021,0.7498872622471999,1.0,True,0.999247941291574,False,BORREGAARD,Oslo Børs
henryhub:bunnsone,BOUV,24m,5,0.5528384746250299,0.5153947671063652,0.26944748331847845,0.7875853503636188,1.0,True,0.999247941291574,False,BOUVET,Oslo Børs
henryhub:bunnsone,BWLPG,24m,3,0.2868853309577299,0.3072477258298491,-0.06612080176798799,0.9472816496741633,1.0,True,0.999247941291574,False,BW LPG,Oslo Børs
henryhub:bunnsone,BWO,24m,5,-0.2880421683544621,-0.0795226908363436,-0.7314408705480067,0.46450990887270316,0.6,True,0.999247941291574,False,BW OFFSHORE LTD,Oslo Børs
henryhub:bunnsone,BMA,24m,5,0.39731468047688123,0.35636289402180055,0.17550024897648564,0.8606865751609514,0.6,True,0.999247941291574,False,BYGGMA,Euronext Growth Oslo
henryhub:bunnsone,CONTX,24m,5,0.20466166107902053,0.06706162074224667,0.51183017422706,0.6087698703789934,0.4,True,0.999247941291574,False,CONTEXTVISION,Oslo Børs
henryhub:bunnsone,DNB,24m,5,0.3447597312995968,0.2556880103529711,0.7457125496449842,0.45584107654117595,1.0,True,0.999247941291574,False,DNB BANK,Oslo Børs
henryhub:bunnsone,DNO,24m,5,0.03136803439237329,0.2725773431013938,-0.9507359467865762,0.34173843545055543,0.6,False,0.999247941291574,False,DNO,Oslo Børs
henryhub:bunnsone,EAM,24m,3,-0.5106203206278588,-0.659991644381031,0.29461753493051257,0.7682860654963499,0.6666666666666666,True,0.999247941291574,False,EAM SOLAR,Euronext Growth Oslo
henryhub:bunnsone,EIOF,24m,5,-0.2746297633151017,-0.011406071535447178,-0.9850044495435002,0.3246218853527127,0.6,False,0.999247941291574,False,EIDESVIK OFFSHORE,Oslo Børs
henryhub:bunnsone,ENDUR,24m,5,-0.08860945605779522,-0.12002955877215524,0.10549605382452872,0.9159822011096763,0.8,False,0.999247941291574,False,ENDÚR,Oslo Børs
henryhub:bunnsone,ENSU,24m,5,0.25843232620190504,-0.6881120537598033,1.463592520445626,0.1433053174198242,0.6,True,0.999247941291574,False,ENSURGE MICROPOWER,Oslo Børs
henryhub:bunnsone,ENTRA,24m,3,0.3248304025998011,0.18019805142016665,0.8842183187539505,0.3765783713582382,1.0,True,0.999247941291574,False,ENTRA,Oslo Børs
henryhub:bunnsone,EQNR,24m,5,0.12427417904206206,0.23460226862456313,-0.8534037183479254,0.39343546019581765,0.8,True,0.999247941291574,False,EQUINOR,Oslo Børs
henryhub:bunnsone,EQVA,24m,3,-0.012889041360389855,0.21877142642140693,-0.45374383976927113,0.6500132092078901,0.3333333333333333,False,0.999247941291574,False,EQVA,Oslo Børs
henryhub:bunnsone,FRO,24m,5,-0.3847893140587758,-0.0012318153311135466,-1.0351104597700702,0.3006173282897543,0.8,True,0.999247941291574,False,FRONTLINE,Oslo Børs
henryhub:bunnsone,GJF,24m,4,0.3846779185415546,0.35268485792964044,0.25120472797122334,0.8016558293531723,1.0,True,0.999247941291574,False,GJENSIDIGE FORSIKR,Oslo Børs
henryhub:bunnsone,GOD,24m,5,-0.10176313988708423,-0.17454881273577652,0.17053600942981725,0.864588617675491,0.6,False,0.999247941291574,False,GOODTECH,Oslo Børs
henryhub:bunnsone,GSF,24m,5,0.26591825164216704,0.3385434811999686,-0.31801473303234956,0.7504737612697012,0.6,False,0.999247941291574,False,GRIEG SEAFOOD,Oslo Børs
henryhub:bunnsone,GYL,24m,5,0.13848445861311415,0.08873502885542113,0.2898800115918824,0.7719080338279471,1.0,True,0.999247941291574,False,GYLDENDAL,Oslo Børs
henryhub:bunnsone,HAVI,24m,5,-0.7322425031960913,-0.5448705473559958,-0.38205937374426857,0.7024173251141227,0.8,True,0.999247941291574,False,HAVILA SHIPPING,Oslo Børs
henryhub:bunnsone,HEX,24m,5,0.3997956852775119,0.2083190708953112,0.6593875368812698,0.5096469432580013,0.4,False,0.999247941291574,False,HEXAGON COMPOSITES,Oslo Børs
henryhub:bunnsone,HBC,24m,4,-0.0736869560822907,-0.09013232275513863,0.04181735409296696,0.9666443005479424,0.5,False,0.999247941291574,False,HOFSETH BIOCARE,Oslo Børs
henryhub:bunnsone,HUNT,24m,5,-0.11506926400463904,-0.10489363943669724,-0.031230512725592012,0.9750857061411248,0.4,False,0.999247941291574,False,HUNTER GROUP,Euronext Expand Oslo
henryhub:bunnsone,HSPG,24m,5,0.14863238281760202,0.3258563362553835,-0.5536902310570884,0.5797908620248946,0.6,True,0.999247941291574,False,HØLAND OG SETSKOG,Oslo Børs
henryhub:bunnsone,IDEX,24m,4,-0.3449220410201266,-0.5461535605237863,0.29343072291235,0.7691929449317055,0.25,False,0.999247941291574,False,IDEX BIOMETRICS,Oslo Børs
henryhub:bunnsone,IOX,24m,5,-0.7063050918314839,-0.743405120112222,0.08311248089029946,0.9337621018680267,0.6,True,0.999247941291574,False,INTEROIL EXPL PROD,Oslo Børs
henryhub:bunnsone,ITERA,24m,5,0.29172990205032123,0.0953503825537056,0.899860863596745,0.3681942996187491,0.6,True,0.999247941291574,False,ITERA,Oslo Børs
henryhub:bunnsone,JIN,24m,5,0.003506925957856913,0.10460294860769774,-0.29430758544773983,0.7685228768550695,0.4,False,0.999247941291574,False,JINHUI SHIPP TRANS,Oslo Børs
henryhub:bunnsone,JAREN,24m,5,0.24321281615350668,0.30581152812160456,-0.5336186690954348,0.5936053891333418,0.8,True,0.999247941291574,False,JÆREN SPAREBANK,Oslo Børs
henryhub:bunnsone,KIT,24m,5,0.481023555882246,0.20837929276010156,0.9477746411574117,0.34324419290964125,0.6,True,0.999247941291574,False,KITRON,Oslo Børs
henryhub:bunnsone,KOA,24m,5,-0.2598864674805458,-0.27712840820157053,0.04744682645992471,0.9621571089021518,0.8,False,0.999247941291574,False,KONGSBERG AUTOMOT,Oslo Børs
henryhub:bunnsone,KOG,24m,5,0.5611857689048938,0.4023272639218946,0.6975591044222732,0.4854529644426757,0.8,True,0.999247941291574,False,KONGSBERG GRUPPEN,Oslo Børs
henryhub:bunnsone,LSG,24m,5,0.29981913755006906,0.30520655856387374,-0.0365027303434474,0.9708815016625978,0.8,True,0.999247941291574,False,LERØY SEAFOOD GP,Oslo Børs
henryhub:bunnsone,MGN,24m,5,-0.3880329936841629,-0.23880573076076897,-0.2978030193258823,0.7658535099706196,0.4,False,0.999247941291574,False,MAGNORA,Oslo Børs
henryhub:bunnsone,MEDI,24m,5,0.28804481054297665,0.3950718001826244,-0.5199687618019284,0.603085347827045,0.6,True,0.999247941291574,False,MEDISTIM,Oslo Børs
henryhub:bunnsone,MELG,24m,5,0.23110711386012475,0.21081846163923262,0.13062888559701877,0.8960688911148825,0.8,True,0.999247941291574,False,MELHUS SPAREBANK,Oslo Børs
henryhub:bunnsone,MOWI,24m,5,0.27591619551185814,-0.22414826234023733,0.75266262114796,0.4516526769867986,0.8,True,0.999247941291574,False,MOWI,Oslo Børs
henryhub:bunnsone,NAPA,24m,3,1.5417009629993117,0.33074802084180793,1.7774895354068707,0.07548773107261365,1.0,True,0.999247941291574,False,NAPATECH,Oslo Børs
henryhub:bunnsone,NAVA,24m,5,0.14851223207025813,0.11840986564827101,0.11861024687937947,0.9055841468295908,0.8,False,0.999247941291574,False,NAVAMEDIC,Oslo Børs
henryhub:bunnsone,NKR,24m,5,0.46226481180898815,0.08733664570803938,1.089131595187595,0.2760958587703059,0.6,True,0.999247941291574,False,NEKKAR,Oslo Børs
henryhub:bunnsone,NEL,24m,5,-1.0108844114007514,-0.3376203786944922,-1.3064581743559622,0.19139679369639537,0.6,True,0.999247941291574,False,NEL,Oslo Børs
henryhub:bunnsone,NEXT,24m,3,0.5846968696375812,-0.6998973242582065,1.446158659284195,0.14813270600803638,1.0,True,0.999247941291574,False,NEXT BIOMETRICS GP,Oslo Børs
henryhub:bunnsone,NOM,24m,5,0.3104873613090002,-0.0635147212776534,1.5113903205922377,0.13068903401596385,0.8,True,0.999247941291574,False,NORDIC MINING,Oslo Børs
henryhub:bunnsone,NOD,24m,5,0.5241894490386754,0.31048999098606195,0.5920068104798754,0.5538460278715984,0.6,True,0.999247941291574,False,NORDIC SEMICONDUC,Oslo Børs
henryhub:bunnsone,NHY,24m,5,0.10082048407946813,0.23817653129190444,-0.9557611595657212,0.33919291546320707,0.8,False,0.999247941291574,False,NORSK HYDRO,Oslo Børs
henryhub:bunnsone,NORTH,24m,4,-0.029315833377799555,-0.137643333560726,0.34886459165359396,0.7271909688413113,0.5,False,0.999247941291574,False,NORTH ENERGY,Euronext Expand Oslo
henryhub:bunnsone,NAS,24m,5,-0.833256084025624,-0.3200933098301517,-0.6912727124388848,0.4893941767271957,0.6,False,0.999247941291574,False,NORWEGIAN AIR SHUT,Oslo Børs
henryhub:bunnsone,NRC,24m,5,-1.8506642213191644,-0.710702752346557,-1.610718076113662,0.1072411840315942,0.8,True,0.999247941291574,False,NRC GROUP,Oslo Børs
henryhub:bunnsone,ODL,24m,3,0.2909888967050837,0.3527483079688461,-0.11146165661878617,0.9112502696736533,0.6666666666666666,False,0.999247941291574,False,ODFJELL DRILLING,Oslo Børs
henryhub:bunnsone,ODF,24m,5,0.06565928208913524,0.2035317504743306,-0.5507148809778466,0.5818291419236759,0.6,False,0.999247941291574,False,ODFJELL SER. A,Oslo Børs
henryhub:bunnsone,ODFB,24m,5,0.09022671671977042,0.20450905397917796,-0.47111500689686275,0.6375586090258978,0.6,False,0.999247941291574,False,ODFJELL SER. B,Oslo Børs
henryhub:bunnsone,ORK,24m,5,0.2723178315581979,0.220288739879127,0.4472763863424892,0.654675514441764,0.8,True,0.999247941291574,False,ORKLA,Oslo Børs
henryhub:bunnsone,PEN,24m,4,-0.3433070492205018,-0.013127947332392729,-0.8356701848700024,0.40334047279846,0.5,True,0.999247941291574,False,PANORO ENERGY,Oslo Børs
henryhub:bunnsone,PSE,24m,5,-0.189199008188264,-0.63278571411006,0.7561270595257128,0.44957301956421447,0.4,False,0.999247941291574,False,PETROLIA,Oslo Børs
henryhub:bunnsone,PHO,24m,5,0.15345823935814615,-0.027666164760424675,0.7305503612898654,0.4650538411973878,0.8,False,0.999247941291574,False,PHOTOCURE,Oslo Børs
henryhub:bunnsone,POL,24m,5,0.3777536359415182,-0.025393897728328233,1.0190688417690874,0.3081702852046197,0.6,True,0.999247941291574,False,POLARIS MEDIA,Oslo Børs
henryhub:bunnsone,PRS,24m,5,-1.6526521133809944,-0.8916408772583682,-1.2218009813919095,0.22178289735713405,0.8,True,0.999247941291574,False,PROSAFE,Oslo Børs
henryhub:bunnsone,PROT,24m,5,0.7010393017839124,0.6196120677106286,0.3163730201497366,0.7517193928641821,1.0,True,0.999247941291574,False,PROTECTOR FORSIKRG,Oslo Børs
henryhub:bunnsone,QEC,24m,5,0.06390235434588146,-0.013372633480071396,0.19541507129926539,0.8450680188606294,0.6,False,0.999247941291574,False,QUESTERRE ENERGY,Oslo Børs
henryhub:bunnsone,REACH,24m,5,-0.5649897379424047,-0.2843137225080129,-0.5939670204666921,0.552534171244762,0.6,True,0.999247941291574,False,REACH SUBSEA,Oslo Børs
henryhub:bunnsone,ROGS,24m,5,0.2814895292455586,0.277117446260407,0.03215794916928784,0.9743460905222956,0.8,True,0.999247941291574,False,ROGALAND SPAREBANK,Oslo Børs
henryhub:bunnsone,ROM,24m,5,-0.2013721998247918,-0.16081970143734414,-0.11016074867914293,0.9122818907774797,0.6,True,0.999247941291574,False,ROMREAL,Euronext Expand Oslo
henryhub:bunnsone,SDSD,24m,4,-0.33499228404793713,-0.23849551755848272,-0.2604550087928038,0.7945128157201172,0.5,False,0.999247941291574,False,S.D. STANDARD ETC,Oslo Børs
henryhub:bunnsone,SAGA,24m,4,0.5427472635471347,-0.00872871865857198,1.6560903721165936,0.09770351881140034,1.0,True,0.999247941291574,False,SAGA PURE,Oslo Børs
henryhub:bunnsone,SALM,24m,5,0.4573569519001925,0.46987916469747204,-0.07242473437856746,0.9422639012909652,1.0,True,0.999247941291574,False,SALMAR,Oslo Børs
henryhub:bunnsone,SCANA,24m,5,-0.5852807009231684,-0.3193583773863187,-0.4905594848195333,0.6237380478181958,0.6,True,0.999247941291574,False,SCANA,Oslo Børs
henryhub:bunnsone,SCATC,24m,3,0.469307058477406,0.2709151148586601,0.49279145582500544,0.6221599484996376,1.0,True,0.999247941291574,False,SCATEC,Oslo Børs
henryhub:bunnsone,SEA1,24m,5,-0.7231512510556242,0.08740180052985172,-1.2970456525678973,0.194615479359622,0.6,False,0.999247941291574,False,Sea1 Offshore,Euronext Growth Oslo
henryhub:bunnsone,ENH,24m,5,-1.1284943842453266,-1.4770430940864578,0.4492660506265004,0.6532397450085661,0.8,True,0.999247941291574,False,SED ENERGY HOLDING,Oslo Børs
henryhub:bunnsone,SBO,24m,3,0.5947911592609105,0.3378652043942105,1.1375583425227433,0.25530494970156337,1.0,True,0.999247941291574,False,SELVAAG BOLIG,Oslo Børs
henryhub:bunnsone,SKUE,24m,5,0.3700721468116834,0.24807217032570095,0.7599624466634293,0.4472770325076174,0.8,True,0.999247941291574,False,SKUE SPAREBANK,Oslo Børs
henryhub:bunnsone,SOGN,24m,5,0.2409254260578258,0.2925508431881758,-0.33433151464883265,0.7381294120386381,0.8,True,0.999247941291574,False,SOGN SPAREBANK,Oslo Børs
henryhub:bunnsone,SOFF,24m,5,-1.2844972947255742,-0.4971811827286774,-1.0759408968733406,0.28195369001007253,0.4,True,0.999247941291574,False,SOLSTAD OFFSHORE,Oslo Børs
henryhub:bunnsone,MING,24m,5,0.40108479135799147,0.3103844813714492,0.7040495013772446,0.48140194683128407,1.0,True,0.999247941291574,False,SPAREBANK 1 SMN,Oslo Børs
henryhub:bunnsone,SB1NO,24m,5,0.30381896121158475,0.18165858579125624,0.7367889348550519,0.46125071320786326,1.0,True,0.999247941291574,False,SPAREBANK 1 SØR-N,Oslo Børs
henryhub:bunnsone,MORG,24m,5,0.2466733933536049,0.23018615896226347,0.10791552276548477,0.9140627036466064,1.0,True,0.999247941291574,False,SPAREBANKEN MØRE,Oslo Børs
henryhub:bunnsone,SBNOR,24m,5,0.35551927722197785,0.23466597498311473,0.7866606642061116,0.43148053668871306,0.8,True,0.999247941291574,False,SPAREBANKEN NORGE,Oslo Børs
henryhub:bunnsone,SPOG,24m,5,0.37922671038411276,0.20081964767453714,1.0405640177094884,0.29807793826503665,1.0,True,0.999247941291574,False,SPAREBANKEN ØST,Oslo Børs
henryhub:bunnsone,HELG,24m,5,0.3897450127078053,0.30644209474209166,0.9499926998309254,0.34211596197796046,1.0,True,0.999247941291574,False,SPBK1 HELGELAND,Oslo Børs
henryhub:bunnsone,NONG,24m,5,0.35539029142466233,0.2772553558372764,0.5538205589501212,0.5797016567960569,1.0,True,0.999247941291574,False,SPBK1 NORD-NORGE,Oslo Børs
henryhub:bunnsone,RING,24m,5,0.2384037877606131,0.30522754458971685,-0.6913400889968205,0.4893518442942006,0.8,True,0.999247941291574,False,SPBK1 RINGERIKE,Oslo Børs
henryhub:bunnsone,SOAG,24m,5,0.3534321686770352,0.3372429132432197,0.15795277908689165,0.8744940083323661,0.8,True,0.999247941291574,False,SPBK1 ØSTFOLD AKE,Oslo Børs
henryhub:bunnsone,SNI,24m,5,0.14700381484597558,0.0869331788721521,0.29074383763757994,0.771247241557659,0.6,True,0.999247941291574,False,STOLT-NIELSEN,Oslo Børs
henryhub:bunnsone,STB,24m,5,0.3466460561094634,0.16454434343368177,1.2660118954193222,0.20550882350076397,1.0,True,0.999247941291574,False,STOREBRAND,Oslo Børs
henryhub:bunnsone,STRO,24m,5,0.06553036066493696,-0.0036989651962167393,0.247197618566687,0.804755288235355,0.6,False,0.999247941291574,False,STRONGPOINT,Oslo Børs
henryhub:bunnsone,SUBC,24m,5,0.24776551480074027,0.10681950610342003,0.5078353486451902,0.6115688175947155,0.6,True,0.999247941291574,False,SUBSEA 7,Oslo Børs
henryhub:bunnsone,TECH,24m,5,-0.07454782092302595,-0.4415085294554822,1.2327655020073605,0.2176632656544449,0.4,False,0.999247941291574,False,TECHSTEP,Oslo Børs
henryhub:bunnsone,TEL,24m,5,0.2154174367242383,0.2155347578395533,-0.000942565950928915,0.999247941291574,0.6,True,0.999247941291574,False,TELENOR,Oslo Børs
henryhub:bunnsone,TGS,24m,5,-0.1208978013432375,0.1844394825062164,-1.535983039964138,0.12454254000642359,0.4,False,0.999247941291574,False,TGS,Oslo Børs
henryhub:bunnsone,TOM,24m,5,0.35762290046387235,0.11781170189566159,0.9894621410141086,0.32243708410724864,1.0,True,0.999247941291574,False,TOMRA SYSTEMS,Oslo Børs
henryhub:bunnsone,VEI,24m,5,0.38021903400819584,0.3607225095838362,0.1431285047676871,0.8861886931526516,1.0,True,0.999247941291574,False,VEIDEKKE,Oslo Børs
henryhub:bunnsone,VOIM,24m,5,-0.6962997663488912,-0.7125510387558971,0.02817901637149536,0.977519373087663,0.8,True,0.999247941291574,False,VOIM,Oslo Børs
henryhub:bunnsone,VVL,24m,5,0.14126186238257188,0.2533837713086174,-0.7430949308264176,0.4574242084605483,0.8,False,0.999247941291574,False,VOSS VEKSEL OGLAND,Oslo Børs
henryhub:bunnsone,VOW,24m,3,-0.7059827499065525,0.13951179964190993,-1.0810348993379697,0.27968158978974805,0.6666666666666666,True,0.999247941291574,False,VOW,Oslo Børs
henryhub:bunnsone,WAWI,24m,4,0.4164505828826053,0.41701941925697195,-0.002006641415115796,0.9983989328702904,1.0,True,0.999247941291574,False,WALLENIUS WILHELMS,Oslo Børs
henryhub:bunnsone,WWI,24m,5,0.32230644405852993,0.30690571076150513,0.0834914285063457,0.9334607926581266,1.0,True,0.999247941291574,False,WILH. WILHELMSEN A,Oslo Børs
henryhub:bunnsone,WWIB,24m,5,0.3057119899785063,0.30086992947488217,0.027082746326341247,0.9783937361506186,1.0,True,0.999247941291574,False,WILH. WILHELMSEN B,Oslo Børs
henryhub:bunnsone,YAR,24m,5,0.156262602181187,0.26636120233559024,-0.7085730465833254,0.47858946745040654,0.6,True,0.999247941291574,False,YARA INTERNATIONAL,Oslo Børs
henryhub:bunnsone,ZAL,24m,3,0.7195271158919979,0.2644529452468483,1.5557551350745986,0.11976633035704481,1.0,True,0.999247941291574,False,ZALARIS,Oslo Børs
laks:bunnsone,ABG,1d,4,-0.008094293087475932,0.0007911697255260059,-0.7709811466713751,0.4407181066578203,0.75,True,0.9878463438452625,False,ABG SUNDAL COLLIER,Oslo Børs
laks:bunnsone,AFG,1d,4,0.0031446190743240074,0.00101954686617994,0.17910170884444573,0.8578578402395101,0.75,True,0.9878463438452625,False,AF GRUPPEN,Oslo Børs
laks:bunnsone,AKAST,1d,4,-0.030608948699861194,0.0007734484443907453,-2.387700835163107,0.016954136539563184,1.0,True,0.42012113191932976,False,AKASTOR,Oslo Børs
laks:bunnsone,AKER,1d,4,-0.011386982949006252,0.0006198879025003819,-0.43362592522785154,0.664560105458432,0.75,True,0.9878463438452625,False,AKER,Oslo Børs
laks:bunnsone,AKRBP,1d,4,0.00457947300578826,0.0007134510374693165,0.31562388110047507,0.7522880090862997,0.75,True,0.9878463438452625,False,AKER BP,Oslo Børs
laks:bunnsone,AKSO,1d,4,-0.023599767185959575,0.00021260267975578803,-1.5887077289084603,0.11212639319604485,0.5,True,0.8998861812913344,False,AKER SOLUTIONS,Oslo Børs
laks:bunnsone,AKVA,1d,4,0.0037802949183314847,0.0008937324328369728,0.18668158231188664,0.8519102974182159,0.75,False,0.9878463438452625,False,AKVA GROUP,Oslo Børs
laks:bunnsone,ALNG,1d,4,0.0129562751044221,-0.0009640603253535168,0.7953435582805498,0.42641368227765303,0.75,True,0.9878463438452625,False,ALNG,Euronext Expand Oslo
laks:bunnsone,ABTEC,1d,4,-0.02388320907010283,-0.0013822819590644988,-0.616709705146725,0.5374262186408815,0.5,True,0.9878463438452625,False,AQUA BIO TECHNO,Euronext Expand Oslo
laks:bunnsone,AQUA,1d,3,-0.007267217622417812,0.0010445432449840157,-0.5281998782147513,0.5973606139178059,0.6666666666666666,True,0.9878463438452625,False,AQUALIS,Oslo Børs
laks:bunnsone,ARCH,1d,4,-0.004806613248710955,-0.0019695882619841618,-0.14282980336774762,0.8864245987081707,0.5,False,0.9878463438452625,False,ARCHER,Oslo Børs
laks:bunnsone,AZT,1d,4,0.01156489896918711,0.0005485075034623875,0.5978553688298153,0.5499364421265779,0.75,False,0.9878463438452625,False,ARCTICZYMES TECHNO,Oslo Børs
laks:bunnsone,AFK,1d,4,-0.0030301708624221324,0.0006812429483296354,-0.2604159116505105,0.7945429705380755,0.5,False,0.9878463438452625,False,ARENDALS FOSSEKOMP,Oslo Børs
laks:bunnsone,ARR,1d,4,-0.006929808743581511,-0.001864135078118269,-0.179233925373248,0.8577540264258274,0.75,True,0.9878463438452625,False,ARRIBATEC GROUP,Oslo Børs
laks:bunnsone,ATEA,1d,4,0.010117633379283342,7.244991525981161e-05,0.7513538270107207,0.45243974283763194,0.75,True,0.9878463438452625,False,ATEA,Oslo Børs
laks:bunnsone,AURG,1d,4,-0.00409673881565381,0.0008415533147422143,-0.6621977898920198,0.507844470442179,0.5,False,0.9878463438452625,False,AURSKOG SPAREBANK,Oslo Børs
laks:bunnsone,AUSS,1d,4,-0.007414231396255132,1.544577908807948e-05,-0.7882521016656744,0.43054925874197414,0.75,True,0.9878463438452625,False,AUSTEVOLL SEAFOOD,Oslo Børs
laks:bunnsone,ACR,1d,4,0.013509848143537673,-0.0021410309965709125,0.5899936161338016,0.5551949294274169,1.0,True,0.9878463438452625,False,AXACTOR,Oslo Børs
laks:bunnsone,BAKKA,1d,4,-0.0020915898110338005,0.0007937807464807978,-0.2806203467238097,0.7790016084378988,0.5,False,0.9878463438452625,False,BAKKAFROST,Oslo Børs
laks:bunnsone,BINT,1d,3,0.006715994086150534,-0.0006525606144170162,0.23985027101411832,0.8104463335749597,0.6666666666666666,False,0.9878463438452625,False,BEVEST,Oslo Børs
laks:bunnsone,BNOR,1d,4,-0.035146036675644254,0.0006966179278741713,-1.7221939162944586,0.08503439654481715,0.5,False,0.8047308173015537,False,BLUENORD,Oslo Børs
laks:bunnsone,BONHR,1d,4,0.002067238576143272,-8.732960881647541e-05,0.19433523881921017,0.8459133949754414,0.5,False,0.9878463438452625,False,BONHEUR,Oslo Børs
laks:bunnsone,BOR,1d,4,-0.0019855351779008434,0.0002582671502818741,-0.13135443359681828,0.8954949329848396,0.75,False,0.9878463438452625,False,BORGESTAD,Oslo Børs
laks:bunnsone,BRG,1d,3,-0.010354232366807695,0.0006959526496156201,-1.1581560248804883,0.24680037034268626,1.0,True,0.9878463438452625,False,BORREGAARD,Oslo Børs
laks:bunnsone,BOUV,1d,4,0.00646892038103325,0.0009902703822553523,0.5737219443232268,0.5661559761658876,0.75,True,0.9878463438452625,False,BOUVET,Oslo Børs
laks:bunnsone,BWLPG,1d,3,-0.010060965340792519,0.0007430148582629981,-0.7131240013072545,0.4757690287261135,0.6666666666666666,False,0.9878463438452625,False,BW LPG,Oslo Børs
laks:bunnsone,BWO,1d,4,-0.01280116873089393,-0.0008153978121151167,-0.829636547704652,0.4067443065663997,0.75,True,0.9878463438452625,False,BW OFFSHORE LTD,Oslo Børs
laks:bunnsone,BMA,1d,4,0.021851759711073115,-0.00023447540965601632,0.8529923998469461,0.3936635188924868,1.0,True,0.9878463438452625,False,BYGGMA,Euronext Growth Oslo
laks:bunnsone,CONTX,1d,4,0.0025196776019931486,0.000259838412541062,0.12483417121051454,0.9006548342687513,0.5,False,0.9878463438452625,False,CONTEXTVISION,Oslo Børs
laks:bunnsone,DNB,1d,4,0.005909416363359566,0.0009172912538504547,0.5684623489481191,0.5697210645636919,0.75,True,0.9878463438452625,False,DNB BANK,Oslo Børs
laks:bunnsone,DNO,1d,4,-0.019809634484418748,0.000700575132141483,-1.2955897961306093,0.19511684643056815,0.75,True,0.9839813370344908,False,DNO,Oslo Børs
laks:bunnsone,EAM,1d,3,-5.941321512799765e-05,6.639488563146002e-05,-0.0021751847712544264,0.998264455022724,0.3333333333333333,False,0.9982644550227241,False,EAM SOLAR,Euronext Growth Oslo
laks:bunnsone,EIOF,1d,4,-0.00488742680371812,8.030722028519754e-05,-0.37870112415918605,0.7049098184768416,0.5,False,0.9878463438452625,False,EIDESVIK OFFSHORE,Oslo Børs
laks:bunnsone,ENDUR,1d,4,0.047278299670524604,-0.0008803745474196163,2.2236020673238728,0.026175229349720476,0.5,False,0.4590188314794619,False,ENDÚR,Oslo Børs
laks:bunnsone,ENSU,1d,4,-0.0032128285809661155,-4.260182583594302e-05,-0.1026439347447,0.9182455720873173,0.5,False,0.9878463438452625,False,ENSURGE MICROPOWER,Oslo Børs
laks:bunnsone,ENTRA,1d,3,-0.006426845886662757,0.0005219917116166862,-0.8129833707240867,0.4162275924646856,0.6666666666666666,False,0.9878463438452625,False,ENTRA,Oslo Børs
laks:bunnsone,EQNR,1d,4,0.00442575926461758,0.00015213481495516482,0.5048746594701876,0.6136468734077347,0.75,True,0.9878463438452625,False,EQUINOR,Oslo Børs
laks:bunnsone,EQVA,1d,3,-0.010403408066333997,-0.0013893662090314366,-0.31082453482292394,0.7559340168149358,0.6666666666666666,False,0.9878463438452625,False,EQVA,Oslo Børs
laks:bunnsone,FRO,1d,4,-0.006965776950193569,0.0004767443333676049,-0.45480172266016017,0.6492518908227978,0.75,True,0.9878463438452625,False,FRONTLINE,Oslo Børs
laks:bunnsone,GJF,1d,4,-0.00426001099927381,0.0008750872515360628,-0.8154342176535622,0.41482380455453,0.75,True,0.9878463438452625,False,GJENSIDIGE FORSIKR,Oslo Børs
laks:bunnsone,GOD,1d,4,-0.002298130357302807,-6.788999434699672e-05,-0.11550335297520023,0.9080461629758741,0.75,False,0.9878463438452625,False,GOODTECH,Oslo Børs
laks:bunnsone,GSF,1d,4,0.00821177269840101,0.0005780849020537054,0.5928432129899099,0.5532860849237371,0.5,False,0.9878463438452625,False,GRIEG SEAFOOD,Oslo Børs
laks:bunnsone,GYL,1d,4,0.004878612922742554,0.0008775719181505083,0.1823055893888214,0.8553429124921632,0.75,True,0.9878463438452625,False,GYLDENDAL,Oslo Børs
laks:bunnsone,HAVI,1d,4,-0.02823535151950618,-0.002922151641872842,-0.7492242478516802,0.453722056669522,0.75,True,0.9878463438452625,False,HAVILA SHIPPING,Oslo Børs
laks:bunnsone,HEX,1d,4,-0.0014083761925262894,0.00028726993584917137,-0.09799633042438778,0.921935207240945,0.25,False,0.9878463438452625,False,HEXAGON COMPOSITES,Oslo Børs
laks:bunnsone,HBC,1d,3,-0.04210678740235951,-0.0008757671357044993,-1.805666642761922,0.07097042609681933,0.6666666666666666,True,0.7933479774394447,False,HOFSETH BIOCARE,Oslo Børs
laks:bunnsone,HUNT,1d,4,-0.009530161277929036,6.497584889542607e-05,-0.2834939872437804,0.7767981901808879,0.75,True,0.9878463438452625,False,HUNTER GROUP,Euronext Expand Oslo
laks:bunnsone,HSPG,1d,4,0.00273264866631845,0.002306873437994182,0.007893603499020152,0.9937018810439909,0.5,False,0.996886822970414,False,HØLAND OG SETSKOG,Oslo Børs
laks:bunnsone,IDEX,1d,4,0.023869638203819432,-0.00040799118257622537,0.8924993762433405,0.37212532694369604,0.25,False,0.9878463438452625,False,IDEX BIOMETRICS,Oslo Børs
laks:bunnsone,IOX,1d,4,0.03368439455659711,-0.000841159005140435,0.8683076887020902,0.3852259141927043,0.5,True,0.9878463438452625,False,INTEROIL EXPL PROD,Oslo Børs
laks:bunnsone,ITERA,1d,4,0.0030796336741199803,0.0004550656294170566,0.16867903100717266,0.8660491132535956,0.5,False,0.9878463438452625,False,ITERA,Oslo Børs
laks:bunnsone,JIN,1d,4,-0.0065409916897472,0.0005117740981861558,-0.3694484452051506,0.7117934939381713,0.75,False,0.9878463438452625,False,JINHUI SHIPP TRANS,Oslo Børs
laks:bunnsone,JAREN,1d,4,0.0011439434077978325,0.00011600354001776065,0.09579948124029718,0.9236798293762407,0.5,False,0.9878463438452625,False,JÆREN SPAREBANK,Oslo Børs
laks:bunnsone,KIT,1d,4,0.0080084705843757,-0.00010445276228583861,0.5070907265405261,0.6120911614567651,0.5,False,0.9878463438452625,False,KITRON,Oslo Børs
laks:bunnsone,KOA,1d,4,-0.03719878599345548,-0.0010562122347036755,-1.9219080624388016,0.054617327163356176,0.75,True,0.6704009177306072,False,KONGSBERG AUTOMOT,Oslo Børs
laks:bunnsone,KOG,1d,4,0.0028136431627784906,0.0008094413017437043,0.20995217207860384,0.8337050021382568,0.5,False,0.9878463438452625,False,KONGSBERG GRUPPEN,Oslo Børs
laks:bunnsone,LSG,1d,4,-0.004045388840480556,0.0005980027325594437,-0.45412562410594637,0.6497384112421558,0.75,True,0.9878463438452625,False,LERØY SEAFOOD GP,Oslo Børs
laks:bunnsone,MGN,1d,4,0.006847978999939331,-0.0010093112969653496,0.4335084408714749,0.6646454352443163,0.75,True,0.9878463438452625,False,MAGNORA,Oslo Børs
laks:bunnsone,MEDI,1d,4,0.013064819000606909,0.0004932643414574179,0.7138029928876364,0.47534900874487046,0.75,True,0.9878463438452625,False,MEDISTIM,Oslo Børs
laks:bunnsone,MELG,1d,4,0.008263231758525003,0.0006019851015459605,0.9832143949666972,0.3255019315067479,0.5,False,0.9878463438452625,False,MELHUS SPAREBANK,Oslo Børs
laks:bunnsone,MOWI,1d,4,-0.01063342248147231,-0.0002899267010101988,-0.4576236121506988,0.6472228765842245,0.75,True,0.9878463438452625,False,MOWI,Oslo Børs
laks:bunnsone,NAPA,1d,3,-0.014925349399708873,-0.00034654962198196293,-0.5690593084882536,0.5693158918068355,1.0,True,0.9878463438452625,False,NAPATECH,Oslo Børs
laks:bunnsone,NAVA,1d,4,-0.005378536515504628,0.0009927639695502038,-0.3284563286626175,0.7425666589457878,0.75,False,0.9878463438452625,False,NAVAMEDIC,Oslo Børs
laks:bunnsone,NKR,1d,4,-0.0009787164458998068,8.160374551471889e-05,-0.06650989218630421,0.9469718823238416,0.5,False,0.9878463438452625,False,NEKKAR,Oslo Børs
laks:bunnsone,NEL,1d,4,0.00876457309765543,-0.0011582005916452147,0.21551352580912167,0.8293669677490325,0.75,False,0.9878463438452625,False,NEL,Oslo Børs
laks:bunnsone,NEXT,1d,3,-0.0769737409910826,-0.000539612487836398,-2.2836022701748004,0.0223949162490791,0.6666666666666666,True,0.4590188314794619,False,NEXT BIOMETRICS GP,Oslo Børs
laks:bunnsone,NOM,1d,4,0.010681412612079833,-0.0006521220051506864,0.47068623527439085,0.6378648154222775,1.0,True,0.9878463438452625,False,NORDIC MINING,Oslo Børs
laks:bunnsone,NOD,1d,4,0.012542825986264716,0.0013669851701969605,0.6546890886117844,0.5126679518642032,0.75,True,0.9878463438452625,False,NORDIC SEMICONDUC,Oslo Børs
laks:bunnsone,NHY,1d,4,-0.00045050748964264777,0.0004165553102555245,-0.09220774613794559,0.9265329837386048,0.75,False,0.9878463438452625,False,NORSK HYDRO,Oslo Børs
laks:bunnsone,NORTH,1d,4,0.022746127429368868,5.38447288266336e-06,1.1861799463113785,0.2355512439379843,1.0,True,0.9878463438452625,False,NORTH ENERGY,Euronext Expand Oslo
laks:bunnsone,NAS,1d,4,0.017322659209618452,-0.0018004960319376148,0.9497694271335072,0.3422294236980983,0.5,False,0.9878463438452625,False,NORWEGIAN AIR SHUT,Oslo Børs
laks:bunnsone,NRC,1d,4,-0.01256894827869559,-0.002488353328921778,-0.38204872159596837,0.7024252261003441,0.75,True,0.9878463438452625,False,NRC GROUP,Oslo Børs
laks:bunnsone,ODL,1d,3,0.01451588107594041,0.0008233995533215292,0.9598048792815062,0.3371534261803088,1.0,True,0.9878463438452625,False,ODFJELL DRILLING,Oslo Børs
laks:bunnsone,ODF,1d,4,-0.00019120909735642622,0.0005684914460306178,-0.06825883703120747,0.9455795909580593,0.25,False,0.9878463438452625,False,ODFJELL SER. A,Oslo Børs
laks:bunnsone,ODFB,1d,4,-0.015375843851045345,0.00046516750415360726,-1.5233296158946728,0.12767626127117948,0.25,False,0.9405970278991354,False,ODFJELL SER. B,Oslo Børs
laks:bunnsone,ORK,1d,4,-0.0012166678591538083,0.0001334495753238328,-0.17728963452204619,0.859280892280465,0.25,False,0.9878463438452625,False,ORKLA,Oslo Børs
laks:bunnsone,PEN,1d,4,0.01610087463240184,-0.00044594691557701277,1.0707203837766415,0.28429517462666565,0.5,False,0.9878463438452625,False,PANORO ENERGY,Oslo Børs
laks:bunnsone,PSE,1d,4,-0.015176045928217918,-0.0014379897687771947,-0.5249798539651797,0.5995971958605443,0.75,True,0.9878463438452625,False,PETROLIA,Oslo Børs
laks:bunnsone,PHO,1d,4,0.01219717595125086,-0.0002790642590763445,0.9444764513290822,0.3449262299893307,0.25,False,0.9878463438452625,False,PHOTOCURE,Oslo Børs
laks:bunnsone,POL,1d,4,-0.010354347009315867,-0.00036650801110175177,-0.241423100291556,0.8092272107208778,0.5,True,0.9878463438452625,False,POLARIS MEDIA,Oslo Børs
laks:bunnsone,PRS,1d,4,-0.01859127149083689,-0.002452683225229194,-0.7645895870057018,0.4445159717142072,1.0,True,0.9878463438452625,False,PROSAFE,Oslo Børs
laks:bunnsone,PROT,1d,4,0.00047578406900233936,0.0006075059396757714,-0.010146216954953494,0.9919046290386213,0.25,False,0.996681055823719,False,PROTECTOR FORSIKRG,Oslo Børs
laks:bunnsone,QEC,1d,4,0.001859806346650784,0.0003959957083931962,0.06374087185297515,0.9491765598661867,0.75,False,0.9878463438452625,False,QUESTERRE ENERGY,Oslo Børs
laks:bunnsone,REACH,1d,4,-0.00755076224736349,-0.0018072751284356867,-0.1971450645742185,0.8437140189396712,0.25,False,0.9878463438452625,False,REACH SUBSEA,Oslo Børs
laks:bunnsone,ROGS,1d,4,-0.004703092121817464,0.00026466635824976307,-0.49561316764615754,0.6201673607638583,1.0,True,0.9878463438452625,False,ROGALAND SPAREBANK,Oslo Børs
laks:bunnsone,ROM,1d,4,-0.015041330216826548,-0.0005463542970425035,-0.4983856183341542,0.6182122714800774,0.5,False,0.9878463438452625,False,ROMREAL,Euronext Expand Oslo
laks:bunnsone,SDSD,1d,4,-0.002046527205585097,-0.0003787142428247303,-0.08939986271676893,0.928764132571978,0.5,False,0.9878463438452625,False,S.D. STANDARD ETC,Oslo Børs
laks:bunnsone,SAGA,1d,4,0.02204994771606157,-0.0006863626927286079,1.353393522849662,0.17592994559636413,0.75,True,0.9839813370344908,False,SAGA PURE,Oslo Børs
laks:bunnsone,SALM,1d,4,-0.032735204921985506,0.0010843662592594048,-2.9785929979689194,0.0028957513950147347,1.0,True,0.22544033428747026,False,SALMAR,Oslo Børs
laks:bunnsone,SCANA,1d,4,-0.045172160042485233,-0.00025687570832636175,-1.6743476320621828,0.09406229835981646,1.0,True,0.8336351335826576,False,SCANA,Oslo Børs
laks:bunnsone,SCATC,1d,3,0.01735131326893032,0.00035286029922441383,1.2218665172971443,0.22175810915162084,1.0,True,0.9878463438452625,False,SCATEC,Oslo Børs
laks:bunnsone,SEA1,1d,4,0.003986371359656017,0.0007564435169469201,0.18374619325848215,0.8542125688383067,1.0,True,0.9878463438452625,False,Sea1 Offshore,Euronext Growth Oslo
laks:bunnsone,ENH,1d,4,-0.04256713546798169,-0.002575285385201737,-1.2903970981980442,0.19691281913166644,1.0,True,0.9839813370344908,False,SED ENERGY HOLDING,Oslo Børs
laks:bunnsone,SBO,1d,3,0.0010401305868961163,0.0005203885057857528,0.0506322711994509,0.9596185470980173,0.6666666666666666,False,0.9878463438452625,False,SELVAAG BOLIG,Oslo Børs
laks:bunnsone,SKUE,1d,4,0.009799123808801269,-0.00038513266076337294,0.7049244927679982,0.4808572269332771,0.75,True,0.9878463438452625,False,SKUE SPAREBANK,Oslo Børs
laks:bunnsone,SOGN,1d,4,0.0039055837286043338,0.0006311142399705767,0.3577302706036485,0.7205451775351817,0.25,False,0.9878463438452625,False,SOGN SPAREBANK,Oslo Børs
laks:bunnsone,SOFF,1d,4,-0.009508411025416164,-0.00017299157346996566,-0.5896004639039892,0.5554585406191611,0.5,False,0.9878463438452625,False,SOLSTAD OFFSHORE,Oslo Børs
laks:bunnsone,MING,1d,4,-0.008057124103988456,0.000809860968044376,-1.167022359453335,0.24320134001266183,0.75,True,0.9878463438452625,False,SPAREBANK 1 SMN,Oslo Børs
laks:bunnsone,SB1NO,1d,4,0.006142452153534207,0.0008183061242481196,0.6535333334704784,0.5134125071353289,0.5,False,0.9878463438452625,False,SPAREBANK 1 SØR-N,Oslo Børs
laks:bunnsone,MORG,1d,4,0.00048223985536860556,0.0003642148822745618,0.014945649762593036,0.9880755407375197,0.25,False,0.9950417037641739,False,SPAREBANKEN MØRE,Oslo Børs
laks:bunnsone,SBNOR,1d,4,0.0022690357750156384,-0.00026830557770069673,0.26542228551503194,0.7906841702748546,0.25,False,0.9878463438452625,False,SPAREBANKEN NORGE,Oslo Børs
laks:bunnsone,SPOG,1d,4,-0.0025678782135644665,-0.00023334567278273958,-0.24749129783958246,0.8045280253876931,0.75,False,0.9878463438452625,False,SPAREBANKEN ØST,Oslo Børs
laks:bunnsone,HELG,1d,4,0.007849358487547364,0.0007200367914313868,0.8885681436842697,0.3742352180341273,0.75,True,0.9878463438452625,False,SPBK1 HELGELAND,Oslo Børs
laks:bunnsone,NONG,1d,4,-0.0044787418253652836,0.0005909873652512931,-0.5987185711702133,0.5493605708811702,0.5,False,0.9878463438452625,False,SPBK1 NORD-NORGE,Oslo Børs
laks:bunnsone,RING,1d,4,-0.01095722512235936,0.0009433185779509267,-1.4767701592703375,0.13973725813836996,1.0,True,0.9405970278991354,False,SPBK1 RINGERIKE,Oslo Børs
laks:bunnsone,SOAG,1d,4,-0.00026141091411274655,0.000479997894849834,-0.094791722113963,0.924480262061218,0.5,False,0.9878463438452625,False,SPBK1 ØSTFOLD AKE,Oslo Børs
laks:bunnsone,SNI,1d,4,0.013746280436746361,0.000279487623095408,1.1854999746376778,0.23581982468170457,0.5,False,0.9878463438452625,False,STOLT-NIELSEN,Oslo Børs
laks:bunnsone,STB,1d,4,0.011383995489556653,0.000981528206900476,0.9647639229088443,0.33466306975655924,0.75,True,0.9878463438452625,False,STOREBRAND,Oslo Børs
laks:bunnsone,STRO,1d,4,0.023125081885137122,-0.0003664472141622696,1.0003152000217848,0.3171579935476808,0.75,True,0.9878463438452625,False,STRONGPOINT,Oslo Børs
laks:bunnsone,SUBC,1d,4,-0.0010172728629447838,0.0008872496031864836,-0.14788133155768415,0.8824364214641314,0.5,False,0.9878463438452625,False,SUBSEA 7,Oslo Børs
laks:bunnsone,TECH,1d,4,-0.01858415634214322,-0.000251927953588007,-0.6546197670915906,0.5127125939852746,0.75,True,0.9878463438452625,False,TECHSTEP,Oslo Børs
laks:bunnsone,TEL,1d,4,-0.0005882207893934113,0.0005469332339657184,-0.15098612131880887,0.8799866639675238,0.75,False,0.9878463438452625,False,TELENOR,Oslo Børs
laks:bunnsone,TGS,1d,4,-0.004912124215763202,0.0008836927193534578,-0.4619871329263205,0.6440905477002508,0.25,False,0.9878463438452625,False,TGS,Oslo Børs
laks:bunnsone,TRMED,1d,3,-0.01570979598410101,-0.000574305104475084,-0.49739052279373613,0.6189136874485298,1.0,True,0.9878463438452625,False,THOR MEDICAL,Oslo Børs
laks:bunnsone,TOM,1d,4,0.004756745531045937,-0.0001433763174972536,0.37799724675796964,0.7054326392793848,0.5,True,0.9878463438452625,False,TOMRA SYSTEMS,Oslo Børs
laks:bunnsone,VEI,1d,4,0.015736797991252105,0.001069481285582187,1.6300817311313327,0.10308422428381557,1.0,True,0.849088478969323,False,VEIDEKKE,Oslo Børs
laks:bunnsone,VOIM,1d,4,0.006690172753806095,-0.0005460470580793544,0.23807758450743893,0.8118209199129909,0.25,False,0.9878463438452625,False,VOIM,Oslo Børs
laks:bunnsone,VVL,1d,4,0.0013627733071826529,0.0006469020959162083,0.05521935103973997,0.9559637125547121,0.5,False,0.9878463438452625,False,VOSS VEKSEL OGLAND,Oslo Børs
laks:bunnsone,VOW,1d,3,-0.015112277175444203,-0.0005473212402635855,-0.624463550222486,0.5323232008677588,0.6666666666666666,False,0.9878463438452625,False,VOW,Oslo Børs
laks:bunnsone,WAWI,1d,4,-0.011930058129224375,0.0008177140739056416,-1.1066291899322898,0.26845428160688484,0.5,True,0.9878463438452625,False,WALLENIUS WILHELMS,Oslo Børs
laks:bunnsone,WWI,1d,4,-0.004254502210094545,0.00016598141585449846,-0.4409209537878207,0.6592702235584799,0.5,True,0.9878463438452625,False,WILH. WILHELMSEN A,Oslo Børs
laks:bunnsone,WWIB,1d,4,-0.00044040124594929477,0.0004092294644695659,-0.06316327740332593,0.9496364867500943,0.5,False,0.9878463438452625,False,WILH. WILHELMSEN B,Oslo Børs
laks:bunnsone,YAR,1d,4,0.002981757604349212,0.0001696746281284661,0.30893169141488047,0.7573734888976329,0.75,False,0.9878463438452625,False,YARA INTERNATIONAL,Oslo Børs
laks:bunnsone,ZAL,1d,3,-0.006026603420804743,0.001132258153073132,-0.548854506993372,0.5831053005293316,0.6666666666666666,True,0.9878463438452625,False,ZALARIS,Oslo Børs
laks:bunnsone,ABG,1m,4,0.015692348831061416,0.016188999937889338,-0.01332200491063317,0.9893708923653856,0.5,False,0.9986807999722572,False,ABG SUNDAL COLLIER,Oslo Børs
laks:bunnsone,AFG,1m,4,0.022422642652512696,0.016613379908097598,0.15820205575985688,0.8742975838927982,0.75,False,0.9969061973633782,False,AF GRUPPEN,Oslo Børs
laks:bunnsone,AKAST,1m,4,0.03332118178234433,0.006173955861572083,0.4926065082959854,0.6222906485048805,0.5,True,0.9969061973633782,False,AKASTOR,Oslo Børs
laks:bunnsone,AKER,1m,4,0.079321162139228,0.020623562642941885,0.45152386709532294,0.6516120273069926,0.75,True,0.9969061973633782,False,AKER,Oslo Børs
laks:bunnsone,AKRBP,1m,4,0.13141011368905886,0.013226106112641302,2.263040603426953,0.023633186435618583,0.5,False,0.8116549380126422,False,AKER BP,Oslo Børs
laks:bunnsone,AKSO,1m,4,0.08945879988424675,0.005380763235700648,1.2860923743952994,0.19841082512327218,0.75,True,0.9969061973633782,False,AKER SOLUTIONS,Oslo Børs
laks:bunnsone,AKVA,1m,4,0.05984054849502456,0.014023546745549016,0.8986653278052253,0.36883095041410546,0.75,False,0.9969061973633782,False,AKVA GROUP,Oslo Børs
laks:bunnsone,ALNG,1m,4,0.12808234057423445,-0.003318461774369817,1.8900613186687059,0.0587497596635099,0.75,True,0.9185018360434064,False,ALNG,Euronext Expand Oslo
laks:bunnsone,ABTEC,1m,4,0.18911425105183471,-0.026655784197759453,1.763915426181152,0.07774621926591152,0.5,False,0.9185018360434064,False,AQUA BIO TECHNO,Euronext Expand Oslo
laks:bunnsone,AQUA,1m,3,-0.03085664525350691,0.012477934399718787,-0.7776593996135599,0.4367698332228544,0.6666666666666666,True,0.9969061973633782,False,AQUALIS,Oslo Børs
laks:bunnsone,ARCH,1m,4,0.01275013792543788,-0.024860387276794682,0.4757055758982563,0.6342841479586667,0.25,False,0.9969061973633782,False,ARCHER,Oslo Børs
laks:bunnsone,AZT,1m,4,0.028742240852575422,-0.0002011258452969269,0.29302239226887483,0.7695050359844173,0.25,False,0.9969061973633782,False,ARCTICZYMES TECHNO,Oslo Børs
laks:bunnsone,AFK,1m,4,-0.007382501409907712,0.013741169916403749,-0.5428081374753454,0.5872619098467854,0.5,False,0.9969061973633782,False,ARENDALS FOSSEKOMP,Oslo Børs
laks:bunnsone,ARR,1m,4,0.06993096992250968,-0.02723920521410348,0.7346975465596723,0.4625237148470842,0.5,False,0.9969061973633782,False,ARRIBATEC GROUP,Oslo Børs
laks:bunnsone,ATEA,1m,4,0.026328159500535346,-0.0020724967902210805,0.5350621802932412,0.5926068608312488,0.75,True,0.9969061973633782,False,ATEA,Oslo Børs
laks:bunnsone,AURG,1m,4,-0.030016276188252207,0.010798892688811271,-1.289358887355759,0.19727334734874685,0.75,True,0.9969061973633782,False,AURSKOG SPAREBANK,Oslo Børs
laks:bunnsone,AUSS,1m,4,0.017542221581621546,0.00876861530534186,0.20628154148833602,0.8365709962288492,0.5,False,0.9969061973633782,False,AUSTEVOLL SEAFOOD,Oslo Børs
laks:bunnsone,ACR,1m,4,0.18371095749490052,-0.017209767422314847,2.0911548136587306,0.03651418842756905,1.0,True,0.8116549380126422,False,AXACTOR,Oslo Børs
laks:bunnsone,BAKKA,1m,4,-3.2993702009938286e-05,0.01701954135381119,-0.4123606626988762,0.6800750913328341,0.5,False,0.9969061973633782,False,BAKKAFROST,Oslo Børs
laks:bunnsone,BINT,1m,3,0.19115121239373764,0.004314199363174002,1.551202797196647,0.12085309203755676,0.6666666666666666,False,0.9185018360434064,False,BEVEST,Oslo Børs
laks:bunnsone,BNOR,1m,4,-0.0590365899917249,-0.012089415839023154,-0.3984352494099539,0.6903093788983441,0.5,False,0.9969061973633782,False,BLUENORD,Oslo Børs
laks:bunnsone,BONHR,1m,4,0.026238561300494616,0.010357520395842108,0.40927657750188234,0.6823367024192754,0.5,False,0.9969061973633782,False,BONHEUR,Oslo Børs
laks:bunnsone,BOR,1m,4,-0.07157552261262669,-0.0069673573495773,-1.0403368646866182,0.29818342276128973,0.5,False,0.9969061973633782,False,BORGESTAD,Oslo Børs
laks:bunnsone,BRG,1m,3,0.040710289108871985,0.01701563994249884,0.5253790377867589,0.5993197227765487,1.0,True,0.9969061973633782,False,BORREGAARD,Oslo Børs
laks:bunnsone,BOUV,1m,4,0.027193397664143797,0.021082476353122204,0.19206825230374358,0.847688742881782,0.75,True,0.9969061973633782,False,BOUVET,Oslo Børs
laks:bunnsone,BWLPG,1m,3,-0.023996061715488987,0.02049542494375437,-0.5976893297568718,0.5500472464613083,0.3333333333333333,False,0.9969061973633782,False,BW LPG,Oslo Børs
laks:bunnsone,BWO,1m,4,0.009369520986452266,-0.0008615557364916898,0.15150379354718613,0.8795783185629481,0.5,False,0.9969061973633782,False,BW OFFSHORE LTD,Oslo Børs
laks:bunnsone,BMA,1m,4,0.02197500807713896,0.013792947892759092,0.1455406123909884,0.8842840530363782,0.5,False,0.9969061973633782,False,BYGGMA,Euronext Growth Oslo
laks:bunnsone,CONTX,1m,4,0.11716074636882391,0.0007273235326643517,1.7779889705306666,0.0754056663733638,0.75,True,0.9185018360434064,False,CONTEXTVISION,Oslo Børs
laks:bunnsone,DNB,1m,4,0.01736532104806065,0.009399127017307133,0.2617588766159764,0.7935073455537417,0.5,False,0.9969061973633782,False,DNB BANK,Oslo Børs
laks:bunnsone,DNO,1m,4,0.09486515138683947,0.011671297795498388,1.3261094164473275,0.18480345753187202,0.75,True,0.9969061973633782,False,DNO,Oslo Børs
laks:bunnsone,EAM,1m,3,-0.8071021455787458,-0.038324864673363226,-3.5958912783746726,0.00032328280699391124,1.0,True,0.20237503717818844,False,EAM SOLAR,Euronext Growth Oslo
laks:bunnsone,EIOF,1m,4,-0.07186008322017258,-0.0009018448630362406,-1.626115023177043,0.10392518871513216,1.0,True,0.9185018360434064,False,EIDESVIK OFFSHORE,Oslo Børs
laks:bunnsone,ENDUR,1m,4,-0.11832445827190598,-0.013202347147068246,-1.2959094850557598,0.19500667104627106,0.75,True,0.9969061973633782,False,ENDÚR,Oslo Børs
laks:bunnsone,ENSU,1m,4,0.034178943707020515,-0.02671651602119637,0.46409270698332894,0.6425813266459874,0.25,False,0.9969061973633782,False,ENSURGE MICROPOWER,Oslo Børs
laks:bunnsone,ENTRA,1m,3,-0.01422107039366774,0.007116555582373044,-0.6411486166900612,0.5214261300701122,0.3333333333333333,False,0.9969061973633782,False,ENTRA,Oslo Børs
laks:bunnsone,EQNR,1m,4,-0.007259039238849414,0.008104026380516789,-0.4830013698799172,0.6290947635539142,0.5,False,0.9969061973633782,False,EQUINOR,Oslo Børs
laks:bunnsone,EQVA,1m,3,-0.15212048642382187,0.003105313103485923,-1.1799387263487733,0.23802458593026174,1.0,True,0.9969061973633782,False,EQVA,Oslo Børs
laks:bunnsone,FRO,1m,4,-0.003445879050235641,0.0029444552751304136,-0.0851890077652249,0.9321111293461188,0.75,False,0.9969061973633782,False,FRONTLINE,Oslo Børs
laks:bunnsone,GJF,1m,4,-0.01919495222670698,0.015708348237257072,-1.207289624101289,0.22732062516744084,1.0,True,0.9969061973633782,False,GJENSIDIGE FORSIKR,Oslo Børs
laks:bunnsone,GOD,1m,4,-0.006305656174027015,-0.013327593077950122,0.0920313854399755,0.9266731034245494,0.5,False,0.9969061973633782,False,GOODTECH,Oslo Børs
laks:bunnsone,GSF,1m,4,0.05665876862796979,0.01018815512279631,0.6974924819881716,0.4854946426714351,1.0,True,0.9969061973633782,False,GRIEG SEAFOOD,Oslo Børs
laks:bunnsone,GYL,1m,4,-0.10264109405011436,0.004649785599508466,-1.9207258259244295,0.054766281929780204,0.75,True,0.9185018360434064,False,GYLDENDAL,Oslo Børs
laks:bunnsone,HAVI,1m,4,-0.14108671398542605,-0.019826419008982424,-0.9684377653166445,0.33282578628516085,1.0,True,0.9969061973633782,False,HAVILA SHIPPING,Oslo Børs
laks:bunnsone,HEX,1m,4,0.07337274432823453,0.00469772915608716,1.0287113072802698,0.3036153549141011,0.75,False,0.9969061973633782,False,HEXAGON COMPOSITES,Oslo Børs
laks:bunnsone,HBC,1m,3,-0.06669212211358498,-0.0035767844768882897,-0.796255814015333,0.4258833623687711,0.6666666666666666,False,0.9969061973633782,False,HOFSETH BIOCARE,Oslo Børs
laks:bunnsone,HUNT,1m,4,-0.10229514077362235,-0.0008507916756542069,-0.8555030253920414,0.3922727302674977,0.75,True,0.9969061973633782,False,HUNTER GROUP,Euronext Expand Oslo
laks:bunnsone,HSPG,1m,4,-0.013845120615494595,0.0038173306979766915,-0.14160116345019672,0.8873950478938646,0.75,True,0.9969061973633782,False,HØLAND OG SETSKOG,Oslo Børs
laks:bunnsone,IDEX,1m,4,-0.04914115989636359,-0.01669138513758366,-0.25740074036186844,0.796869431410685,0.5,True,0.9969061973633782,False,IDEX BIOMETRICS,Oslo Børs
laks:bunnsone,IOX,1m,4,-0.019635400937621394,-0.019312048547285503,-0.0023762956977914584,0.9981039921352204,0.5,False,0.9997043907500693,False,INTEROIL EXPL PROD,Oslo Børs
laks:bunnsone,ITERA,1m,4,-0.014840247377865691,0.0023252724259694036,-0.32646401684196263,0.7440733096351553,0.5,False,0.9969061973633782,False,ITERA,Oslo Børs
laks:bunnsone,JIN,1m,4,-0.029911813033085217,0.0026177423578348847,-0.45353951527849823,0.6501602959700346,1.0,True,0.9969061973633782,False,JINHUI SHIPP TRANS,Oslo Børs
laks:bunnsone,JAREN,1m,4,-0.0414515930654249,0.01256537402415635,-1.5808257431778676,0.11391788668703266,0.75,True,0.9185018360434064,False,JÆREN SPAREBANK,Oslo Børs
laks:bunnsone,KIT,1m,4,0.006113612475017786,0.0117664471135573,-0.09928023188228353,0.9209157735377014,0.5,False,0.9969061973633782,False,KITRON,Oslo Børs
laks:bunnsone,KOA,1m,4,0.09680903143587766,-0.006559079860164213,1.2506900526435374,0.2110475810696506,0.25,False,0.9969061973633782,False,KONGSBERG AUTOMOT,Oslo Børs
laks:bunnsone,KOG,1m,4,-0.036387706519421366,0.01633810013691125,-1.3146869579699938,0.1886151315286105,0.5,False,0.9969061973633782,False,KONGSBERG GRUPPEN,Oslo Børs
laks:bunnsone,LSG,1m,4,0.03029243914852086,0.014783008437733716,0.3547894680395462,0.7227473190673005,0.5,False,0.9969061973633782,False,LERØY SEAFOOD GP,Oslo Børs
laks:bunnsone,MGN,1m,4,-0.1759165126996749,-0.006066398538191635,-1.876172749933718,0.06063156262044519,0.75,True,0.9185018360434064,False,MAGNORA,Oslo Børs
laks:bunnsone,MEDI,1m,4,0.037517385864109125,0.017610378764955907,0.40185906161736645,0.6877877527890055,0.75,True,0.9969061973633782,False,MEDISTIM,Oslo Børs
laks:bunnsone,MELG,1m,4,-0.005779501467520161,0.00774492413385961,-0.47621243268784225,0.6339230430038718,0.5,False,0.9969061973633782,False,MELHUS SPAREBANK,Oslo Børs
laks:bunnsone,MOWI,1m,4,0.036527227855692616,-0.007803312622354769,0.4934237319241897,0.6217132172199972,0.5,True,0.9969061973633782,False,MOWI,Oslo Børs
laks:bunnsone,NAPA,1m,3,0.03458910001312074,0.013703754370627612,0.17597764513752195,0.8603115049559182,0.6666666666666666,False,0.9969061973633782,False,NAPATECH,Oslo Børs
laks:bunnsone,NAVA,1m,4,-0.10566200804460969,0.0008044566796412369,-1.6774324517558397,0.09345794797522204,0.75,True,0.9185018360434064,False,NAVAMEDIC,Oslo Børs
laks:bunnsone,NKR,1m,4,0.012097262265379126,0.0035339421615404724,0.12200434432019264,0.9028955777060794,0.5,False,0.9969061973633782,False,NEKKAR,Oslo Børs
laks:bunnsone,NEL,1m,4,0.2968682766551106,-0.03366213542681907,1.8453364888230552,0.06498860567798113,1.0,True,0.9185018360434064,False,NEL,Oslo Børs
laks:bunnsone,NEXT,1m,3,-0.14033294220186315,-0.05327454156685221,-0.591404597902333,0.5542493603858611,1.0,True,0.9969061973633782,False,NEXT BIOMETRICS GP,Oslo Børs
laks:bunnsone,NOM,1m,4,0.09514967587879496,-0.012485686231035657,1.1864122331966445,0.23545954299852345,0.75,True,0.9969061973633782,False,NORDIC MINING,Oslo Børs
laks:bunnsone,NOD,1m,4,0.05603094777719052,0.021062281278571612,0.50083588847113,0.6164866258036061,0.25,False,0.9969061973633782,False,NORDIC SEMICONDUC,Oslo Børs
laks:bunnsone,NHY,1m,4,0.03152377638965952,0.009878425672910366,0.5929111407548229,0.553240621786196,0.75,True,0.9969061973633782,False,NORSK HYDRO,Oslo Børs
laks:bunnsone,NORTH,1m,4,0.0016294769380561756,-0.002539169269281899,0.07077001536864018,0.9435807962393036,0.5,False,0.9969061973633782,False,NORTH ENERGY,Euronext Expand Oslo
laks:bunnsone,NAS,1m,4,-0.08353609409582897,-0.01446546561089851,-0.7821249336721147,0.434141154736581,0.5,False,0.9969061973633782,False,NORWEGIAN AIR SHUT,Oslo Børs
laks:bunnsone,NRC,1m,4,0.04727688850986655,-0.0354126238176039,0.722805915328301,0.4697991326152387,0.75,True,0.9969061973633782,False,NRC GROUP,Oslo Børs
laks:bunnsone,ODL,1m,3,0.10212746103270241,0.012043183355000544,1.2164042557196433,0.22383096360198515,1.0,True,0.9969061973633782,False,ODFJELL DRILLING,Oslo Børs
laks:bunnsone,ODF,1m,4,-0.0247622092290486,0.010402364470726694,-0.8281296678437493,0.4075970694157485,0.5,False,0.9969061973633782,False,ODFJELL SER. A,Oslo Børs
laks:bunnsone,ODFB,1m,4,-0.02389030316460939,0.01130553458901216,-0.8571677676715576,0.391352173136212,0.5,False,0.9969061973633782,False,ODFJELL SER. B,Oslo Børs
laks:bunnsone,ORK,1m,4,-0.033988963308186355,0.01024224727667388,-1.273608848574818,0.20280207473843737,0.75,True,0.9969061973633782,False,ORKLA,Oslo Børs
laks:bunnsone,PEN,1m,4,-0.0045132822054888624,-0.0030257633698270686,-0.022201493781532983,0.9822872260199644,0.5,False,0.9986807999722572,False,PANORO ENERGY,Oslo Børs
laks:bunnsone,PSE,1m,4,0.004961204757575964,-0.024226198482645473,0.2976847413090221,0.7659437904142657,0.75,False,0.9969061973633782,False,PETROLIA,Oslo Børs
laks:bunnsone,PHO,1m,4,-0.03379682947026064,-0.002489132120425526,-0.5395708348092303,0.5894930344868426,0.75,True,0.9969061973633782,False,PHOTOCURE,Oslo Børs
laks:bunnsone,POL,1m,4,-0.0016954991916597953,-0.0007422467859783562,-0.009952419585445158,0.9920592491597872,0.75,False,0.9986807999722572,False,POLARIS MEDIA,Oslo Børs
laks:bunnsone,PRS,1m,4,0.04127250411128313,-0.03488831334384308,0.7249785207337486,0.4684652076778293,0.75,True,0.9969061973633782,False,PROSAFE,Oslo Børs
laks:bunnsone,PROT,1m,4,0.002201239268797832,0.024687310179235582,-0.49542201018072407,0.6203022612437361,0.25,False,0.9969061973633782,False,PROTECTOR FORSIKRG,Oslo Børs
laks:bunnsone,QEC,1m,4,0.05903526483969683,0.007569244982657722,0.4968818957940476,0.6192723390227355,0.75,True,0.9969061973633782,False,QUESTERRE ENERGY,Oslo Børs
laks:bunnsone,REACH,1m,4,-0.10394607796125294,-0.016084077281533785,-0.9322000453906961,0.35123315202770544,0.75,True,0.9969061973633782,False,REACH SUBSEA,Oslo Børs
laks:bunnsone,ROGS,1m,4,-0.045595029074808065,0.010612353050078863,-1.416534652991014,0.15661902574479483,1.0,True,0.9969061973633782,False,ROGALAND SPAREBANK,Oslo Børs
laks:bunnsone,ROM,1m,4,0.07496789906594774,-0.0028839472635457312,0.8501770309108444,0.3952266698155679,0.5,False,0.9969061973633782,False,ROMREAL,Euronext Expand Oslo
laks:bunnsone,SDSD,1m,4,0.0343229398524229,-0.009364887910456353,0.5003690712537708,0.6168152270513226,0.5,True,0.9969061973633782,False,S.D. STANDARD ETC,Oslo Børs
laks:bunnsone,SAGA,1m,4,0.09857134314818143,-0.0068983989790971844,1.5328063934518645,0.12532356488721053,0.5,False,0.9185018360434064,False,SAGA PURE,Oslo Børs
laks:bunnsone,SALM,1m,4,-0.0026041123822083748,0.017170179517767205,-0.4127751849185591,0.679771334018443,0.5,False,0.9969061973633782,False,SALMAR,Oslo Børs
laks:bunnsone,SCANA,1m,4,0.013702176328532406,-0.014981991828127511,0.31052373316271614,0.7561627144011396,0.25,False,0.9969061973633782,False,SCANA,Oslo Børs
laks:bunnsone,SCATC,1m,3,-0.03875854633854861,0.01020889190172591,-0.7807302472407601,0.4349611667288189,0.6666666666666666,False,0.9969061973633782,False,SCATEC,Oslo Børs
laks:bunnsone,SEA1,1m,4,-0.005844784139599116,0.00545430986103398,-0.11464830198960443,0.908723892647282,0.25,False,0.9969061973633782,False,Sea1 Offshore,Euronext Growth Oslo
laks:bunnsone,ENH,1m,4,-0.001604511891314532,-0.051557851426075954,0.37046492471015896,0.7110361063663158,0.5,False,0.9969061973633782,False,SED ENERGY HOLDING,Oslo Børs
laks:bunnsone,SBO,1m,3,0.05842012408740405,0.012300702378194923,1.134293513581681,0.25667144910378276,1.0,True,0.9969061973633782,False,SELVAAG BOLIG,Oslo Børs
laks:bunnsone,SKUE,1m,4,0.02581763207573428,0.010374827786861381,0.5029987378183328,0.6149651595635084,0.75,False,0.9969061973633782,False,SKUE SPAREBANK,Oslo Børs
laks:bunnsone,SOGN,1m,4,-0.06046457548423368,0.013405889496415814,-1.9855522067747882,0.04708306776418218,0.75,True,0.9185018360434064,False,SOGN SPAREBANK,Oslo Børs
laks:bunnsone,SOFF,1m,4,0.04008366665948659,-0.013790649367634038,0.36819931496620445,0.7127246210897189,0.5,False,0.9969061973633782,False,SOLSTAD OFFSHORE,Oslo Børs
laks:bunnsone,MING,1m,4,0.013612718677028061,0.011796868577139534,0.06532304684676872,0.9479167928004987,1.0,True,0.9969061973633782,False,SPAREBANK 1 SMN,Oslo Børs
laks:bunnsone,SB1NO,1m,4,0.028901542413909735,0.009247474192968038,0.6297426064536525,0.5288630017184054,0.75,True,0.9969061973633782,False,SPAREBANK 1 SØR-N,Oslo Børs
laks:bunnsone,MORG,1m,4,-0.019675309622911537,0.009361556271864814,-1.086598053191966,0.27721448581512237,0.5,False,0.9969061973633782,False,SPAREBANKEN MØRE,Oslo Børs
laks:bunnsone,SBNOR,1m,4,-0.016747939583126044,0.009284801151235617,-0.8940575349859896,0.37129110829453343,0.5,True,0.9969061973633782,False,SPAREBANKEN NORGE,Oslo Børs
laks:bunnsone,SPOG,1m,4,-0.01840009028821133,0.008339381840936265,-0.7960464914108838,0.4260050134480948,0.75,True,0.9969061973633782,False,SPAREBANKEN ØST,Oslo Børs
laks:bunnsone,HELG,1m,4,-0.02176825032056929,0.012746892487016832,-1.2390057241539771,0.2153433782290942,0.75,True,0.9969061973633782,False,SPBK1 HELGELAND,Oslo Børs
laks:bunnsone,NONG,1m,4,-0.01498290178896245,0.01274688964773595,-0.9813161770301131,0.326436847700527,0.75,True,0.9969061973633782,False,SPBK1 NORD-NORGE,Oslo Børs
laks:bunnsone,RING,1m,4,-0.037405737853983274,0.014900598948473877,-1.7973386853738345,0.07228186826885104,1.0,True,0.9185018360434064,False,SPBK1 RINGERIKE,Oslo Børs
laks:bunnsone,SOAG,1m,4,-0.001751731275100762,0.012583728827202368,-0.4984505386077924,0.6181665230116394,0.5,False,0.9969061973633782,False,SPBK1 ØSTFOLD AKE,Oslo Børs
laks:bunnsone,SNI,1m,4,-0.028073897037981473,0.004643229156516,-0.7547680267815945,0.4503881813691705,0.75,True,0.9969061973633782,False,STOLT-NIELSEN,Oslo Børs
laks:bunnsone,STB,1m,4,0.031555104391151494,0.0092014738482153,0.5350226281577147,0.5926342101918036,0.5,False,0.9969061973633782,False,STOREBRAND,Oslo Børs
laks:bunnsone,STRO,1m,4,0.026787582764130395,-0.0006836560813240796,0.31110297577491164,0.7557223389887057,0.75,True,0.9969061973633782,False,STRONGPOINT,Oslo Børs
laks:bunnsone,SUBC,1m,4,0.0193853995479396,0.004718023600630785,0.26383665830946884,0.7919057858364915,0.75,False,0.9969061973633782,False,SUBSEA 7,Oslo Børs
laks:bunnsone,TECH,1m,4,-0.011496416598327348,-0.02412561428212822,0.1313665742827556,0.8954853293357222,0.5,False,0.9969061973633782,False,TECHSTEP,Oslo Børs
laks:bunnsone,TEL,1m,4,-0.010362664890177016,0.008579024424954888,-0.5428646204667982,0.5872230169148152,0.75,False,0.9969061973633782,False,TELENOR,Oslo Børs
laks:bunnsone,TGS,1m,4,-0.029254704546862527,0.008441636672783893,-0.7726519116873246,0.4397284133383004,0.5,False,0.9969061973633782,False,TGS,Oslo Børs
laks:bunnsone,TRMED,1m,3,-0.13452293797571338,-0.01203135097554,-0.8499213158618387,0.3953688337106459,1.0,True,0.9969061973633782,False,THOR MEDICAL,Oslo Børs
laks:bunnsone,TOM,1m,4,-0.009330107638606096,0.007196602418054727,-0.32850137463337653,0.7425326050986887,0.5,False,0.9969061973633782,False,TOMRA SYSTEMS,Oslo Børs
laks:bunnsone,VEI,1m,4,0.026884191373284343,0.014116950200554326,0.3764491636817355,0.7065830020311753,0.75,True,0.9969061973633782,False,VEIDEKKE,Oslo Børs
laks:bunnsone,VOIM,1m,4,0.07476278267987037,-0.033459077154980664,0.9472906219520686,0.34349070824126815,0.75,True,0.9969061973633782,False,VOIM,Oslo Børs
laks:bunnsone,VVL,1m,4,-0.06288734327475387,0.009239557435207645,-2.079919791782706,0.03753289035392826,1.0,True,0.8116549380126422,False,VOSS VEKSEL OGLAND,Oslo Børs
laks:bunnsone,VOW,1m,3,0.13653987186213545,-0.0010585509658902086,1.2962619989958257,0.19488523597910695,1.0,True,0.9969061973633782,False,VOW,Oslo Børs
laks:bunnsone,WAWI,1m,4,0.0334160166378396,0.02051151042067346,0.22736712106447438,0.8201382843915568,0.75,True,0.9969061973633782,False,WALLENIUS WILHELMS,Oslo Børs
laks:bunnsone,WWI,1m,4,0.029160276573660264,0.01416455575548927,0.42682748768940276,0.6695049838895741,0.5,True,0.9969061973633782,False,WILH. WILHELMSEN A,Oslo Børs
laks:bunnsone,WWIB,1m,4,0.022763061396218635,0.013796521824767118,0.2548658295803159,0.7988267289378108,0.75,False,0.9969061973633782,False,WILH. WILHELMSEN B,Oslo Børs
laks:bunnsone,YAR,1m,4,0.016378718973218957,0.013009173088394232,0.08299203897058138,0.9338578697579472,0.5,False,0.9969061973633782,False,YARA INTERNATIONAL,Oslo Børs
laks:bunnsone,ZAL,1m,3,-0.1087047320467438,0.012604448509354577,-2.252821380997235,0.024270413515262896,1.0,True,0.8116549380126422,False,ZALARIS,Oslo Børs
laks:bunnsone,ABG,3m,4,0.10596749830015327,0.04241058054721982,1.0076515705104476,0.3136217621512392,0.75,True,0.9949167923620882,False,ABG SUNDAL COLLIER,Oslo Børs
laks:bunnsone,AFG,3m,4,0.04360598348762492,0.04779136947665406,-0.07124166506311175,0.9432054217143528,0.5,True,0.9949167923620882,False,AF GRUPPEN,Oslo Børs
laks:bunnsone,AKAST,3m,4,0.046509035112583384,0.020334057121714374,0.2799936938418476,0.7794823430565702,0.5,False,0.9949167923620882,False,AKASTOR,Oslo Børs
laks:bunnsone,AKER,3m,4,0.16841840884643466,0.03784793976677316,0.7019195665127513,0.4827293258342846,1.0,True,0.9949167923620882,False,AKER,Oslo Børs
laks:bunnsone,AKRBP,3m,4,0.12506078822979871,0.051881099218307074,0.6996831327317512,0.48412521249245843,0.25,False,0.9949167923620882,False,AKER BP,Oslo Børs
laks:bunnsone,AKSO,3m,4,0.1509054339350248,0.018071348592532014,1.2933986327355786,0.19587322277264652,0.5,False,0.9903733062802498,False,AKER SOLUTIONS,Oslo Børs
laks:bunnsone,AKVA,3m,4,0.08439490477541564,0.03450755907919104,0.6116931132884685,0.5407408191265649,0.75,True,0.9949167923620882,False,AKVA GROUP,Oslo Børs
laks:bunnsone,ALNG,3m,4,0.1687007898272522,-0.01685861816356915,1.5285177224339261,0.12638404676618234,0.75,True,0.9631667436365903,False,ALNG,Euronext Expand Oslo
laks:bunnsone,ABTEC,3m,4,0.14488328896149483,-0.07641530142104898,0.9824669550993028,0.3258698548490049,0.75,False,0.9949167923620882,False,AQUA BIO TECHNO,Euronext Expand Oslo
laks:bunnsone,AQUA,3m,3,0.07188090835032585,0.03308978344512718,0.4056507160353041,0.684999259008086,0.3333333333333333,False,0.9949167923620882,False,AQUALIS,Oslo Børs
laks:bunnsone,ARCH,3m,4,-0.14983186520829633,-0.07110059061097383,-0.5272296019131705,0.5980341543813448,0.5,True,0.9949167923620882,False,ARCHER,Oslo Børs
laks:bunnsone,AZT,3m,4,0.18116951442679347,6.689235760866197e-05,0.9988815004602973,0.31785209886619387,0.75,False,0.9949167923620882,False,ARCTICZYMES TECHNO,Oslo Børs
laks:bunnsone,AFK,3m,4,0.06174770532877629,0.0416516062229181,0.29164919219691166,0.7705548597447682,0.5,True,0.9949167923620882,False,ARENDALS FOSSEKOMP,Oslo Børs
laks:bunnsone,ARR,3m,4,0.09148772979893868,-0.11605851836826281,0.7471019484418663,0.45500202416338426,0.5,False,0.9949167923620882,False,ARRIBATEC GROUP,Oslo Børs
laks:bunnsone,ATEA,3m,4,0.012634389392668609,0.00104489474567433,0.12264626433643813,0.9023872173283521,0.5,False,0.9949167923620882,False,ATEA,Oslo Børs
laks:bunnsone,AURG,3m,4,0.005352447033298423,0.03514991110284339,-0.537079679476041,0.5912125765526597,0.5,False,0.9949167923620882,False,AURSKOG SPAREBANK,Oslo Børs
laks:bunnsone,AUSS,3m,4,0.0439878899878844,0.03311790690293285,0.14449511961588205,0.8851095099935004,0.5,True,0.9949167923620882,False,AUSTEVOLL SEAFOOD,Oslo Børs
laks:bunnsone,ACR,3m,4,0.12412309909903677,-0.04743890679712702,1.1407459712607095,0.25397565001359873,0.75,True,0.9949167923620882,False,AXACTOR,Oslo Børs
laks:bunnsone,BAKKA,3m,4,0.07124283985306683,0.05302535906629976,0.25031530650131456,0.8023435203062432,0.5,False,0.9949167923620882,False,BAKKAFROST,Oslo Børs
laks:bunnsone,BINT,3m,3,-0.18344767734390852,-0.003044877177250985,-0.9601032120160548,0.3370032720676048,0.3333333333333333,False,0.9949167923620882,False,BEVEST,Oslo Børs
laks:bunnsone,BNOR,3m,4,-0.21865012555641244,-0.0491713143708637,-0.7068172946890431,0.47968002551482675,0.75,True,0.9949167923620882,False,BLUENORD,Oslo Børs
laks:bunnsone,BONHR,3m,4,0.037278444668410037,0.032925045295714016,0.06869546223846523,0.9452320302819588,0.75,True,0.9949167923620882,False,BONHEUR,Oslo Børs
laks:bunnsone,BOR,3m,4,0.00951087474778791,-0.021883794368367907,0.284532972750427,0.7760019691540028,0.75,False,0.9949167923620882,False,BORGESTAD,Oslo Børs
laks:bunnsone,BRG,3m,3,0.10460569678942903,0.048081141808190446,0.8184452448685506,0.4131029955229554,1.0,True,0.9949167923620882,False,BORREGAARD,Oslo Børs
laks:bunnsone,BOUV,3m,4,0.036345999726536585,0.06352768182600395,-0.5015314473315631,0.6159971516123164,0.75,False,0.9949167923620882,False,BOUVET,Oslo Børs
laks:bunnsone,BWLPG,3m,3,0.1410991159458861,0.04408963348069333,0.7491957985961212,0.45373920109046906,0.6666666666666666,True,0.9949167923620882,False,BW LPG,Oslo Børs
laks:bunnsone,BWO,3m,4,-0.03444314297776184,-0.010632271599077285,-0.21163935628794459,0.8323884028730323,0.5,False,0.9949167923620882,False,BW OFFSHORE LTD,Oslo Børs
laks:bunnsone,BMA,3m,4,0.08329118715159244,0.04639148577504131,0.39167043853904476,0.695301735023173,1.0,True,0.9949167923620882,False,BYGGMA,Euronext Growth Oslo
laks:bunnsone,CONTX,3m,4,0.15370289302267826,-0.003912285387499502,1.4441050636010575,0.14870942395347145,0.5,True,0.9903733062802498,False,CONTEXTVISION,Oslo Børs
laks:bunnsone,DNB,3m,4,-0.0010228669399751991,0.033904072442109634,-0.6831395803525824,0.494518646951498,0.5,False,0.9949167923620882,False,DNB BANK,Oslo Børs
laks:bunnsone,DNO,3m,4,0.05295224955507652,0.03072288371998789,0.21991286625951537,0.8259390157660434,0.75,False,0.9949167923620882,False,DNO,Oslo Børs
laks:bunnsone,EAM,3m,3,-0.8199299135472594,-0.09773214514357531,-2.145981138329911,0.031874483559969434,1.0,True,0.7496056583792273,False,EAM SOLAR,Euronext Growth Oslo
laks:bunnsone,EIOF,3m,4,-0.1543792224813909,0.0006824705799062093,-1.9680336809352335,0.04906416251736267,0.75,True,0.8357574804557348,False,EIDESVIK OFFSHORE,Oslo Børs
laks:bunnsone,ENDUR,3m,4,0.09254415547625208,-0.014327968873928818,0.8784712187498499,0.3796880500922911,0.5,False,0.9949167923620882,False,ENDÚR,Oslo Børs
laks:bunnsone,ENSU,3m,4,-0.20864608902381443,-0.09002968900407149,-0.5250313216911205,0.5995614173251316,0.5,False,0.9949167923620882,False,ENSURGE MICROPOWER,Oslo Børs
laks:bunnsone,ENTRA,3m,3,-0.0018739071187401275,0.021143216317689957,-0.3872279164326591,0.6985874848246868,0.3333333333333333,False,0.9949167923620882,False,ENTRA,Oslo Børs
laks:bunnsone,EQNR,3m,4,-0.0048443196855787254,0.032855543828320205,-0.67041984704567,0.5025901861465558,0.75,False,0.9949167923620882,False,EQUINOR,Oslo Børs
laks:bunnsone,EQVA,3m,3,-0.22427437462264646,0.023861366807980438,-0.9802373062815491,0.3269689933914318,1.0,True,0.9949167923620882,False,EQVA,Oslo Børs
laks:bunnsone,FRO,3m,4,0.05203077355036403,0.017097675587619758,0.2520037581902474,0.8010381589166524,0.5,False,0.9949167923620882,False,FRONTLINE,Oslo Børs
laks:bunnsone,GJF,3m,4,0.057846999508445206,0.046676568041419626,0.22223647279722178,0.8241298027564847,0.75,True,0.9949167923620882,False,GJENSIDIGE FORSIKR,Oslo Børs
laks:bunnsone,GOD,3m,4,-0.002685892633440025,-0.017798098510425183,0.11322857411334959,0.9098493424691895,0.5,False,0.9949167923620882,False,GOODTECH,Oslo Børs
laks:bunnsone,GSF,3m,4,0.03728397044336252,0.032359576272539825,0.04193363293786191,0.9665516047622148,0.75,False,0.9949167923620882,False,GRIEG SEAFOOD,Oslo Børs
laks:bunnsone,GYL,3m,4,-0.0951076720579802,0.007635476942160945,-1.3334818425046624,0.1823737302740209,0.5,True,0.9903733062802498,False,GYLDENDAL,Oslo Børs
laks:bunnsone,HAVI,3m,4,-0.14136216199628932,-0.05894297218195334,-0.421572391419014,0.6733371615958281,0.75,True,0.9949167923620882,False,HAVILA SHIPPING,Oslo Børs
laks:bunnsone,HEX,3m,4,0.09028725965617997,0.03181312626456878,0.5046266592893697,0.6138210816723663,0.5,False,0.9949167923620882,False,HEXAGON COMPOSITES,Oslo Børs
laks:bunnsone,HBC,3m,3,0.015932605393378024,-0.015510994035259852,0.2288855493701738,0.8189578723864925,0.3333333333333333,False,0.9949167923620882,False,HOFSETH BIOCARE,Oslo Børs
laks:bunnsone,HUNT,3m,4,-0.22056466511725842,0.01252584274191282,-1.1492742548837553,0.25044291050335854,0.75,False,0.9949167923620882,False,HUNTER GROUP,Euronext Expand Oslo
laks:bunnsone,HSPG,3m,4,0.013417324562271425,0.054196768900587486,-0.19024477066184742,0.8491173297785786,0.25,False,0.9949167923620882,False,HØLAND OG SETSKOG,Oslo Børs
laks:bunnsone,IDEX,3m,4,0.11773921036106604,-0.04687563388061894,0.8503913345327473,0.3951075522615315,0.5,False,0.9949167923620882,False,IDEX BIOMETRICS,Oslo Børs
laks:bunnsone,IOX,3m,4,0.11926098469533332,-0.07143085885050625,0.7896500030930012,0.42973219742320556,0.5,True,0.9949167923620882,False,INTEROIL EXPL PROD,Oslo Børs
laks:bunnsone,ITERA,3m,4,0.04330294368675304,0.005013136905013096,0.501110205286244,0.6162935649686757,0.5,False,0.9949167923620882,False,ITERA,Oslo Børs
laks:bunnsone,JIN,3m,4,-0.029321220882189893,0.016664171945177237,-0.35991471268084263,0.7189109142093513,0.5,False,0.9949167923620882,False,JINHUI SHIPP TRANS,Oslo Børs
laks:bunnsone,JAREN,3m,4,-0.002800350277962195,0.03865511724725987,-0.723853675538802,0.4691555723589673,0.5,False,0.9949167923620882,False,JÆREN SPAREBANK,Oslo Børs
laks:bunnsone,KIT,3m,4,0.1215413460807545,0.02634372183553856,0.8905411595234265,0.3731753778475533,1.0,True,0.9949167923620882,False,KITRON,Oslo Børs
laks:bunnsone,KOA,3m,4,-0.2697699761650435,-0.03820538428162722,-1.625247035880664,0.10410993184500938,0.75,True,0.9565068590570871,False,KONGSBERG AUTOMOT,Oslo Børs
laks:bunnsone,KOG,3m,4,-0.06902265282074524,0.05019726842575765,-1.7109122230476699,0.0870973178654586,0.5,True,0.8939907182738175,False,KONGSBERG GRUPPEN,Oslo Børs
laks:bunnsone,LSG,3m,4,0.0726329118849279,0.0393131841458827,0.47158705464868306,0.6372215685961928,0.75,False,0.9949167923620882,False,LERØY SEAFOOD GP,Oslo Børs
laks:bunnsone,MGN,3m,4,-0.14408494997700344,-0.018333756751770697,-0.793181583160674,0.4276720359672538,0.75,False,0.9949167923620882,False,MAGNORA,Oslo Børs
laks:bunnsone,MEDI,3m,4,0.16999174742426015,0.04313864177343193,1.6272006331785533,0.1036944933200002,1.0,True,0.9565068590570871,False,MEDISTIM,Oslo Børs
laks:bunnsone,MELG,3m,4,0.04492890060474266,0.024656001761502292,0.4162020661231776,0.6772621479889422,0.75,True,0.9949167923620882,False,MELHUS SPAREBANK,Oslo Børs
laks:bunnsone,MOWI,3m,4,0.09230913492906646,-0.014118091366767541,0.6468561307842134,0.5177250603437171,0.75,True,0.9949167923620882,False,MOWI,Oslo Børs
laks:bunnsone,NAPA,3m,3,0.1600995957458056,0.03547687099400788,0.5906767473330008,0.5547370308307487,0.6666666666666666,False,0.9949167923620882,False,NAPATECH,Oslo Børs
laks:bunnsone,NAVA,3m,4,-0.06466976222358388,0.010583810097952034,-0.6924059320027575,0.4886824416015519,0.5,False,0.9949167923620882,False,NAVAMEDIC,Oslo Børs
laks:bunnsone,NKR,3m,4,0.017136888705578827,0.011900903436259557,0.04694992528668858,0.962553137313086,0.5,False,0.9949167923620882,False,NEKKAR,Oslo Børs
laks:bunnsone,NEL,3m,4,0.3697962845976366,-0.04924127045347408,1.8779822356150044,0.06038359530012696,0.75,True,0.8357574804557348,False,NEL,Oslo Børs
laks:bunnsone,NEXT,3m,3,-0.10977738371374936,-0.17222367315146778,0.19854955363493093,0.8426151181827038,0.6666666666666666,False,0.9949167923620882,False,NEXT BIOMETRICS GP,Oslo Børs
laks:bunnsone,NOM,3m,4,-0.04512025582240451,-0.02681197754930373,-0.11948488833089066,0.9048912116305547,0.75,False,0.9949167923620882,False,NORDIC MINING,Oslo Børs
laks:bunnsone,NOD,3m,4,0.18059685505062084,0.043157348751906396,1.1376423677788365,0.2552698476778364,0.75,True,0.9949167923620882,False,NORDIC SEMICONDUC,Oslo Børs
laks:bunnsone,NHY,3m,4,0.045093743578224287,0.030264867185557414,0.2519619293943154,0.8010704905454469,0.5,True,0.9949167923620882,False,NORSK HYDRO,Oslo Børs
laks:bunnsone,NORTH,3m,4,-0.09202481041675262,-0.015455596429425025,-0.8559559901800706,0.3920221231254967,0.5,False,0.9949167923620882,False,NORTH ENERGY,Euronext Expand Oslo
laks:bunnsone,NAS,3m,4,-0.23628057683334808,-0.043270454354254535,-1.063328686112747,0.2876329205860825,0.5,False,0.9949167923620882,False,NORWEGIAN AIR SHUT,Oslo Børs
laks:bunnsone,NRC,3m,4,0.18266943593739182,-0.10052011521707588,1.376914476453047,0.16853869092702964,0.75,True,0.9903733062802498,False,NRC GROUP,Oslo Børs
laks:bunnsone,ODL,3m,3,0.11514696037517513,0.030567770870448263,0.5596670652789221,0.5757065508341033,0.6666666666666666,True,0.9949167923620882,False,ODFJELL DRILLING,Oslo Børs
laks:bunnsone,ODF,3m,4,0.008380511082940488,0.02634311634003377,-0.23692720589280325,0.8127132635473913,0.5,False,0.9949167923620882,False,ODFJELL SER. A,Oslo Børs
laks:bunnsone,ODFB,3m,4,-0.011196128498863402,0.02545877665198582,-0.4502209857927924,0.652551105826434,0.5,False,0.9949167923620882,False,ODFJELL SER. B,Oslo Børs
laks:bunnsone,ORK,3m,4,0.03956025890143602,0.031344554823919527,0.14165036547806503,0.8873561820988543,0.5,False,0.9949167923620882,False,ORKLA,Oslo Børs
laks:bunnsone,PEN,3m,4,-0.03182917439091984,0.0010436375503754293,-0.2703598402577009,0.7868834328352933,0.5,False,0.9949167923620882,False,PANORO ENERGY,Oslo Børs
laks:bunnsone,PSE,3m,4,0.37682126316633463,-0.07340569087161976,2.752628662375087,0.005911891095107992,0.5,True,0.46186649180531186,False,PETROLIA,Oslo Børs
laks:bunnsone,PHO,3m,4,0.035553202344977074,-0.006235195879226414,0.3904970491954809,0.6961690368692133,0.5,False,0.9949167923620882,False,PHOTOCURE,Oslo Børs
laks:bunnsone,POL,3m,4,-0.0009888322340936076,-0.00727823962473262,0.04039342332610118,0.9677794733973427,0.5,False,0.9949167923620882,False,POLARIS MEDIA,Oslo Børs
laks:bunnsone,PRS,3m,4,-0.24094344575097038,-0.10946387247967819,-0.5925056401994396,0.5535120449974845,0.75,True,0.9949167923620882,False,PROSAFE,Oslo Børs
laks:bunnsone,PROT,3m,4,0.03293946307833686,0.07040275200800573,-0.4980682884583266,0.6184359109947926,0.5,True,0.9949167923620882,False,PROTECTOR FORSIKRG,Oslo Børs
laks:bunnsone,QEC,3m,4,-0.041450604727412396,0.008153560854213638,-0.2623981436544441,0.7930145037062485,0.75,True,0.9949167923620882,False,QUESTERRE ENERGY,Oslo Børs
laks:bunnsone,REACH,3m,4,-0.15178142267256772,-0.03928046256256024,-0.7664264982195986,0.44342257097838755,0.75,True,0.9949167923620882,False,REACH SUBSEA,Oslo Børs
laks:bunnsone,ROGS,3m,4,-0.02356713855021251,0.0316404937993291,-0.8127674080398202,0.41635142511775597,0.75,True,0.9949167923620882,False,ROGALAND SPAREBANK,Oslo Børs
laks:bunnsone,ROM,3m,4,0.022596538117916336,-0.02359920839818243,0.34292196373473555,0.7316571678724979,0.5,False,0.9949167923620882,False,ROMREAL,Euronext Expand Oslo
laks:bunnsone,SDSD,3m,4,0.025298747421395838,-0.017522763490231838,0.30402601865270773,0.7611080688009457,0.75,False,0.9949167923620882,False,S.D. STANDARD ETC,Oslo Børs
laks:bunnsone,SAGA,3m,4,0.1419666153432436,-0.014784760080321063,1.3466823474365301,0.17808255996086322,0.75,True,0.9903733062802498,False,SAGA PURE,Oslo Børs
laks:bunnsone,SALM,3m,4,0.05678628767464447,0.05933157527058041,-0.03140842876686371,0.9749438192849945,0.5,False,0.9949167923620882,False,SALMAR,Oslo Børs
laks:bunnsone,SCANA,3m,4,-0.0932881450517697,-0.03988816630169507,-0.3423297602667157,0.7321027415726264,0.5,False,0.9949167923620882,False,SCANA,Oslo Børs
laks:bunnsone,SCATC,3m,3,0.038534862684800414,0.043179270588955564,-0.04237901858036139,0.9661965540678042,0.6666666666666666,False,0.9949167923620882,False,SCATEC,Oslo Børs
laks:bunnsone,SEA1,3m,4,-0.05807557290937035,0.012325244798468863,-0.3619243581918293,0.7174085569372701,0.75,False,0.9949167923620882,False,Sea1 Offshore,Euronext Growth Oslo
laks:bunnsone,ENH,3m,4,-0.16662444344345206,-0.1715786441685893,0.02014083063942651,0.9839310286029672,0.75,True,0.9949167923620882,False,SED ENERGY HOLDING,Oslo Børs
laks:bunnsone,SBO,3m,3,0.08470130913405094,0.033318697463418645,0.7117535506964676,0.4766174005249848,1.0,True,0.9949167923620882,False,SELVAAG BOLIG,Oslo Børs
laks:bunnsone,SKUE,3m,4,0.02373971547226352,0.03051064721110157,-0.12223911928656908,0.9027096460339874,0.5,False,0.9949167923620882,False,SKUE SPAREBANK,Oslo Børs
laks:bunnsone,SOGN,3m,4,-0.07827554520676125,0.03923882482127669,-1.8602584960335629,0.06284896253027127,0.75,True,0.8357574804557348,False,SOGN SPAREBANK,Oslo Børs
laks:bunnsone,SOFF,3m,4,-0.02839288760170286,-0.04868531249656249,0.07699331316842868,0.9386288644970078,0.75,False,0.9949167923620882,False,SOLSTAD OFFSHORE,Oslo Børs
laks:bunnsone,MING,3m,4,-0.025961605975797976,0.03902235505392829,-1.2998302548390988,0.19365915356890429,0.75,True,0.9903733062802498,False,SPAREBANK 1 SMN,Oslo Børs
laks:bunnsone,SB1NO,3m,4,-0.014175120083559568,0.027570148481819892,-0.7771068450179779,0.43709573584345623,0.75,False,0.9949167923620882,False,SPAREBANK 1 SØR-N,Oslo Børs
laks:bunnsone,MORG,3m,4,-0.006641262658987436,0.02945661469864737,-0.7373151900189924,0.46093069689622146,0.75,False,0.9949167923620882,False,SPAREBANKEN MØRE,Oslo Børs
laks:bunnsone,SBNOR,3m,4,-0.012809229950191604,0.02904742235522653,-0.8799797619129128,0.3788702731883518,0.25,False,0.9949167923620882,False,SPAREBANKEN NORGE,Oslo Børs
laks:bunnsone,SPOG,3m,4,-0.007423689791616429,0.027181428689650292,-0.5648204144980065,0.5721959201051521,0.5,False,0.9949167923620882,False,SPAREBANKEN ØST,Oslo Børs
laks:bunnsone,HELG,3m,4,-0.004028085486813861,0.038681980613786596,-0.970535463060537,0.33177965703963413,0.5,False,0.9949167923620882,False,SPBK1 HELGELAND,Oslo Børs
laks:bunnsone,NONG,3m,4,-0.04171498453425624,0.03282011986805221,-1.5302597415363868,0.12595244902789243,0.75,True,0.9631667436365903,False,SPBK1 NORD-NORGE,Oslo Børs
laks:bunnsone,RING,3m,4,0.016428816646218224,0.03999611792204619,-0.4562077492606201,0.6482405934720331,0.25,False,0.9949167923620882,False,SPBK1 RINGERIKE,Oslo Børs
laks:bunnsone,SOAG,3m,4,0.01611345632250929,0.037522704298077955,-0.42247973412765527,0.6726748899269946,0.75,False,0.9949167923620882,False,SPBK1 ØSTFOLD AKE,Oslo Børs
laks:bunnsone,SNI,3m,4,0.06194263713670691,0.011262933109503366,0.6819761460267522,0.495254034424697,0.5,True,0.9949167923620882,False,STOLT-NIELSEN,Oslo Børs
laks:bunnsone,STB,3m,4,0.04039899703182351,0.024542647926920003,0.23402195430869072,0.814967934778056,0.75,False,0.9949167923620882,False,STOREBRAND,Oslo Børs
laks:bunnsone,STRO,3m,4,0.16674003831342843,-0.01187962067291132,1.2946203466490736,0.19545122990669136,0.5,True,0.9903733062802498,False,STRONGPOINT,Oslo Børs
laks:bunnsone,SUBC,3m,4,0.013111547531109012,0.014673233511419902,-0.016347130287192323,0.9869574580231913,0.5,False,0.9949167923620882,False,SUBSEA 7,Oslo Børs
laks:bunnsone,TECH,3m,4,-0.1900305174610138,-0.07617933407466992,-0.6894628107549546,0.4905320685570377,0.5,True,0.9949167923620882,False,TECHSTEP,Oslo Børs
laks:bunnsone,TEL,3m,4,0.026467451103349048,0.028401302243132896,-0.03375083317951736,0.9730758430241434,0.75,True,0.9949167923620882,False,TELENOR,Oslo Børs
laks:bunnsone,TGS,3m,4,-0.06055699032283155,0.02031050783217229,-0.9796420193961869,0.32726285567224533,0.75,True,0.9949167923620882,False,TGS,Oslo Børs
laks:bunnsone,TRMED,3m,3,0.0626385035851855,-0.04603455627418703,0.41799546393696757,0.6759504337156952,0.6666666666666666,False,0.9949167923620882,False,THOR MEDICAL,Oslo Børs
laks:bunnsone,TOM,3m,4,0.04917639888536797,0.017520369708615906,0.3626231339101793,0.7168864265576104,0.75,True,0.9949167923620882,False,TOMRA SYSTEMS,Oslo Børs
laks:bunnsone,VEI,3m,4,0.08755341708474552,0.04394104234553272,0.7405268789598389,0.4589803577995289,1.0,True,0.9949167923620882,False,VEIDEKKE,Oslo Børs
laks:bunnsone,VOIM,3m,4,-0.09246258265081034,-0.10720243387479068,0.07535371155285314,0.9399332872773294,0.5,True,0.9949167923620882,False,VOIM,Oslo Børs
laks:bunnsone,VVL,3m,4,-0.001969207755448045,0.034185751916469304,-0.6523809918103687,0.5141554234931103,0.25,False,0.9949167923620882,False,VOSS VEKSEL OGLAND,Oslo Børs
laks:bunnsone,VOW,3m,3,-0.018010702561664232,-0.004538996706743621,-0.07274204922042116,0.9420113867230523,0.3333333333333333,False,0.9949167923620882,False,VOW,Oslo Børs
laks:bunnsone,WAWI,3m,4,0.06338260679382926,0.06546423440946784,-0.02366763849671603,0.98111771950988,0.5,True,0.9949167923620882,False,WALLENIUS WILHELMS,Oslo Børs
laks:bunnsone,WWI,3m,4,0.06655606180178578,0.04125496812236809,0.4341950210838581,0.664146828334182,1.0,True,0.9949167923620882,False,WILH. WILHELMSEN A,Oslo Børs
laks:bunnsone,WWIB,3m,4,0.04677088534882647,0.042098080763839134,0.088280180558508,0.9296539910686259,0.75,True,0.9949167923620882,False,WILH. WILHELMSEN B,Oslo Børs
laks:bunnsone,YAR,3m,4,0.051448360196854746,0.03702731812673338,0.19337819466293352,0.8466627912596644,0.75,True,0.9949167923620882,False,YARA INTERNATIONAL,Oslo Børs
laks:bunnsone,ZAL,3m,3,-0.07305107897464849,0.04313729829327704,-1.1814633979163538,0.23741868560862703,0.6666666666666666,True,0.9949167923620882,False,ZALARIS,Oslo Børs
laks:bunnsone,ABG,6m,4,0.2366923947269594,0.09244042540979046,1.5464491387937043,0.12199613450281886,1.0,True,0.9994189914539522,False,ABG SUNDAL COLLIER,Oslo Børs
laks:bunnsone,AFG,6m,4,0.14426126808845452,0.09515127462152376,0.5721274818322308,0.56723561211048,0.75,True,0.9994189914539522,False,AF GRUPPEN,Oslo Børs
laks:bunnsone,AKAST,6m,4,0.190040439469046,0.034228973008956214,1.2351976331141175,0.2167569599490436,0.75,True,0.9994189914539522,False,AKASTOR,Oslo Børs
laks:bunnsone,AKER,6m,4,0.2560714557835202,0.06206813096591269,0.7578624650937983,0.4485333226920452,1.0,True,0.9994189914539522,False,AKER,Oslo Børs
laks:bunnsone,AKRBP,6m,4,0.1553698359055371,0.08913004380435581,0.4511091662870061,0.6519108715941323,0.75,True,0.9994189914539522,False,AKER BP,Oslo Børs
laks:bunnsone,AKSO,6m,4,0.2276605020734242,0.03994119937114203,1.314489153849286,0.18868164569955315,0.5,True,0.9994189914539522,False,AKER SOLUTIONS,Oslo Børs
laks:bunnsone,AKVA,6m,4,0.1831011079635501,0.06115340015960408,1.1066963011270639,0.2684252551332228,0.75,True,0.9994189914539522,False,AKVA GROUP,Oslo Børs
laks:bunnsone,ALNG,6m,4,0.1323233238355615,-0.038730624197056925,0.9344958978249263,0.35004815104178355,0.75,True,0.9994189914539522,False,ALNG,Euronext Expand Oslo
laks:bunnsone,ABTEC,6m,4,0.1399650159797518,-0.16555852247547365,0.9562048384365228,0.33896875594432985,0.75,False,0.9994189914539522,False,AQUA BIO TECHNO,Euronext Expand Oslo
laks:bunnsone,AQUA,6m,3,0.01300737775869909,0.06699196593877045,-0.35047642906679066,0.7259811766548523,0.3333333333333333,False,0.9994189914539522,False,AQUALIS,Oslo Børs
laks:bunnsone,ARCH,6m,4,-0.29276466952316,-0.1388140382869471,-0.747560854795954,0.4547250836585272,0.5,True,0.9994189914539522,False,ARCHER,Oslo Børs
laks:bunnsone,AZT,6m,4,0.2580888485992545,0.012567843473875278,0.9295203502166545,0.352619483875468,0.5,True,0.9994189914539522,False,ARCTICZYMES TECHNO,Oslo Børs
laks:bunnsone,AFK,6m,4,0.16808388368812632,0.07969230349629552,0.86133802576216,0.3890518982912634,0.75,True,0.9994189914539522,False,ARENDALS FOSSEKOMP,Oslo Børs
laks:bunnsone,ARR,6m,4,0.3687882945075715,-0.18889482534489205,1.3064672909653854,0.19139369530159014,0.75,True,0.9994189914539522,False,ARRIBATEC GROUP,Oslo Børs
laks:bunnsone,ATEA,6m,4,0.16522213936428384,0.005302113485618849,1.1485117406171785,0.25075736906674984,1.0,True,0.9994189914539522,False,ATEA,Oslo Børs
laks:bunnsone,AURG,6m,4,0.02517137065830497,0.07454794402479388,-0.5799089676621535,0.5619760079748144,0.5,False,0.9994189914539522,False,AURSKOG SPAREBANK,Oslo Børs
laks:bunnsone,AUSS,6m,4,0.024133454610390723,0.060927842890424626,-0.3409144955825122,0.7331679519361282,0.5,False,0.9994189914539522,False,AUSTEVOLL SEAFOOD,Oslo Børs
laks:bunnsone,ACR,6m,4,0.1735629014356756,-0.09188630119901842,1.2088646595728734,0.22671484535321765,0.75,True,0.9994189914539522,False,AXACTOR,Oslo Børs
laks:bunnsone,BAKKA,6m,4,0.09951063780352253,0.10375017875134886,-0.04124318383452822,0.9671020272208161,0.5,False,0.9999935018945343,False,BAKKAFROST,Oslo Børs
laks:bunnsone,BINT,6m,3,-0.0443164049542016,-0.017922036802976722,-0.10101660736439237,0.9195372768420723,0.3333333333333333,False,0.9994189914539522,False,BEVEST,Oslo Børs
laks:bunnsone,BNOR,6m,4,-0.3380775945764311,-0.13442183067643726,-0.5354207174097255,0.592358967354002,0.75,True,0.9994189914539522,False,BLUENORD,Oslo Børs
laks:bunnsone,BONHR,6m,4,0.046993737915107955,0.05964970137383075,-0.14072486165462025,0.8880873037800859,1.0,True,0.9994189914539522,False,BONHEUR,Oslo Børs
laks:bunnsone,BOR,6m,4,-0.057918977670271016,-0.05234566419086697,-0.03216720826781242,0.9743387066505783,0.25,False,0.9999935018945343,False,BORGESTAD,Oslo Børs
laks:bunnsone,BRG,6m,3,0.11506208965787364,0.09770888894454695,0.1784129608153222,0.85839867134184,1.0,True,0.9994189914539522,False,BORREGAARD,Oslo Børs
laks:bunnsone,BOUV,6m,4,0.1217980978678449,0.12034772109430614,0.016281327339935425,0.9870099541923543,0.75,True,0.9999935018945343,False,BOUVET,Oslo Børs
laks:bunnsone,BWLPG,6m,3,0.18741978512423496,0.08647015547257247,0.5451211019173263,0.5856702303489834,1.0,True,0.9994189914539522,False,BW LPG,Oslo Børs
laks:bunnsone,BWO,6m,4,-0.20776700394211428,-0.02563987960654032,-1.1611586876372582,0.24557737179951575,0.75,True,0.9994189914539522,False,BW OFFSHORE LTD,Oslo Børs
laks:bunnsone,BMA,6m,4,0.03859726043632361,0.08418125160396428,-0.3567915874938612,0.7212478345434856,0.5,False,0.9994189914539522,False,BYGGMA,Euronext Growth Oslo
laks:bunnsone,CONTX,6m,4,0.04442798716929536,0.010191527756639535,0.22899943827195388,0.8188693527205355,0.5,False,0.9994189914539522,False,CONTEXTVISION,Oslo Børs
laks:bunnsone,DNB,6m,4,0.01616828567316129,0.06878098667261148,-0.7533354104607929,0.4512483851020041,0.75,True,0.9994189914539522,False,DNB BANK,Oslo Børs
laks:bunnsone,DNO,6m,4,0.07326271235518964,0.06540874007206272,0.05453870903996463,0.9565059691130067,0.5,False,0.9999935018945343,False,DNO,Oslo Børs
laks:bunnsone,EAM,6m,3,-1.2022187101184578,-0.1999304097824969,-2.344810542061025,0.01903675015050783,1.0,True,0.9994189914539522,False,EAM SOLAR,Euronext Growth Oslo
laks:bunnsone,EIOF,6m,4,-0.1759443752637651,0.0005678571116025379,-1.4725577360904922,0.14087032806221592,0.75,True,0.9994189914539522,False,EIDESVIK OFFSHORE,Oslo Børs
laks:bunnsone,ENDUR,6m,4,0.17529839247217072,-0.032828337145330226,1.19129681402286,0.2335370841968425,0.5,True,0.9994189914539522,False,ENDÚR,Oslo Børs
laks:bunnsone,ENSU,6m,4,-0.2670260589142143,-0.19470296433548023,-0.21846887354937122,0.8270638078878951,0.75,True,0.9994189914539522,False,ENSURGE MICROPOWER,Oslo Børs
laks:bunnsone,ENTRA,6m,3,0.021259753886558274,0.04133754909613331,-0.2578698408201513,0.7965073613939239,0.3333333333333333,False,0.9994189914539522,False,ENTRA,Oslo Børs
laks:bunnsone,EQNR,6m,4,-0.024104861913797144,0.057985214341551246,-1.043704150964403,0.29662228876219005,0.5,False,0.9994189914539522,False,EQUINOR,Oslo Børs
laks:bunnsone,EQVA,6m,3,-0.0876626018332829,0.013994686226393075,-0.3164904697326344,0.7516302577565415,0.6666666666666666,False,0.9994189914539522,False,EQVA,Oslo Børs
laks:bunnsone,FRO,6m,4,0.1869262148105781,0.01687731020496296,0.8702093069058583,0.3841860307293399,0.75,True,0.9994189914539522,False,FRONTLINE,Oslo Børs
laks:bunnsone,GJF,6m,4,0.09681673062642636,0.08963357158921084,0.10646879372124857,0.9152104136531012,1.0,True,0.9994189914539522,False,GJENSIDIGE FORSIKR,Oslo Børs
laks:bunnsone,GOD,6m,4,0.15040811435630058,-0.05116774516440239,0.993620107997094,0.3204078509163255,1.0,True,0.9994189914539522,False,GOODTECH,Oslo Børs
laks:bunnsone,GSF,6m,4,0.08217670048610015,0.07515821440936715,0.042408716951972736,0.9661728794796358,0.75,False,0.9999935018945343,False,GRIEG SEAFOOD,Oslo Børs
laks:bunnsone,GYL,6m,4,-0.1638341328228663,0.016795901321776982,-1.7137212594955993,0.08657993053952129,0.5,True,0.9994189914539522,False,GYLDENDAL,Oslo Børs
laks:bunnsone,HAVI,6m,4,-0.4095048501103309,-0.13160628333378577,-1.1050540299683134,0.26913617814846985,0.75,True,0.9994189914539522,False,HAVILA SHIPPING,Oslo Børs
laks:bunnsone,HEX,6m,4,-0.14840191316724133,0.047225704053731166,-1.1133548682003587,0.2655560501439739,0.5,False,0.9994189914539522,False,HEXAGON COMPOSITES,Oslo Børs
laks:bunnsone,HBC,6m,3,-0.04497593927480118,-0.021119000111023772,-0.11466975301149492,0.9087068893448506,0.6666666666666666,False,0.9994189914539522,False,HOFSETH BIOCARE,Oslo Børs
laks:bunnsone,HUNT,6m,4,-0.13369658271624046,0.013908846948653434,-0.5309745439882817,0.5954364194777969,0.75,False,0.9994189914539522,False,HUNTER GROUP,Euronext Expand Oslo
laks:bunnsone,HSPG,6m,4,0.005433129037323389,0.09640901365311519,-0.3551028677094992,0.7225125283554328,0.5,False,0.9994189914539522,False,HØLAND OG SETSKOG,Oslo Børs
laks:bunnsone,IDEX,6m,4,0.1421769273993205,-0.08344969256370635,0.7290281569237086,0.46598443904362247,0.5,False,0.9994189914539522,False,IDEX BIOMETRICS,Oslo Børs
laks:bunnsone,IOX,6m,4,-0.12309444100892818,-0.1467755340411317,0.08038421143447541,0.9359316837165832,0.75,True,0.9998456996038482,False,INTEROIL EXPL PROD,Oslo Børs
laks:bunnsone,ITERA,6m,4,0.05252983360204701,0.011390875316077438,0.3613073913995093,0.7178696688684616,0.5,False,0.9994189914539522,False,ITERA,Oslo Børs
laks:bunnsone,JIN,6m,4,-0.09725121777935504,0.018461210196709196,-0.577627947110687,0.5635153344895252,0.75,True,0.9994189914539522,False,JINHUI SHIPP TRANS,Oslo Børs
laks:bunnsone,JAREN,6m,4,-0.01929383512616214,0.07543346070144893,-1.214022210818777,0.22473924274603155,0.5,False,0.9994189914539522,False,JÆREN SPAREBANK,Oslo Børs
laks:bunnsone,KIT,6m,4,0.2705955629814474,0.05398708162334799,1.4459453874568737,0.14819252020014081,1.0,True,0.9994189914539522,False,KITRON,Oslo Børs
laks:bunnsone,KOA,6m,4,-0.11127982892284345,-0.08307254551526982,-0.13600412729621347,0.8918180181739238,0.5,False,0.9994189914539522,False,KONGSBERG AUTOMOT,Oslo Børs
laks:bunnsone,KOG,6m,4,-0.07456572278370334,0.10136312960207364,-1.7681941999567805,0.07702844350549368,0.5,False,0.9994189914539522,False,KONGSBERG GRUPPEN,Oslo Børs
laks:bunnsone,LSG,6m,4,0.05340244431202805,0.07365350419789603,-0.21262292961278123,0.8316210851260867,0.75,False,0.9994189914539522,False,LERØY SEAFOOD GP,Oslo Børs
laks:bunnsone,MGN,6m,4,-0.0013703723257234013,-0.05608365417984906,0.2175032230681667,0.827816195475153,0.5,False,0.9994189914539522,False,MAGNORA,Oslo Børs
laks:bunnsone,MEDI,6m,4,0.1277069020756484,0.08791856249588648,0.3522502768089545,0.7246505746403173,0.75,True,0.9994189914539522,False,MEDISTIM,Oslo Børs
laks:bunnsone,MELG,6m,4,0.09225332849940536,0.04900788239198767,0.5685667176081465,0.5696502167789448,1.0,True,0.9994189914539522,False,MELHUS SPAREBANK,Oslo Børs
laks:bunnsone,MOWI,6m,4,0.14274581711818488,-0.04658079822614188,0.7053297512711952,0.48060504982335495,0.75,True,0.9994189914539522,False,MOWI,Oslo Børs
laks:bunnsone,NAPA,6m,3,0.5442686372554821,0.05916507168630631,1.4544400186864557,0.14582435170465413,1.0,True,0.9994189914539522,False,NAPATECH,Oslo Børs
laks:bunnsone,NAVA,6m,4,-0.13195418360066977,0.03580044062560822,-1.0465454241225154,0.2953092842728561,0.75,True,0.9994189914539522,False,NAVAMEDIC,Oslo Børs
laks:bunnsone,NKR,6m,4,0.2025964472539336,0.026264725771204867,1.033451847134913,0.301392493881353,0.75,True,0.9994189914539522,False,NEKKAR,Oslo Børs
laks:bunnsone,NEL,6m,4,0.1934146981317369,-0.09009831013392418,1.0492373775376933,0.29406887970634144,0.5,True,0.9994189914539522,False,NEL,Oslo Børs
laks:bunnsone,NEXT,6m,3,-0.04426685021779886,-0.2786423641260072,0.46718072475880534,0.6403705830028321,0.6666666666666666,False,0.9994189914539522,False,NEXT BIOMETRICS GP,Oslo Børs
laks:bunnsone,NOM,6m,4,-0.23362105339859887,-0.0434517112199551,-0.9840261854653117,0.3251026380971514,1.0,True,0.9994189914539522,False,NORDIC MINING,Oslo Børs
laks:bunnsone,NOD,6m,4,0.220917371313475,0.08798445922817558,0.7552494110718254,0.45009934640935423,0.75,True,0.9994189914539522,False,NORDIC SEMICONDUC,Oslo Børs
laks:bunnsone,NHY,6m,4,0.10786874296235292,0.06635206695564479,0.5002579266402811,0.616893475110476,0.75,True,0.9994189914539522,False,NORSK HYDRO,Oslo Børs
laks:bunnsone,NORTH,6m,4,-0.029567325145459775,-0.028720340611633675,-0.006388335049173828,0.9949028807646586,0.75,False,0.9999935018945343,False,NORTH ENERGY,Euronext Expand Oslo
laks:bunnsone,NAS,6m,4,-0.2896547467384643,-0.07879076832582817,-0.7213930822018482,0.47066770162531074,0.25,False,0.9994189914539522,False,NORWEGIAN AIR SHUT,Oslo Børs
laks:bunnsone,NRC,6m,4,0.03386234801570326,-0.1575671638692568,0.6636860329441829,0.5068912805412717,0.5,False,0.9994189914539522,False,NRC GROUP,Oslo Børs
laks:bunnsone,ODL,6m,3,0.17566011991866115,0.055484199965651605,0.5144649266305324,0.6069269758612192,1.0,True,0.9994189914539522,False,ODFJELL DRILLING,Oslo Børs
laks:bunnsone,ODF,6m,4,0.11057305508614888,0.05251588455679091,0.5098713896309475,0.6101415670853823,0.75,True,0.9994189914539522,False,ODFJELL SER. A,Oslo Børs
laks:bunnsone,ODFB,6m,4,0.10455406898556084,0.05366006246018508,0.43599774580984185,0.6628383650761325,0.75,True,0.9994189914539522,False,ODFJELL SER. B,Oslo Børs
laks:bunnsone,ORK,6m,4,0.051752911582723535,0.06019052468884999,-0.10658818974706191,0.915115688421418,0.25,False,0.9994189914539522,False,ORKLA,Oslo Børs
laks:bunnsone,PEN,6m,4,-0.13870938240549818,-0.0012854675833199253,-0.810669586948611,0.41755544318847765,0.75,True,0.9994189914539522,False,PANORO ENERGY,Oslo Børs
laks:bunnsone,PSE,6m,4,0.2759161972690569,-0.15772887182091308,1.7624419065545154,0.07799466351116803,0.75,True,0.9994189914539522,False,PETROLIA,Oslo Børs
laks:bunnsone,PHO,6m,4,0.07523921948248279,-0.004364380899288836,0.5655903077524979,0.5716723180520618,1.0,True,0.9994189914539522,False,PHOTOCURE,Oslo Børs
laks:bunnsone,POL,6m,4,0.06753861626580669,-0.00047526622763156465,0.34221625437604203,0.7321881536897049,0.75,True,0.9994189914539522,False,POLARIS MEDIA,Oslo Børs
laks:bunnsone,PRS,6m,4,-0.35836392592126054,-0.21404262209922764,-0.4595526635447717,0.6458373429495154,0.75,True,0.9994189914539522,False,PROSAFE,Oslo Børs
laks:bunnsone,PROT,6m,4,0.10736044212447902,0.14949903502064077,-0.36885266724102933,0.7122375454717138,1.0,True,0.9994189914539522,False,PROTECTOR FORSIKRG,Oslo Børs
laks:bunnsone,QEC,6m,4,-0.026599574327739073,0.013299168781748381,-0.16530698012535394,0.8687023650596807,0.5,False,0.9994189914539522,False,QUESTERRE ENERGY,Oslo Børs
laks:bunnsone,REACH,6m,4,-0.12214740813545563,-0.08160054131766219,-0.19300138485911347,0.8469578835202582,0.75,False,0.9994189914539522,False,REACH SUBSEA,Oslo Børs
laks:bunnsone,ROGS,6m,4,0.0028512514470834076,0.06506506232002422,-0.6456291297355482,0.5185195676179,0.5,False,0.9994189914539522,False,ROGALAND SPAREBANK,Oslo Børs
laks:bunnsone,ROM,6m,4,-0.13624711021559513,-0.051750780569092804,-0.42751465879825623,0.669004510516686,0.75,False,0.9994189914539522,False,ROMREAL,Euronext Expand Oslo
laks:bunnsone,SDSD,6m,4,-0.11926611597151768,-0.03584584715906386,-0.43890442835836874,0.660730787859755,0.5,False,0.9994189914539522,False,S.D. STANDARD ETC,Oslo Børs
laks:bunnsone,SAGA,6m,4,0.28272561742040275,-0.02310812779158274,1.7397753003314007,0.08189848116733318,0.75,True,0.9994189914539522,False,SAGA PURE,Oslo Børs
laks:bunnsone,SALM,6m,4,0.14855930046804844,0.11531758422192215,0.3039180653395741,0.7611903142447487,0.75,True,0.9994189914539522,False,SALMAR,Oslo Børs
laks:bunnsone,SCANA,6m,4,0.1772197960008559,-0.1076258994526109,1.1463840942006105,0.2516362610678767,0.25,False,0.9994189914539522,False,SCANA,Oslo Børs
laks:bunnsone,SCATC,6m,3,0.160977873072645,0.07065451249993683,0.5786392981841446,0.5628325824220052,1.0,True,0.9994189914539522,False,SCATEC,Oslo Børs
laks:bunnsone,SEA1,6m,4,-0.1659497434272179,0.0033386405910935234,-0.5644986300376832,0.5724148322315359,0.75,True,0.9994189914539522,False,Sea1 Offshore,Euronext Growth Oslo
laks:bunnsone,ENH,6m,4,-0.10648461099044715,-0.3563778130104141,0.6494654903448556,0.5160375452691081,0.5,False,0.9994189914539522,False,SED ENERGY HOLDING,Oslo Børs
laks:bunnsone,SBO,6m,3,0.08884091470781219,0.06682434612685981,0.2112172750357702,0.8327177312996821,1.0,True,0.9994189914539522,False,SELVAAG BOLIG,Oslo Børs
laks:bunnsone,SKUE,6m,4,0.047246454725312956,0.06512417943744424,-0.21102998842301537,0.8328638708784595,0.75,False,0.9994189914539522,False,SKUE SPAREBANK,Oslo Børs
laks:bunnsone,SOGN,6m,4,-0.010734513183467319,0.08079770961248724,-1.0130455864742611,0.3110383870266979,0.75,False,0.9994189914539522,False,SOGN SPAREBANK,Oslo Børs
laks:bunnsone,SOFF,6m,4,-1.382954267022895,-0.10553109520129869,-3.527290486765357,0.0004198358799532126,0.5,True,0.13098879454540233,False,SOLSTAD OFFSHORE,Oslo Børs
laks:bunnsone,MING,6m,4,-0.02201390578055286,0.08018079253293818,-1.5654354445791576,0.11748084297670512,0.5,False,0.9994189914539522,False,SPAREBANK 1 SMN,Oslo Børs
laks:bunnsone,SB1NO,6m,4,-0.016190961371669324,0.04961318685923531,-0.8753745316989108,0.3813701526566182,0.5,False,0.9994189914539522,False,SPAREBANK 1 SØR-N,Oslo Børs
laks:bunnsone,MORG,6m,4,-0.03509842568014845,0.05870648546177375,-1.2586703303408406,0.2081494322659285,0.5,True,0.9994189914539522,False,SPAREBANKEN MØRE,Oslo Børs
laks:bunnsone,SBNOR,6m,4,-0.010539442917446254,0.0583718447421793,-0.9682288583252893,0.33293008542148955,0.5,False,0.9994189914539522,False,SPAREBANKEN NORGE,Oslo Børs
laks:bunnsone,SPOG,6m,4,-0.016633528584810948,0.05438945246384463,-0.8310192906035564,0.405962731804953,0.25,False,0.9994189914539522,False,SPAREBANKEN ØST,Oslo Børs
laks:bunnsone,HELG,6m,4,0.0196277724773811,0.07669625636370771,-0.9523387657833182,0.3409252036406488,0.75,False,0.9994189914539522,False,SPBK1 HELGELAND,Oslo Børs
laks:bunnsone,NONG,6m,4,-0.04194408579118571,0.06270046745280401,-1.482906988175502,0.13809912451997103,0.5,True,0.9994189914539522,False,SPBK1 NORD-NORGE,Oslo Børs
laks:bunnsone,RING,6m,4,0.02477791906197478,0.08100521029944588,-0.7731830282191341,0.43941406887881246,0.5,False,0.9994189914539522,False,SPBK1 RINGERIKE,Oslo Børs
laks:bunnsone,SOAG,6m,4,0.009154350060101214,0.0843154596016557,-1.0031473752164144,0.3157897594909807,0.5,False,0.9994189914539522,False,SPBK1 ØSTFOLD AKE,Oslo Børs
laks:bunnsone,SNI,6m,4,0.027992340787839944,0.020074721199846535,0.07587817130584279,0.9395160235583583,0.25,False,0.9998456996038482,False,STOLT-NIELSEN,Oslo Børs
laks:bunnsone,STB,6m,4,0.040978951170034895,0.05308736691741288,-0.14264152903972774,0.8865732973918957,0.75,False,0.9994189914539522,False,STOREBRAND,Oslo Børs
laks:bunnsone,STRO,6m,4,0.21415569559702963,-0.015391332317757737,1.1422512572179953,0.25334959559575543,0.75,True,0.9994189914539522,False,STRONGPOINT,Oslo Børs
laks:bunnsone,SUBC,6m,4,0.07573415902961975,0.03162135982376445,0.3328336478005112,0.7392598576370469,0.75,True,0.9994189914539522,False,SUBSEA 7,Oslo Børs
laks:bunnsone,TECH,6m,4,-0.1945361592938786,-0.11220659533975749,-0.39987126842629966,0.6892513352097102,0.25,False,0.9994189914539522,False,TECHSTEP,Oslo Børs
laks:bunnsone,TEL,6m,4,0.012392944277741607,0.04820127958565941,-0.4630829887321102,0.6433048829605873,0.75,False,0.9994189914539522,False,TELENOR,Oslo Børs
laks:bunnsone,TGS,6m,4,-0.05831940118455384,0.048073588285744547,-0.9446410451330749,0.34484216470616635,0.25,False,0.9994189914539522,False,TGS,Oslo Børs
laks:bunnsone,TRMED,6m,3,-0.30378230565019043,-0.07186569513174206,-0.5909867851941855,0.5545292753157699,0.6666666666666666,True,0.9994189914539522,False,THOR MEDICAL,Oslo Børs
laks:bunnsone,TOM,6m,4,0.11697285660297371,0.03089562777056479,0.6891306227533301,0.4907410707493991,0.75,True,0.9994189914539522,False,TOMRA SYSTEMS,Oslo Børs
laks:bunnsone,VEI,6m,4,0.17439073169474295,0.08794594921705541,1.1038478318947091,0.2696591519317307,1.0,True,0.9994189914539522,False,VEIDEKKE,Oslo Børs
laks:bunnsone,VOIM,6m,4,-0.7302729834589743,-0.21412790605159346,-1.8234919096594688,0.06822892130269562,0.75,True,0.9994189914539522,False,VOIM,Oslo Børs
laks:bunnsone,VVL,6m,4,-0.04396465379188566,0.06590989808824023,-1.3276278377484265,0.18430108346263677,0.5,False,0.9994189914539522,False,VOSS VEKSEL OGLAND,Oslo Børs
laks:bunnsone,VOW,6m,3,0.06569055482064533,0.010933426241903755,0.19299547553807814,0.846962511476671,0.6666666666666666,False,0.9994189914539522,False,VOW,Oslo Børs
laks:bunnsone,WAWI,6m,4,0.17789872874980336,0.13035856538276944,0.367925711823096,0.7129286276826126,0.75,True,0.9994189914539522,False,WALLENIUS WILHELMS,Oslo Børs
laks:bunnsone,WWI,6m,4,0.1481686092601988,0.07954434891818522,0.8502069171998843,0.39521005665368586,0.75,True,0.9994189914539522,False,WILH. WILHELMSEN A,Oslo Børs
laks:bunnsone,WWIB,6m,4,0.12799879887168664,0.07950476286040034,0.6225851135508833,0.533557196189711,0.75,True,0.9994189914539522,False,WILH. WILHELMSEN B,Oslo Børs
laks:bunnsone,YAR,6m,4,0.057193998510621555,0.06785991429061441,-0.09925101017585193,0.920938974496831,0.75,True,0.9994189914539522,False,YARA INTERNATIONAL,Oslo Børs
laks:bunnsone,ZAL,6m,3,0.13352775409767678,0.07219745169995008,0.42351383187861846,0.6719204089547448,1.0,True,0.9994189914539522,False,ZALARIS,Oslo Børs
laks:bunnsone,ABG,12m,4,0.34860457382159227,0.18248252752469604,1.2064620668746198,0.22763937681591015,1.0,True,0.8855244831355399,False,ABG SUNDAL COLLIER,Oslo Børs
laks:bunnsone,AFG,12m,4,0.22950377704219188,0.2136176765620834,0.12159561817696743,0.9032192839267337,0.75,True,0.9699370647999099,False,AF GRUPPEN,Oslo Børs
laks:bunnsone,AKAST,12m,4,0.2055054636721838,0.06217579820700965,0.7747509073170983,0.43848686334090076,0.5,True,0.8855244831355399,False,AKASTOR,Oslo Børs
laks:bunnsone,AKER,12m,4,0.46110778391605095,0.14263986286939762,0.829412831757638,0.4068708429892917,1.0,True,0.8855244831355399,False,AKER,Oslo Børs
laks:bunnsone,AKRBP,12m,4,0.3823862256762019,0.1922948592995085,0.8423250478060367,0.39960603435720893,1.0,True,0.8855244831355399,False,AKER BP,Oslo Børs
laks:bunnsone,AKSO,12m,4,0.40362191273671516,0.06254628349740927,1.6842944636197528,0.09212477483527631,0.75,True,0.8855244831355399,False,AKER SOLUTIONS,Oslo Børs
laks:bunnsone,AKVA,12m,4,0.509090858146557,0.13148653087843776,2.2927459208953054,0.02186263710204614,1.0,True,0.840940131564358,False,AKVA GROUP,Oslo Børs
laks:bunnsone,ALNG,12m,4,0.04076666196140928,-0.080491192594227,0.44639858100066704,0.6553093576485571,0.75,False,0.9426303000689772,False,ALNG,Euronext Expand Oslo
laks:bunnsone,ABTEC,12m,4,-0.1197115041236061,-0.3472107462127173,0.4972898569987404,0.6189846633983322,0.25,False,0.9290947960813225,False,AQUA BIO TECHNO,Euronext Expand Oslo
laks:bunnsone,AQUA,12m,3,-0.17294985999448778,0.12100230848196714,-1.332001231715199,0.1828597837705921,0.3333333333333333,False,0.8855244831355399,False,AQUALIS,Oslo Børs
laks:bunnsone,ARCH,12m,4,-0.46365448735773135,-0.29716677942377917,-0.5246323584784054,0.5998387876777647,0.5,True,0.9256729493928433,False,ARCHER,Oslo Børs
laks:bunnsone,AZT,12m,4,0.282191795076882,0.006980942717805979,0.7212478978318467,0.4707570069822543,0.75,True,0.8855244831355399,False,ARCTICZYMES TECHNO,Oslo Børs
laks:bunnsone,AFK,12m,4,0.3722510306292542,0.16565514772412435,1.350601595748398,0.17682308937099914,0.75,True,0.8855244831355399,False,ARENDALS FOSSEKOMP,Oslo Børs
laks:bunnsone,ARR,12m,3,0.19506329066912462,-0.4074709505123459,0.823241062541424,0.4103709221090961,0.6666666666666666,True,0.8855244831355399,False,ARRIBATEC GROUP,Oslo Børs
laks:bunnsone,ATEA,12m,4,0.20984778538720958,0.019573577750389475,0.9177656032023139,0.35874159374910963,1.0,True,0.8855244831355399,False,ATEA,Oslo Børs
laks:bunnsone,AURG,12m,4,0.06229586480855784,0.15038045816072743,-0.7983822128552815,0.4246487221120261,0.5,False,0.8855244831355399,False,AURSKOG SPAREBANK,Oslo Børs
laks:bunnsone,AUSS,12m,4,0.2415459531120902,0.1253234327723526,0.813581497039091,0.4158847412953262,0.5,True,0.8855244831355399,False,AUSTEVOLL SEAFOOD,Oslo Børs
laks:bunnsone,ACR,12m,4,-0.03161561703805009,-0.17638285398689277,0.4478875082176393,0.6542343841655414,0.5,False,0.9426303000689772,False,AXACTOR,Oslo Børs
laks:bunnsone,BAKKA,12m,4,0.1981892262453902,0.2099424506696409,-0.08044986532616853,0.9358794685982841,0.5,True,0.9797525066521244,False,BAKKAFROST,Oslo Børs
laks:bunnsone,BNOR,12m,4,0.06421857255274185,-0.23598690795483085,0.49648201294224875,0.6195543747609453,0.75,False,0.9290947960813225,False,BLUENORD,Oslo Børs
laks:bunnsone,BONHR,12m,4,-0.00907531088655536,0.12191532048151647,-0.9977979035960023,0.31837736695798907,0.25,False,0.8855244831355399,False,BONHEUR,Oslo Børs
laks:bunnsone,BOR,12m,4,-0.0975120756484176,-0.10284829670938228,0.022307589015997453,0.9822025952303629,0.75,True,0.9929019699060749,False,BORGESTAD,Oslo Børs
laks:bunnsone,BRG,12m,3,0.1254190239787688,0.20041764929809358,-0.5632338062770995,0.5732756855410268,0.6666666666666666,True,0.9109586235994398,False,BORREGAARD,Oslo Børs
laks:bunnsone,BOUV,12m,4,0.07996984217571668,0.25737937413833917,-1.4063239358864217,0.1596279556305896,0.75,False,0.8855244831355399,False,BOUVET,Oslo Børs
laks:bunnsone,BWLPG,12m,3,0.31161332574983114,0.15580802157342935,0.6883962413409378,0.49120329013174835,1.0,True,0.8855244831355399,False,BW LPG,Oslo Børs
laks:bunnsone,BWO,12m,4,-0.5013612119796835,-0.02836842857368596,-2.133592399532253,0.03287616068791808,0.75,True,0.840940131564358,False,BW OFFSHORE LTD,Oslo Børs
laks:bunnsone,BMA,12m,4,0.4129056426540182,0.18016706800716184,1.3179872371869708,0.18750792037586173,0.75,True,0.8855244831355399,False,BYGGMA,Euronext Growth Oslo
laks:bunnsone,CONTX,12m,4,-0.06345926803506785,0.013980778799735652,-0.3411743361590592,0.7329723422505011,0.75,False,0.9572013166659956,False,CONTEXTVISION,Oslo Børs
laks:bunnsone,DNB,12m,4,0.07627714443276876,0.1346746428685626,-0.6284746296741652,0.5296930613988364,0.75,True,0.8983555341116912,False,DNB BANK,Oslo Børs
laks:bunnsone,DNO,12m,4,0.29632914415138345,0.14361259438663632,0.7073808292083529,0.47932984713216525,0.75,True,0.8855244831355399,False,DNO,Oslo Børs
laks:bunnsone,EAM,12m,3,-1.4976183756490007,-0.351623729474625,-2.7426275658868673,0.006094977066301368,1.0,True,0.67665311322097,False,EAM SOLAR,Euronext Growth Oslo
laks:bunnsone,EIOF,12m,4,-0.11773492460548696,-0.009818732224232714,-0.5649123793404139,0.572133363115219,0.5,False,0.9109586235994398,False,EIDESVIK OFFSHORE,Oslo Børs
laks:bunnsone,ENDUR,12m,4,0.2238902558307158,-0.07723567545476336,1.318584846350913,0.187307942531414,1.0,True,0.8855244831355399,False,ENDÚR,Oslo Børs
laks:bunnsone,ENSU,12m,4,-0.22448332306720237,-0.3402971578968508,0.23812848149041335,0.8117814449837236,0.75,True,0.9625697521179546,False,ENSURGE MICROPOWER,Oslo Børs
laks:bunnsone,ENTRA,12m,3,0.07688991901498494,0.08982457112143834,-0.11131236985134951,0.9113686466424225,0.6666666666666666,False,0.9699370647999099,False,ENTRA,Oslo Børs
laks:bunnsone,EQNR,12m,4,0.11375109128604474,0.11228340462049954,0.012773693617396654,0.9898083442364117,0.75,True,0.9976304071812511,False,EQUINOR,Oslo Børs
laks:bunnsone,EQVA,12m,3,-0.39250210706606886,0.05349982325971062,-1.0203507122872237,0.3075621603171574,0.6666666666666666,False,0.8855244831355399,False,EQVA,Oslo Børs
laks:bunnsone,FRO,12m,4,-0.06716274712497045,0.008573084634166702,-0.2691374881775944,0.7878238829770653,0.75,False,0.9625697521179546,False,FRONTLINE,Oslo Børs
laks:bunnsone,GJF,12m,4,0.13392822850136815,0.18239654673656583,-0.47861716878417004,0.6322110020798974,0.75,True,0.9301563030031553,False,GJENSIDIGE FORSIKR,Oslo Børs
laks:bunnsone,GOD,12m,4,0.12402881038154759,-0.10219302748112778,0.7455435197214572,0.45594321239479424,0.75,True,0.8855244831355399,False,GOODTECH,Oslo Børs
laks:bunnsone,GSF,12m,4,0.26269659089797914,0.13462115197805608,0.5744528412341326,0.565661404092627,0.5,True,0.9081899359826261,False,GRIEG SEAFOOD,Oslo Børs
laks:bunnsone,GYL,12m,4,-0.08468717256946215,0.04658208056838835,-0.9068333731345529,0.36449491874210693,0.5,False,0.8855244831355399,False,GYLDENDAL,Oslo Børs
laks:bunnsone,HAVI,12m,4,-0.6367238189398916,-0.26996807914470694,-1.0558457824320415,0.2910386777714206,1.0,True,0.8855244831355399,False,HAVILA SHIPPING,Oslo Børs
laks:bunnsone,HEX,12m,4,-0.02901137926819289,0.09213794494640419,-0.4911124365429108,0.6233469258831332,0.25,False,0.9290947960813225,False,HEXAGON COMPOSITES,Oslo Børs
laks:bunnsone,HBC,12m,3,-0.4478085391802245,-0.057701312298003696,-1.3065686931183835,0.19135923498771157,1.0,True,0.8855244831355399,False,HOFSETH BIOCARE,Oslo Børs
laks:bunnsone,HUNT,12m,4,0.27213297074469145,0.0047735124198674496,0.7205283986998436,0.4711997210408761,0.25,False,0.8855244831355399,False,HUNTER GROUP,Euronext Expand Oslo
laks:bunnsone,HSPG,12m,4,-0.1122698704506924,0.15054899249315776,-0.9351566286180091,0.3497075863634645,0.75,True,0.8855244831355399,False,HØLAND OG SETSKOG,Oslo Børs
laks:bunnsone,IDEX,12m,4,0.22835857528746545,-0.19447191230658029,0.9034563937157627,0.3662837215583472,0.5,True,0.8855244831355399,False,IDEX BIOMETRICS,Oslo Børs
laks:bunnsone,IOX,12m,4,-0.05409086443430915,-0.34562607745404944,0.8101688169351041,0.41784315690420704,0.75,False,0.8855244831355399,False,INTEROIL EXPL PROD,Oslo Børs
laks:bunnsone,ITERA,12m,4,0.003457488646671239,0.029041013716018624,-0.1510291502378299,0.8799527210770887,0.25,False,0.9675309539804956,False,ITERA,Oslo Børs
laks:bunnsone,JIN,12m,4,-0.05866849151136988,0.05718493301111921,-0.41673062297398045,0.6768754527450587,0.5,False,0.9507813126711748,False,JINHUI SHIPP TRANS,Oslo Børs
laks:bunnsone,JAREN,12m,4,-0.07137758100713401,0.15121651218323348,-2.0196066753470907,0.04342420219263424,0.5,True,0.840940131564358,False,JÆREN SPAREBANK,Oslo Børs
laks:bunnsone,KIT,12m,4,0.45973400129642195,0.1040596980427858,1.754031542885136,0.07942510243465271,1.0,True,0.8855244831355399,False,KITRON,Oslo Børs
laks:bunnsone,KOA,12m,4,-0.06535736272635327,-0.13693156625360672,0.24922037065574681,0.8031903229539157,0.5,False,0.9625697521179546,False,KONGSBERG AUTOMOT,Oslo Børs
laks:bunnsone,KOG,12m,4,0.01966458426836168,0.19904175453585424,-1.12834537696129,0.25917408669898284,0.75,False,0.8855244831355399,False,KONGSBERG GRUPPEN,Oslo Børs
laks:bunnsone,LSG,12m,4,0.281723412076109,0.1578712688591356,0.9789020885003308,0.327628360163269,0.5,True,0.8855244831355399,False,LERØY SEAFOOD GP,Oslo Børs
laks:bunnsone,MGN,12m,4,0.11571593323915676,-0.10185368446378937,0.594626828004031,0.5520929429569496,0.75,False,0.8983555341116912,False,MAGNORA,Oslo Børs
laks:bunnsone,MEDI,12m,4,0.16004592247321953,0.17836771609432492,-0.11252247305713456,0.9104091519714367,0.75,True,0.9699370647999099,False,MEDISTIM,Oslo Børs
laks:bunnsone,MELG,12m,4,0.027300610049303037,0.10779029549055713,-0.7078256157768353,0.4790535568586401,0.75,False,0.8855244831355399,False,MELHUS SPAREBANK,Oslo Børs
laks:bunnsone,MOWI,12m,4,0.292582799060162,-0.1093498619283068,0.9643414974909151,0.3348747423239058,0.75,True,0.8855244831355399,False,MOWI,Oslo Børs
laks:bunnsone,NAPA,12m,3,1.1541335699681508,0.1599779695034368,1.993702976821376,0.046184523880450905,1.0,True,0.8570151656546281,False,NAPATECH,Oslo Børs
laks:bunnsone,NAVA,12m,4,-0.18756437653114713,0.060678031450629645,-1.138504221294489,0.25490999721454566,0.75,True,0.8855244831355399,False,NAVAMEDIC,Oslo Børs
laks:bunnsone,NKR,12m,4,0.31069696249567835,0.04510108682520698,1.0339984414779313,0.301136891833283,0.75,True,0.8855244831355399,False,NEKKAR,Oslo Børs
laks:bunnsone,NEL,12m,4,0.20875099033540162,-0.20002076998432505,1.0422205413859156,0.29730944159358075,0.75,False,0.8855244831355399,False,NEL,Oslo Børs
laks:bunnsone,NEXT,12m,3,-0.7161099763930482,-0.4104410895975259,-0.4391967578502375,0.6605189740790525,0.3333333333333333,False,0.9426303000689772,False,NEXT BIOMETRICS GP,Oslo Børs
laks:bunnsone,NOM,12m,4,-0.315096357358281,-0.0659560422306272,-0.997534524003942,0.3185051247239683,0.75,True,0.8855244831355399,False,NORDIC MINING,Oslo Børs
laks:bunnsone,NOD,12m,4,0.33944296429067095,0.15838983177206722,0.6764988741750609,0.49872396059165786,0.75,True,0.8855244831355399,False,NORDIC SEMICONDUC,Oslo Børs
laks:bunnsone,NHY,12m,4,0.33839459901124297,0.12535834344075922,1.8447960348998502,0.06506721445076771,0.75,True,0.8855244831355399,False,NORSK HYDRO,Oslo Børs
laks:bunnsone,NORTH,12m,4,-0.01463503608227798,-0.0665489253874114,0.24231245870252804,0.8085380607436052,0.5,False,0.9625697521179546,False,NORTH ENERGY,Euronext Expand Oslo
laks:bunnsone,NAS,12m,4,-0.36875447051459975,-0.15567035397621462,-0.42903847619924107,0.6678952242631429,0.25,False,0.9426303000689772,False,NORWEGIAN AIR SHUT,Oslo Børs
laks:bunnsone,NRC,12m,4,-0.32206963363629615,-0.32615343514757605,0.008359356592047295,0.9933302761158146,0.5,False,0.9976304071812511,False,NRC GROUP,Oslo Børs
laks:bunnsone,ODL,12m,3,0.27604211279545404,0.1207321130372174,0.4120532111287419,0.6803004219974785,0.6666666666666666,True,0.9507813126711748,False,ODFJELL DRILLING,Oslo Børs
laks:bunnsone,ODF,12m,4,0.011684612812963374,0.10657966516564601,-0.5571066961265273,0.5774545327880567,0.5,False,0.911356813651899,False,ODFJELL SER. A,Oslo Børs
laks:bunnsone,ODFB,12m,4,-0.008479222751450882,0.10064930617435307,-0.6477072272964568,0.5171743288537498,0.5,False,0.8983555341116912,False,ODFJELL SER. B,Oslo Børs
laks:bunnsone,ORK,12m,4,0.03437455579724853,0.11910161905006594,-0.7935629937013099,0.42744988322342164,0.5,False,0.8855244831355399,False,ORKLA,Oslo Børs
laks:bunnsone,PEN,12m,4,-0.03843185300255546,-0.02145904572603943,-0.06679921216629901,0.9467415506104471,0.5,False,0.9797525066521244,False,PANORO ENERGY,Oslo Børs
laks:bunnsone,PSE,12m,4,0.26030003467837326,-0.3042223501626379,1.4176998429369208,0.15627841597443157,0.75,True,0.8855244831355399,False,PETROLIA,Oslo Børs
laks:bunnsone,PHO,12m,4,0.12200997829774982,-2.9603394920319158e-05,0.6431496707514047,0.5201269870129365,0.75,True,0.8983555341116912,False,PHOTOCURE,Oslo Børs
laks:bunnsone,POL,12m,4,0.24757248936076975,-0.009225192744288275,0.8111907402655458,0.4172561423994296,1.0,True,0.8855244831355399,False,POLARIS MEDIA,Oslo Børs
laks:bunnsone,PRS,12m,4,-0.708520172030743,-0.43507254305011644,-0.5931342392268141,0.5530913178687407,0.75,True,0.8983555341116912,False,PROSAFE,Oslo Børs
laks:bunnsone,PROT,12m,4,0.29557613069711164,0.311861532393459,-0.09935163476382787,0.920859082561616,1.0,True,0.9710877597922495,False,PROTECTOR FORSIKRG,Oslo Børs
laks:bunnsone,QEC,12m,4,-0.07833488192850138,-0.00076484461672238,-0.23629279137082027,0.8132054802375823,0.75,True,0.9625697521179546,False,QUESTERRE ENERGY,Oslo Børs
laks:bunnsone,REACH,12m,4,-0.42436302142328935,-0.13744116486227864,-0.95198369270683,0.34110525223105814,0.75,False,0.8855244831355399,False,REACH SUBSEA,Oslo Børs
laks:bunnsone,ROGS,12m,4,-0.07324881614611993,0.12867165896054258,-1.457323822272415,0.1450270139723627,0.25,False,0.8855244831355399,False,ROGALAND SPAREBANK,Oslo Børs
laks:bunnsone,ROM,12m,4,-0.32861442102703936,-0.11103889301504032,-0.7302862045591109,0.4652152589620878,0.5,True,0.8855244831355399,False,ROMREAL,Euronext Expand Oslo
laks:bunnsone,SDSD,12m,4,0.10114049977649803,-0.11220327713263004,0.740432256514488,0.45903775229298194,1.0,True,0.8855244831355399,False,S.D. STANDARD ETC,Oslo Børs
laks:bunnsone,SAGA,12m,4,0.6000748566932946,-0.02455104090978984,2.6216772586426043,0.008749824739926337,1.0,True,0.67665311322097,False,SAGA PURE,Oslo Børs
laks:bunnsone,SALM,12m,4,0.2937441492746717,0.23999783422973672,0.3516267416549413,0.7251182074631044,1.0,True,0.9572013166659956,False,SALMAR,Oslo Børs
laks:bunnsone,SCANA,12m,4,0.1685452625581232,-0.20115713779798755,0.9846229487544362,0.3248093129372855,0.5,False,0.8855244831355399,False,SCANA,Oslo Børs
laks:bunnsone,SCATC,12m,3,-0.02045064174939959,0.15061701427695223,-0.6900571964107354,0.4901582193339844,0.6666666666666666,False,0.8855244831355399,False,SCATEC,Oslo Børs
laks:bunnsone,SEA1,12m,4,-0.17550546369363323,0.013042804269051491,-0.3846859980961806,0.7004700702877378,0.75,True,0.9572013166659956,False,Sea1 Offshore,Euronext Growth Oslo
laks:bunnsone,ENH,12m,4,-0.2121447157816307,-0.7089081445026599,0.8833166320578498,0.3770652200015723,0.5,False,0.8855244831355399,False,SED ENERGY HOLDING,Oslo Børs
laks:bunnsone,SBO,12m,3,0.12059315502607204,0.14713215243386832,-0.1634401767543915,0.8701718716774218,1.0,True,0.9675309539804956,False,SELVAAG BOLIG,Oslo Børs
laks:bunnsone,SKUE,12m,4,0.029222098613229525,0.11677912780509457,-0.7298030517592247,0.4655105788169571,0.5,False,0.8855244831355399,False,SKUE SPAREBANK,Oslo Børs
laks:bunnsone,SOGN,12m,4,0.06244524179047825,0.15258554687086295,-0.7579782860221546,0.44846398197532306,0.75,True,0.8855244831355399,False,SOGN SPAREBANK,Oslo Børs
laks:bunnsone,SOFF,12m,4,-1.3145310077435335,-0.20986853007045175,-2.031410996688794,0.04221331983079039,0.5,True,0.840940131564358,False,SOLSTAD OFFSHORE,Oslo Børs
laks:bunnsone,MING,12m,4,0.027206580634278915,0.14997040946722773,-1.3040310725179465,0.19222298819962216,0.75,False,0.8855244831355399,False,SPAREBANK 1 SMN,Oslo Børs
laks:bunnsone,SB1NO,12m,4,0.03919808660040833,0.09609266751736636,-0.5236953847064878,0.6004904262225126,0.5,False,0.9256729493928433,False,SPAREBANK 1 SØR-N,Oslo Børs
laks:bunnsone,MORG,12m,4,-0.04979989014375821,0.12026971749181277,-1.525802085357037,0.1270591612123061,0.75,True,0.8855244831355399,False,SPAREBANKEN MØRE,Oslo Børs
laks:bunnsone,SBNOR,12m,4,-0.03087129191682139,0.11717340773782106,-1.289806599005974,0.19711781617054677,0.5,False,0.8855244831355399,False,SPAREBANKEN NORGE,Oslo Børs
laks:bunnsone,SPOG,12m,4,-0.005640145626924747,0.10071774858060464,-0.8344794038191672,0.4040108887811719,0.5,False,0.8855244831355399,False,SPAREBANKEN ØST,Oslo Børs
laks:bunnsone,HELG,12m,4,0.04333418590452928,0.1532523438673694,-1.4670015224746724,0.14237564118624965,0.5,False,0.8855244831355399,False,SPBK1 HELGELAND,Oslo Børs
laks:bunnsone,NONG,12m,4,-0.006044452900896197,0.13366109844094648,-1.323262273240048,0.18574817319407297,0.25,False,0.8855244831355399,False,SPBK1 NORD-NORGE,Oslo Børs
laks:bunnsone,RING,12m,4,0.0704841408279698,0.16861135098425206,-1.0271225628834397,0.30436275552641817,0.5,True,0.8855244831355399,False,SPBK1 RINGERIKE,Oslo Børs
laks:bunnsone,SOAG,12m,4,0.008319620275421075,0.1687709918094366,-1.657208095151312,0.0974774104664733,0.5,False,0.8855244831355399,False,SPBK1 ØSTFOLD AKE,Oslo Børs
laks:bunnsone,SNI,12m,4,0.03449976702403665,0.04370376641832056,-0.058837801760877814,0.9530812991500559,0.5,False,0.9797525066521244,False,STOLT-NIELSEN,Oslo Børs
laks:bunnsone,STB,12m,4,0.17475099252237844,0.08439150674639449,0.7637737610092156,0.4450020758698682,0.75,True,0.8855244831355399,False,STOREBRAND,Oslo Børs
laks:bunnsone,STRO,12m,4,0.4053943122474961,-0.013277050704035346,1.619064916148835,0.1054332964693089,1.0,True,0.8855244831355399,False,STRONGPOINT,Oslo Børs
laks:bunnsone,SUBC,12m,4,0.23991289180524975,0.050952383400351804,0.9223338350580506,0.35635447045437385,1.0,True,0.8855244831355399,False,SUBSEA 7,Oslo Børs
laks:bunnsone,TECH,12m,4,-0.23431779519920487,-0.22175417968584177,-0.04471896603480745,0.9643313161104428,0.5,False,0.985572093998338,False,TECHSTEP,Oslo Børs
laks:bunnsone,TEL,12m,4,-0.026432631847340265,0.1092237548999906,-1.3492027112809541,0.17727186416582932,0.5,False,0.8855244831355399,False,TELENOR,Oslo Børs
laks:bunnsone,TGS,12m,4,0.08960478285163427,0.0855177196028425,0.025821122808367403,0.9794000139001454,0.5,False,0.9929019699060749,False,TGS,Oslo Børs
laks:bunnsone,TRMED,12m,3,-0.0313066893482139,-0.11627696239493927,0.14283146860709414,0.8864232835233328,0.6666666666666666,False,0.9699370647999099,False,THOR MEDICAL,Oslo Børs
laks:bunnsone,TOM,12m,4,0.023529110879103088,0.06068053058221437,-0.199230078402064,0.8420827718566908,0.5,False,0.9675309539804956,False,TOMRA SYSTEMS,Oslo Børs
laks:bunnsone,VEI,12m,4,0.25857476025295983,0.17958703319613176,0.7113199003613746,0.4768860224526021,1.0,True,0.8855244831355399,False,VEIDEKKE,Oslo Børs
laks:bunnsone,VOIM,12m,4,-0.7801313958575276,-0.3882077022273746,-0.9713215287325899,0.3313881913337096,0.5,True,0.8855244831355399,False,VOIM,Oslo Børs
laks:bunnsone,VVL,12m,4,0.03914382113466361,0.1277622938765991,-0.7508075872001349,0.45276846260618503,0.5,False,0.8855244831355399,False,VOSS VEKSEL OGLAND,Oslo Børs
laks:bunnsone,VOW,12m,3,-0.11413142534976263,0.02696311106858588,-0.3018683170027295,0.7627524490783593,0.3333333333333333,False,0.9625697521179546,False,VOW,Oslo Børs
laks:bunnsone,WAWI,12m,4,0.3954998057056374,0.21834262907015153,0.9185534689592654,0.3583291796693475,0.75,True,0.8855244831355399,False,WALLENIUS WILHELMS,Oslo Børs
laks:bunnsone,WWI,12m,4,0.20133470405759066,0.15825931792541104,0.33000383498358316,0.7413970644017421,0.75,True,0.9580837120663455,False,WILH. WILHELMSEN A,Oslo Børs
laks:bunnsone,WWIB,12m,4,0.15982534934459922,0.15596665868677934,0.03193911826135243,0.9745206026803374,0.75,True,0.9929019699060749,False,WILH. WILHELMSEN B,Oslo Børs
laks:bunnsone,YAR,12m,4,0.11089347771357824,0.13298754727873976,-0.158138059235808,0.8743480109829553,0.75,True,0.9675309539804956,False,YARA INTERNATIONAL,Oslo Børs
laks:bunnsone,ZAL,12m,3,0.18878016247699236,0.14373041177086568,0.197143334015808,0.8437153731518492,1.0,True,0.9675309539804956,False,ZALARIS,Oslo Børs
laks:bunnsone,ABG,24m,3,0.4081108613672044,0.3683499860993221,0.20686242813787384,0.8361172998143676,1.0,True,0.999247941291574,False,ABG SUNDAL COLLIER,Oslo Børs
laks:bunnsone,AFG,24m,3,0.3036069943865489,0.4119134426996419,-0.4938869794173346,0.6213860006356178,0.6666666666666666,True,0.999247941291574,False,AF GRUPPEN,Oslo Børs
laks:bunnsone,AKAST,24m,3,0.2371181515380076,0.12158128750293529,0.3602146990165927,0.718686583291394,0.6666666666666666,True,0.999247941291574,False,AKASTOR,Oslo Børs
laks:bunnsone,AKER,24m,3,0.6332660489245833,0.30204795564055986,0.640134177689205,0.5220853709244697,1.0,True,0.999247941291574,False,AKER,Oslo Børs
laks:bunnsone,AKRBP,24m,3,0.6285643017857919,0.39776692054362306,0.6913403093373117,0.4893517058583496,1.0,True,0.999247941291574,False,AKER BP,Oslo Børs
laks:bunnsone,AKSO,24m,3,0.5865872535695592,0.12086128095300727,1.4138018132469978,0.15742010103842166,0.6666666666666666,True,0.999247941291574,False,AKER SOLUTIONS,Oslo Børs
laks:bunnsone,AKVA,24m,3,0.4808211899177197,0.23144535412563183,0.8400482610697655,0.4008813276849602,1.0,True,0.999247941291574,False,AKVA GROUP,Oslo Børs
laks:bunnsone,ALNG,24m,3,0.3113449850983085,-0.15448314743628674,0.9675085974837994,0.33328984541880863,0.3333333333333333,False,0.999247941291574,False,ALNG,Euronext Expand Oslo
laks:bunnsone,ABTEC,24m,3,0.5571254236902846,-0.4119272368656848,1.4824549207555884,0.13821928985411025,0.6666666666666666,True,0.999247941291574,False,AQUA BIO TECHNO,Euronext Expand Oslo
laks:bunnsone,ARCH,24m,3,-0.6674469285561194,-0.5617360356750826,-0.22708541236520174,0.8203573270091616,0.6666666666666666,True,0.999247941291574,False,ARCHER,Oslo Børs
laks:bunnsone,AZT,24m,3,-0.08223230865822646,0.03808462740619103,-0.19728175184810687,0.8436070586408421,0.6666666666666666,False,0.999247941291574,False,ARCTICZYMES TECHNO,Oslo Børs
laks:bunnsone,AFK,24m,3,0.4738540792802019,0.31758543887921425,0.6328494610964395,0.5268319537308779,0.6666666666666666,True,0.999247941291574,False,ARENDALS FOSSEKOMP,Oslo Børs
laks:bunnsone,ARR,24m,3,-2.4902265187355455,-1.0940981019819687,-1.2374382125516925,0.2159244397009209,1.0,True,0.999247941291574,False,ARRIBATEC GROUP,Oslo Børs
laks:bunnsone,ATEA,24m,3,0.2190321886065829,0.07584298676300373,0.36696498258233395,0.7136451383923017,1.0,True,0.999247941291574,False,ATEA,Oslo Børs
laks:bunnsone,AURG,24m,3,0.0656410350917474,0.28811579024849865,-1.6297727489269147,0.10314953531379471,1.0,True,0.999247941291574,False,AURSKOG SPAREBANK,Oslo Børs
laks:bunnsone,AUSS,24m,3,0.47994424889247084,0.2878660592083285,1.017577713220152,0.3088786831670993,1.0,True,0.999247941291574,False,AUSTEVOLL SEAFOOD,Oslo Børs
laks:bunnsone,ACR,24m,3,-0.26051469639763103,-0.3904083698590944,0.2167321616979755,0.8284170822643953,0.6666666666666666,False,0.999247941291574,False,AXACTOR,Oslo Børs
laks:bunnsone,BAKKA,24m,3,0.3910183342513745,0.4313551869384521,-0.15413297852429217,0.8775048858690706,0.6666666666666666,True,0.999247941291574,False,BAKKAFROST,Oslo Børs
laks:bunnsone,BNOR,24m,3,0.8368612502728526,-0.4928599503298449,1.155670011755898,0.24781615882522764,1.0,True,0.999247941291574,False,BLUENORD,Oslo Børs
laks:bunnsone,BONHR,24m,3,0.22166930668826743,0.2275694392779506,-0.025557500105856317,0.9796102849890718,1.0,True,0.999247941291574,False,BONHEUR,Oslo Børs
laks:bunnsone,BOR,24m,3,-1.088741660138165,-0.19292141474071417,-2.2030033826364472,0.027594510227239095,1.0,True,0.999247941291574,False,BORGESTAD,Oslo Børs
laks:bunnsone,BOUV,24m,3,0.32545537212078335,0.5108398833962444,-1.016920388006705,0.30919130358309593,1.0,True,0.999247941291574,False,BOUVET,Oslo Børs
laks:bunnsone,BWO,24m,3,-0.6612486962622578,-0.09019663225953627,-1.5513114376743746,0.12082706714757739,1.0,True,0.999247941291574,False,BW OFFSHORE LTD,Oslo Børs
laks:bunnsone,BMA,24m,3,0.5709840670788248,0.3481387663071214,0.7178177090655663,0.4728696926720104,0.6666666666666666,True,0.999247941291574,False,BYGGMA,Euronext Growth Oslo
laks:bunnsone,CONTX,24m,3,-0.07557041367175603,0.07895773604085579,-0.427919650513404,0.6687096199668325,0.6666666666666666,False,0.999247941291574,False,CONTEXTVISION,Oslo Børs
laks:bunnsone,DNB,24m,3,0.2410585485457034,0.25063947201971876,-0.06010517015046234,0.9520718722256013,1.0,True,0.999247941291574,False,DNB BANK,Oslo Børs
laks:bunnsone,DNO,24m,3,0.36845885383204546,0.2717832265956156,0.29223742114565554,0.7701051018493792,0.6666666666666666,True,0.999247941291574,False,DNO,Oslo Børs
laks:bunnsone,EIOF,24m,3,-0.26664400763593665,-0.03674766672127288,-0.6535469472275185,0.5134037336677575,0.6666666666666666,False,0.999247941291574,False,EIDESVIK OFFSHORE,Oslo Børs
laks:bunnsone,ENDUR,24m,3,-0.12686476687564333,-0.14676891834245498,0.05036551121755866,0.9598311195509596,0.6666666666666666,False,0.999247941291574,False,ENDÚR,Oslo Børs
laks:bunnsone,ENSU,24m,3,-0.14467669086550564,-0.7024964957930793,0.6461084462336868,0.5182091257934274,0.6666666666666666,False,0.999247941291574,False,ENSURGE MICROPOWER,Oslo Børs
laks:bunnsone,EQNR,24m,3,0.20050542453450293,0.2281662634954443,-0.16594878961037324,0.868197251214493,0.6666666666666666,False,0.999247941291574,False,EQUINOR,Oslo Børs
laks:bunnsone,FRO,24m,3,-0.515437774328729,-0.005174591807164514,-1.0629749798573351,0.28779329794310016,1.0,True,0.999247941291574,False,FRONTLINE,Oslo Børs
laks:bunnsone,GJF,24m,3,0.2163361824955162,0.3616337395847406,-0.9866705942343218,0.32380415020611525,1.0,True,0.999247941291574,False,GJENSIDIGE FORSIKR,Oslo Børs
laks:bunnsone,GOD,24m,3,-0.1699601504441095,-0.1975442711950185,0.05032042581327241,0.9598670469426447,0.6666666666666666,False,0.999247941291574,False,GOODTECH,Oslo Børs
laks:bunnsone,GSF,24m,3,0.7813171391667656,0.321266656444329,1.490561569278141,0.1360766404366951,1.0,True,0.999247941291574,False,GRIEG SEAFOOD,Oslo Børs
laks:bunnsone,GYL,24m,3,-0.158932143611177,0.08028496668383021,-1.1495761931007402,0.2503184682359544,0.6666666666666666,True,0.999247941291574,False,GYLDENDAL,Oslo Børs
laks:bunnsone,HAVI,24m,3,-0.7212623256382402,-0.562852581254702,-0.25112617869395487,0.8017165566178623,0.6666666666666666,False,0.999247941291574,False,HAVILA SHIPPING,Oslo Børs
laks:bunnsone,HEX,24m,3,0.5044726829122977,0.21057536258811455,0.8210025704087072,0.4116448040990141,0.6666666666666666,True,0.999247941291574,False,HEXAGON COMPOSITES,Oslo Børs
laks:bunnsone,HUNT,24m,3,-0.5380963671625248,-0.1239834298322494,-0.9518293010850672,0.34118355931187294,0.6666666666666666,True,0.999247941291574,False,HUNTER GROUP,Euronext Expand Oslo
laks:bunnsone,HSPG,24m,3,-0.12537198211645936,0.3445203530817856,-1.080026122839251,0.28013054765851936,0.6666666666666666,True,0.999247941291574,False,HØLAND OG SETSKOG,Oslo Børs
laks:bunnsone,IDEX,24m,3,0.42239235447181805,-0.4825702771995275,1.1803966303841318,0.23784250151336742,0.6666666666666666,False,0.999247941291574,False,IDEX BIOMETRICS,Oslo Børs
laks:bunnsone,IOX,24m,3,-0.19112200964911982,-0.7066567328730958,0.9545716416862574,0.33979436376111194,0.3333333333333333,False,0.999247941291574,False,INTEROIL EXPL PROD,Oslo Børs
laks:bunnsone,ITERA,24m,3,0.34410023177837057,0.10836384514305862,0.828513502227463,0.40737975146576866,0.3333333333333333,False,0.999247941291574,False,ITERA,Oslo Børs
laks:bunnsone,JIN,24m,3,0.36587926598560766,0.10406190782657133,0.5968321236299413,0.5506194683600514,0.6666666666666666,False,0.999247941291574,False,JINHUI SHIPP TRANS,Oslo Børs
laks:bunnsone,JAREN,24m,3,0.11317142422003912,0.30022009674176203,-1.2117341188811979,0.22561417421571717,0.6666666666666666,True,0.999247941291574,False,JÆREN SPAREBANK,Oslo Børs
laks:bunnsone,KIT,24m,3,0.42650780298991137,0.19559655163028902,0.6621754872741236,0.507858761973424,1.0,True,0.999247941291574,False,KITRON,Oslo Børs
laks:bunnsone,KOA,24m,3,-0.08044128337408978,-0.2855494011735206,0.4318431882842944,0.6658553878489537,0.3333333333333333,False,0.999247941291574,False,KONGSBERG AUTOMOT,Oslo Børs
laks:bunnsone,KOG,24m,3,0.2047752344561509,0.4231854038825763,-0.7204886179590608,0.47122420517417457,0.6666666666666666,False,0.999247941291574,False,KONGSBERG GRUPPEN,Oslo Børs
laks:bunnsone,LSG,24m,3,0.5197287180616684,0.32176141805177527,1.0133140043045425,0.3109102004499843,1.0,True,0.999247941291574,False,LERØY SEAFOOD GP,Oslo Børs
laks:bunnsone,MGN,24m,3,0.014945104916048982,-0.2323701928278037,0.39387423490194684,0.6936738935060149,0.3333333333333333,False,0.999247941291574,False,MAGNORA,Oslo Børs
laks:bunnsone,MEDI,24m,3,0.2424312112775704,0.3876662907694981,-0.5431586851191867,0.5870205498021984,1.0,True,0.999247941291574,False,MEDISTIM,Oslo Børs
laks:bunnsone,MELG,24m,3,0.07426853705169909,0.20118017154630846,-0.6222941243822251,0.5337484839994096,1.0,True,0.999247941291574,False,MELHUS SPAREBANK,Oslo Børs
laks:bunnsone,MOWI,24m,3,0.49482637323279105,-0.28875379043435684,0.8638993574588045,0.3876431798402647,1.0,True,0.999247941291574,False,MOWI,Oslo Børs
laks:bunnsone,NAVA,24m,3,-0.023664432939258684,0.11426492620981255,-0.4396159050389832,0.6602153191899223,0.3333333333333333,False,0.999247941291574,False,NAVAMEDIC,Oslo Børs
laks:bunnsone,NKR,24m,3,0.17167674045912495,0.08788594373077686,0.19266185602220395,0.8472237982010831,0.6666666666666666,False,0.999247941291574,False,NEKKAR,Oslo Børs
laks:bunnsone,NEL,24m,3,-0.8036450891715335,-0.3512920161139535,-0.6402025616651971,0.5220409176153742,0.6666666666666666,False,0.999247941291574,False,NEL,Oslo Børs
laks:bunnsone,NOM,24m,3,-0.11216537546979034,-0.06288282452929873,-0.16000010397470146,0.8728809923124444,0.6666666666666666,False,0.999247941291574,False,NORDIC MINING,Oslo Børs
laks:bunnsone,NOD,24m,3,0.25235786103260627,0.3172419849547652,-0.13949391285559914,0.8890598657517944,0.6666666666666666,True,0.999247941291574,False,NORDIC SEMICONDUC,Oslo Børs
laks:bunnsone,NHY,24m,3,0.3028871822905285,0.23407356198675375,0.3772297332812547,0.706002885760821,0.6666666666666666,True,0.999247941291574,False,NORSK HYDRO,Oslo Børs
laks:bunnsone,NORTH,24m,3,-0.04874967656936565,-0.14820398175763203,0.2616297162490176,0.7936069315426735,0.3333333333333333,False,0.999247941291574,False,NORTH ENERGY,Euronext Expand Oslo
laks:bunnsone,NAS,24m,3,-0.8251712473619932,-0.39862596329232963,-0.4318916331513337,0.6658201760823126,0.6666666666666666,False,0.999247941291574,False,NORWEGIAN AIR SHUT,Oslo Børs
laks:bunnsone,NRC,24m,3,-1.2462720725168055,-0.7021059977032189,-0.6246893706073051,0.5321749507704212,0.6666666666666666,False,0.999247941291574,False,NRC GROUP,Oslo Børs
laks:bunnsone,ODF,24m,3,0.28559297715579296,0.20015224885807628,0.2781702394032457,0.7808816791327339,1.0,True,0.999247941291574,False,ODFJELL SER. A,Oslo Børs
laks:bunnsone,ODFB,24m,3,0.2535444254384888,0.217818536561227,0.11235577027665984,0.9105413234074097,1.0,True,0.999247941291574,False,ODFJELL SER. B,Oslo Børs
laks:bunnsone,ORK,24m,3,0.014287699249850091,0.2268206982562678,-1.330082636483201,0.18349104577530753,0.3333333333333333,False,0.999247941291574,False,ORKLA,Oslo Børs
laks:bunnsone,PEN,24m,3,-0.06011898298440658,-0.029877106238452196,-0.06393941952164901,0.9490184642399384,0.6666666666666666,False,0.999247941291574,False,PANORO ENERGY,Oslo Børs
laks:bunnsone,PSE,24m,3,-0.07133859599039692,-0.6028723170552496,0.6950430789521385,0.48702830483081694,0.6666666666666666,False,0.999247941291574,False,PETROLIA,Oslo Børs
laks:bunnsone,PHO,24m,3,-0.05866399845516581,-0.03350944402699015,-0.0816311142665055,0.9349400582486226,0.6666666666666666,False,0.999247941291574,False,PHOTOCURE,Oslo Børs
laks:bunnsone,POL,24m,3,0.14008843645903837,-0.014275857698906524,0.32317022696203285,0.746566327580123,0.6666666666666666,False,0.999247941291574,False,POLARIS MEDIA,Oslo Børs
laks:bunnsone,PRS,24m,3,-2.039040186686677,-0.8499930649278642,-1.4504020366272923,0.14694643950474928,0.6666666666666666,True,0.999247941291574,False,PROSAFE,Oslo Børs
laks:bunnsone,PROT,24m,3,0.4976523333467269,0.6348729662327007,-0.45592062626909297,0.648447056641174,1.0,True,0.999247941291574,False,PROTECTOR FORSIKRG,Oslo Børs
laks:bunnsone,QEC,24m,3,0.5197832425508708,-0.006421814154390228,0.9679016222304051,0.333093504086596,1.0,True,0.999247941291574,False,QUESTERRE ENERGY,Oslo Børs
laks:bunnsone,REACH,24m,3,-0.25698435204872894,-0.26449031037996507,0.013268718578839097,0.9894134049492513,0.6666666666666666,False,0.999247941291574,False,REACH SUBSEA,Oslo Børs
laks:bunnsone,ROGS,24m,3,0.02653258516355403,0.27707787457848654,-1.426126229692729,0.15383190873262864,0.6666666666666666,False,0.999247941291574,False,ROGALAND SPAREBANK,Oslo Børs
laks:bunnsone,ROM,24m,3,-0.08135763576978446,-0.143136295979203,0.13723951611067012,0.8908414770598843,0.6666666666666666,False,0.999247941291574,False,ROMREAL,Euronext Expand Oslo
laks:bunnsone,SDSD,24m,3,-0.4051136429169088,-0.2545898110042039,-0.3570844186655703,0.7210286086857165,0.6666666666666666,False,0.999247941291574,False,S.D. STANDARD ETC,Oslo Børs
laks:bunnsone,SAGA,24m,3,0.6049316249935185,-0.003764094879961574,1.5668400513537402,0.11715208307219283,0.6666666666666666,True,0.999247941291574,False,SAGA PURE,Oslo Børs
laks:bunnsone,SALM,24m,3,0.5674951289162592,0.4812903539187816,0.3918613429124347,0.6951606671662628,1.0,True,0.999247941291574,False,SALMAR,Oslo Børs
laks:bunnsone,SCANA,24m,3,-0.8475303609039884,-0.34599774650675297,-0.7093356131862641,0.4781162332675455,0.6666666666666666,False,0.999247941291574,False,SCANA,Oslo Børs
laks:bunnsone,SEA1,24m,3,-0.8819757747012636,0.0668234779042377,-1.1644722485494552,0.2442326833940024,1.0,True,0.999247941291574,False,Sea1 Offshore,Euronext Growth Oslo
laks:bunnsone,ENH,24m,3,-0.7382459615138734,-1.4700532370758388,0.7518391071682462,0.4521478209124616,0.6666666666666666,False,0.999247941291574,False,SED ENERGY HOLDING,Oslo Børs
laks:bunnsone,SKUE,24m,3,0.11721192623188408,0.23799624516252976,-0.5910773187102121,0.5544686162361792,0.6666666666666666,True,0.999247941291574,False,SKUE SPAREBANK,Oslo Børs
laks:bunnsone,SOGN,24m,3,0.14039074935622106,0.28666285615646386,-0.6985442256348731,0.4848369100526228,1.0,True,0.999247941291574,False,SOGN SPAREBANK,Oslo Børs
laks:bunnsone,SOFF,24m,3,-1.5321315223958731,-0.47679435389339003,-1.18560950842294,0.235776545502575,0.6666666666666666,True,0.999247941291574,False,SOLSTAD OFFSHORE,Oslo Børs
laks:bunnsone,MING,24m,3,0.20666628108581472,0.3179447468485529,-0.652434365604984,0.5141210009853546,1.0,True,0.999247941291574,False,SPAREBANK 1 SMN,Oslo Børs
laks:bunnsone,SB1NO,24m,3,0.2516133390606356,0.17839728038769911,0.34482558045614,0.7302255008103964,1.0,True,0.999247941291574,False,SPAREBANK 1 SØR-N,Oslo Børs
laks:bunnsone,MORG,24m,3,0.07603437943300227,0.22787006200285265,-0.7309387176402391,0.4648165855595772,0.6666666666666666,True,0.999247941291574,False,SPAREBANKEN MØRE,Oslo Børs
laks:bunnsone,SBNOR,24m,3,0.1936386059995301,0.23543510203501644,-0.21054214159707202,0.8332445644322003,1.0,True,0.999247941291574,False,SPAREBANKEN NORGE,Oslo Børs
laks:bunnsone,SPOG,24m,3,0.11245760073707121,0.20051348173581482,-0.39177691573905876,0.6952230529136023,1.0,True,0.999247941291574,False,SPAREBANKEN ØST,Oslo Børs
laks:bunnsone,HELG,24m,3,0.2549090956750195,0.30223250462149165,-0.4208863354239284,0.6738380837924209,0.6666666666666666,True,0.999247941291574,False,SPBK1 HELGELAND,Oslo Børs
laks:bunnsone,NONG,24m,3,0.2004122607276857,0.2702091596325936,-0.3868955204555142,0.6988335575729729,0.6666666666666666,True,0.999247941291574,False,SPBK1 NORD-NORGE,Oslo Børs
laks:bunnsone,RING,24m,3,0.14060013691145035,0.3028431345194647,-1.283613559534818,0.1992772029359537,0.6666666666666666,True,0.999247941291574,False,SPBK1 RINGERIKE,Oslo Børs
laks:bunnsone,SOAG,24m,3,0.1310427704758933,0.3330763675920726,-1.464564390873365,0.14303980322042653,0.6666666666666666,True,0.999247941291574,False,SPBK1 ØSTFOLD AKE,Oslo Børs
laks:bunnsone,SNI,24m,3,0.20112754459553805,0.09401437736829245,0.4095267539877441,0.6821531371315792,0.6666666666666666,True,0.999247941291574,False,STOLT-NIELSEN,Oslo Børs
laks:bunnsone,STB,24m,3,0.34585983743616167,0.15289050764372517,1.0227764297240858,0.3064135647798289,0.6666666666666666,True,0.999247941291574,False,STOREBRAND,Oslo Børs
laks:bunnsone,STRO,24m,3,0.6092493733785674,0.004063980637551621,1.7347458616228717,0.08278582920305766,1.0,True,0.999247941291574,False,STRONGPOINT,Oslo Børs
laks:bunnsone,SUBC,24m,3,0.2073284620440717,0.10574214209245116,0.2854806882428304,0.7752758976430055,0.6666666666666666,True,0.999247941291574,False,SUBSEA 7,Oslo Børs
laks:bunnsone,TECH,24m,3,-0.09209601569004146,-0.4277778755290606,0.8681736661353171,0.38529926810970955,0.6666666666666666,False,0.999247941291574,False,TECHSTEP,Oslo Børs
laks:bunnsone,TEL,24m,3,-0.04056115088228655,0.21515178406581914,-1.5607305510421545,0.1185873396728256,0.6666666666666666,False,0.999247941291574,False,TELENOR,Oslo Børs
laks:bunnsone,TGS,24m,3,-0.048613882339129645,0.17330595045652183,-0.8765469517367614,0.38073276354234264,0.3333333333333333,False,0.999247941291574,False,TGS,Oslo Børs
laks:bunnsone,TOM,24m,3,0.15728440835478377,0.11340422484048707,0.14339890178323345,0.8859751502616826,0.6666666666666666,True,0.999247941291574,False,TOMRA SYSTEMS,Oslo Børs
laks:bunnsone,VEI,24m,3,0.22989346863515836,0.367501824033499,-0.7514149457457312,0.4524029707949373,1.0,True,0.999247941291574,False,VEIDEKKE,Oslo Børs
laks:bunnsone,VOIM,24m,3,-0.8623207832780948,-0.6750521978908904,-0.25746501184365206,0.7968198215896403,0.6666666666666666,True,0.999247941291574,False,VOIM,Oslo Børs
laks:bunnsone,VVL,24m,3,-0.008959823739953262,0.24727424889972077,-1.3379364207213131,0.1809171633664746,0.3333333333333333,False,0.999247941291574,False,VOSS VEKSEL OGLAND,Oslo Børs
laks:bunnsone,WAWI,24m,3,0.8917725779172064,0.4481065024244634,1.3307102805628774,0.18328435898744358,1.0,True,0.999247941291574,False,WALLENIUS WILHELMS,Oslo Børs
laks:bunnsone,WWI,24m,3,0.41910756153226064,0.29910832950240596,0.5154392372437516,0.6062461197778519,1.0,True,0.999247941291574,False,WILH. WILHELMSEN A,Oslo Børs
laks:bunnsone,WWIB,24m,3,0.41041184625159005,0.30266256388103463,0.4955711765535951,0.6201969929269017,1.0,True,0.999247941291574,False,WILH. WILHELMSEN B,Oslo Børs
laks:bunnsone,YAR,24m,3,-0.01493392060494054,0.26690046154751196,-1.3973753237913928,0.16230073561249306,0.6666666666666666,False,0.999247941291574,False,YARA INTERNATIONAL,Oslo Børs
wti:d95,5PG,1d,3,-0.015352781096539222,-0.0009440042498329952,-0.44802742699463205,0.6541334026192438,0.6666666666666666,True,0.9878463438452625,False,5TH PLANET GAMES,Euronext Expand Oslo
wti:d95,AASB,1d,3,-0.006994345046387841,-0.0005905869032274379,-0.6163526705035667,0.5376617834581179,0.3333333333333333,False,0.9878463438452625,False,AASEN SPAREBANK,Euronext Growth Oslo
wti:d95,ABG,1d,4,-0.004138857866682897,0.0011926129026928875,-0.4418932770262937,0.658566435826288,0.5,False,0.9878463438452625,False,ABG SUNDAL COLLIER,Oslo Børs
wti:d95,ADS,1d,3,0.003125239066548685,-0.0030913860521063537,0.12699421828185825,0.8989449746419467,0.6666666666666666,False,0.9878463438452625,False,ADS MARITIME HOLD,Euronext Growth Oslo
wti:d95,AFG,1d,4,0.012371699370022464,0.000928001495429114,0.9785604845310304,0.3277971920156208,0.75,True,0.9878463438452625,False,AF GRUPPEN,Oslo Børs
wti:d95,AKAST,1d,4,-0.011840489052622813,-0.0002678458445112298,-0.8832788246189058,0.3770856418859533,0.75,True,0.9878463438452625,False,AKASTOR,Oslo Børs
wti:d95,AKER,1d,4,-0.016840005367977258,-0.00012425189503057564,-1.0416498927856008,0.2975740279690795,0.75,False,0.9878463438452625,False,AKER,Oslo Børs
wti:d95,AKRBP,1d,4,-0.00725558854388942,1.3421233210902328e-05,-0.6004884605568618,0.5481807490614301,0.5,False,0.9878463438452625,False,AKER BP,Oslo Børs
wti:d95,AKSO,1d,4,-0.01321906941286844,-0.00038150690239995705,-0.865266380786391,0.3868925986999145,0.5,False,0.9878463438452625,False,AKER SOLUTIONS,Oslo Børs
wti:d95,AKVA,1d,4,0.0005842177854252697,0.0005256784005727177,0.003805531109875804,0.9969636328105891,0.25,False,0.9982644550227241,False,AKVA GROUP,Oslo Børs
wti:d95,ALNG,1d,4,0.005072180827976539,-0.0005912075084919905,0.32727544054570884,0.7434595661422743,0.25,False,0.9878463438452625,False,ALNG,Euronext Expand Oslo
wti:d95,ABTEC,1d,4,-0.04055467653247114,-0.002198029976761262,-1.0614045777160424,0.2885060774345654,1.0,True,0.9878463438452625,False,AQUA BIO TECHNO,Euronext Expand Oslo
wti:d95,AQUA,1d,4,0.005841232908076274,0.0010729319875159484,0.3400925446188351,0.7337868360482444,0.5,False,0.9878463438452625,False,AQUALIS,Oslo Børs
wti:d95,ARCH,1d,4,-0.05362598789891349,-0.00044079250487079466,-2.627948852153253,0.00859014307142351,0.75,True,0.3163193860418304,False,ARCHER,Oslo Børs
wti:d95,AZT,1d,4,0.0006419913849346395,0.00019466642156315084,0.026016477999901175,0.9792441953562057,0.5,False,0.9912707376202049,False,ARCTICZYMES TECHNO,Oslo Børs
wti:d95,AFK,1d,4,0.010693427344869435,0.000754807952473954,0.6854749361731927,0.4930442713489211,0.75,True,0.9878463438452625,False,ARENDALS FOSSEKOMP,Oslo Børs
wti:d95,ARR,1d,4,0.018005385433350778,-0.0009532069025977748,0.7433210361522296,0.4572873386033117,0.75,True,0.9878463438452625,False,ARRIBATEC GROUP,Oslo Børs
wti:d95,ATEA,1d,4,0.00850213405134658,0.00034324849869996364,0.6410922172632315,0.5214627704148521,0.5,True,0.9878463438452625,False,ATEA,Oslo Børs
wti:d95,ASA,1d,3,-0.0022960114045235402,-0.005808128922244052,0.07935198304944352,0.9367526601231843,0.6666666666666666,False,0.9878463438452625,False,ATLANTIC SAPPHIRE,Oslo Børs
wti:d95,AURG,1d,4,0.008496057134715565,0.0005826681698266817,1.072804669434484,0.2833587653119551,0.5,True,0.9878463438452625,False,AURSKOG SPAREBANK,Oslo Børs
wti:d95,AUSS,1d,4,-0.003227146389309885,-6.173364648623431e-05,-0.3031036301085028,0.76181088778164,0.75,False,0.9878463438452625,False,AUSTEVOLL SEAFOOD,Oslo Børs
wti:d95,ACR,1d,4,-0.02111150513440064,-0.0018930547985302466,-0.6710808445516016,0.5021690291444347,0.5,False,0.9878463438452625,False,AXACTOR,Oslo Børs
wti:d95,B2I,1d,3,-0.04140457963348549,0.0015782579047506592,-3.640210144084102,0.00027241561924458814,0.3333333333333333,False,0.08526608882355609,False,B2 Impact,Oslo Børs
wti:d95,BAKKA,1d,4,0.0025064419811081564,0.0013293763606088281,0.11331409088019741,0.9097815462852102,0.5,False,0.9878463438452625,False,BAKKAFROST,Oslo Børs
wti:d95,BALT,1d,3,0.024249191661262243,-8.482027142878729e-05,1.4812930127201633,0.13852850963185379,0.6666666666666666,True,0.9405970278991354,False,BALTIC SEA PROP,Euronext Growth Oslo
wti:d95,BINT,1d,3,-0.005211049046870336,0.001524488549537161,-0.1780378522322091,0.8586932488143184,0.6666666666666666,False,0.9878463438452625,False,BEVEST,Oslo Børs
wti:d95,BSP,1d,3,0.0694271316473511,-0.000196244691464174,1.045076703270587,0.29598752033222503,0.6666666666666666,True,0.9878463438452625,False,BLACK SEA PROPERTY,Euronext Growth Oslo
wti:d95,BNOR,1d,4,0.029212882602849814,-0.0003412350357702455,1.0531211112454033,0.2922854883675463,1.0,True,0.9878463438452625,False,BLUENORD,Oslo Børs
wti:d95,BONHR,1d,4,-0.023511764529370767,0.0003425580357010624,-2.0489247159065798,0.040469477090026636,0.25,False,0.5482095399765949,False,BONHEUR,Oslo Børs
wti:d95,BOR,1d,4,0.0032353861049700863,-0.0006380196884114136,0.2356447588670476,0.8137083387558144,0.5,False,0.9878463438452625,False,BORGESTAD,Oslo Børs
wti:d95,BORR,1d,3,-0.009276753458546422,-0.0015642069206291977,-0.2504379917631487,0.8022486522881328,0.6666666666666666,False,0.9878463438452625,False,BORR DRILLING,Oslo Børs
wti:d95,BRG,1d,4,-0.006705247768585285,0.00028545112984049436,-0.8422635685859217,0.3996404385358769,0.5,True,0.9878463438452625,False,BORREGAARD,Oslo Børs
wti:d95,BOUV,1d,4,-0.004258561519235324,0.0016341094785188766,-0.5821078140609227,0.5604940621104746,0.5,False,0.9878463438452625,False,BOUVET,Oslo Børs
wti:d95,BWLPG,1d,4,0.019703267251224503,0.001597442550948023,1.3211809116213338,0.1864410494328232,0.75,True,0.9839813370344908,False,BW LPG,Oslo Børs
wti:d95,BWO,1d,4,-0.005940803187684094,0.0002821639450386398,-0.43013279598579135,0.6670990445369551,0.75,False,0.9878463438452625,False,BW OFFSHORE LTD,Oslo Børs
wti:d95,BMA,1d,4,0.0016739876179672677,0.0008137146247897905,0.04979451014319509,0.960286141529046,0.75,False,0.9878463438452625,False,BYGGMA,Euronext Growth Oslo
wti:d95,CRNA,1d,3,-0.035804867282007595,0.0008920313350261453,-0.842734391121123,0.39937700855138986,1.0,True,0.9878463438452625,False,CIRCIO HOLDING,Oslo Børs
wti:d95,CONTX,1d,4,-0.010018468442378923,-3.740795282247936e-05,-0.5705371197567998,0.5683134531340441,0.5,False,0.9878463438452625,False,CONTEXTVISION,Oslo Børs
wti:d95,DNB,1d,4,0.003851814909996301,0.00039659656041912916,0.4170979938389914,0.6766067322623552,0.75,True,0.9878463438452625,False,DNB BANK,Oslo Børs
wti:d95,DNO,1d,4,0.010040669184242948,-0.00017318920734946033,0.6504373597143677,0.5154097515755214,0.5,False,0.9878463438452625,False,DNO,Oslo Børs
wti:d95,EAM,1d,4,-0.03288833737424988,7.550851601019931e-05,-0.6751597281112892,0.49957428965557155,1.0,True,0.9878463438452625,False,EAM SOLAR,Euronext Growth Oslo
wti:d95,EIOF,1d,4,-0.00016390893126262164,0.00020591142380745904,-0.027430871382347594,0.9781160757054044,0.5,False,0.9912707376202049,False,EIDESVIK OFFSHORE,Oslo Børs
wti:d95,ELK,1d,3,-0.005888974254488671,0.0008406185198870118,-0.5177868060999534,0.6046070248187254,0.6666666666666666,False,0.9878463438452625,False,ELKEM,Oslo Børs
wti:d95,ELMRA,1d,3,-0.001596725826963491,0.00010528305776669816,-0.13084842605476527,0.8958952138320797,0.3333333333333333,False,0.9878463438452625,False,ELMERA GROUP,Oslo Børs
wti:d95,ENDUR,1d,4,0.000749206957662776,-0.0007168577859145351,0.06345415866612214,0.9494048617235443,0.25,False,0.9878463438452625,False,ENDÚR,Oslo Børs
wti:d95,ENSU,1d,4,-0.026165559883004445,-0.002170979052463844,-0.765953440275395,0.44370400639450414,1.0,True,0.9878463438452625,False,ENSURGE MICROPOWER,Oslo Børs
wti:d95,ENTRA,1d,4,0.005712915583399139,0.0005971858903486272,0.6640603051379713,0.5066517147275617,0.75,True,0.9878463438452625,False,ENTRA,Oslo Børs
wti:d95,EQNR,1d,4,0.010658982891195037,0.00032231337246020365,1.2692583970517175,0.20434891922864626,0.75,True,0.9878463438452625,False,EQUINOR,Oslo Børs
wti:d95,EQVA,1d,4,-0.015561661472340458,0.0013594494292386466,-0.6283464721717303,0.5297769943879604,0.5,False,0.9878463438452625,False,EQVA,Oslo Børs
wti:d95,EPR,1d,3,-0.016020471520448675,0.00042754919003097126,-1.6706141095778684,0.09479792373814236,1.0,True,0.8336351335826576,False,EUROPRIS,Oslo Børs
wti:d95,DFENS,1d,3,-0.017776234831169847,-0.001748312302902842,-0.46279551907014205,0.6435109434161478,0.6666666666666666,False,0.9878463438452625,False,FJORD DEFENCE GR,Oslo Børs
wti:d95,FRO,1d,4,0.03415225939895771,-0.00019526794642056017,2.059007333214725,0.03949353599824568,0.75,True,0.5482095399765949,False,FRONTLINE,Oslo Børs
wti:d95,GENT,1d,3,0.010751728492197124,0.0004667207391006021,0.6451099978059465,0.5188559053312224,1.0,True,0.9878463438452625,False,GENTIAN DIAGNOSTIC,Oslo Børs
wti:d95,GJF,1d,4,0.005743825620624468,0.0009552721937614465,0.7985492326843864,0.42455183491018433,0.75,True,0.9878463438452625,False,GJENSIDIGE FORSIKR,Oslo Børs
wti:d95,GEOS,1d,3,-0.06984519999228155,-0.0007106454356725383,-2.300858517587166,0.021399629518118028,1.0,True,0.4590188314794619,False,GOLDEN ENERGY OFF,Euronext Growth Oslo
wti:d95,GOD,1d,4,0.002572884022627389,0.0006277153749590618,0.09170022999975941,0.9269362146498225,0.75,False,0.9878463438452625,False,GOODTECH,Oslo Børs
wti:d95,GSF,1d,4,0.0041191492768785,0.0011824903944605562,0.21006752010648055,0.833614975062511,0.5,True,0.9878463438452625,False,GRIEG SEAFOOD,Oslo Børs
wti:d95,GRONG,1d,3,0.00902689021991429,0.000698610657887835,0.8995538218109955,0.3683577412356851,0.3333333333333333,False,0.9878463438452625,False,GRONG SPAREBANK,Euronext Growth Oslo
wti:d95,GYL,1d,4,0.031648712802050276,0.0007411625383887202,1.2826189531353662,0.19962560671466506,0.75,True,0.9839813370344908,False,GYLDENDAL,Oslo Børs
wti:d95,HAVI,1d,4,-0.012864169115515927,-0.0013295192689319927,-0.43514672446423464,0.663455930027963,0.75,False,0.9878463438452625,False,HAVILA SHIPPING,Oslo Børs
wti:d95,HEX,1d,4,-0.012729892785035788,0.00012727188967118458,-0.7729454578600643,0.4395546603493495,0.75,True,0.9878463438452625,False,HEXAGON COMPOSITES,Oslo Børs
wti:d95,HBC,1d,4,0.024895032224587867,-0.0002678983793020917,1.1907535040212205,0.23375036684020936,0.5,True,0.9878463438452625,False,HOFSETH BIOCARE,Oslo Børs
wti:d95,HUNT,1d,4,-0.02698926668513582,0.0002976021486180867,-0.9729729185510101,0.33056676188277573,0.5,False,0.9878463438452625,False,HUNTER GROUP,Euronext Expand Oslo
wti:d95,HSPG,1d,4,0.013411480007458612,0.0028276648933530215,0.14320880038486758,0.8861252797616012,0.5,True,0.9878463438452625,False,HØLAND OG SETSKOG,Oslo Børs
wti:d95,IDEX,1d,4,-0.019540924826782664,-0.0012667216756856612,-0.6715841367142943,0.5018484799277119,0.5,False,0.9878463438452625,False,IDEX BIOMETRICS,Oslo Børs
wti:d95,INDCT,1d,3,-0.034565109999673986,-0.00240820730958693,-0.7841242583174686,0.43296720258628985,0.6666666666666666,False,0.9878463438452625,False,INDUCT,Euronext Growth Oslo
wti:d95,IOX,1d,4,0.01796714796469543,-0.0006299069016555081,0.5418828479059385,0.5878992133772232,0.25,False,0.9878463438452625,False,INTEROIL EXPL PROD,Oslo Børs
wti:d95,ITERA,1d,4,0.013810794741471335,3.1955101228503954e-05,0.9351543488442531,0.34970876108010507,0.75,True,0.9878463438452625,False,ITERA,Oslo Børs
wti:d95,JIN,1d,4,-0.0055002237955861875,0.0003268568897212284,-0.34777095272258984,0.7280122059332316,0.75,False,0.9878463438452625,False,JINHUI SHIPP TRANS,Oslo Børs
wti:d95,JAREN,1d,4,0.015846067909851873,0.0006653854009864777,1.3095529985795828,0.19034709755325785,0.75,True,0.9839813370344908,False,JÆREN SPAREBANK,Oslo Børs
wti:d95,KID,1d,3,-0.008532136446676747,0.0007829734354958495,-0.7945624519438662,0.42686806724885756,0.6666666666666666,True,0.9878463438452625,False,KID,Oslo Børs
wti:d95,KIT,1d,4,0.021395711702035136,4.011520274790091e-05,1.3572277854118906,0.17470884473134105,0.25,False,0.9839813370344908,False,KITRON,Oslo Børs
wti:d95,KOA,1d,4,-0.02552892292702539,-0.0005102323813155656,-1.333169567043585,0.1824761639596131,0.5,False,0.9839813370344908,False,KONGSBERG AUTOMOT,Oslo Børs
wti:d95,KOG,1d,4,0.008593159966238542,0.00036967390969589863,0.8576739026336896,0.3910725544730731,0.75,False,0.9878463438452625,False,KONGSBERG GRUPPEN,Oslo Børs
wti:d95,LSG,1d,4,-0.01063770480166549,-8.331371965583284e-06,-1.0375929282466407,0.2994596116304547,1.0,True,0.9878463438452625,False,LERØY SEAFOOD GP,Oslo Børs
wti:d95,LIFE,1d,3,0.06145122009247155,0.0009395692194699099,1.3792855390530632,0.1678067333697792,0.6666666666666666,True,0.9839813370344908,False,LIFECARE,Oslo Børs
wti:d95,MGN,1d,4,0.00567638067971187,-0.0014011924599473954,0.33752798788950755,0.7357189174245131,0.75,True,0.9878463438452625,False,MAGNORA,Oslo Børs
wti:d95,MEDI,1d,4,-0.0024752654810574846,0.0003258238244356043,-0.1477259974075908,0.882559013773038,0.5,False,0.9878463438452625,False,MEDISTIM,Oslo Børs
wti:d95,MELG,1d,4,0.019984979304486943,0.00041213536228206345,2.547079497891109,0.010862868336789148,0.75,True,0.35330234992248544,False,MELHUS SPAREBANK,Oslo Børs
wti:d95,MOWI,1d,4,-0.005806662521324788,-0.0003096396364638042,-0.2511701246309741,0.8016825814084216,0.5,False,0.9878463438452625,False,MOWI,Oslo Børs
wti:d95,MPCC,1d,3,-0.010743540170654218,0.0004896610632652286,-0.5173415960911031,0.6049177218902753,0.6666666666666666,True,0.9878463438452625,False,MPC CONTAINER SHIP,Oslo Børs
wti:d95,MULTI,1d,3,0.01881790923361501,0.0005773926888630978,1.510453991929549,0.1309276206198112,0.6666666666666666,True,0.9405970278991354,False,MULTICONSULT,Oslo Børs
wti:d95,NAPA,1d,4,-0.003069745459958981,0.00012731120680119218,-0.16242748553244796,0.8709692278985515,0.25,False,0.9878463438452625,False,NAPATECH,Oslo Børs
wti:d95,NAVA,1d,4,-0.01825548729814109,0.00040517649729380524,-0.9940480212958572,0.3201994890780746,1.0,True,0.9878463438452625,False,NAVAMEDIC,Oslo Børs
wti:d95,NKR,1d,4,-0.004656453614984049,0.000854113416426118,-0.25615567364742375,0.7978306342488501,0.75,False,0.9878463438452625,False,NEKKAR,Oslo Børs
wti:d95,NEL,1d,4,0.007954180231017757,-0.003329591866042008,0.14598872748909958,0.8839302872461993,1.0,True,0.9878463438452625,False,NEL,Oslo Børs
wti:d95,NEXT,1d,4,-0.05556748409558466,-0.003299031480921349,-1.8409799854971514,0.06562449175593146,0.75,True,0.7469260334402381,False,NEXT BIOMETRICS GP,Oslo Børs
wti:d95,NOM,1d,4,-0.0032091974951273874,-0.00011593903627094552,-0.14456510647223902,0.8850542487606934,0.5,False,0.9878463438452625,False,NORDIC MINING,Oslo Børs
wti:d95,NOD,1d,4,0.006102063883914091,8.950339707023555e-05,0.3244356574007855,0.7456082277052869,0.75,True,0.9878463438452625,False,NORDIC SEMICONDUC,Oslo Børs
wti:d95,NHY,1d,4,0.0052394626733837015,0.00013934821922779073,0.5634420542984276,0.5731339073765811,0.75,False,0.9878463438452625,False,NORSK HYDRO,Oslo Børs
wti:d95,NORTH,1d,4,0.045329523809472645,0.0011042913503161041,2.388680032157191,0.016909021534235534,0.75,False,0.42012113191932976,False,NORTH ENERGY,Euronext Expand Oslo
wti:d95,NAS,1d,4,-0.033306320021394116,-0.001056812061307335,-1.72206258994033,0.08505818097723905,1.0,True,0.8047308173015537,False,NORWEGIAN AIR SHUT,Oslo Børs
wti:d95,NRC,1d,4,0.007205642883049137,-0.0005762783798235729,0.3076613760950427,0.7583400124258828,0.75,True,0.9878463438452625,False,NRC GROUP,Oslo Børs
wti:d95,ODL,1d,4,-0.030299038420925524,0.00022332481091555596,-2.377104996177505,0.017449120495052036,0.5,True,0.42012113191932976,False,ODFJELL DRILLING,Oslo Børs
wti:d95,ODF,1d,4,0.027084967153859656,4.3828598539079446e-05,2.467467751438187,0.013607247755239554,0.5,False,0.38718804976272553,False,ODFJELL SER. A,Oslo Børs
wti:d95,ODFB,1d,4,0.027775385849636784,0.0009591570555623926,2.5379985984234805,0.011148843093664013,0.5,True,0.35330234992248544,False,ODFJELL SER. B,Oslo Børs
wti:d95,OET,1d,3,0.03116196171472053,0.0010914628067487538,2.1736896158692773,0.029728453040040466,0.6666666666666666,True,0.4590188314794619,False,OKEANIS ECO TANKER,Oslo Børs
wti:d95,ONCIN,1d,3,-0.017568509969442102,-8.082511920247271e-05,-0.4803840921629599,0.6309543036981342,1.0,True,0.9878463438452625,False,ONCOINVENT,Oslo Børs
wti:d95,ORK,1d,4,0.018141559691039137,0.0010189575821712242,1.1581582719043846,0.24679945352690058,0.75,True,0.9878463438452625,False,ORKLA,Oslo Børs
wti:d95,PEN,1d,4,-0.0007102455316487875,-7.289348525101275e-05,-0.04093055319534561,0.9673512599225366,0.5,False,0.9878463438452625,False,PANORO ENERGY,Oslo Børs
wti:d95,PARB,1d,3,0.0074071748385393,0.0004051032304268668,0.7965510775140339,0.425711799874998,0.3333333333333333,False,0.9878463438452625,False,PARETO BANK,Oslo Børs
wti:d95,PSE,1d,4,-0.008066882487961453,0.0003177349309815917,-0.2951843476360087,0.7678530583308766,0.5,False,0.9878463438452625,False,PETROLIA,Oslo Børs
wti:d95,PHO,1d,4,0.0028882663555397283,0.000469774459072908,0.166850457783317,0.8674877155444818,0.5,False,0.9878463438452625,False,PHOTOCURE,Oslo Børs
wti:d95,PPG,1d,3,0.013575717390300918,0.000497145042279145,2.213171328181565,0.026885836016591537,0.6666666666666666,False,0.4590188314794619,False,PIONEER PROPERTY,Euronext Expand Oslo
wti:d95,POL,1d,4,-0.015652474342878427,-0.0008472885861704554,-0.5979027623712472,0.5499048165897577,0.5,False,0.9878463438452625,False,POLARIS MEDIA,Oslo Børs
wti:d95,PLT,1d,3,-0.004042671146680545,-0.0009706472113321878,-0.10862952692084965,0.913496340236945,0.6666666666666666,False,0.9878463438452625,False,POLIGHT,Oslo Børs
wti:d95,PRS,1d,4,0.0059735936356865495,-0.001331692884344141,0.38401412434545895,0.7009679789237986,0.5,False,0.9878463438452625,False,PROSAFE,Oslo Børs
wti:d95,PROT,1d,4,-0.0008078995032866441,0.0012936916109338816,-0.1678915123574989,0.866668627506837,0.5,False,0.9878463438452625,False,PROTECTOR FORSIKRG,Oslo Børs
wti:d95,QEC,1d,4,0.029956971180642437,0.00014772262577298682,1.3543655311211409,0.17561978875558643,1.0,True,0.9839813370344908,False,QUESTERRE ENERGY,Oslo Børs
wti:d95,REACH,1d,4,-0.006616667061334758,-0.0009670004304829338,-0.20028179587034034,0.841260198902471,0.75,False,0.9878463438452625,False,REACH SUBSEA,Oslo Børs
wti:d95,RIVER,1d,3,0.0038671905349322764,-0.0008050058217801595,0.16288773317272043,0.8706068293449967,0.3333333333333333,False,0.9878463438452625,False,RIVER TECH,Euronext Growth Oslo
wti:d95,ROGS,1d,4,-0.006084909859306662,0.0006407856467800925,-0.5621732471992998,0.5739979869139178,0.75,True,0.9878463438452625,False,ROGALAND SPAREBANK,Oslo Børs
wti:d95,ROMER,1d,3,0.011977883226084849,0.0007240439542017545,1.0912538124174875,0.275161215150531,0.3333333333333333,False,0.9878463438452625,False,ROMERIKE SPAREBK,Euronext Growth Oslo
wti:d95,ROM,1d,4,0.04282135140590251,-0.0019104520400873078,1.522189068674679,0.12796171334724324,0.25,False,0.9405970278991354,False,ROMREAL,Euronext Expand Oslo
wti:d95,SDSD,1d,4,0.03497757550948686,-0.0013002663634582574,1.5630907956744151,0.1180312402723479,0.75,True,0.9235944551311224,False,S.D. STANDARD ETC,Oslo Børs
wti:d95,SAGA,1d,4,-0.03550736952056373,-0.0008700382819466562,-2.1503182786136255,0.0315300475297394,0.5,False,0.4590188314794619,False,SAGA PURE,Oslo Børs
wti:d95,SALM,1d,4,-0.0077504247908711885,0.0009852186051950633,-0.7638892962358969,0.4449332166022918,0.75,True,0.9878463438452625,False,SALMAR,Oslo Børs
wti:d95,SCANA,1d,4,0.046307494429880004,-0.001597070064607938,2.227043570219966,0.02594436199648507,0.25,False,0.4590188314794619,False,SCANA,Oslo Børs
wti:d95,SCATC,1d,4,0.006556839658157112,0.0008238106037614034,0.48275933634972745,0.6292666266486162,0.5,False,0.9878463438452625,False,SCATEC,Oslo Børs
wti:d95,SEA1,1d,4,-0.026846564797631152,-0.0011186383668229918,-1.0171766667737663,0.3090693938863841,0.5,True,0.9878463438452625,False,Sea1 Offshore,Euronext Growth Oslo
wti:d95,ENH,1d,4,-0.015762544293510906,-0.0021451780048384246,-0.49298748303180573,0.62202143163405,0.75,True,0.9878463438452625,False,SED ENERGY HOLDING,Oslo Børs
wti:d95,SBO,1d,4,0.006029724085583435,0.0005585440720870407,0.6272583634430786,0.5304898914495964,0.75,True,0.9878463438452625,False,SELVAAG BOLIG,Oslo Børs
wti:d95,SKUE,1d,4,-0.00818488938431173,0.000534440814707149,-0.6307070078805252,0.5282321160871889,0.75,True,0.9878463438452625,False,SKUE SPAREBANK,Oslo Børs
wti:d95,SOFTX,1d,3,0.15185265054948224,-0.0006125809012227268,3.492442672330184,0.0004786243224080119,0.3333333333333333,False,0.09987294194247182,False,SOFTOX SOLUTIONS,Euronext Growth Oslo
wti:d95,SOGN,1d,4,0.012364392215052358,0.0006023991864652665,1.232480635778451,0.21776959576782426,0.5,True,0.9878463438452625,False,SOGN SPAREBANK,Oslo Børs
wti:d95,SOFF,1d,4,0.005668055713083922,-0.001480349066243876,0.19117727080874725,0.8483867104463424,0.5,False,0.9878463438452625,False,SOLSTAD OFFSHORE,Oslo Børs
wti:d95,MING,1d,4,0.005364373541516523,0.001027001747047443,0.5696323650253591,0.5689270721310948,0.75,True,0.9878463438452625,False,SPAREBANK 1 SMN,Oslo Børs
wti:d95,SB1NO,1d,4,-0.0069890329026646245,0.0011123792155715892,-1.0284462021440648,0.3037399847471053,0.5,False,0.9878463438452625,False,SPAREBANK 1 SØR-N,Oslo Børs
wti:d95,MORG,1d,4,0.0031724363215769238,0.0004635756790299761,0.3359433245821533,0.7369136054250525,0.5,False,0.9878463438452625,False,SPAREBANKEN MØRE,Oslo Børs
wti:d95,SBNOR,1d,4,0.004593542417470111,0.0001687648123335561,0.4797475980266376,0.6314068781264729,0.75,True,0.9878463438452625,False,SPAREBANKEN NORGE,Oslo Børs
wti:d95,SPOG,1d,4,-0.004696722983262189,0.0008577102444203382,-0.5783204343583187,0.5630478008163153,0.25,False,0.9878463438452625,False,SPAREBANKEN ØST,Oslo Børs
wti:d95,SNOR,1d,3,0.009117431557545158,0.0006970709533353213,1.0653898940210769,0.2866995281079586,0.3333333333333333,False,0.9878463438452625,False,SPBK 1 NORDMØRE,Oslo Børs
wti:d95,SPOL,1d,3,0.003469218132720655,0.0003878804693773719,0.4310086309720549,0.6664620947959026,0.6666666666666666,False,0.9878463438452625,False,SPBK 1 ØSTLANDET,Oslo Børs
wti:d95,HELG,1d,4,-0.009818570923965994,0.0008618291843967819,-1.3398948751396467,0.18027952449113768,0.75,True,0.9839813370344908,False,SPBK1 HELGELAND,Oslo Børs
wti:d95,NONG,1d,4,0.0010804703960180986,0.0004353419893040635,0.07544798861106454,0.9398582785945077,0.5,False,0.9878463438452625,False,SPBK1 NORD-NORGE,Oslo Børs
wti:d95,RING,1d,4,0.006819926822092861,0.0007949613549748178,0.7562063675939886,0.4495254756180818,0.75,True,0.9878463438452625,False,SPBK1 RINGERIKE,Oslo Børs
wti:d95,SOAG,1d,4,0.01849929410700312,0.0003884027238818109,2.3326758019008267,0.01966516715386521,0.75,True,0.4396569513685579,False,SPBK1 ØSTFOLD AKE,Oslo Børs
wti:d95,SNI,1d,4,0.015099289715761457,0.00042746181815755046,1.370947191122039,0.1703914188425643,0.75,True,0.9839813370344908,False,STOLT-NIELSEN,Oslo Børs
wti:d95,STB,1d,4,0.01666979744632357,0.0007773438201985016,1.4965091026296815,0.13452103762285422,0.75,False,0.9405970278991354,False,STOREBRAND,Oslo Børs
wti:d95,STRO,1d,4,-0.009904322804075447,0.0007908092946363278,-0.4063924191696989,0.6844542888996641,0.5,True,0.9878463438452625,False,STRONGPOINT,Oslo Børs
wti:d95,SUBC,1d,4,-0.017862884996274316,0.0005572377474129631,-1.3853678508195286,0.16594001621851692,0.75,True,0.9839813370344908,False,SUBSEA 7,Oslo Børs
wti:d95,TECH,1d,4,-0.05016291932973394,-0.0021890377841049073,-1.6957043574172626,0.08994188291267098,0.75,True,0.8204682802278469,False,TECHSTEP,Oslo Børs
wti:d95,TEL,1d,4,-0.01128016121099263,0.0007471046392402718,-1.4404530686920107,0.14973925871534663,0.75,False,0.9564977138347652,False,TELENOR,Oslo Børs
wti:d95,TGS,1d,4,-0.009693879486480601,-0.00020573962881805565,-0.762807846127661,0.445578001145066,0.5,False,0.9878463438452625,False,TGS,Oslo Børs
wti:d95,TRMED,1d,3,-0.03228238705541822,-0.0008688427811138345,-0.9800807717314188,0.32704624977361796,1.0,True,0.9878463438452625,False,THOR MEDICAL,Oslo Børs
wti:d95,TOM,1d,4,-0.0009134296466301126,0.0006056771566995492,-0.11775900496053703,0.906258612770339,0.25,False,0.9878463438452625,False,TOMRA SYSTEMS,Oslo Børs
wti:d95,VEI,1d,4,0.0008358393192487903,0.00019252015158545361,0.07644602291852816,0.9390642557087644,0.25,False,0.9878463438452625,False,VEIDEKKE,Oslo Børs
wti:d95,VEND,1d,3,-0.0027921516042716255,7.521927301860177e-05,-0.23692584979674192,0.8127143156089056,0.6666666666666666,True,0.9878463438452625,False,VEND MARKETPLACES,Oslo Børs
wti:d95,VISTN,1d,3,0.025120227929241373,0.00035272517615061506,1.7250435484912432,0.08451962471270759,0.6666666666666666,True,0.8047308173015537,False,VISTIN PHARMA,Oslo Børs
wti:d95,VOIM,1d,4,-0.025424873934145355,-0.0018053885265717935,-0.9249612851591092,0.3549860460201511,0.75,True,0.9878463438452625,False,VOIM,Oslo Børs
wti:d95,VVL,1d,4,0.014496981115862943,-0.00014736332104099893,1.0768975129582377,0.28152605431781297,0.5,False,0.9878463438452625,False,VOSS VEKSEL OGLAND,Oslo Børs
wti:d95,VOW,1d,4,0.009344409522232025,0.0007313944494243867,0.42699553236618926,0.6693825817555212,0.5,True,0.9878463438452625,False,VOW,Oslo Børs
wti:d95,WAWI,1d,4,-0.011288940119657429,0.0016043727591919868,-1.1789623037757855,0.23841318663908678,0.5,True,0.9878463438452625,False,WALLENIUS WILHELMS,Oslo Børs
wti:d95,WSTEP,1d,3,0.013612526117906245,7.775350662708317e-05,1.1327815983803797,0.2573059809331939,0.6666666666666666,True,0.9878463438452625,False,WEBSTEP,Oslo Børs
wti:d95,WWI,1d,4,0.033123392837463565,0.0006267797819928184,3.3469375356661364,0.0008170962001984253,0.75,True,0.1149577684019698,False,WILH. WILHELMSEN A,Oslo Børs
wti:d95,WWIB,1d,4,0.02133035205039257,0.0006205950422470038,1.5136323535876817,0.13011911061636058,0.75,True,0.9405970278991354,False,WILH. WILHELMSEN B,Oslo Børs
wti:d95,YAR,1d,4,0.019040074105364117,0.0005944205589545411,1.9477980025718291,0.05143913789348664,0.75,True,0.6571612310474008,False,YARA INTERNATIONAL,Oslo Børs
wti:d95,ZAL,1d,4,0.0062927817001230315,0.0008450550517388964,0.4446454651752401,0.6565759856908007,0.5,False,0.9878463438452625,False,ZALARIS,Oslo Børs
wti:d95,ZENA,1d,3,-0.031926403639064495,0.000985587569028824,-0.7474244543378235,0.4548073885974282,0.6666666666666666,False,0.9878463438452625,False,ZENITH ENERGY,Euronext Growth Oslo
wti:d95,5PG,1m,3,0.19549267675797247,-0.021421531391618474,1.5321924206554565,0.1254749583367079,1.0,True,0.9185018360434064,False,5TH PLANET GAMES,Euronext Expand Oslo
wti:d95,AASB,1m,3,0.03132628051114939,0.006362768337810184,0.735575927081118,0.4619888171452222,1.0,True,0.9969061973633782,False,AASEN SPAREBANK,Euronext Growth Oslo
wti:d95,ABG,1m,4,0.05485891147275222,0.01533657960134468,1.0544083131903013,0.29169601783752247,0.75,True,0.9969061973633782,False,ABG SUNDAL COLLIER,Oslo Børs
wti:d95,ADS,1m,3,0.0890446297864661,-0.016762077648909576,0.7208675014383851,0.47099103957504185,0.6666666666666666,True,0.9969061973633782,False,ADS MARITIME HOLD,Euronext Growth Oslo
wti:d95,AFG,1m,4,0.03622010857744509,0.016737915234536462,0.5864687798480113,0.5575605356715067,1.0,True,0.9969061973633782,False,AF GRUPPEN,Oslo Børs
wti:d95,AKAST,1m,4,-0.05039219345107179,0.0059064901794004376,-1.0556969628057453,0.29110668520813854,0.5,False,0.9969061973633782,False,AKASTOR,Oslo Børs
wti:d95,AKER,1m,4,0.025008697830286843,0.012245992953035242,0.11774566240382973,0.9062691850401812,0.5,False,0.9969061973633782,False,AKER,Oslo Børs
wti:d95,AKRBP,1m,4,0.08557711767534973,0.017757811444345784,1.2248296423468785,0.2206394139156966,0.75,True,0.9969061973633782,False,AKER BP,Oslo Børs
wti:d95,AKSO,1m,4,0.050973097927949775,0.005574010864092443,0.755027912379136,0.4502322346042293,0.75,True,0.9969061973633782,False,AKER SOLUTIONS,Oslo Børs
wti:d95,AKVA,1m,4,0.0223425169953935,0.012456814593644817,0.1956497556114035,0.8448843134507676,0.75,False,0.9969061973633782,False,AKVA GROUP,Oslo Børs
wti:d95,ALNG,1m,4,-0.15394089707541203,-0.009246202747190036,-2.1312511591096004,0.03306845638919728,1.0,True,0.8116549380126422,False,ALNG,Euronext Expand Oslo
wti:d95,ABTEC,1m,4,-0.3171453643425539,-0.02357007495812705,-2.3599955615037276,0.018275153713884534,0.75,True,0.8094803887012854,False,AQUA BIO TECHNO,Euronext Expand Oslo
wti:d95,AQUA,1m,4,0.03926718686806349,0.011483804304307189,0.5652125106027861,0.5719292282699604,0.75,False,0.9969061973633782,False,AQUALIS,Oslo Børs
wti:d95,ARCH,1m,4,-0.11780504065590532,-0.01755604412595281,-1.2054564493335789,0.22802714081348072,0.75,True,0.9969061973633782,False,ARCHER,Oslo Børs
wti:d95,AZT,1m,4,0.06624138777537161,-0.0029318515942295207,0.6168566502768614,0.5373292820409976,0.75,True,0.9969061973633782,False,ARCTICZYMES TECHNO,Oslo Børs
wti:d95,AFK,1m,4,0.07760708421597987,0.013187704614257154,1.6348031851949,0.1020903128522911,1.0,True,0.9185018360434064,False,ARENDALS FOSSEKOMP,Oslo Børs
wti:d95,ARR,1m,4,0.06015403159605146,-0.03306820652110216,0.7280408355886157,0.4665885892941173,0.75,True,0.9969061973633782,False,ARRIBATEC GROUP,Oslo Børs
wti:d95,ATEA,1m,4,0.011803148823823523,0.002388578483671277,0.17505097537519523,0.8610395793515494,0.75,False,0.9969061973633782,False,ATEA,Oslo Børs
wti:d95,ASA,1m,3,-0.05504336371447641,-0.09096851709329307,0.16812176528185213,0.8664874868379315,0.3333333333333333,False,0.9969061973633782,False,ATLANTIC SAPPHIRE,Oslo Børs
wti:d95,AURG,1m,4,0.007440707660868939,0.013656694055592463,-0.20585617911560924,0.8369032562637123,0.5,True,0.9969061973633782,False,AURSKOG SPAREBANK,Oslo Børs
wti:d95,AUSS,1m,4,-0.00785068025343313,0.011298502822641257,-0.43643259893376285,0.6625228914354964,0.75,False,0.9969061973633782,False,AUSTEVOLL SEAFOOD,Oslo Børs
wti:d95,ACR,1m,4,-0.052171419585574946,-0.013723433698496662,-0.40919839004791925,0.6823940757852084,0.5,False,0.9969061973633782,False,AXACTOR,Oslo Børs
wti:d95,B2I,1m,3,0.01938091548410822,0.012724048074379221,0.12433084613824077,0.9010533250899293,0.6666666666666666,False,0.9969061973633782,False,B2 Impact,Oslo Børs
wti:d95,BAKKA,1m,4,0.029192887148750596,0.016419191320767027,0.305270029006302,0.7601605005417436,0.5,False,0.9969061973633782,False,BAKKAFROST,Oslo Børs
wti:d95,BALT,1m,3,0.025283445896828294,0.005977378141698166,0.2935948960104395,0.7690674763842815,0.6666666666666666,False,0.9969061973633782,False,BALTIC SEA PROP,Euronext Growth Oslo
wti:d95,BINT,1m,3,0.012405311166102889,-0.0010071513343850448,0.1269021058870846,0.8990178798620497,0.3333333333333333,False,0.9969061973633782,False,BEVEST,Oslo Børs
wti:d95,BSP,1m,3,0.005834211031478613,-0.005942102996897722,0.03814636018130644,0.9695709881091314,0.6666666666666666,False,0.9969061973633782,False,BLACK SEA PROPERTY,Euronext Growth Oslo
wti:d95,BNOR,1m,4,-0.08039036951498321,-0.01847049980252182,-0.4634210622639261,0.6430625843616098,0.5,True,0.9969061973633782,False,BLUENORD,Oslo Børs
wti:d95,BONHR,1m,4,0.0031509504787423925,0.010047093794967448,-0.17538017177810863,0.8607809197451336,0.5,False,0.9969061973633782,False,BONHEUR,Oslo Børs
wti:d95,BOR,1m,4,0.03992338653437691,-0.009495794459564149,0.7634307441789084,0.4452065505100988,0.5,False,0.9969061973633782,False,BORGESTAD,Oslo Børs
wti:d95,BORR,1m,3,0.23478498199949316,-0.0186481182849161,1.6833528056619684,0.09230681362693972,0.6666666666666666,True,0.9185018360434064,False,BORR DRILLING,Oslo Børs
wti:d95,BRG,1m,4,-0.002935741682747097,0.01643066727544909,-0.5002510109156056,0.6168983440645159,0.25,False,0.9969061973633782,False,BORREGAARD,Oslo Børs
wti:d95,BOUV,1m,4,0.03280043483928949,0.02188428361588992,0.33217019778530793,0.7397607460675159,0.75,True,0.9969061973633782,False,BOUVET,Oslo Børs
wti:d95,BWLPG,1m,4,0.08563222469632073,0.01821343553433981,1.0587382261968579,0.28971901367022734,0.75,True,0.9969061973633782,False,BW LPG,Oslo Børs
wti:d95,BWO,1m,4,-0.0017828039638798365,-0.0018418650746367888,0.0008782210160089585,0.999299281100428,0.25,False,0.9997043907500693,False,BW OFFSHORE LTD,Oslo Børs
wti:d95,BMA,1m,4,0.05662817190227643,0.0137736733832838,0.7209566143682751,0.47093620856063784,1.0,True,0.9969061973633782,False,BYGGMA,Euronext Growth Oslo
wti:d95,CRNA,1m,3,0.03804052765611687,-0.023934701181257265,0.4148453581586973,0.6782551126111042,0.3333333333333333,False,0.9969061973633782,False,CIRCIO HOLDING,Oslo Børs
wti:d95,CONTX,1m,4,0.008452164363286808,0.005489326670148144,0.0439938961954514,0.964909269288959,0.5,False,0.9969061973633782,False,CONTEXTVISION,Oslo Børs
wti:d95,DNB,1m,4,0.028748045345463408,0.010421524753672593,0.5769366381581347,0.563982259209074,0.75,True,0.9969061973633782,False,DNB BANK,Oslo Børs
wti:d95,DNO,1m,4,-0.003299632363541277,0.012883441273382392,-0.2672828833888861,0.7892513645929455,0.5,False,0.9969061973633782,False,DNO,Oslo Børs
wti:d95,EAM,1m,4,0.17375919694146275,-0.023173055510262372,0.9780731596827704,0.3280381415920056,0.5,False,0.9969061973633782,False,EAM SOLAR,Euronext Growth Oslo
wti:d95,EIOF,1m,4,-0.05749776541562299,-0.0012677471260036867,-1.2640585114864344,0.20620902644095612,0.75,True,0.9969061973633782,False,EIDESVIK OFFSHORE,Oslo Børs
wti:d95,ELK,1m,3,-0.015026039247293024,0.007843952679013238,-0.40298750148575774,0.6869574190921339,0.6666666666666666,False,0.9969061973633782,False,ELKEM,Oslo Børs
wti:d95,ELMRA,1m,3,0.031310402990585746,0.011849942940694923,0.30265506508464807,0.7621527454041235,0.6666666666666666,True,0.9969061973633782,False,ELMERA GROUP,Oslo Børs
wti:d95,ENDUR,1m,4,-0.07135197901083987,-0.01052893362906585,-0.7783606521852358,0.4363564285448247,0.75,True,0.9969061973633782,False,ENDÚR,Oslo Børs
wti:d95,ENSU,1m,4,-0.1612817711248736,-0.027646363972316526,-0.9920750606789349,0.3211609112120352,1.0,True,0.9969061973633782,False,ENSURGE MICROPOWER,Oslo Børs
wti:d95,ENTRA,1m,4,-0.004462166691352876,0.006533533604293366,-0.37865791634893575,0.7049419080395984,0.5,False,0.9969061973633782,False,ENTRA,Oslo Børs
wti:d95,EQNR,1m,4,0.08613034906865205,0.010176868690158004,2.3456310185556126,0.018994901322923374,0.75,True,0.8094803887012854,False,EQUINOR,Oslo Børs
wti:d95,EQVA,1m,4,-0.01825321012131188,0.00881343619648923,-0.23885821053409623,0.8112155308380622,0.5,False,0.9969061973633782,False,EQVA,Oslo Børs
wti:d95,EPR,1m,3,0.08307338673348852,0.012157836575914452,1.606807494613524,0.10809660368625919,0.6666666666666666,True,0.9185018360434064,False,EUROPRIS,Oslo Børs
wti:d95,DFENS,1m,3,0.10186488195893117,-0.0359494980499245,0.8909166208814905,0.3729739028632749,1.0,True,0.9969061973633782,False,FJORD DEFENCE GR,Oslo Børs
wti:d95,FRO,1m,4,-0.020970400083978963,0.0023563315986875606,-0.31800400989648075,0.7504818952249452,0.5,False,0.9969061973633782,False,FRONTLINE,Oslo Børs
wti:d95,GENT,1m,3,0.00785969655683783,0.0008167057922080713,0.11839738351922713,0.9057527988475178,0.6666666666666666,False,0.9969061973633782,False,GENTIAN DIAGNOSTIC,Oslo Børs
wti:d95,GJF,1m,4,0.04700381606951945,0.015930562367347384,1.0612330950853734,0.2885839825637451,0.75,True,0.9969061973633782,False,GJENSIDIGE FORSIKR,Oslo Børs
wti:d95,GEOS,1m,3,-0.15756355146251236,-0.023027510460952874,-1.2206759076062157,0.22220875320507263,0.3333333333333333,False,0.9969061973633782,False,GOLDEN ENERGY OFF,Euronext Growth Oslo
wti:d95,GOD,1m,4,-0.05015706383962046,-0.013785166245213759,-0.4756553937607937,0.634319904449749,0.75,True,0.9969061973633782,False,GOODTECH,Oslo Børs
wti:d95,GSF,1m,4,-0.0005552350738268989,0.009960908972736437,-0.1606021089079391,0.8724067937935249,0.5,False,0.9969061973633782,False,GRIEG SEAFOOD,Oslo Børs
wti:d95,GRONG,1m,3,0.031628784408084996,0.012449259626414466,0.5546286753308116,0.5791486710369975,0.6666666666666666,True,0.9969061973633782,False,GRONG SPAREBANK,Euronext Growth Oslo
wti:d95,GYL,1m,4,0.01727943676247337,0.0058175553204045495,0.22170498057230326,0.8245435526641494,0.5,False,0.9969061973633782,False,GYLDENDAL,Oslo Børs
wti:d95,HAVI,1m,4,-0.06594934735486081,-0.021455873815236746,-0.36568617842582907,0.7145992608641338,0.75,True,0.9969061973633782,False,HAVILA SHIPPING,Oslo Børs
wti:d95,HEX,1m,4,0.05532574077395339,0.0063984050551137185,0.7597675495204199,0.4473935432160524,1.0,True,0.9969061973633782,False,HEXAGON COMPOSITES,Oslo Børs
wti:d95,HBC,1m,4,0.002570792390961618,-0.005687574483118987,0.12124936483253713,0.9034935250271957,0.5,False,0.9969061973633782,False,HOFSETH BIOCARE,Oslo Børs
wti:d95,HUNT,1m,4,0.012895734549666804,0.008276055750730659,0.03760086842464704,0.9700059155102899,0.75,False,0.9969061973633782,False,HUNTER GROUP,Euronext Expand Oslo
wti:d95,HSPG,1m,4,0.09309685701228879,-0.001759931284695054,0.6290525729274048,0.5293146384464138,0.75,True,0.9969061973633782,False,HØLAND OG SETSKOG,Oslo Børs
wti:d95,IDEX,1m,4,0.17470041810445658,-0.022310598410783734,1.518249279692221,0.1289515686460372,0.75,True,0.9278584134760839,False,IDEX BIOMETRICS,Oslo Børs
wti:d95,INDCT,1m,3,-0.04574301890955823,-0.025602530882071862,-0.15538756886351357,0.8765157837437028,0.6666666666666666,True,0.9969061973633782,False,INDUCT,Euronext Growth Oslo
wti:d95,IOX,1m,4,0.1376568214299635,-0.031147048893628963,1.1633590878910203,0.2446838413496171,0.5,True,0.9969061973633782,False,INTEROIL EXPL PROD,Oslo Børs
wti:d95,ITERA,1m,4,-0.04414466617246245,0.0022641476686522093,-0.8475186491506669,0.396706096761552,0.75,True,0.9969061973633782,False,ITERA,Oslo Børs
wti:d95,JIN,1m,4,0.052187641097349885,0.0032819305371889398,0.6531989117281731,0.5136280517458625,0.5,False,0.9969061973633782,False,JINHUI SHIPP TRANS,Oslo Børs
wti:d95,JAREN,1m,4,0.009178052797210323,0.012950468802539724,-0.11171503217853643,0.9110493599885257,0.75,True,0.9969061973633782,False,JÆREN SPAREBANK,Oslo Børs
wti:d95,KID,1m,3,-0.02091727706627614,0.017903557720216783,-0.879746849290642,0.3789964636416809,0.6666666666666666,False,0.9969061973633782,False,KID,Oslo Børs
wti:d95,KIT,1m,4,0.0645751687433607,0.006644664923381777,1.0339993782797974,0.30113645388379534,0.75,True,0.9969061973633782,False,KITRON,Oslo Børs
wti:d95,KOA,1m,4,-0.2396081706725745,-0.008590417289982976,-2.658623331716277,0.007846062766685782,1.0,True,0.8094803887012854,False,KONGSBERG AUTOMOT,Oslo Børs
wti:d95,KOG,1m,4,0.05694331436597136,0.014958584169342076,1.0730350738255092,0.2832553796683528,0.5,True,0.9969061973633782,False,KONGSBERG GRUPPEN,Oslo Børs
wti:d95,LSG,1m,4,-0.023916992761398324,0.012082349461978864,-0.8478051366609693,0.3965465019388631,0.75,True,0.9969061973633782,False,LERØY SEAFOOD GP,Oslo Børs
wti:d95,LIFE,1m,3,-0.1783733419914011,-0.04041507823522224,-0.6988714414180266,0.4846323764726306,0.6666666666666666,False,0.9969061973633782,False,LIFECARE,Oslo Børs
wti:d95,MGN,1m,4,-0.029142447337122644,-0.0077394179942079444,-0.2449213635080472,0.8065173196959214,0.25,False,0.9969061973633782,False,MAGNORA,Oslo Børs
wti:d95,MEDI,1m,4,0.09115909267225654,0.01175350592798296,1.5663047686496527,0.11727728515983851,0.75,True,0.9185018360434064,False,MEDISTIM,Oslo Børs
wti:d95,MELG,1m,4,0.029264903363640994,0.009174271872609954,0.6757737318155644,0.4991843149231662,0.75,True,0.9969061973633782,False,MELHUS SPAREBANK,Oslo Børs
wti:d95,MOWI,1m,4,-0.011858819270112087,-0.0076683803192813095,-0.0461192119378232,0.9632152333880556,0.5,False,0.9969061973633782,False,MOWI,Oslo Børs
wti:d95,MPCC,1m,3,-0.08824112102188542,0.019187797728117226,-1.2852631269100723,0.19870035070897238,1.0,True,0.9969061973633782,False,MPC CONTAINER SHIP,Oslo Børs
wti:d95,MULTI,1m,3,-0.016575482857261584,0.008138946953768529,-0.5987120585917586,0.5493649145271677,0.6666666666666666,True,0.9969061973633782,False,MULTICONSULT,Oslo Børs
wti:d95,NAPA,1m,4,0.0051944534481283,0.013123502772163224,-0.0731958272418524,0.9416502868615496,0.5,False,0.9969061973633782,False,NAPATECH,Oslo Børs
wti:d95,NAVA,1m,4,0.06049567118886449,0.003453848931392609,0.9157359667561513,0.3598053957726883,1.0,True,0.9969061973633782,False,NAVAMEDIC,Oslo Børs
wti:d95,NKR,1m,4,-0.003977765894538569,0.00489615507710522,-0.13221289371016876,0.8948159029445244,0.5,False,0.9969061973633782,False,NEKKAR,Oslo Børs
wti:d95,NEL,1m,4,0.017906405358017137,-0.024338950578447673,0.25119426803901623,0.801663915966597,0.5,False,0.9969061973633782,False,NEL,Oslo Børs
wti:d95,NEXT,1m,4,-0.328924052955957,-0.05249357641894463,-2.0812507529401283,0.03741096024654824,0.75,True,0.8116549380126422,False,NEXT BIOMETRICS GP,Oslo Børs
wti:d95,NOM,1m,4,-0.02792060113290848,-0.012887253103673299,-0.17292148840208416,0.8627131407885891,0.25,False,0.9969061973633782,False,NORDIC MINING,Oslo Børs
wti:d95,NOD,1m,4,0.04264232935059012,0.014779707421092487,0.4180328821950385,0.6759230759755618,0.5,False,0.9969061973633782,False,NORDIC SEMICONDUC,Oslo Børs
wti:d95,NHY,1m,4,-0.033464927811213324,0.010131943110406083,-1.185516272334187,0.23581338475169936,0.75,False,0.9969061973633782,False,NORSK HYDRO,Oslo Børs
wti:d95,NORTH,1m,4,0.08357198734255761,-0.0037106710664592986,1.550291374067292,0.1210715967738107,1.0,True,0.9185018360434064,False,NORTH ENERGY,Euronext Expand Oslo
wti:d95,NAS,1m,4,-0.20195139334850015,-0.022144587161198277,-1.8113512467651314,0.07008649762032929,0.75,True,0.9185018360434064,False,NORWEGIAN AIR SHUT,Oslo Børs
wti:d95,NRC,1m,4,0.020869353710090723,-0.02301029795551882,0.4106667034688496,0.6813169452046132,0.5,False,0.9969061973633782,False,NRC GROUP,Oslo Børs
wti:d95,ODL,1m,4,-0.14766412335756313,0.013409856132354576,-2.539380300258582,0.0111049038324811,0.75,True,0.8094803887012854,False,ODFJELL DRILLING,Oslo Børs
wti:d95,ODF,1m,4,-0.029307560346930023,0.009711123963647367,-0.8759596921616615,0.3810519468692757,0.75,False,0.9969061973633782,False,ODFJELL SER. A,Oslo Børs
wti:d95,ODFB,1m,4,-0.041670854947565145,0.008871897059888618,-1.1863657452137417,0.2354778932463058,0.75,True,0.9969061973633782,False,ODFJELL SER. B,Oslo Børs
wti:d95,OET,1m,3,-0.009583137174424378,0.03348523829689866,-0.6519470716998043,0.5144353172582066,0.6666666666666666,False,0.9969061973633782,False,OKEANIS ECO TANKER,Oslo Børs
wti:d95,ONCIN,1m,3,-0.0383933100092495,-0.06560035664209116,0.139379016868977,0.8891506526187308,0.6666666666666666,False,0.9969061973633782,False,ONCOINVENT,Oslo Børs
wti:d95,ORK,1m,4,0.05480190329854332,0.007269261190829177,1.1372703995479185,0.25542526495129114,0.75,True,0.9969061973633782,False,ORKLA,Oslo Børs
wti:d95,PEN,1m,4,0.04640987312382681,-0.0010639458834783753,0.6848978425128548,0.4934083875397229,0.75,True,0.9969061973633782,False,PANORO ENERGY,Oslo Børs
wti:d95,PARB,1m,3,-0.09262054435966194,0.011456207591102356,-3.082915265788429,0.002049835122492382,1.0,True,0.4277322622267437,False,PARETO BANK,Oslo Børs
wti:d95,PSE,1m,4,0.010136823634481713,-0.021574896985176294,0.3457744059840929,0.7295122611417757,0.5,False,0.9969061973633782,False,PETROLIA,Oslo Børs
wti:d95,PHO,1m,4,-0.04197967480877814,-0.0005373066538556216,-0.678438828053046,0.4974934973238601,0.75,False,0.9969061973633782,False,PHOTOCURE,Oslo Børs
wti:d95,PPG,1m,3,0.02463160265368873,0.009927646396223691,0.5108026362820314,0.609489262987641,1.0,True,0.9969061973633782,False,PIONEER PROPERTY,Euronext Expand Oslo
wti:d95,POL,1m,4,-0.008082898327632948,-0.0034568312931872905,-0.04544107286174506,0.9637557433735067,0.75,False,0.9969061973633782,False,POLARIS MEDIA,Oslo Børs
wti:d95,PLT,1m,3,-0.04423330381796631,0.0006929726585565368,-0.29487257986956944,0.7680912191887435,0.6666666666666666,False,0.9969061973633782,False,POLIGHT,Oslo Børs
wti:d95,PRS,1m,4,0.10825766909422871,-0.036494303536045464,1.3082642227866597,0.1907837055981577,0.75,False,0.9969061973633782,False,PROSAFE,Oslo Børs
wti:d95,PROT,1m,4,0.10732683838552962,0.023086171840877336,1.7807816845349576,0.07494812265346457,1.0,True,0.9185018360434064,False,PROTECTOR FORSIKRG,Oslo Børs
wti:d95,QEC,1m,4,-0.1338300906246675,-0.001864560103187439,-1.2040209751602369,0.22858147155319974,0.75,True,0.9969061973633782,False,QUESTERRE ENERGY,Oslo Børs
wti:d95,REACH,1m,4,-0.06082263353239967,-0.013603514809292134,-0.49206625323332687,0.6226725078936157,0.5,False,0.9969061973633782,False,REACH SUBSEA,Oslo Børs
wti:d95,RIVER,1m,3,-0.03801467880618555,-0.030661025330405392,-0.05693403922695036,0.9545977388974037,0.6666666666666666,True,0.9969061973633782,False,RIVER TECH,Euronext Growth Oslo
wti:d95,ROGS,1m,4,0.00036990563060605025,0.007668980765581412,-0.1768307696630873,0.8596413192023858,0.5,False,0.9969061973633782,False,ROGALAND SPAREBANK,Oslo Børs
wti:d95,ROMER,1m,3,-0.009420700562816775,0.012220719457652575,-0.6077549289674136,0.5433500261044628,0.6666666666666666,False,0.9969061973633782,False,ROMERIKE SPAREBK,Euronext Growth Oslo
wti:d95,ROM,1m,4,0.010001644079524169,-0.010466834665540947,0.24234463615030416,0.8085131297210834,0.5,False,0.9969061973633782,False,ROMREAL,Euronext Expand Oslo
wti:d95,SDSD,1m,4,0.007689017469750113,-0.0023849836859036874,0.11443143829070114,0.9088957935209913,0.25,False,0.9969061973633782,False,S.D. STANDARD ETC,Oslo Børs
wti:d95,SAGA,1m,4,-0.04802864619415172,-0.004869932456161333,-0.7034649464798728,0.48176604452592314,0.75,True,0.9969061973633782,False,SAGA PURE,Oslo Børs
wti:d95,SALM,1m,4,0.007296495863270001,0.016759009306210233,-0.21524737922797046,0.8295744532554917,0.25,False,0.9969061973633782,False,SALMAR,Oslo Børs
wti:d95,SCANA,1m,4,-0.059446005956757086,-0.017596631156576396,-0.4660636902470562,0.6411699124297621,0.5,False,0.9969061973633782,False,SCANA,Oslo Børs
wti:d95,SCATC,1m,4,0.07832197433903035,0.01666666119965735,1.1559288608325413,0.24771025645268008,1.0,True,0.9969061973633782,False,SCATEC,Oslo Børs
wti:d95,SEA1,1m,4,-0.07846304714362759,-0.002493463935333166,-0.6529257805923184,0.5138041277005304,0.5,False,0.9969061973633782,False,Sea1 Offshore,Euronext Growth Oslo
wti:d95,ENH,1m,4,-0.10055563002202902,-0.06091597608856418,-0.2823479192365803,0.7776767453481243,0.75,True,0.9969061973633782,False,SED ENERGY HOLDING,Oslo Børs
wti:d95,SBO,1m,4,0.022018683469286343,0.013185455998535772,0.24713987309606658,0.8047999763407775,0.5,False,0.9969061973633782,False,SELVAAG BOLIG,Oslo Børs
wti:d95,SKUE,1m,4,0.02180072720506601,0.008354409350901322,0.39176508197072146,0.69523179740159,0.5,False,0.9969061973633782,False,SKUE SPAREBANK,Oslo Børs
wti:d95,SOFTX,1m,3,0.36800707041580344,-0.05641181250779789,2.0595827287703123,0.03943844874191891,0.6666666666666666,True,0.8116549380126422,False,SOFTOX SOLUTIONS,Euronext Growth Oslo
wti:d95,SOGN,1m,4,0.031226651115398935,0.01301631578978036,0.4728144299236443,0.6363455782473371,0.75,True,0.9969061973633782,False,SOGN SPAREBANK,Oslo Børs
wti:d95,SOFF,1m,4,-0.11239071310862589,-0.013845776552595303,-0.696854723625584,0.48589371496685213,0.75,True,0.9969061973633782,False,SOLSTAD OFFSHORE,Oslo Børs
wti:d95,MING,1m,4,0.02813717154723686,0.014028817123594954,0.5228677465051488,0.6010662910347464,0.75,True,0.9969061973633782,False,SPAREBANK 1 SMN,Oslo Børs
wti:d95,SB1NO,1m,4,0.006257793458581493,0.007960947876829706,-0.05262834077072791,0.9580280355859979,0.75,False,0.9969061973633782,False,SPAREBANK 1 SØR-N,Oslo Børs
wti:d95,MORG,1m,4,-0.010240493250309148,0.01082757770395555,-0.791451910828292,0.42868032783038224,0.5,False,0.9969061973633782,False,SPAREBANKEN MØRE,Oslo Børs
wti:d95,SBNOR,1m,4,0.049921202281242555,0.008924538356456959,1.437508096580432,0.150573673900113,1.0,True,0.9969061973633782,False,SPAREBANKEN NORGE,Oslo Børs
wti:d95,SPOG,1m,4,0.0005006286391463846,0.008001174757209711,-0.22405747316400212,0.8227125827193389,0.75,False,0.9969061973633782,False,SPAREBANKEN ØST,Oslo Børs
wti:d95,SNOR,1m,3,0.03348249374380164,0.009472092055877753,0.8755778284232774,0.3812595829684625,0.6666666666666666,True,0.9969061973633782,False,SPBK 1 NORDMØRE,Oslo Børs
wti:d95,SPOL,1m,3,0.01677261572427395,0.016322047736026177,0.017715599535349038,0.9858657359712939,1.0,True,0.9986807999722572,False,SPBK 1 ØSTLANDET,Oslo Børs
wti:d95,HELG,1m,4,-0.029614034214648775,0.012477729606083019,-1.532319598756782,0.1254435870548058,0.5,True,0.9185018360434064,False,SPBK1 HELGELAND,Oslo Børs
wti:d95,NONG,1m,4,0.032688944146571114,0.009823225535353565,0.8114898425204974,0.4170844237090925,0.75,True,0.9969061973633782,False,SPBK1 NORD-NORGE,Oslo Børs
wti:d95,RING,1m,4,0.008008615517408202,0.014652586208261795,-0.22780101101595923,0.8198009406819875,0.75,False,0.9969061973633782,False,SPBK1 RINGERIKE,Oslo Børs
wti:d95,SOAG,1m,4,0.0468452159023838,0.014107124570843729,1.1596936806081959,0.24617354398871105,0.75,True,0.9969061973633782,False,SPBK1 ØSTFOLD AKE,Oslo Børs
wti:d95,SNI,1m,4,-0.04424135529567083,0.0032487560432265666,-1.0700247383297243,0.28460817364547936,0.75,True,0.9969061973633782,False,STOLT-NIELSEN,Oslo Børs
wti:d95,STB,1m,4,0.038281331143976166,0.008563414273861515,0.6640831989847875,0.506637062664075,0.75,False,0.9969061973633782,False,STOREBRAND,Oslo Børs
wti:d95,STRO,1m,4,-0.007893787901548011,0.002208255943234876,-0.10866172800121228,0.9134707986824274,0.25,False,0.9969061973633782,False,STRONGPOINT,Oslo Børs
wti:d95,SUBC,1m,4,0.03404639018256098,0.005721187758446385,0.5012929243576842,0.6161649842347527,0.25,False,0.9969061973633782,False,SUBSEA 7,Oslo Børs
wti:d95,TECH,1m,4,-0.08278150771139967,-0.02259652727799008,-0.6104650860047176,0.5415537646508225,0.75,True,0.9969061973633782,False,TECHSTEP,Oslo Børs
wti:d95,TEL,1m,4,0.035920136635024615,0.00897403766258773,0.7754789300791577,0.4380567110184496,0.5,False,0.9969061973633782,False,TELENOR,Oslo Børs
wti:d95,TGS,1m,4,0.056221374677181614,0.00934157836751207,0.9708654162598722,0.3316153018626243,0.75,True,0.9969061973633782,False,TGS,Oslo Børs
wti:d95,TRMED,1m,3,-0.09192837819274151,-0.00919557009799301,-0.5339404457562671,0.5933827380179666,0.6666666666666666,False,0.9969061973633782,False,THOR MEDICAL,Oslo Børs
wti:d95,TOM,1m,4,0.05452764997471585,0.006562396784685073,0.9485209763224322,0.3428642992792254,0.75,True,0.9969061973633782,False,TOMRA SYSTEMS,Oslo Børs
wti:d95,VEI,1m,4,-0.023239735186791868,0.013342926478029078,-1.0743233862228527,0.2826777669912645,0.5,False,0.9969061973633782,False,VEIDEKKE,Oslo Børs
wti:d95,VEND,1m,3,-0.08399930857411923,0.008106760623530997,-1.7274309881561716,0.08409028934128132,1.0,True,0.9185018360434064,False,VEND MARKETPLACES,Oslo Børs
wti:d95,VISTN,1m,3,0.0667571118914126,0.007202395732097809,1.0360209992850444,0.3001923458893732,0.3333333333333333,False,0.9969061973633782,False,VISTIN PHARMA,Oslo Børs
wti:d95,VOIM,1m,4,-0.0758457614194286,-0.029795020958004827,-0.40541035527572916,0.6851759004802447,0.75,False,0.9969061973633782,False,VOIM,Oslo Børs
wti:d95,VVL,1m,4,0.01641565049861019,0.009137559969151212,0.20565751001435606,0.8370584511005178,0.5,False,0.9969061973633782,False,VOSS VEKSEL OGLAND,Oslo Børs
wti:d95,VOW,1m,4,0.0613925713645112,0.0004155330795559764,0.6293501678982187,0.5291198342629762,0.75,False,0.9969061973633782,False,VOW,Oslo Børs
wti:d95,WAWI,1m,4,-0.02687510187441102,0.01958074375016399,-0.8506674842262311,0.39495409047401886,0.5,False,0.9969061973633782,False,WALLENIUS WILHELMS,Oslo Børs
wti:d95,WSTEP,1m,3,0.0009678763106120933,0.0012820758166066661,-0.0076518209880063,0.9938947897487481,0.3333333333333333,False,0.9986807999722572,False,WEBSTEP,Oslo Børs
wti:d95,WWI,1m,4,0.004388574905045663,0.01302781893711099,-0.26602093495399765,0.7902230860026206,0.25,False,0.9969061973633782,False,WILH. WILHELMSEN A,Oslo Børs
wti:d95,WWIB,1m,4,0.0018291636887158083,0.013824222865718102,-0.3368912385596089,0.7361988902708827,0.5,False,0.9969061973633782,False,WILH. WILHELMSEN B,Oslo Børs
wti:d95,YAR,1m,4,0.06320686563825631,0.00985550589142181,1.3237995209225293,0.18556963530177445,0.75,True,0.9969061973633782,False,YARA INTERNATIONAL,Oslo Børs
wti:d95,ZAL,1m,4,0.039582911886030275,0.014201075610961218,0.5490213375708921,0.5829908066899665,0.75,True,0.9969061973633782,False,ZALARIS,Oslo Børs
wti:d95,ZENA,1m,3,0.052070056290885854,-0.014147780665481153,0.3448757194343607,0.7301878050973429,0.3333333333333333,False,0.9969061973633782,False,ZENITH ENERGY,Euronext Growth Oslo
wti:d95,5PG,3m,3,0.7270938328068309,-0.054140752865809855,3.191197817288958,0.0014168423604667374,0.6666666666666666,True,0.2951754917639036,False,5TH PLANET GAMES,Euronext Expand Oslo
wti:d95,AASB,3m,3,0.01062854466114894,0.023600702838738073,-0.22343723808442048,0.8231952249999214,0.6666666666666666,False,0.9949167923620882,False,AASEN SPAREBANK,Euronext Growth Oslo
wti:d95,ABG,3m,4,0.050977665075514184,0.04323488412654818,0.1207598700853886,0.9038812364509351,0.5,True,0.9949167923620882,False,ABG SUNDAL COLLIER,Oslo Børs
wti:d95,ADS,3m,3,-0.004349331751649153,-0.05680679967261591,0.19997332621864708,0.8415014423520738,0.3333333333333333,False,0.9949167923620882,False,ADS MARITIME HOLD,Euronext Growth Oslo
wti:d95,AFG,3m,4,0.06601877443184427,0.051520433758287396,0.24588273006296474,0.8057730129104979,0.75,True,0.9949167923620882,False,AF GRUPPEN,Oslo Børs
wti:d95,AKAST,3m,4,-0.08395411038446914,0.018537318000994472,-1.0906617786499357,0.275421734690369,0.5,True,0.9949167923620882,False,AKASTOR,Oslo Børs
wti:d95,AKER,3m,4,0.12328324892017277,0.02541044398075544,0.5514095205499251,0.581352975716264,1.0,True,0.9949167923620882,False,AKER,Oslo Børs
wti:d95,AKRBP,3m,4,0.24704380539747328,0.04618230759826092,2.009957552441835,0.04443568163451311,1.0,True,0.8357574804557348,False,AKER BP,Oslo Børs
wti:d95,AKSO,3m,4,0.14394380665930756,0.01625661726519161,1.2396786144371958,0.21509429018091566,0.75,True,0.9949167923620882,False,AKER SOLUTIONS,Oslo Børs
wti:d95,AKVA,3m,4,0.07766531706550299,0.034661349170884946,0.5298450867631136,0.5962193420363826,0.25,False,0.9949167923620882,False,AKVA GROUP,Oslo Børs
wti:d95,ALNG,3m,4,-0.08442126133818482,-0.01498754472175461,-0.5861342764905871,0.5577852839064703,0.75,True,0.9949167923620882,False,ALNG,Euronext Expand Oslo
wti:d95,ABTEC,3m,4,-0.05921320952257131,-0.08496351311892528,0.11858471210851934,0.9056043778492404,0.5,False,0.9949167923620882,False,AQUA BIO TECHNO,Euronext Expand Oslo
wti:d95,AQUA,3m,4,0.15457214127873595,0.03157282806666385,1.441617014750786,0.1494104457816885,0.5,True,0.9903733062802498,False,AQUALIS,Oslo Børs
wti:d95,ARCH,3m,4,0.008895612758894653,-0.06795237105288535,0.5231261541994663,0.6008864660108697,0.5,False,0.9949167923620882,False,ARCHER,Oslo Børs
wti:d95,AZT,3m,4,0.3270116700964215,0.006608552430564546,1.8665796646563175,0.06196030955285363,0.5,False,0.8357574804557348,False,ARCTICZYMES TECHNO,Oslo Børs
wti:d95,AFK,3m,4,0.020897556107004542,0.04383193055672399,-0.34872752719029765,0.7272938763541565,0.5,False,0.9949167923620882,False,ARENDALS FOSSEKOMP,Oslo Børs
wti:d95,ARR,3m,4,0.04237405569049654,-0.11233131076874076,0.5382682456201031,0.5903918705906451,0.5,False,0.9949167923620882,False,ARRIBATEC GROUP,Oslo Børs
wti:d95,ATEA,3m,4,-0.019235709741551046,0.001515921860802073,-0.2193265937909626,0.8263956473326397,0.5,False,0.9949167923620882,False,ATEA,Oslo Børs
wti:d95,ASA,3m,3,-0.34812935733801664,-0.30484757125918954,-0.13012245211014,0.896469546923181,0.3333333333333333,False,0.9949167923620882,False,ATLANTIC SAPPHIRE,Oslo Børs
wti:d95,AURG,3m,4,-0.02169207958146209,0.0388405457753388,-1.0934095403031203,0.27421402662436345,0.5,False,0.9949167923620882,False,AURSKOG SPAREBANK,Oslo Børs
wti:d95,AUSS,3m,4,-0.06819644661583331,0.033739915826248947,-1.3176767967558463,0.18761186518454853,1.0,True,0.9903733062802498,False,AUSTEVOLL SEAFOOD,Oslo Børs
wti:d95,ACR,3m,4,-0.2347824329608707,-0.04310299758599251,-1.2699143160316309,0.20411515309773082,1.0,True,0.9903733062802498,False,AXACTOR,Oslo Børs
wti:d95,B2I,3m,3,-0.04044757549949379,0.037626874714507604,-0.7842109873089609,0.4329163191510429,0.6666666666666666,False,0.9949167923620882,False,B2 Impact,Oslo Børs
wti:d95,BAKKA,3m,4,0.03775973741214859,0.05533973971284525,-0.24953953651924776,0.8029434622122555,0.25,False,0.9949167923620882,False,BAKKAFROST,Oslo Børs
wti:d95,BALT,3m,3,-0.06896223379615594,0.011652200336380675,-1.0123274685627404,0.3113815053742104,0.6666666666666666,True,0.9949167923620882,False,BALTIC SEA PROP,Euronext Growth Oslo
wti:d95,BINT,3m,3,0.007437294731212185,-0.0005546602441540442,0.042602189112946456,0.9660186504165067,0.3333333333333333,False,0.9949167923620882,False,BEVEST,Oslo Børs
wti:d95,BSP,3m,3,-0.18090210885564376,-0.035816079086158956,-0.28815247620230033,0.7732300250496387,0.6666666666666666,True,0.9949167923620882,False,BLACK SEA PROPERTY,Euronext Growth Oslo
wti:d95,BNOR,3m,4,-0.2546336370684604,-0.05408323990767592,-0.8146532623355651,0.41527081341956223,0.5,False,0.9949167923620882,False,BLUENORD,Oslo Børs
wti:d95,BONHR,3m,4,0.07070052151688604,0.02968413440611983,0.6332168272142776,0.5265920585431241,0.5,False,0.9949167923620882,False,BONHEUR,Oslo Børs
wti:d95,BOR,3m,4,-0.05712096219439318,-0.02502651652758987,-0.2783751571386321,0.7807243878475139,0.75,True,0.9949167923620882,False,BORGESTAD,Oslo Børs
wti:d95,BORR,3m,3,0.19269730721379955,-0.05449426824656716,0.9585102598184695,0.3378055204260536,1.0,True,0.9949167923620882,False,BORR DRILLING,Oslo Børs
wti:d95,BRG,3m,4,-0.00019610641062701994,0.047233176904617286,-0.8262762913948837,0.4086473793546519,0.5,False,0.9949167923620882,False,BORREGAARD,Oslo Børs
wti:d95,BOUV,3m,4,0.08142404412177338,0.0625476828270717,0.34004324683187065,0.7338239600887304,0.75,True,0.9949167923620882,False,BOUVET,Oslo Børs
wti:d95,BWLPG,3m,4,0.12088127052635092,0.04542967945835334,0.6672675994540834,0.5046012184519792,0.75,True,0.9949167923620882,False,BW LPG,Oslo Børs
wti:d95,BWO,3m,4,0.0889712230546366,-0.007116306984162657,0.8884122883807029,0.3743190177193114,0.75,False,0.9949167923620882,False,BW OFFSHORE LTD,Oslo Børs
wti:d95,BMA,3m,4,0.17619759406814298,0.04473338330221682,1.4079232167357703,0.15915380753525177,1.0,True,0.9903733062802498,False,BYGGMA,Euronext Growth Oslo
wti:d95,CRNA,3m,3,0.6939964921568378,-0.0673866348633087,2.9169235094772707,0.0035350245189588437,0.6666666666666666,True,0.4418780648698554,False,CIRCIO HOLDING,Oslo Børs
wti:d95,CONTX,3m,4,0.18425501720996462,-0.0004890164288022856,1.6918233339659545,0.09067966315946717,0.5,False,0.914109507655919,False,CONTEXTVISION,Oslo Børs
wti:d95,DNB,3m,4,0.056292438934679986,0.03823122163763152,0.34145510045614,0.7327610005424667,0.75,True,0.9949167923620882,False,DNB BANK,Oslo Børs
wti:d95,DNO,3m,4,0.08038703463455008,0.03785323945156972,0.4067109770647123,0.6842202772884545,0.75,True,0.9949167923620882,False,DNO,Oslo Børs
wti:d95,EAM,3m,4,-0.006283710852122426,-0.0956851993733354,0.3101110527038225,0.7564765074802567,0.5,False,0.9949167923620882,False,EAM SOLAR,Euronext Growth Oslo
wti:d95,EIOF,3m,4,-0.02061043717388701,0.002596538103659014,-0.2672642229529613,0.7892657310573221,0.5,False,0.9949167923620882,False,EIDESVIK OFFSHORE,Oslo Børs
wti:d95,ELK,3m,3,0.1270541585692432,0.023444511212091384,1.155191900511882,0.2480118507747706,0.6666666666666666,True,0.9949167923620882,False,ELKEM,Oslo Børs
wti:d95,ELMRA,3m,3,-0.03713813003723923,0.0360167638966266,-0.6081657535178437,0.5430775456204009,0.3333333333333333,False,0.9949167923620882,False,ELMERA GROUP,Oslo Børs
wti:d95,ENDUR,3m,4,-0.14074374410220403,-0.016071789972111505,-1.0178603184949313,0.30874434183910554,0.75,True,0.9949167923620882,False,ENDÚR,Oslo Børs
wti:d95,ENSU,3m,4,-0.24116844525131803,-0.09500637650750904,-0.6564797391442623,0.5115154995845284,0.75,True,0.9949167923620882,False,ENSURGE MICROPOWER,Oslo Børs
wti:d95,ENTRA,3m,4,-0.07466953109548831,0.022040039870960773,-1.9664731696312743,0.049243978628592616,0.75,True,0.8357574804557348,False,ENTRA,Oslo Børs
wti:d95,EQNR,3m,4,0.15166911526636723,0.03178415909958018,2.1126495709775455,0.03463077253679767,0.75,True,0.7496056583792273,False,EQUINOR,Oslo Børs
wti:d95,EQVA,3m,4,-0.23472440735695016,0.01853553529590826,-1.1833475877223645,0.23667142012043677,0.5,True,0.9949167923620882,False,EQVA,Oslo Børs
wti:d95,EPR,3m,3,0.1423650664649357,0.03676532330126907,1.3181440197541563,0.18745544100949782,0.6666666666666666,True,0.9903733062802498,False,EUROPRIS,Oslo Børs
wti:d95,DFENS,3m,3,0.1919752264435309,-0.1192589282734652,1.1496525271690339,0.2502870143856438,0.6666666666666666,True,0.9949167923620882,False,FJORD DEFENCE GR,Oslo Børs
wti:d95,FRO,3m,4,0.04173101497270519,0.015385058129087982,0.19561077713404554,0.8449148243105267,0.5,False,0.9949167923620882,False,FRONTLINE,Oslo Børs
wti:d95,GENT,3m,3,-0.18460855101627124,0.0059072634759110175,-1.7811845627197407,0.07488230471225239,1.0,True,0.8666933415769953,False,GENTIAN DIAGNOSTIC,Oslo Børs
wti:d95,GJF,3m,4,-0.008807610333669794,0.04890666335687448,-1.0918280300499015,0.2749086961908785,0.75,False,0.9949167923620882,False,GJENSIDIGE FORSIKR,Oslo Børs
wti:d95,GEOS,3m,3,-0.23509370099705307,-0.05013360528235518,-1.0225055419284612,0.3065416910228413,0.3333333333333333,False,0.9949167923620882,False,GOLDEN ENERGY OFF,Euronext Growth Oslo
wti:d95,GOD,3m,4,0.051321289350398855,-0.0386276956745583,0.6502304802892783,0.5155433552385542,0.5,True,0.9949167923620882,False,GOODTECH,Oslo Børs
wti:d95,GSF,3m,4,-0.08112396547334995,0.028631779086581332,-0.9778529108578494,0.3281470776109457,0.75,True,0.9949167923620882,False,GRIEG SEAFOOD,Oslo Børs
wti:d95,GRONG,3m,3,0.018868584058812837,0.04408967808404476,-0.488776913906915,0.6249996439986978,0.3333333333333333,False,0.9949167923620882,False,GRONG SPAREBANK,Euronext Growth Oslo
wti:d95,GYL,3m,4,0.015228773495321632,0.011660014836075575,0.04436479983294095,0.9646136196722345,0.5,False,0.9949167923620882,False,GYLDENDAL,Oslo Børs
wti:d95,HAVI,3m,4,-0.09288025844957098,-0.061788567991426895,-0.14832050970857757,0.8820898299687887,0.75,True,0.9949167923620882,False,HAVILA SHIPPING,Oslo Børs
wti:d95,HEX,3m,4,0.19541679694368153,0.027805028575882084,1.4133142950482454,0.15756333266577308,1.0,True,0.9903733062802498,False,HEXAGON COMPOSITES,Oslo Børs
wti:d95,HBC,3m,4,0.07083309418899074,-0.008169217708265609,0.6503089951092766,0.5154926478983115,1.0,True,0.9949167923620882,False,HOFSETH BIOCARE,Oslo Børs
wti:d95,HUNT,3m,4,0.16120227507757395,0.01581330853592416,0.7184072845719325,0.4725061965390709,0.5,False,0.9949167923620882,False,HUNTER GROUP,Euronext Expand Oslo
wti:d95,HSPG,3m,4,0.033052356098094246,0.04989997203972265,-0.07901664447918194,0.9370193840773043,0.5,False,0.9949167923620882,False,HØLAND OG SETSKOG,Oslo Børs
wti:d95,IDEX,3m,4,0.40367063447716545,-0.042908467175342704,2.2013828809260105,0.02770892987974419,0.75,True,0.7496056583792273,False,IDEX BIOMETRICS,Oslo Børs
wti:d95,INDCT,3m,3,0.11861399594500277,-0.06275856095609804,0.8671340436290874,0.3858685695020972,0.6666666666666666,False,0.9949167923620882,False,INDUCT,Euronext Growth Oslo
wti:d95,IOX,3m,4,0.4150574804195149,-0.07056601391053678,2.143174840187285,0.03209906175616973,0.5,True,0.7496056583792273,False,INTEROIL EXPL PROD,Oslo Børs
wti:d95,ITERA,3m,4,-0.06228222912364499,0.003522143184912882,-0.8544560350474449,0.3928523594887286,0.75,True,0.9949167923620882,False,ITERA,Oslo Børs
wti:d95,JIN,3m,4,-0.023193567069758073,0.016077177843145378,-0.31559458000614893,0.7523102521211342,0.5,False,0.9949167923620882,False,JINHUI SHIPP TRANS,Oslo Børs
wti:d95,JAREN,3m,4,-0.010808430139417749,0.03640465321811249,-0.8660648873265357,0.3864545792551355,0.5,False,0.9949167923620882,False,JÆREN SPAREBANK,Oslo Børs
wti:d95,KID,3m,3,0.09419934940054207,0.049337433427905905,0.6042045127678997,0.545707681007523,0.6666666666666666,True,0.9949167923620882,False,KID,Oslo Børs
wti:d95,KIT,3m,4,0.20007032342387582,0.02222321168197773,1.7100669466210103,0.08725349410352459,1.0,True,0.8939907182738175,False,KITRON,Oslo Børs
wti:d95,KOA,3m,4,-0.03480219107180625,-0.03224819822195764,-0.018208287753883747,0.9854726910618431,0.75,True,0.9949167923620882,False,KONGSBERG AUTOMOT,Oslo Børs
wti:d95,KOG,3m,4,0.05849894086758815,0.0506300708953172,0.11615751311219416,0.9075277083754272,0.75,True,0.9949167923620882,False,KONGSBERG GRUPPEN,Oslo Børs
wti:d95,LSG,3m,4,-0.08005360475892694,0.03903262208105932,-1.657283441774311,0.09746218337788382,1.0,True,0.9464111527028366,False,LERØY SEAFOOD GP,Oslo Børs
wti:d95,LIFE,3m,3,-0.19333262908170368,-0.11307227364626227,-0.22390995179936138,0.822827371908121,0.6666666666666666,False,0.9949167923620882,False,LIFECARE,Oslo Børs
wti:d95,MGN,3m,4,-0.036618020090890505,-0.02995551111525515,-0.03831775896098779,0.9694343315805224,0.5,False,0.9949167923620882,False,MAGNORA,Oslo Børs
wti:d95,MEDI,3m,4,0.23366515195713178,0.038591598857029355,2.488315088152176,0.012834996265343459,0.75,True,0.5902420884115092,False,MEDISTIM,Oslo Børs
wti:d95,MELG,3m,4,0.009387742810578234,0.026440209111104403,-0.34362135757420315,0.7311310607067492,0.75,False,0.9949167923620882,False,MELHUS SPAREBANK,Oslo Børs
wti:d95,MOWI,3m,4,-0.1035612284399114,-0.019973057352552955,-0.47783438499772146,0.6327680856160806,0.75,True,0.9949167923620882,False,MOWI,Oslo Børs
wti:d95,MPCC,3m,3,-0.11968101876351173,0.0400632391047351,-0.9462103431845043,0.34404131166403473,0.6666666666666666,False,0.9949167923620882,False,MPC CONTAINER SHIP,Oslo Børs
wti:d95,MULTI,3m,3,0.007165992560654579,0.026853878554932733,-0.27573229355470197,0.7827536900989988,0.6666666666666666,False,0.9949167923620882,False,MULTICONSULT,Oslo Børs
wti:d95,NAPA,3m,4,-0.10433748204179004,0.03634682533316228,-0.7779122839668796,0.4366207260212385,0.5,False,0.9949167923620882,False,NAPATECH,Oslo Børs
wti:d95,NAVA,3m,4,-0.06000699224687918,0.018231624021478588,-0.7462428794764776,0.45552070980074755,0.75,True,0.9949167923620882,False,NAVAMEDIC,Oslo Børs
wti:d95,NKR,3m,4,0.13615025124174046,0.010057562104336983,1.1133231835876753,0.2655696529747013,0.5,True,0.9949167923620882,False,NEKKAR,Oslo Børs
wti:d95,NEL,3m,4,0.14084952721365196,-0.04621087199784709,0.8378631482558302,0.40210756784759594,0.75,False,0.9949167923620882,False,NEL,Oslo Børs
wti:d95,NEXT,3m,4,-0.49430744420707945,-0.1397566974938549,-1.3490882995618811,0.1773086059765594,0.75,True,0.9903733062802498,False,NEXT BIOMETRICS GP,Oslo Børs
wti:d95,NOM,3m,4,0.008387161658437378,-0.03485077024440199,0.2759600969389474,0.7825787145943383,0.75,False,0.9949167923620882,False,NORDIC MINING,Oslo Børs
wti:d95,NOD,3m,4,0.1861167798078595,0.050560801095094164,1.1387733234242612,0.25479771106795407,1.0,True,0.9949167923620882,False,NORDIC SEMICONDUC,Oslo Børs
wti:d95,NHY,3m,4,-0.015258350626116426,0.03411748663640732,-0.828650167025905,0.4073023917698988,0.5,False,0.9949167923620882,False,NORSK HYDRO,Oslo Børs
wti:d95,NORTH,3m,4,0.019555040076235583,-0.01957375385082511,0.42117191361160977,0.673629551953008,0.5,False,0.9949167923620882,False,NORTH ENERGY,Euronext Expand Oslo
wti:d95,NAS,3m,4,-0.6315968407795232,-0.058781437392098755,-3.0984952702226978,0.001945060748217482,0.75,True,0.3039157419089816,False,NORWEGIAN AIR SHUT,Oslo Børs
wti:d95,NRC,3m,4,0.17651012746398242,-0.09010056571261266,1.391589923207736,0.16404661202996437,0.5,False,0.9903733062802498,False,NRC GROUP,Oslo Børs
wti:d95,ODL,3m,4,-0.1550544856811626,0.02611786675915059,-1.365183855366715,0.1721952713271004,0.5,True,0.9903733062802498,False,ODFJELL DRILLING,Oslo Børs
wti:d95,ODF,3m,4,-0.04153808687787182,0.025086732079776995,-0.864967882525452,0.38705641717040096,0.75,True,0.9949167923620882,False,ODFJELL SER. A,Oslo Børs
wti:d95,ODFB,3m,4,-0.045417863427082386,0.02809675319244031,-0.9466895132795358,0.34379701567697246,0.75,True,0.9949167923620882,False,ODFJELL SER. B,Oslo Børs
wti:d95,OET,3m,3,0.021422391569218296,0.10554739041097759,-0.8055510550632154,0.4205017568419398,0.6666666666666666,False,0.9949167923620882,False,OKEANIS ECO TANKER,Oslo Børs
wti:d95,ONCIN,3m,3,0.23255990571607868,-0.2185483855402275,1.1110196088896145,0.26655990898341103,0.6666666666666666,False,0.9949167923620882,False,ONCOINVENT,Oslo Børs
wti:d95,ORK,3m,4,-0.007808966375754081,0.026450699600435907,-0.5418852475232115,0.5878975602004701,0.5,False,0.9949167923620882,False,ORKLA,Oslo Børs
wti:d95,PEN,3m,4,0.12517326576461618,0.0008352535602375832,0.9920645515628016,0.32116603733943305,0.75,True,0.9949167923620882,False,PANORO ENERGY,Oslo Børs
wti:d95,PARB,3m,3,-0.08931629892618183,0.03452974962382125,-2.3315076979025915,0.019726604637635096,0.6666666666666666,True,0.6849515499178853,False,PARETO BANK,Oslo Børs
wti:d95,PSE,3m,4,-0.08202366566404078,-0.06687274662448307,-0.09591628219784887,0.9235870628794518,0.5,False,0.9949167923620882,False,PETROLIA,Oslo Børs
wti:d95,PHO,3m,4,-0.03867113986099831,-0.0012645004897444232,-0.3671972683512185,0.7134718767656055,0.75,False,0.9949167923620882,False,PHOTOCURE,Oslo Børs
wti:d95,PPG,3m,3,-0.022655037613556056,0.029665635156593897,-1.1504132995938132,0.24997368497423234,0.6666666666666666,True,0.9949167923620882,False,PIONEER PROPERTY,Euronext Expand Oslo
wti:d95,POL,3m,4,0.005840846365156513,0.0013099039733412603,0.03233039755751865,0.9742085681246512,0.5,False,0.9949167923620882,False,POLARIS MEDIA,Oslo Børs
wti:d95,PLT,3m,3,-0.30095098530525927,0.0155249983122423,-1.0888619181356296,0.2762147818409839,1.0,True,0.9949167923620882,False,POLIGHT,Oslo Børs
wti:d95,PRS,3m,4,0.10347159818775058,-0.09803515066908568,1.0117252354446133,0.31166944608364144,0.5,True,0.9949167923620882,False,PROSAFE,Oslo Børs
wti:d95,PROT,3m,4,0.14130358913402297,0.07217725779012676,0.9061538278705926,0.36485443779175764,0.75,True,0.9949167923620882,False,PROTECTOR FORSIKRG,Oslo Børs
wti:d95,QEC,3m,4,-0.05190113269250377,-0.0009185069136524851,-0.2845392795355472,0.7759971367005454,0.75,False,0.9949167923620882,False,QUESTERRE ENERGY,Oslo Børs
wti:d95,REACH,3m,4,-0.12039176717488397,-0.05061744998064462,-0.4431437898196013,0.6576617332455976,1.0,True,0.9949167923620882,False,REACH SUBSEA,Oslo Børs
wti:d95,RIVER,3m,3,-0.713143439864003,-0.08479753291479714,-2.758271162389359,0.005810797396661724,0.6666666666666666,True,0.46186649180531186,False,RIVER TECH,Euronext Growth Oslo
wti:d95,ROGS,3m,4,0.02132305016131668,0.029124673056679165,-0.1103057704793439,0.9121668810124495,0.5,False,0.9949167923620882,False,ROGALAND SPAREBANK,Oslo Børs
wti:d95,ROMER,3m,3,0.011685292285759328,0.03728346969347357,-0.46041702373269155,0.6452169176804691,0.6666666666666666,False,0.9949167923620882,False,ROMERIKE SPAREBK,Euronext Growth Oslo
wti:d95,ROM,3m,4,-0.0883692611314587,-0.024342579447007684,-0.45488787653959084,0.6491899052448448,0.75,True,0.9949167923620882,False,ROMREAL,Euronext Expand Oslo
wti:d95,SDSD,3m,4,-0.02846410669937756,-0.016584171666485972,-0.08672448909624342,0.9308905102679953,0.5,False,0.9949167923620882,False,S.D. STANDARD ETC,Oslo Børs
wti:d95,SAGA,3m,4,-0.026853970102592994,-0.007993201990075744,-0.16509331989356232,0.8688705308184141,0.75,False,0.9949167923620882,False,SAGA PURE,Oslo Børs
wti:d95,SALM,3m,4,-0.06632933531044923,0.059121317931665425,-1.6179927473362623,0.10566416068780662,0.75,True,0.9565068590570871,False,SALMAR,Oslo Børs
wti:d95,SCANA,3m,4,-0.22685602398360116,-0.047128879911273555,-1.0732754776210658,0.2831475343982243,0.5,False,0.9949167923620882,False,SCANA,Oslo Børs
wti:d95,SCATC,3m,4,0.15311729365858706,0.03876394584319497,1.2854183709703213,0.19864612491556435,0.75,True,0.9903733062802498,False,SCATEC,Oslo Børs
wti:d95,SEA1,3m,4,0.0747566584212123,0.007255045229372337,0.3617303589845926,0.7175535380098441,0.75,True,0.9949167923620882,False,Sea1 Offshore,Euronext Growth Oslo
wti:d95,ENH,3m,4,-0.38754889193181924,-0.17763540688652052,-0.8700248421872643,0.38428682837545824,0.75,True,0.9949167923620882,False,SED ENERGY HOLDING,Oslo Børs
wti:d95,SBO,3m,4,0.0001061925651970469,0.033383054994964585,-0.5419952640195137,0.5878217684580611,0.5,False,0.9949167923620882,False,SELVAAG BOLIG,Oslo Børs
wti:d95,SKUE,3m,4,0.03288776324695135,0.029654898384603383,0.05764263502856122,0.9540332882700079,0.5,True,0.9949167923620882,False,SKUE SPAREBANK,Oslo Børs
wti:d95,SOFTX,3m,3,0.4548261585117456,-0.163175665464821,1.4853992526857855,0.13743809352205902,0.6666666666666666,True,0.9880798190048607,False,SOFTOX SOLUTIONS,Euronext Growth Oslo
wti:d95,SOGN,3m,4,0.06577939902623191,0.03661981046065517,0.47495670120233496,0.6348178354567021,0.75,True,0.9949167923620882,False,SOGN SPAREBANK,Oslo Børs
wti:d95,SOFF,3m,4,-0.087858689975279,-0.029333105120972612,-0.2876080385300088,0.7736467909119222,0.75,False,0.9949167923620882,False,SOLSTAD OFFSHORE,Oslo Børs
wti:d95,MING,3m,4,0.07634148925666588,0.04162936280235035,0.7514256237197648,0.4523965465728759,0.75,True,0.9949167923620882,False,SPAREBANK 1 SMN,Oslo Børs
wti:d95,SB1NO,3m,4,0.03836958989998289,0.023417947399152025,0.2852850920034252,0.7754257333609749,0.75,True,0.9949167923620882,False,SPAREBANK 1 SØR-N,Oslo Børs
wti:d95,MORG,3m,4,0.02768323307821223,0.03097601401889139,-0.06472892753612161,0.9483898302700067,0.75,True,0.9949167923620882,False,SPAREBANKEN MØRE,Oslo Børs
wti:d95,SBNOR,3m,4,0.0855018828732838,0.030860200941840613,1.1295855590357338,0.2586508988198743,0.75,True,0.9949167923620882,False,SPAREBANKEN NORGE,Oslo Børs
wti:d95,SPOG,3m,4,-0.006005584364897246,0.025813634488132516,-0.5197752322810011,0.6032202439824654,0.25,False,0.9949167923620882,False,SPAREBANKEN ØST,Oslo Børs
wti:d95,SNOR,3m,3,0.010111470797526436,0.03264977327543193,-0.45171205791907654,0.6514764305143481,0.6666666666666666,False,0.9949167923620882,False,SPBK 1 NORDMØRE,Oslo Børs
wti:d95,SPOL,3m,3,0.028496540033571948,0.04565982880313579,-0.41921627829866787,0.6750580764422986,0.6666666666666666,True,0.9949167923620882,False,SPBK 1 ØSTLANDET,Oslo Børs
wti:d95,HELG,3m,4,-0.03506574084868004,0.037090502873641074,-1.607904374922162,0.10785612354277734,0.5,False,0.9565068590570871,False,SPBK1 HELGELAND,Oslo Børs
wti:d95,NONG,3m,4,0.060026153327208995,0.03606757533928407,0.5013477608602757,0.6161263976881468,0.75,True,0.9949167923620882,False,SPBK1 NORD-NORGE,Oslo Børs
wti:d95,RING,3m,4,0.007029965316422568,0.04248660286901571,-0.6633859203849625,0.5070834209212862,0.75,False,0.9949167923620882,False,SPBK1 RINGERIKE,Oslo Børs
wti:d95,SOAG,3m,4,0.07108529364185427,0.04190190603916896,0.5630827385199664,0.573378544990252,0.75,True,0.9949167923620882,False,SPBK1 ØSTFOLD AKE,Oslo Børs
wti:d95,SNI,3m,4,-0.08091868518483154,0.008340161192781644,-1.1754159872788261,0.23982833045928117,0.75,True,0.9949167923620882,False,STOLT-NIELSEN,Oslo Børs
wti:d95,STB,3m,4,0.04570440049592599,0.024921562812917374,0.30494696931527854,0.7604065420251283,0.75,True,0.9949167923620882,False,STOREBRAND,Oslo Børs
wti:d95,STRO,3m,4,-0.013658633850056792,0.005433188677792643,-0.1399285416603728,0.8887164501534889,0.5,False,0.9949167923620882,False,STRONGPOINT,Oslo Børs
wti:d95,SUBC,3m,4,0.15754261779699247,0.013965721964820427,1.5936073996463602,0.11102399609797334,1.0,True,0.9565068590570871,False,SUBSEA 7,Oslo Børs
wti:d95,TECH,3m,4,-0.1581995860451025,-0.05698005653323317,-0.6494807377144144,0.5160276929390173,0.75,True,0.9949167923620882,False,TECHSTEP,Oslo Børs
wti:d95,TEL,3m,4,0.012502212618937844,0.02805042579580599,-0.2634005918945727,0.7922418344423264,0.5,False,0.9949167923620882,False,TELENOR,Oslo Børs
wti:d95,TGS,3m,4,0.06951399101177506,0.023254364362652057,0.5420767465087476,0.5877656370635591,0.75,True,0.9949167923620882,False,TGS,Oslo Børs
wti:d95,TRMED,3m,3,-0.03964098302678964,-0.03191278552882028,-0.029497581405678652,0.9764677478622903,0.6666666666666666,False,0.9949167923620882,False,THOR MEDICAL,Oslo Børs
wti:d95,TOM,3m,4,0.04719902180362494,0.02229672481558812,0.27965676348353513,0.7797408529125498,0.75,False,0.9949167923620882,False,TOMRA SYSTEMS,Oslo Børs
wti:d95,VEI,3m,4,-0.004709994170658052,0.04626416925597555,-0.9108199895471333,0.3623902282578111,0.5,False,0.9949167923620882,False,VEIDEKKE,Oslo Børs
wti:d95,VEND,3m,3,-0.04961270694750985,0.02052891323714295,-0.6478483068685281,0.5170830677471481,0.3333333333333333,False,0.9949167923620882,False,VEND MARKETPLACES,Oslo Børs
wti:d95,VISTN,3m,3,0.23648983794778453,0.01419645317208546,1.9795988780692249,0.04774861916606673,0.6666666666666666,False,0.8357574804557348,False,VISTIN PHARMA,Oslo Børs
wti:d95,VOIM,3m,4,-0.09939201376093663,-0.09820557488410969,-0.006112066147364582,0.9951233071498199,0.5,False,0.9993753932073317,False,VOIM,Oslo Børs
wti:d95,VVL,3m,4,0.016847521282158204,0.030780589776833175,-0.24757032072426488,0.8044668765786237,0.5,False,0.9949167923620882,False,VOSS VEKSEL OGLAND,Oslo Børs
wti:d95,VOW,3m,4,0.24058122597057674,0.011159001601571884,1.40476716092652,0.1600905271717172,0.5,False,0.9903733062802498,False,VOW,Oslo Børs
wti:d95,WAWI,3m,4,0.03684502976797892,0.06203749714741072,-0.2854153835487997,0.7753259231129379,0.5,False,0.9949167923620882,False,WALLENIUS WILHELMS,Oslo Børs
wti:d95,WSTEP,3m,3,-0.08829899947688784,0.011356195082805907,-1.5540259160266647,0.12017823493637438,1.0,True,0.9565068590570871,False,WEBSTEP,Oslo Børs
wti:d95,WWI,3m,4,0.019495318431444406,0.04329332453027131,-0.41252641066230605,0.6799536268189987,0.5,False,0.9949167923620882,False,WILH. WILHELMSEN A,Oslo Børs
wti:d95,WWIB,3m,4,0.015539629532358254,0.03837553971146707,-0.40247148360358237,0.6873370708994915,0.5,False,0.9949167923620882,False,WILH. WILHELMSEN B,Oslo Børs
wti:d95,YAR,3m,4,0.05006748247522079,0.03952556498665952,0.14106226427158264,0.887820754252482,0.5,False,0.9949167923620882,False,YARA INTERNATIONAL,Oslo Børs
wti:d95,ZAL,3m,4,0.03255516181012068,0.04144964704996285,-0.10090608508708483,0.9196250125656964,0.75,True,0.9949167923620882,False,ZALARIS,Oslo Børs
wti:d95,ZENA,3m,3,0.3354915824112874,-0.05562752170772191,1.263008414611131,0.20658615569202776,1.0,True,0.9932026715962873,False,ZENITH ENERGY,Euronext Growth Oslo
wti:d95,5PG,6m,3,0.5990854384336153,-0.11623013374789548,2.0227267680921908,0.0431013255152306,0.6666666666666666,True,0.9994189914539522,False,5TH PLANET GAMES,Euronext Expand Oslo
wti:d95,AASB,6m,3,0.04426494617668152,0.047275705227418724,-0.04136285352342789,0.967006626032739,0.6666666666666666,False,0.9999935018945343,False,AASEN SPAREBANK,Euronext Growth Oslo
wti:d95,ABG,6m,4,0.14950537405788855,0.08841488528224664,0.6572114842086327,0.5110449422847548,0.5,True,0.9994189914539522,False,ABG SUNDAL COLLIER,Oslo Børs
wti:d95,ADS,6m,3,0.024185664825955955,-0.06457770528581087,0.268214764732466,0.7885340106305417,0.6666666666666666,False,0.9994189914539522,False,ADS MARITIME HOLD,Euronext Growth Oslo
wti:d95,AFG,6m,4,0.15473016883386015,0.09851327094567298,0.6493142070901298,0.5161353046338922,0.75,True,0.9994189914539522,False,AF GRUPPEN,Oslo Børs
wti:d95,AKAST,6m,4,-0.1340025883205363,0.032943219458611984,-1.3479202387711533,0.1776840378481113,0.75,True,0.9994189914539522,False,AKASTOR,Oslo Børs
wti:d95,AKER,6m,4,0.19563865204319453,0.07400193551840505,0.45895799753265437,0.6462643287805914,0.75,True,0.9994189914539522,False,AKER,Oslo Børs
wti:d95,AKRBP,6m,4,0.16734483569087077,0.09673558241376753,0.46391742602611424,0.6427069073299139,1.0,True,0.9994189914539522,False,AKER BP,Oslo Børs
wti:d95,AKSO,6m,4,0.0924614938587544,0.03401546347280801,0.3988547880243753,0.6900002045703548,0.5,False,0.9994189914539522,False,AKER SOLUTIONS,Oslo Børs
wti:d95,AKVA,6m,4,0.16064330940556215,0.06451724581690874,0.8774091673350415,0.38026443562194956,0.75,True,0.9994189914539522,False,AKVA GROUP,Oslo Børs
wti:d95,ALNG,6m,4,-0.19490233393301615,-0.03011596044311813,-0.9011191567356425,0.3675249684651379,0.75,True,0.9994189914539522,False,ALNG,Euronext Expand Oslo
wti:d95,ABTEC,6m,4,-0.04463001006186146,-0.1593437377480992,0.3594354828307669,0.7192693343542511,0.5,False,0.9994189914539522,False,AQUA BIO TECHNO,Euronext Expand Oslo
wti:d95,AQUA,6m,4,0.18687498466726063,0.06249752896509027,0.931643749048196,0.35152066574653607,0.75,True,0.9994189914539522,False,AQUALIS,Oslo Børs
wti:d95,ARCH,6m,4,-0.1850808079409202,-0.1430265565287835,-0.20168840196424587,0.840160330167872,0.75,True,0.9994189914539522,False,ARCHER,Oslo Børs
wti:d95,AZT,6m,4,0.35397571205902406,0.015433337264517871,1.2954379803279792,0.19516918316438178,0.25,False,0.9994189914539522,False,ARCTICZYMES TECHNO,Oslo Børs
wti:d95,AFK,6m,4,0.1317756738883309,0.08696588545794216,0.44051074924356015,0.6595672286656614,0.75,True,0.9994189914539522,False,ARENDALS FOSSEKOMP,Oslo Børs
wti:d95,ARR,6m,4,-0.1834172919862118,-0.2151038642944031,0.07148926848524942,0.9430083652139212,0.5,False,0.9998456996038482,False,ARRIBATEC GROUP,Oslo Børs
wti:d95,ATEA,6m,4,-0.010317310666070792,0.010514953063937184,-0.1503419973181489,0.8804948004390585,0.5,False,0.9994189914539522,False,ATEA,Oslo Børs
wti:d95,ASA,6m,3,-0.5520914367820821,-0.5577248868615933,0.01232653091667883,0.9901651003519104,0.3333333333333333,False,0.9999935018945343,False,ATLANTIC SAPPHIRE,Oslo Børs
wti:d95,AURG,6m,4,0.04368267319200213,0.07894643139831323,-0.44997568456556314,0.6527279734111968,0.75,True,0.9994189914539522,False,AURSKOG SPAREBANK,Oslo Børs
wti:d95,AUSS,6m,4,-0.03568605928911085,0.06278375903000119,-1.007251103528001,0.31381412066143455,0.75,False,0.9994189914539522,False,AUSTEVOLL SEAFOOD,Oslo Børs
wti:d95,ACR,6m,4,-0.300837354027274,-0.10738685749379741,-0.8949765997475341,0.37079959703989857,0.75,True,0.9994189914539522,False,AXACTOR,Oslo Børs
wti:d95,B2I,6m,3,0.08643649417183148,0.06512923438108137,0.13996268589368366,0.888689472470503,0.6666666666666666,False,0.9994189914539522,False,B2 Impact,Oslo Børs
wti:d95,BAKKA,6m,4,0.15248794519992792,0.10883735100438918,0.45736788814248247,0.6474066413025313,0.5,True,0.9994189914539522,False,BAKKAFROST,Oslo Børs
wti:d95,BALT,6m,3,0.018156677413458788,0.03598318963138914,-0.17971531890223003,0.8573760665084958,0.3333333333333333,False,0.9994189914539522,False,BALTIC SEA PROP,Euronext Growth Oslo
wti:d95,BINT,6m,3,0.20845462812807347,0.003101354068821596,0.7834755025928031,0.43334793384665654,0.6666666666666666,False,0.9994189914539522,False,BEVEST,Oslo Børs
wti:d95,BSP,6m,3,-0.24638275400652945,-0.03306889203373758,-0.29608896247187894,0.7671621429497357,1.0,True,0.9994189914539522,False,BLACK SEA PROPERTY,Euronext Growth Oslo
wti:d95,BNOR,6m,4,-0.30688746962884045,-0.1191135570836337,-0.46671470707554996,0.64070400606343,0.5,False,0.9994189914539522,False,BLUENORD,Oslo Børs
wti:d95,BONHR,6m,4,0.20008822949400862,0.0574427681694835,1.619781325824822,0.10527925909917887,0.5,True,0.9994189914539522,False,BONHEUR,Oslo Børs
wti:d95,BOR,6m,4,-0.03331548334075608,-0.04490674349150269,0.06913966489065794,0.9448784485359867,0.75,True,0.9998456996038482,False,BORGESTAD,Oslo Børs
wti:d95,BORR,6m,3,-0.23356095363437004,-0.1407653305077165,-0.2700782764177324,0.7871000342100184,1.0,True,0.9994189914539522,False,BORR DRILLING,Oslo Børs
wti:d95,BRG,6m,4,0.10676942482377261,0.09076078359469304,0.1929838449465166,0.846971620130877,0.75,True,0.9994189914539522,False,BORREGAARD,Oslo Børs
wti:d95,BOUV,6m,4,0.1990157962799809,0.12484030920636649,0.8819776016021189,0.3777889198663253,0.75,True,0.9994189914539522,False,BOUVET,Oslo Børs
wti:d95,BWLPG,6m,4,0.2992049195567187,0.07780709147600251,1.3645632788804645,0.17239035286156745,0.75,True,0.9994189914539522,False,BW LPG,Oslo Børs
wti:d95,BWO,6m,4,0.022091973814461256,-0.011351266271427716,0.21851315365726767,0.827029310795907,0.5,False,0.9994189914539522,False,BW OFFSHORE LTD,Oslo Børs
wti:d95,BMA,6m,4,0.26418385727197335,0.08666311167612509,1.3275259665235286,0.18433475618037426,1.0,True,0.9994189914539522,False,BYGGMA,Euronext Growth Oslo
wti:d95,CRNA,6m,3,0.6379601145155916,-0.166706164061011,1.806295684905511,0.07087216551401461,0.6666666666666666,False,0.9994189914539522,False,CIRCIO HOLDING,Oslo Børs
wti:d95,CONTX,6m,4,0.26039619818338167,0.012183665652415968,1.6321571848426089,0.10264637766351865,0.75,True,0.9994189914539522,False,CONTEXTVISION,Oslo Børs
wti:d95,DNB,6m,4,0.09657552585573881,0.07270047363530806,0.34670591779761434,0.7288122639222713,0.75,True,0.9994189914539522,False,DNB BANK,Oslo Børs
wti:d95,DNO,6m,4,-0.12887232046702002,0.0836658802407907,-1.396503788187282,0.16256284065103327,0.75,False,0.9994189914539522,False,DNO,Oslo Børs
wti:d95,EAM,6m,4,-0.21601582082630233,-0.17774397104245077,-0.10210446236875166,0.9186737590707752,0.75,True,0.9994189914539522,False,EAM SOLAR,Euronext Growth Oslo
wti:d95,EIOF,6m,4,-0.14077416707289914,0.0024574338290487756,-1.1980495467522065,0.23089772878046594,0.5,False,0.9994189914539522,False,EIDESVIK OFFSHORE,Oslo Børs
wti:d95,ELK,6m,3,0.058829973322389435,0.03359833020224106,0.23796804003412825,0.8119058825702046,1.0,True,0.9994189914539522,False,ELKEM,Oslo Børs
wti:d95,ELMRA,6m,3,0.23498423763671492,0.05608167483867253,0.9777077446870462,0.32821889025448575,1.0,True,0.9994189914539522,False,ELMERA GROUP,Oslo Børs
wti:d95,ENDUR,6m,4,-0.08839789229547523,-0.03248323743490151,-0.33663467894031035,0.7363923104799615,0.5,False,0.9994189914539522,False,ENDÚR,Oslo Børs
wti:d95,ENSU,6m,4,-0.7429511950785312,-0.16202157324635,-1.7753131393338637,0.07584619707670354,1.0,True,0.9994189914539522,False,ENSURGE MICROPOWER,Oslo Børs
wti:d95,ENTRA,6m,4,-0.05609427098787813,0.03430409485275826,-1.253457763805407,0.21003916084128346,0.75,False,0.9994189914539522,False,ENTRA,Oslo Børs
wti:d95,EQNR,6m,4,0.12037077746504353,0.05994865829126063,0.7711314942113335,0.44062899463429595,0.75,True,0.9994189914539522,False,EQUINOR,Oslo Børs
wti:d95,EQVA,6m,4,-0.21371240322027438,0.009846438492744755,-0.7917793770373628,0.42848932927717825,0.75,True,0.9994189914539522,False,EQVA,Oslo Børs
wti:d95,EPR,6m,3,0.11212876460722192,0.06708172275933469,0.3800525309813103,0.7039064213858862,0.6666666666666666,True,0.9994189914539522,False,EUROPRIS,Oslo Børs
wti:d95,DFENS,6m,3,0.15782150166374898,-0.22437787511574958,0.9809603205755576,0.32661230925349927,0.6666666666666666,True,0.9994189914539522,False,FJORD DEFENCE GR,Oslo Børs
wti:d95,FRO,6m,4,0.1075608218282208,0.007840098038882084,0.511543074957085,0.6089708342384703,0.75,True,0.9994189914539522,False,FRONTLINE,Oslo Børs
wti:d95,GENT,6m,3,-0.07035716752011985,0.010750003120099947,-0.5678150108725147,0.5701605860226333,0.6666666666666666,False,0.9994189914539522,False,GENTIAN DIAGNOSTIC,Oslo Børs
wti:d95,GJF,6m,4,0.09737715216587861,0.09639356690908053,0.015222114909000523,0.9878549785592707,0.75,True,0.9999935018945343,False,GJENSIDIGE FORSIKR,Oslo Børs
wti:d95,GEOS,6m,3,-0.1458880969290833,-0.09931175347108072,-0.17323937631478317,0.8624632737151794,0.6666666666666666,False,0.9994189914539522,False,GOLDEN ENERGY OFF,Euronext Growth Oslo
wti:d95,GOD,6m,4,0.1946603795328225,-0.056063653068790305,1.2151523089396885,0.22430800596839845,1.0,True,0.9994189914539522,False,GOODTECH,Oslo Børs
wti:d95,GSF,6m,4,-0.0340426294341577,0.0730846053029683,-0.651514491123886,0.514714425801122,0.5,False,0.9994189914539522,False,GRIEG SEAFOOD,Oslo Børs
wti:d95,GRONG,6m,3,0.05880888486505186,0.0889120105628689,-0.45971017998417363,0.6457242615448551,0.6666666666666666,False,0.9994189914539522,False,GRONG SPAREBANK,Euronext Growth Oslo
wti:d95,GYL,6m,4,0.016603357459573406,0.021970755564966568,-0.05094925306203401,0.9593659581770836,0.75,False,0.9999935018945343,False,GYLDENDAL,Oslo Børs
wti:d95,HAVI,6m,4,-0.1598275479511319,-0.12518815893393792,-0.1458372178018868,0.8840498944310279,0.75,True,0.9994189914539522,False,HAVILA SHIPPING,Oslo Børs
wti:d95,HEX,6m,4,0.2475662592709793,0.048538435726405045,1.18995406939692,0.2340644451496353,0.75,True,0.9994189914539522,False,HEXAGON COMPOSITES,Oslo Børs
wti:d95,HBC,6m,4,0.3023185137906615,-0.02650647810888541,1.8629974079775993,0.06246263090942397,0.75,True,0.9994189914539522,False,HOFSETH BIOCARE,Oslo Børs
wti:d95,HUNT,6m,4,-0.0023189107496962014,0.01850812573289175,-0.07894591385164292,0.937075643205629,0.5,False,0.9998456996038482,False,HUNTER GROUP,Euronext Expand Oslo
wti:d95,HSPG,6m,4,0.0878556277972844,0.08937808898800347,-0.00611336499136085,0.9951222708416095,0.5,True,0.9999935018945343,False,HØLAND OG SETSKOG,Oslo Børs
wti:d95,IDEX,6m,4,0.3469094585564373,-0.08784349303248631,1.337422039413491,0.18108491434837967,0.75,True,0.9994189914539522,False,IDEX BIOMETRICS,Oslo Børs
wti:d95,INDCT,6m,3,-0.48477088000105756,-0.12071502314625132,-1.3665710595799636,0.17175979355911025,0.6666666666666666,False,0.9994189914539522,False,INDUCT,Euronext Growth Oslo
wti:d95,IOX,6m,4,0.1972048608381698,-0.15622803715278183,1.1985726634311935,0.2306941529768643,0.5,False,0.9994189914539522,False,INTEROIL EXPL PROD,Oslo Børs
wti:d95,ITERA,6m,4,-0.010024514827764688,0.009953212837439883,-0.18097409532801026,0.8563879091900488,0.5,False,0.9994189914539522,False,ITERA,Oslo Børs
wti:d95,JIN,6m,4,-0.01816774794049132,0.035480883569499806,-0.2663304225572871,0.7899847451185362,0.75,False,0.9994189914539522,False,JINHUI SHIPP TRANS,Oslo Børs
wti:d95,JAREN,6m,4,0.038681317420078395,0.0756156969535117,-0.46594140063451756,0.6412574459287352,0.75,True,0.9994189914539522,False,JÆREN SPAREBANK,Oslo Børs
wti:d95,KID,6m,3,0.19900730502882777,0.10592470169785576,0.8249200408351415,0.4094169876568778,1.0,True,0.9994189914539522,False,KID,Oslo Børs
wti:d95,KIT,6m,4,0.35368400373353354,0.04653271937628948,1.9826616099874694,0.047405240490352114,1.0,True,0.9994189914539522,False,KITRON,Oslo Børs
wti:d95,KOA,6m,4,-0.49958150832692166,-0.06764395250718769,-2.203309967450695,0.02757290892869337,1.0,True,0.9994189914539522,False,KONGSBERG AUTOMOT,Oslo Børs
wti:d95,KOG,6m,4,-0.051777430360169026,0.0930952343720253,-1.3548783544884027,0.17545631706565273,0.75,False,0.9994189914539522,False,KONGSBERG GRUPPEN,Oslo Børs
wti:d95,LSG,6m,4,-0.04233666134093285,0.07206937073881954,-1.1834976975850426,0.23661195847346397,0.75,False,0.9994189914539522,False,LERØY SEAFOOD GP,Oslo Børs
wti:d95,LIFE,6m,3,-0.31974231396610747,-0.24984351554632742,-0.1325880904969237,0.8945191516637613,0.6666666666666666,True,0.9994189914539522,False,LIFECARE,Oslo Børs
wti:d95,MGN,6m,4,0.19795914535513165,-0.040073843972270054,1.0138961790506398,0.3106322948019575,0.75,True,0.9994189914539522,False,MAGNORA,Oslo Børs
wti:d95,MEDI,6m,4,0.374674543435413,0.08798797457143546,2.4732864582829226,0.013387678510133878,0.75,True,0.9994189914539522,False,MEDISTIM,Oslo Børs
wti:d95,MELG,6m,4,0.05581328082910318,0.05100796024122428,0.06390456461513395,0.9490462176731977,0.75,True,0.9999935018945343,False,MELHUS SPAREBANK,Oslo Børs
wti:d95,MOWI,6m,4,-0.019467240576952045,-0.048732944577876525,0.10039733513909099,0.9200288853297272,0.5,False,0.9994189914539522,False,MOWI,Oslo Børs
wti:d95,MPCC,6m,3,-0.3305886321631388,0.09541122890840498,-1.57586183732865,0.11505764760421121,0.6666666666666666,False,0.9994189914539522,False,MPC CONTAINER SHIP,Oslo Børs
wti:d95,MULTI,6m,3,0.0943729225860328,0.04493402534468831,0.43590556832387095,0.6629052449202032,0.6666666666666666,False,0.9994189914539522,False,MULTICONSULT,Oslo Børs
wti:d95,NAPA,6m,4,0.1190476274290597,0.05618650836435849,0.20942105737389727,0.8341195557936377,0.5,False,0.9994189914539522,False,NAPATECH,Oslo Børs
wti:d95,NAVA,6m,4,0.07744056049311754,0.03570809832813799,0.2789631730026954,0.7802730869436999,0.5,False,0.9994189914539522,False,NAVAMEDIC,Oslo Børs
wti:d95,NKR,6m,4,0.20593283340411966,0.02621196988388094,1.1335826904773834,0.2569696371884904,1.0,True,0.9994189914539522,False,NEKKAR,Oslo Børs
wti:d95,NEL,6m,4,0.4074342407267115,-0.08798792068433603,1.8928421004679752,0.05837887093927485,0.75,True,0.9994189914539522,False,NEL,Oslo Børs
wti:d95,NEXT,6m,4,-1.3551798653534086,-0.259527585775064,-2.5959704094222364,0.00943241880897599,0.5,True,0.9994189914539522,False,NEXT BIOMETRICS GP,Oslo Børs
wti:d95,NOM,6m,4,-0.2833016569152154,-0.03808259369574752,-1.319533422908748,0.18699084396026872,0.5,False,0.9994189914539522,False,NORDIC MINING,Oslo Børs
wti:d95,NOD,6m,4,0.27118264283586957,0.07771592429204333,1.0547731314779196,0.2915290957370024,0.75,True,0.9994189914539522,False,NORDIC SEMICONDUC,Oslo Børs
wti:d95,NHY,6m,4,-0.10191987130055025,0.06182802999477086,-2.01016240599972,0.04441400286399106,0.5,True,0.9994189914539522,False,NORSK HYDRO,Oslo Børs
wti:d95,NORTH,6m,4,0.0018032341666106844,-0.03190671512066587,0.2486232789464248,0.803652199811967,0.25,False,0.9994189914539522,False,NORTH ENERGY,Euronext Expand Oslo
wti:d95,NAS,6m,4,-0.77052265626949,-0.08620595500032285,-2.2014785527509333,0.027702163380241816,0.75,True,0.9994189914539522,False,NORWEGIAN AIR SHUT,Oslo Børs
wti:d95,NRC,6m,4,0.1728529936377612,-0.1783679291992541,1.1413031874183142,0.2537437761933963,0.5,False,0.9994189914539522,False,NRC GROUP,Oslo Børs
wti:d95,ODL,6m,4,-0.2104745132078017,0.06953166018794027,-1.352985500036496,0.17606026270972344,1.0,True,0.9994189914539522,False,ODFJELL DRILLING,Oslo Børs
wti:d95,ODF,6m,4,-0.06707454257213964,0.04799959327902333,-0.9771154257881716,0.3285120117295038,0.75,True,0.9994189914539522,False,ODFJELL SER. A,Oslo Børs
wti:d95,ODFB,6m,4,-0.06224003642417909,0.058886000013908896,-1.0746966776109215,0.28251055171531203,0.75,True,0.9994189914539522,False,ODFJELL SER. B,Oslo Børs
wti:d95,OET,6m,3,0.1072591927916841,0.19176056980881898,-0.5508551782574898,0.5817329553126261,0.6666666666666666,False,0.9994189914539522,False,OKEANIS ECO TANKER,Oslo Børs
wti:d95,ONCIN,6m,3,0.1596881398844996,-0.41053333399267705,0.9520304679392592,0.34108153021064574,0.6666666666666666,False,0.9994189914539522,False,ONCOINVENT,Oslo Børs
wti:d95,ORK,6m,4,0.08449490290723105,0.062141500832989985,0.2779047016250999,0.7810855146433874,1.0,True,0.9994189914539522,False,ORKLA,Oslo Børs
wti:d95,PEN,6m,4,-0.028419961698526452,0.008039099118627156,-0.2229152440214117,0.8236014718717718,0.25,False,0.9994189914539522,False,PANORO ENERGY,Oslo Børs
wti:d95,PARB,6m,3,-0.07242712070897388,0.07048799496753273,-1.9600030457518618,0.04999543430427346,0.6666666666666666,True,0.9994189914539522,False,PARETO BANK,Oslo Børs
wti:d95,PSE,6m,4,0.19242323147836976,-0.15173440818990236,1.4227347795953733,0.15481305433943165,0.5,False,0.9994189914539522,False,PETROLIA,Oslo Børs
wti:d95,PHO,6m,4,0.07655457854021952,-0.007851456765818339,0.5838970125751771,0.5592896032176158,0.75,True,0.9994189914539522,False,PHOTOCURE,Oslo Børs
wti:d95,PPG,6m,3,0.02218269774152906,0.061373716299876604,-0.6595704832336893,0.5095295011730667,0.6666666666666666,False,0.9994189914539522,False,PIONEER PROPERTY,Euronext Expand Oslo
wti:d95,POL,6m,4,0.08721303569488546,-0.004170827326747124,0.43589543462122565,0.662912597643698,0.75,True,0.9994189914539522,False,POLARIS MEDIA,Oslo Børs
wti:d95,PLT,6m,3,-0.0707966791619676,0.025865588155189006,-0.24183165116931674,0.8089106126035926,0.3333333333333333,False,0.9994189914539522,False,POLIGHT,Oslo Børs
wti:d95,PRS,6m,4,-0.04879990391591926,-0.21815093979590597,0.5469453878458916,0.5844162521759024,0.75,False,0.9994189914539522,False,PROSAFE,Oslo Børs
wti:d95,PROT,6m,4,0.16478946456523214,0.14945025778161006,0.13540387593545997,0.8922925598029794,0.5,True,0.9994189914539522,False,PROTECTOR FORSIKRG,Oslo Børs
wti:d95,QEC,6m,4,-0.3488617751897448,0.009217307887287795,-1.4951115419143417,0.13488533413787018,1.0,True,0.9994189914539522,False,QUESTERRE ENERGY,Oslo Børs
wti:d95,REACH,6m,4,-0.11532260627626738,-0.07576977110154866,-0.19097419610470953,0.848545809595785,0.75,True,0.9994189914539522,False,REACH SUBSEA,Oslo Børs
wti:d95,RIVER,6m,3,-0.415592266579655,-0.17840772095540847,-0.7843143415577538,0.43285568628562004,1.0,True,0.9994189914539522,False,RIVER TECH,Euronext Growth Oslo
wti:d95,ROGS,6m,4,0.06724511365284501,0.060996457939976226,0.06318585102053431,0.949618511515067,0.5,True,0.9999935018945343,False,ROGALAND SPAREBANK,Oslo Børs
wti:d95,ROMER,6m,3,0.04840143845158939,0.08439050464246682,-0.5263871708015956,0.598619227588729,0.6666666666666666,False,0.9994189914539522,False,ROMERIKE SPAREBK,Euronext Growth Oslo
wti:d95,ROM,6m,4,0.021207312059454267,-0.06196901253826153,0.4155080407800643,0.6777700301200664,0.5,False,0.9994189914539522,False,ROMREAL,Euronext Expand Oslo
wti:d95,SDSD,6m,4,0.006585177361297573,-0.04059006472316869,0.24548971660966237,0.8060772695714784,0.5,False,0.9994189914539522,False,S.D. STANDARD ETC,Oslo Børs
wti:d95,SAGA,6m,4,0.08725799295636717,-0.0271435380258717,0.6967309429462436,0.48597119031562047,0.75,True,0.9994189914539522,False,SAGA PURE,Oslo Børs
wti:d95,SALM,6m,4,0.059853043888585145,0.11806625319907789,-0.5351557058080791,0.5925421924656845,0.5,False,0.9994189914539522,False,SALMAR,Oslo Børs
wti:d95,SCANA,6m,4,-0.22608305264889395,-0.10803077317668928,-0.45575798901107856,0.648564017135124,0.25,False,0.9994189914539522,False,SCANA,Oslo Børs
wti:d95,SCATC,6m,4,0.1603356403551841,0.07196092934096315,0.6487124202314308,0.5165242748693919,0.75,True,0.9994189914539522,False,SCATEC,Oslo Børs
wti:d95,SEA1,6m,4,-0.0853854589171742,0.010654051132077083,-0.304220562397964,0.760959860280052,0.5,False,0.9994189914539522,False,Sea1 Offshore,Euronext Growth Oslo
wti:d95,ENH,6m,4,-0.6097834566302482,-0.353754062391774,-0.70923664666784,0.4781776355393963,0.75,True,0.9994189914539522,False,SED ENERGY HOLDING,Oslo Børs
wti:d95,SBO,6m,4,0.0793889612583148,0.07130158270996023,0.08632211612651215,0.9312103579675495,0.5,True,0.9998456996038482,False,SELVAAG BOLIG,Oslo Børs
wti:d95,SKUE,6m,4,0.12022330764759293,0.0639507211283728,0.640801635521996,0.5216515701936251,0.75,True,0.9994189914539522,False,SKUE SPAREBANK,Oslo Børs
wti:d95,SOFTX,6m,3,0.17722441873172276,-0.35978347075285877,0.7944222849523053,0.42694963500951744,1.0,True,0.9994189914539522,False,SOFTOX SOLUTIONS,Euronext Growth Oslo
wti:d95,SOGN,6m,4,0.05970098166995007,0.08032475931740489,-0.22867440992431567,0.8191219857290197,0.5,False,0.9994189914539522,False,SOGN SPAREBANK,Oslo Børs
wti:d95,SOFF,6m,4,-0.17415570208736247,-0.10564285420848128,-0.18143014951128683,0.856029955664948,0.75,True,0.9994189914539522,False,SOLSTAD OFFSHORE,Oslo Børs
wti:d95,MING,6m,4,0.12033281507532134,0.07930680620579171,0.6404946932704483,0.5218510380762367,1.0,True,0.9994189914539522,False,SPAREBANK 1 SMN,Oslo Børs
wti:d95,SB1NO,6m,4,0.07355021894421952,0.04916254443199469,0.3274854654685145,0.7433007343282563,0.75,True,0.9994189914539522,False,SPAREBANK 1 SØR-N,Oslo Børs
wti:d95,MORG,6m,4,0.053489662728426805,0.060772802700185084,-0.10360923976388961,0.9174794548603096,0.75,True,0.9994189914539522,False,SPAREBANKEN MØRE,Oslo Børs
wti:d95,SBNOR,6m,4,0.10477657186847,0.0613857308101191,0.5803933970127142,0.5616493569021528,1.0,True,0.9994189914539522,False,SPAREBANKEN NORGE,Oslo Børs
wti:d95,SPOG,6m,4,-0.004762254622704534,0.0457291147531535,-0.5696307980591211,0.5689281351469296,0.5,False,0.9994189914539522,False,SPAREBANKEN ØST,Oslo Børs
wti:d95,SNOR,6m,3,0.003687359141941432,0.06668191132665183,-0.9077869561800521,0.3639907912029725,0.6666666666666666,False,0.9994189914539522,False,SPBK 1 NORDMØRE,Oslo Børs
wti:d95,SPOL,6m,3,0.013888106989516471,0.09134267562492694,-1.2388236871970988,0.21541079970160035,0.6666666666666666,False,0.9994189914539522,False,SPBK 1 ØSTLANDET,Oslo Børs
wti:d95,HELG,6m,4,0.04519300987373198,0.0789169893116376,-0.5436242714658611,0.5867000540368974,0.5,True,0.9994189914539522,False,SPBK1 HELGELAND,Oslo Børs
wti:d95,NONG,6m,4,0.09025541749396493,0.06388709983341381,0.3783821038644767,0.7051467607379629,0.75,True,0.9994189914539522,False,SPBK1 NORD-NORGE,Oslo Børs
wti:d95,RING,6m,4,0.05385605799758329,0.0843441820956434,-0.4172153457614021,0.676520901617633,0.75,True,0.9994189914539522,False,SPBK1 RINGERIKE,Oslo Børs
wti:d95,SOAG,6m,4,0.11447785724376036,0.08351429991753127,0.39960436664971005,0.6894479397293087,0.75,True,0.9994189914539522,False,SPBK1 ØSTFOLD AKE,Oslo Børs
wti:d95,SNI,6m,4,-0.027409126459577056,0.027279762530979367,-0.5216397299000194,0.6019211955193937,0.75,False,0.9994189914539522,False,STOLT-NIELSEN,Oslo Børs
wti:d95,STB,6m,4,0.11585096858225874,0.04733075718790144,0.8597531380349482,0.3899251362723576,0.5,True,0.9994189914539522,False,STOREBRAND,Oslo Børs
wti:d95,STRO,6m,4,0.1892886567027917,-0.011512577545043961,1.0458560079968071,0.29562751787938985,0.75,True,0.9994189914539522,False,STRONGPOINT,Oslo Børs
wti:d95,SUBC,6m,4,0.12928002005087824,0.035897282857624065,0.7044456982799312,0.4811552555652285,0.75,True,0.9994189914539522,False,SUBSEA 7,Oslo Børs
wti:d95,TECH,6m,4,-0.251211028741412,-0.12418235522599627,-0.5603051410941249,0.5752713213129728,0.5,False,0.9994189914539522,False,TECHSTEP,Oslo Børs
wti:d95,TEL,6m,4,0.03522440851780727,0.050912658968368746,-0.19756293093815197,0.84338703991698,0.75,True,0.9994189914539522,False,TELENOR,Oslo Børs
wti:d95,TGS,6m,4,0.01628081727785502,0.05194297638383915,-0.30451984786837105,0.7607318738975019,0.5,False,0.9994189914539522,False,TGS,Oslo Børs
wti:d95,TRMED,6m,3,-0.10766090473572028,-0.07004734805251081,-0.10075304303162466,0.9197465033124903,0.6666666666666666,False,0.9994189914539522,False,THOR MEDICAL,Oslo Børs
wti:d95,TOM,6m,4,0.0634635984297881,0.03221783178466814,0.2394547443555666,0.8107529845367805,0.75,False,0.9994189914539522,False,TOMRA SYSTEMS,Oslo Børs
wti:d95,VEI,6m,4,0.06314573192569783,0.08873977729871632,-0.3149030550370721,0.7528352619478444,0.5,False,0.9994189914539522,False,VEIDEKKE,Oslo Børs
wti:d95,VEND,6m,3,0.07277568662191773,0.041072875452194506,0.19934197074745186,0.841995250013891,0.6666666666666666,False,0.9994189914539522,False,VEND MARKETPLACES,Oslo Børs
wti:d95,VISTN,6m,3,0.3767784386862632,0.023874668767082132,2.2786982237057725,0.022685010417349757,0.6666666666666666,False,0.9994189914539522,False,VISTIN PHARMA,Oslo Børs
wti:d95,VOIM,6m,4,-0.33193672050296025,-0.20548752743518997,-0.4377379342855825,0.661576267326588,0.75,True,0.9994189914539522,False,VOIM,Oslo Børs
wti:d95,VVL,6m,4,0.10616768626823436,0.06657869288376014,0.47980336932179224,0.6313672168343263,0.75,True,0.9994189914539522,False,VOSS VEKSEL OGLAND,Oslo Børs
wti:d95,VOW,6m,4,0.431113174245728,0.018695162662073987,1.721205711673505,0.08521350175240619,0.5,True,0.9994189914539522,False,VOW,Oslo Børs
wti:d95,WAWI,6m,4,0.05844299530761575,0.11746292900468652,-0.4524737314014617,0.6509277410743051,0.5,False,0.9994189914539522,False,WALLENIUS WILHELMS,Oslo Børs
wti:d95,WSTEP,6m,3,0.022550746205393612,0.016616702176732667,0.07124605698128667,0.9432019263525969,0.6666666666666666,False,0.9998456996038482,False,WEBSTEP,Oslo Børs
wti:d95,WWI,6m,4,0.06251843028708003,0.08143457544416462,-0.22483454185022073,0.8221079934317361,0.5,True,0.9994189914539522,False,WILH. WILHELMSEN A,Oslo Børs
wti:d95,WWIB,6m,4,0.042996755882102264,0.0747586435333805,-0.40781654220581387,0.683408367981452,0.5,False,0.9994189914539522,False,WILH. WILHELMSEN B,Oslo Børs
wti:d95,YAR,6m,4,0.10209877936482313,0.07425227259036299,0.26702743932789696,0.7894480343871827,0.75,True,0.9994189914539522,False,YARA INTERNATIONAL,Oslo Børs
wti:d95,ZAL,6m,4,0.11186114448942706,0.06423829063798424,0.3831554683543141,0.7016044941496767,0.75,True,0.9994189914539522,False,ZALARIS,Oslo Børs
wti:d95,ZENA,6m,3,-0.1050867721362977,-0.11258484161669528,0.017518980674332954,0.9860225907812916,0.3333333333333333,False,0.9999935018945343,False,ZENITH ENERGY,Euronext Growth Oslo
wti:d95,ABG,12m,3,0.36837707282020143,0.17483533308416974,1.2077816478838892,0.22713126240567755,0.6666666666666666,True,0.8855244831355399,False,ABG SUNDAL COLLIER,Oslo Børs
wti:d95,AFG,12m,3,0.26029035997338074,0.20885988072440104,0.36090087842949015,0.718173546890711,0.6666666666666666,True,0.9572013166659956,False,AF GRUPPEN,Oslo Børs
wti:d95,AKAST,12m,3,-0.5397595197842423,0.06371087002684425,-2.917470845019525,0.0035288263675188856,1.0,True,0.67665311322097,False,AKASTOR,Oslo Børs
wti:d95,AKER,12m,3,0.232040418896959,0.14620135463703982,0.18794844961817309,0.850917062143303,1.0,True,0.9675309539804956,False,AKER,Oslo Børs
wti:d95,AKRBP,12m,3,0.33764979768688136,0.19613701450518897,0.5334852173791487,0.5936977413348787,1.0,True,0.9256729493928433,False,AKER BP,Oslo Børs
wti:d95,AKSO,12m,3,-0.09955801806751889,0.06806349530875468,-0.7053605934714487,0.4805858608342284,0.6666666666666666,False,0.8855244831355399,False,AKER SOLUTIONS,Oslo Børs
wti:d95,AKVA,12m,3,0.30936104841172024,0.1287848617122667,0.949324318957721,0.34245568858045006,0.6666666666666666,True,0.8855244831355399,False,AKVA GROUP,Oslo Børs
wti:d95,ALNG,12m,3,-0.591884077632643,-0.08390662429151922,-1.5680934869541419,0.11685931631338443,1.0,True,0.8855244831355399,False,ALNG,Euronext Expand Oslo
wti:d95,ABTEC,12m,3,0.4585768568502782,-0.3338956168740375,1.4615117785851686,0.1438750455204632,0.6666666666666666,True,0.8855244831355399,False,AQUA BIO TECHNO,Euronext Expand Oslo
wti:d95,AQUA,12m,3,-0.058203173166538856,0.11415128374890499,-0.7686143886061886,0.4421222611889609,0.6666666666666666,False,0.8855244831355399,False,AQUALIS,Oslo Børs
wti:d95,ARCH,12m,3,-0.7755048373494899,-0.2779128009457393,-1.429346089810662,0.15290478501121993,0.6666666666666666,True,0.8855244831355399,False,ARCHER,Oslo Børs
wti:d95,AZT,12m,3,0.6780880937822483,0.018658359635107185,1.5108500834649565,0.13082665104814697,0.6666666666666666,True,0.8855244831355399,False,ARCTICZYMES TECHNO,Oslo Børs
wti:d95,AFK,12m,3,0.22753252688524359,0.16488412773941089,0.3578374906707651,0.7204649322973422,0.6666666666666666,True,0.9572013166659956,False,ARENDALS FOSSEKOMP,Oslo Børs
wti:d95,ATEA,12m,3,0.09372833115052372,0.029761694813063427,0.27368898394940466,0.784323644174714,1.0,True,0.9625697521179546,False,ATEA,Oslo Børs
wti:d95,AURG,12m,3,0.07513658022518659,0.14985828311661697,-0.5895636487051532,0.5554832285851633,0.6666666666666666,False,0.8983555341116912,False,AURSKOG SPAREBANK,Oslo Børs
wti:d95,AUSS,12m,3,0.03590597171598592,0.13383610450907946,-0.5930999203140968,0.5531142837870783,0.3333333333333333,False,0.8983555341116912,False,AUSTEVOLL SEAFOOD,Oslo Børs
wti:d95,ACR,12m,3,0.022440432352929435,-0.16295270591154082,0.4977973059001217,0.618626915032517,0.3333333333333333,False,0.9290947960813225,False,AXACTOR,Oslo Børs
wti:d95,BAKKA,12m,3,0.3709940304707268,0.21182411071986146,0.9482578256294834,0.3429982154836466,0.6666666666666666,True,0.8855244831355399,False,BAKKAFROST,Oslo Børs
wti:d95,BNOR,12m,3,-0.3890594084710404,-0.25484538556102987,-0.1904940354665546,0.8489220166234572,1.0,True,0.9675309539804956,False,BLUENORD,Oslo Børs
wti:d95,BONHR,12m,3,0.20513431148283978,0.10847477277168203,0.6387032363009623,0.5230160069730757,0.3333333333333333,False,0.8983555341116912,False,BONHEUR,Oslo Børs
wti:d95,BOR,12m,3,0.024318078354838773,-0.09118656510706294,0.42838115916587977,0.6683736394885635,0.6666666666666666,False,0.9426303000689772,False,BORGESTAD,Oslo Børs
wti:d95,BRG,12m,3,0.22108108501116872,0.19369559614198745,0.21006385352149046,0.8336178367330517,1.0,True,0.9675309539804956,False,BORREGAARD,Oslo Børs
wti:d95,BOUV,12m,3,0.45759792514474706,0.2515033301799302,1.3366150270959278,0.1813483313466144,1.0,True,0.8855244831355399,False,BOUVET,Oslo Børs
wti:d95,BWLPG,12m,3,0.5317800736243247,0.15083669361836796,1.7648457262702826,0.07758969727372599,0.6666666666666666,True,0.8855244831355399,False,BW LPG,Oslo Børs
wti:d95,BWO,12m,3,-0.3225396908620912,-0.02792852149670708,-1.1332833953357,0.25709526248002756,0.3333333333333333,False,0.8855244831355399,False,BW OFFSHORE LTD,Oslo Børs
wti:d95,BMA,12m,3,0.5359170013410229,0.17428770487687045,1.7245922031498309,0.08460098953995929,1.0,True,0.8855244831355399,False,BYGGMA,Euronext Growth Oslo
wti:d95,CONTX,12m,3,0.46743708135139433,0.022756158929617777,1.71113984027663,0.08705530108770623,1.0,True,0.8855244831355399,False,CONTEXTVISION,Oslo Børs
wti:d95,DNB,12m,3,0.04245836175820485,0.1390721680154099,-0.8986374133724976,0.36884582367993224,0.6666666666666666,True,0.8855244831355399,False,DNB BANK,Oslo Børs
wti:d95,DNO,12m,3,-0.19066298237294302,0.14006679915303533,-1.350222938013304,0.17694448255480077,0.6666666666666666,False,0.8855244831355399,False,DNO,Oslo Børs
wti:d95,EAM,12m,3,-0.6763522248108943,-0.3804077776085486,-0.6910006386103804,0.4895651397259282,1.0,True,0.8855244831355399,False,EAM SOLAR,Euronext Growth Oslo
wti:d95,EIOF,12m,3,-0.30644158805517036,-0.012088427177736352,-1.3971051069949467,0.16238196630214202,0.6666666666666666,True,0.8855244831355399,False,EIDESVIK OFFSHORE,Oslo Børs
wti:d95,ENDUR,12m,3,-0.275194811127593,-0.0676242152870023,-0.7544859014571751,0.45055750791992194,1.0,True,0.8855244831355399,False,ENDÚR,Oslo Børs
wti:d95,ENSU,12m,3,-0.8389060983820755,-0.35259735310395707,-0.9170755827153336,0.35910303505308927,0.6666666666666666,True,0.8855244831355399,False,ENSURGE MICROPOWER,Oslo Børs
wti:d95,ENTRA,12m,3,0.07029665908485248,0.08216492706238353,-0.09951945154826868,0.9207258444623054,0.6666666666666666,False,0.9710877597922495,False,ENTRA,Oslo Børs
wti:d95,EQNR,12m,3,0.027290625867352373,0.11600534993925879,-0.6809805574746757,0.4958837928696763,0.6666666666666666,True,0.8855244831355399,False,EQUINOR,Oslo Børs
wti:d95,EQVA,12m,3,-0.13816747656064746,0.03216774293933727,-0.3809156768356007,0.703265819469068,0.6666666666666666,False,0.9572013166659956,False,EQVA,Oslo Børs
wti:d95,FRO,12m,3,-0.02644564383068093,0.01683138566484145,-0.13415435322281263,0.8932805203908349,0.6666666666666666,False,0.9699370647999099,False,FRONTLINE,Oslo Børs
wti:d95,GJF,12m,3,0.14384462909649742,0.17977659244584224,-0.3274324702020068,0.7433408110859576,0.6666666666666666,True,0.9580837120663455,False,GJENSIDIGE FORSIKR,Oslo Børs
wti:d95,GOD,12m,3,0.234518265170332,-0.10262938892232815,0.9744015034863512,0.32985722326257316,1.0,True,0.8855244831355399,False,GOODTECH,Oslo Børs
wti:d95,GSF,12m,3,-0.01905588357546543,0.17258807393159037,-0.7906352784285666,0.4291568540309932,0.3333333333333333,False,0.8855244831355399,False,GRIEG SEAFOOD,Oslo Børs
wti:d95,GYL,12m,3,0.08276486578685437,0.03761988355276571,0.2867039196641524,0.7743390360775524,0.6666666666666666,False,0.9625697521179546,False,GYLDENDAL,Oslo Børs
wti:d95,HAVI,12m,3,-0.9627624371454998,-0.26107990009273446,-1.669105394255611,0.09509649445410336,1.0,True,0.8855244831355399,False,HAVILA SHIPPING,Oslo Børs
wti:d95,HEX,12m,3,0.27450462900745953,0.10972670399804263,0.5949837858313586,0.5518543092876947,1.0,True,0.8983555341116912,False,HEXAGON COMPOSITES,Oslo Børs
wti:d95,HBC,12m,3,0.4328821453920609,-0.053348447550118666,1.630641019080101,0.10296608857753893,0.6666666666666666,False,0.8855244831355399,False,HOFSETH BIOCARE,Oslo Børs
wti:d95,HUNT,12m,3,-0.4776178716318494,-0.0038564684385611887,-1.1164235801448281,0.2642408647192263,0.6666666666666666,False,0.8855244831355399,False,HUNTER GROUP,Euronext Expand Oslo
wti:d95,HSPG,12m,3,0.09302744682523145,0.1365369493674904,-0.14723544252271126,0.8829461863483575,0.6666666666666666,False,0.968527258784014,False,HØLAND OG SETSKOG,Oslo Børs
wti:d95,IDEX,12m,3,0.17327020452008515,-0.20363819057845234,0.7105003131752615,0.4773939367997998,0.6666666666666666,False,0.8855244831355399,False,IDEX BIOMETRICS,Oslo Børs
wti:d95,IOX,12m,3,-0.20972734901833254,-0.35813912166737544,0.3487957782544832,0.7272426330823085,0.6666666666666666,True,0.9572013166659956,False,INTEROIL EXPL PROD,Oslo Børs
wti:d95,ITERA,12m,3,0.3143257357977036,0.030868695444737606,1.4048304966290888,0.16007168819478673,0.6666666666666666,True,0.8855244831355399,False,ITERA,Oslo Børs
wti:d95,JIN,12m,3,-0.28317650396572674,0.04902735531610138,-0.9678832650407743,0.33310267303002644,0.6666666666666666,True,0.8855244831355399,False,JINHUI SHIPP TRANS,Oslo Børs
wti:d95,JAREN,12m,3,0.0516787712020505,0.15565162351516057,-0.8157181786441848,0.4146613394478643,0.6666666666666666,False,0.8855244831355399,False,JÆREN SPAREBANK,Oslo Børs
wti:d95,KIT,12m,3,0.5659224085390896,0.11055343271172194,1.90336120181742,0.05699342995532578,1.0,True,0.8855244831355399,False,KITRON,Oslo Børs
wti:d95,KOA,12m,3,-0.45013272929736287,-0.1136123785437038,-1.0265262789672354,0.3046435832437043,0.6666666666666666,True,0.8855244831355399,False,KONGSBERG AUTOMOT,Oslo Børs
wti:d95,KOG,12m,3,0.09629160268624609,0.2056982938338748,-0.5945027032726801,0.5521759347708055,0.6666666666666666,True,0.8983555341116912,False,KONGSBERG GRUPPEN,Oslo Børs
wti:d95,LSG,12m,3,0.0577580828403069,0.14830633069592303,-0.6098795583908931,0.541941594554817,0.3333333333333333,False,0.8983555341116912,False,LERØY SEAFOOD GP,Oslo Børs
wti:d95,MGN,12m,3,0.4573389120231777,-0.11264592943681916,1.2782061243652694,0.20117675728621862,1.0,True,0.8855244831355399,False,MAGNORA,Oslo Børs
wti:d95,MEDI,12m,3,0.6919454712427561,0.17341096283137294,2.84396113996325,0.004455648176041719,1.0,True,0.67665311322097,False,MEDISTIM,Oslo Børs
wti:d95,MELG,12m,3,0.07803777860928318,0.10642517532200758,-0.21127200716283856,0.8326750249605261,0.6666666666666666,False,0.9675309539804956,False,MELHUS SPAREBANK,Oslo Børs
wti:d95,MOWI,12m,3,0.1068746070923805,-0.11111161082120992,0.4450413520949687,0.6562898705193186,0.6666666666666666,False,0.9426303000689772,False,MOWI,Oslo Børs
wti:d95,NAPA,12m,3,0.9283544914155586,0.14110307481824974,1.4622229044014081,0.14368013706676086,1.0,True,0.8855244831355399,False,NAPATECH,Oslo Børs
wti:d95,NAVA,12m,3,0.3028922657891772,0.07091570499259486,0.9051164260428467,0.3654037108938118,1.0,True,0.8855244831355399,False,NAVAMEDIC,Oslo Børs
wti:d95,NKR,12m,3,0.08841177308329155,0.04110590658881782,0.16120349801640751,0.8719331261334545,0.3333333333333333,False,0.9675309539804956,False,NEKKAR,Oslo Børs
wti:d95,NEL,12m,3,0.7021489184664361,-0.1740081006369571,1.975573271236198,0.048203128393579715,1.0,True,0.8570151656546281,False,NEL,Oslo Børs
wti:d95,NEXT,12m,3,0.06246973212357635,-0.4041808848776057,0.6744646074268958,0.5000159797015333,0.6666666666666666,False,0.8855244831355399,False,NEXT BIOMETRICS GP,Oslo Børs
wti:d95,NOM,12m,3,-0.007455497951674823,-0.06326036121142613,0.1902745033616385,0.84909403203006,0.6666666666666666,False,0.9675309539804956,False,NORDIC MINING,Oslo Børs
wti:d95,NOD,12m,3,0.4424896449007781,0.16405905087965234,0.9134666032497498,0.360997190393147,0.6666666666666666,True,0.8855244831355399,False,NORDIC SEMICONDUC,Oslo Børs
wti:d95,NHY,12m,3,0.010394283651050829,0.12804186553631183,-0.8978220038949916,0.3692804517920296,0.3333333333333333,False,0.8855244831355399,False,NORSK HYDRO,Oslo Børs
wti:d95,NORTH,12m,3,0.14456502447689637,-0.059514053138765004,0.8258259994761972,0.4089028032444222,0.3333333333333333,False,0.8855244831355399,False,NORTH ENERGY,Euronext Expand Oslo
wti:d95,NAS,12m,3,-1.3864493199020893,-0.17928583920653332,-2.0204448365613947,0.043337266631118886,0.6666666666666666,True,0.840940131564358,False,NORWEGIAN AIR SHUT,Oslo Børs
wti:d95,NRC,12m,3,0.12582138478854543,-0.33295739315053063,0.867829031330892,0.38548793458853703,0.3333333333333333,False,0.8855244831355399,False,NRC GROUP,Oslo Børs
wti:d95,ODL,12m,3,-0.07478896118822581,0.1051208965272969,-0.4768505922134661,0.6334685167004248,0.6666666666666666,False,0.9301563030031553,False,ODFJELL DRILLING,Oslo Børs
wti:d95,ODF,12m,3,0.05286211827635565,0.10466083484410402,-0.25720261755495716,0.7970223634513696,0.3333333333333333,False,0.9625697521179546,False,ODFJELL SER. A,Oslo Børs
wti:d95,ODFB,12m,3,0.049571748661689286,0.1024239889459484,-0.2645963516714299,0.791320430939394,0.3333333333333333,False,0.9625697521179546,False,ODFJELL SER. B,Oslo Børs
wti:d95,ORK,12m,3,0.09840310415026621,0.11200356973999044,-0.11255946652311372,0.9103798217857403,0.6666666666666666,False,0.9699370647999099,False,ORKLA,Oslo Børs
wti:d95,PEN,12m,3,0.038871529652339885,-0.019531641219887437,0.19685213692131928,0.8439432499054967,0.6666666666666666,False,0.9675309539804956,False,PANORO ENERGY,Oslo Børs
wti:d95,PSE,12m,3,0.15470496265176523,-0.2724418422346481,1.014545298660846,0.31032262586136533,0.3333333333333333,False,0.8855244831355399,False,PETROLIA,Oslo Børs
wti:d95,PHO,12m,3,0.292752317880122,0.002728755890894437,1.304062930641784,0.19221212661984693,1.0,True,0.8855244831355399,False,PHOTOCURE,Oslo Børs
wti:d95,POL,12m,3,0.3067812188959229,-0.014637411764937993,0.9033576857327025,0.3663360899047651,1.0,True,0.8855244831355399,False,POLARIS MEDIA,Oslo Børs
wti:d95,PRS,12m,3,-0.8089510272750694,-0.4464061194433666,-0.6752156128009457,0.4995387886895962,1.0,True,0.8855244831355399,False,PROSAFE,Oslo Børs
wti:d95,PROT,12m,3,0.4527664648304229,0.3081799426256764,0.7165910727134511,0.4736264544994188,1.0,True,0.8855244831355399,False,PROTECTOR FORSIKRG,Oslo Børs
wti:d95,QEC,12m,3,-0.37545679233059165,0.005684184513957261,-0.9817295267816675,0.32623311493068907,1.0,True,0.8855244831355399,False,QUESTERRE ENERGY,Oslo Børs
wti:d95,REACH,12m,3,-0.032863981493110796,-0.15505214560265115,0.3371243361430686,0.7360231725761572,0.6666666666666666,False,0.9572013166659956,False,REACH SUBSEA,Oslo Børs
wti:d95,ROGS,12m,3,-0.04627770147959955,0.12199817213383057,-1.0200419442242026,0.30770856853948164,0.6666666666666666,False,0.8855244831355399,False,ROGALAND SPAREBANK,Oslo Børs
wti:d95,ROM,12m,3,0.018183346968418185,-0.09993978916191054,0.3420467404499855,0.7323157175046309,0.3333333333333333,False,0.9572013166659956,False,ROMREAL,Euronext Expand Oslo
wti:d95,SDSD,12m,3,0.11476727988039498,-0.10092483732685657,0.705421018642613,0.48054826751660185,0.6666666666666666,True,0.8855244831355399,False,S.D. STANDARD ETC,Oslo Børs
wti:d95,SAGA,12m,3,0.5515799676897819,-0.03777517433938011,2.124379034005084,0.03363846172090928,1.0,True,0.840940131564358,False,SAGA PURE,Oslo Børs
wti:d95,SALM,12m,3,0.23139109990808182,0.23583766946435242,-0.025381313453098974,0.9797508160109697,0.6666666666666666,True,0.9929019699060749,False,SALMAR,Oslo Børs
wti:d95,SCANA,12m,3,-0.21700201282685316,-0.18544640610934954,-0.07166589162181368,0.9428678008820888,0.3333333333333333,False,0.9797525066521244,False,SCANA,Oslo Børs
wti:d95,SCATC,12m,3,0.33359259699839944,0.144484496538307,0.7682441173562873,0.4423421677495386,1.0,True,0.8855244831355399,False,SCATEC,Oslo Børs
wti:d95,SEA1,12m,3,-0.42762455343772365,0.01149257766959709,-0.8220140873018668,0.41106887934091063,1.0,True,0.8855244831355399,False,Sea1 Offshore,Euronext Growth Oslo
wti:d95,ENH,12m,3,-0.9605870005951699,-0.6796810423663371,-0.43068056467481136,0.6667006524037904,0.6666666666666666,True,0.9426303000689772,False,SED ENERGY HOLDING,Oslo Børs
wti:d95,SBO,12m,3,0.26793863355039327,0.15289261850724364,0.7355779656726283,0.46198757612840347,0.6666666666666666,True,0.8855244831355399,False,SELVAAG BOLIG,Oslo Børs
wti:d95,SKUE,12m,3,0.17703436988229057,0.11825664252151498,0.41471051476750465,0.678353834068033,0.6666666666666666,True,0.9507813126711748,False,SKUE SPAREBANK,Oslo Børs
wti:d95,SOGN,12m,3,0.007131017302760871,0.14395432295787539,-1.0175252978768876,0.30890360395904637,0.3333333333333333,False,0.8855244831355399,False,SOGN SPAREBANK,Oslo Børs
wti:d95,SOFF,12m,3,-2.1001765620175283,-0.2154435683649498,-3.086712799424633,0.0020238302987713656,1.0,True,0.67665311322097,False,SOLSTAD OFFSHORE,Oslo Børs
wti:d95,MING,12m,3,0.07884476476001984,0.15626314748651657,-0.6962830010845428,0.48625161666264266,0.6666666666666666,True,0.8855244831355399,False,SPAREBANK 1 SMN,Oslo Børs
wti:d95,SB1NO,12m,3,-0.022803844456165175,0.09862110376347022,-0.9131011362889262,0.36118935278658204,0.6666666666666666,False,0.8855244831355399,False,SPAREBANK 1 SØR-N,Oslo Børs
wti:d95,MORG,12m,3,-0.030351636266534348,0.12299764700273161,-1.1799691800592833,0.23801247303239748,0.3333333333333333,False,0.8855244831355399,False,SPAREBANKEN MØRE,Oslo Børs
wti:d95,SBNOR,12m,3,0.0765636380923515,0.11818816453195413,-0.3234939368580566,0.7463211985910763,0.6666666666666666,False,0.9592604879397767,False,SPAREBANKEN NORGE,Oslo Børs
wti:d95,SPOG,12m,3,0.0008682545666452804,0.10300977005408288,-0.6912841083929929,0.48938701655438244,0.6666666666666666,False,0.8855244831355399,False,SPAREBANKEN ØST,Oslo Børs
wti:d95,HELG,12m,3,0.10827687329141117,0.15032451876672925,-0.48650750347959776,0.6266073866191741,0.6666666666666666,True,0.9290947960813225,False,SPBK1 HELGELAND,Oslo Børs
wti:d95,NONG,12m,3,0.09084429156685238,0.137008022965586,-0.3822314528522475,0.7022896938459793,0.6666666666666666,True,0.9572013166659956,False,SPBK1 NORD-NORGE,Oslo Børs
wti:d95,RING,12m,3,0.09312590208767557,0.15865179706441224,-0.6213294638684492,0.5343828714636899,0.6666666666666666,False,0.8983555341116912,False,SPBK1 RINGERIKE,Oslo Børs
wti:d95,SOAG,12m,3,0.16134970775223523,0.16021800584966234,0.010323239966927607,0.9917633925080782,0.6666666666666666,True,0.9976304071812511,False,SPBK1 ØSTFOLD AKE,Oslo Børs
wti:d95,SNI,12m,3,-0.024375749580994106,0.045880808998216796,-0.39425046872981834,0.6933961280965641,0.6666666666666666,False,0.9572013166659956,False,STOLT-NIELSEN,Oslo Børs
wti:d95,STB,12m,3,0.23073666068531587,0.09605913490340262,1.0068655038422656,0.31399941122033903,1.0,True,0.8855244831355399,False,STOREBRAND,Oslo Børs
wti:d95,STRO,12m,3,0.5160822500295816,-0.01341452773346116,1.7486884658106847,0.08034488488139865,1.0,True,0.8855244831355399,False,STRONGPOINT,Oslo Børs
wti:d95,SUBC,12m,3,-0.004172798958318583,0.050414677360609186,-0.24117524411560712,0.8094192970000805,0.3333333333333333,False,0.9625697521179546,False,SUBSEA 7,Oslo Børs
wti:d95,TECH,12m,3,-0.5187125517300922,-0.2229728849582928,-0.9374988539094286,0.34850201302136413,0.6666666666666666,False,0.8855244831355399,False,TECHSTEP,Oslo Børs
wti:d95,TEL,12m,3,-0.14103380610884778,0.11343921278366094,-2.151248826457154,0.03145656502662461,1.0,True,0.840940131564358,False,TELENOR,Oslo Børs
wti:d95,TGS,12m,3,-0.11181933954872664,0.09005726777365729,-1.0799878149013389,0.2801476063229408,0.6666666666666666,True,0.8855244831355399,False,TGS,Oslo Børs
wti:d95,TOM,12m,3,0.18419586276439812,0.056068124563302756,0.6139488896191997,0.5392491019713044,0.6666666666666666,True,0.8983555341116912,False,TOMRA SYSTEMS,Oslo Børs
wti:d95,VEI,12m,3,0.24626147731621204,0.17981356488845018,0.524599475544872,0.5998616514006898,0.6666666666666666,True,0.9256729493928433,False,VEIDEKKE,Oslo Børs
wti:d95,VOIM,12m,3,-0.5114260712327934,-0.40949846390182587,-0.21713623000802995,0.8281021799851215,0.3333333333333333,False,0.9675309539804956,False,VOIM,Oslo Børs
wti:d95,VVL,12m,3,0.04082374085798637,0.12746256034829678,-0.6411795483900754,0.5214060356030743,0.6666666666666666,False,0.8983555341116912,False,VOSS VEKSEL OGLAND,Oslo Børs
wti:d95,VOW,12m,3,0.4938336533237879,0.028214812894694574,0.9836545313894254,0.3252854031090757,0.6666666666666666,False,0.8855244831355399,False,VOW,Oslo Børs
wti:d95,WAWI,12m,3,0.0780464466501881,0.22884550253314598,-0.7248197083011542,0.4685626434213948,0.6666666666666666,True,0.8855244831355399,False,WALLENIUS WILHELMS,Oslo Børs
wti:d95,WWI,12m,3,0.06295695642155058,0.1631860033561879,-0.7019863060517169,0.48268770348563095,1.0,True,0.8855244831355399,False,WILH. WILHELMSEN A,Oslo Børs
wti:d95,WWIB,12m,3,0.05040399803450851,0.16197291989867016,-0.7784458996530416,0.43630618855951186,1.0,True,0.8855244831355399,False,WILH. WILHELMSEN B,Oslo Børs
wti:d95,YAR,12m,3,-0.019902723916316065,0.13607637354501714,-0.9846524418394343,0.3247948207632668,0.6666666666666666,False,0.8855244831355399,False,YARA INTERNATIONAL,Oslo Børs
wti:d95,ZAL,12m,3,0.24414636782749052,0.12460224445268495,0.5094632499462343,0.6104275516198561,1.0,True,0.9290947960813225,False,ZALARIS,Oslo Børs
wti:d95,ABG,24m,3,0.47984880632839166,0.3681416863905886,0.5749054877976162,0.5653552182708138,1.0,True,0.999247941291574,False,ABG SUNDAL COLLIER,Oslo Børs
wti:d95,AFG,24m,3,0.3253802479475692,0.41430872824915016,-0.40884631505437596,0.6826524485077343,1.0,True,0.999247941291574,False,AF GRUPPEN,Oslo Børs
wti:d95,AKAST,24m,3,-0.3975400477445025,0.11243757210732158,-1.6058533012599019,0.10830614613985687,1.0,True,0.999247941291574,False,AKASTOR,Oslo Børs
wti:d95,AKER,24m,3,0.5496516511741399,0.29898750526150836,0.4656312602263457,0.641479463230771,1.0,True,0.999247941291574,False,AKER,Oslo Børs
wti:d95,AKRBP,24m,3,0.6473495259220585,0.4202474916301909,0.6556666947440594,0.5120386025500678,0.6666666666666666,True,0.999247941291574,False,AKER BP,Oslo Børs
wti:d95,AKSO,24m,3,0.23973567178483382,0.10256281063733123,0.4107041390578676,0.6812894915521007,0.6666666666666666,False,0.999247941291574,False,AKER SOLUTIONS,Oslo Børs
wti:d95,AKVA,24m,3,0.46380777143406676,0.22946045741703297,0.7921285933629358,0.4282856992688725,0.6666666666666666,True,0.999247941291574,False,AKVA GROUP,Oslo Børs
wti:d95,ALNG,24m,3,-0.016528516475924643,-0.14428330159342898,0.271057796997866,0.7863465799392887,0.6666666666666666,False,0.999247941291574,False,ALNG,Euronext Expand Oslo
wti:d95,ABTEC,24m,3,0.6009164734357825,-0.43215848584695904,1.4897019851367808,0.13630261242452782,0.6666666666666666,True,0.999247941291574,False,AQUA BIO TECHNO,Euronext Expand Oslo
wti:d95,AQUA,24m,3,0.39093241297706544,0.21325610375201465,0.5388697447096065,0.5899767349228819,0.6666666666666666,True,0.999247941291574,False,AQUALIS,Oslo Børs
wti:d95,ARCH,24m,3,-0.38474561393368356,-0.5948434134436789,0.4502917682665961,0.6525000737354627,0.6666666666666666,True,0.999247941291574,False,ARCHER,Oslo Børs
wti:d95,AZT,24m,3,1.4668507546297926,0.04715848646779609,2.2609465759099567,0.023762565480958276,0.6666666666666666,True,0.999247941291574,False,ARCTICZYMES TECHNO,Oslo Børs
wti:d95,AFK,24m,3,0.707207375914443,0.34897703326969715,1.456848970196678,0.145158074808172,1.0,True,0.999247941291574,False,ARENDALS FOSSEKOMP,Oslo Børs
wti:d95,ARR,24m,3,-2.569942236356611,-1.1059699865592691,-1.3447606701952446,0.17870253500717792,0.6666666666666666,True,0.999247941291574,False,ARRIBATEC GROUP,Oslo Børs
wti:d95,ATEA,24m,3,0.09543398097162552,0.08396552363744615,0.03093109305786954,0.9753244931063997,1.0,True,0.999247941291574,False,ATEA,Oslo Børs
wti:d95,AURG,24m,3,0.14486568250630438,0.28630832673401174,-0.9882825974628215,0.32301426584466003,1.0,True,0.999247941291574,False,AURSKOG SPAREBANK,Oslo Børs
wti:d95,AUSS,24m,3,0.16396414958504782,0.2891276432876806,-0.6498728134507582,0.5157743804874032,0.6666666666666666,False,0.999247941291574,False,AUSTEVOLL SEAFOOD,Oslo Børs
wti:d95,ACR,24m,3,-0.2920291490182571,-0.3958351331410537,0.17097852552144843,0.8642406510935385,0.6666666666666666,False,0.999247941291574,False,AXACTOR,Oslo Børs
wti:d95,BAKKA,24m,3,0.2416811722466954,0.44205541654147523,-0.7736126701879678,0.4391598771655537,0.6666666666666666,False,0.999247941291574,False,BAKKAFROST,Oslo Børs
wti:d95,BNOR,24m,3,0.02350269495436626,-0.5760874641232409,0.5200361708923392,0.6030383647607074,0.6666666666666666,False,0.999247941291574,False,BLUENORD,Oslo Børs
wti:d95,BONHR,24m,3,0.44996058805578737,0.22568338888179915,0.9837319489141318,0.3252473266726475,1.0,True,0.999247941291574,False,BONHEUR,Oslo Børs
wti:d95,BOR,24m,3,-0.668341863140689,-0.2131697062756138,-1.1032753166913494,0.2699076223674139,1.0,True,0.999247941291574,False,BORGESTAD,Oslo Børs
wti:d95,BRG,24m,3,0.536254151911637,0.41389574468663354,0.7238941903405023,0.4691306969607077,1.0,True,0.999247941291574,False,BORREGAARD,Oslo Børs
wti:d95,BOUV,24m,3,0.7089170068355325,0.5104847337461467,1.0377092517036266,0.2994054364169684,1.0,True,0.999247941291574,False,BOUVET,Oslo Børs
wti:d95,BWLPG,24m,3,0.3033132950058002,0.3169929720315697,-0.044079086575110366,0.964841363074544,0.6666666666666666,True,0.999247941291574,False,BW LPG,Oslo Børs
wti:d95,BWO,24m,3,-0.5106596791741639,-0.08879882786660044,-1.0954551495013263,0.2733172843299319,0.6666666666666666,True,0.999247941291574,False,BW OFFSHORE LTD,Oslo Børs
wti:d95,BMA,24m,3,0.8143612270598451,0.3271906585598108,1.6592068686816122,0.09707411399663471,1.0,True,0.999247941291574,False,BYGGMA,Euronext Growth Oslo
wti:d95,CONTX,24m,3,0.6076364952100525,0.05846719993983909,1.5819960041857761,0.11365048268155754,0.6666666666666666,True,0.999247941291574,False,CONTEXTVISION,Oslo Børs
wti:d95,DNB,24m,3,0.14217477467813885,0.2687394565141171,-0.8539952062219434,0.3931076455185865,1.0,True,0.999247941291574,False,DNB BANK,Oslo Børs
wti:d95,DNO,24m,3,-0.18637690526464293,0.26932212774785874,-1.4002125786745008,0.16144967020731288,0.6666666666666666,False,0.999247941291574,False,DNO,Oslo Børs
wti:d95,EAM,24m,3,-0.5985701602587764,-0.6781483637487914,0.1528894133566234,0.8784854846728387,1.0,True,0.999247941291574,False,EAM SOLAR,Euronext Growth Oslo
wti:d95,EIOF,24m,3,-0.4470267416969942,-0.026683113526373172,-1.2555002891064955,0.2092972032053214,0.6666666666666666,True,0.999247941291574,False,EIDESVIK OFFSHORE,Oslo Børs
wti:d95,ENDUR,24m,3,-0.3950808820625922,-0.11733865599035537,-0.7156162195280621,0.47422835568762334,1.0,True,0.999247941291574,False,ENDÚR,Oslo Børs
wti:d95,ENSU,24m,3,-1.1800483007805624,-0.7242572836385481,-0.5475891135069482,0.5839740661986376,1.0,True,0.999247941291574,False,ENSURGE MICROPOWER,Oslo Børs
wti:d95,ENTRA,24m,3,0.19042850805208755,0.183551988491019,0.042185833370964494,0.9663505558395148,0.6666666666666666,True,0.999247941291574,False,ENTRA,Oslo Børs
wti:d95,EQNR,24m,3,0.21654759915563435,0.22534268326020224,-0.05575202949582041,0.9555393503805848,0.6666666666666666,False,0.999247941291574,False,EQUINOR,Oslo Børs
wti:d95,EQVA,24m,3,0.5705913533831741,0.21078540670222629,0.7185255475357699,0.472433301374755,0.6666666666666666,True,0.999247941291574,False,EQVA,Oslo Børs
wti:d95,FRO,24m,3,-0.34351295378279567,-0.025952352269656708,-0.6474866407508821,0.5173170378929446,0.6666666666666666,True,0.999247941291574,False,FRONTLINE,Oslo Børs
wti:d95,GJF,24m,3,0.1802119437772156,0.35080371622644074,-1.1246851638348545,0.2607224707622791,0.6666666666666666,True,0.999247941291574,False,GJENSIDIGE FORSIKR,Oslo Børs
wti:d95,GOD,24m,3,0.12870241925126472,-0.16596359285155765,0.556605864912739,0.5777967457802018,0.3333333333333333,False,0.999247941291574,False,GOODTECH,Oslo Børs
wti:d95,GSF,24m,3,0.06394920009696492,0.32004569581367226,-0.8597012058378538,0.38995376991114294,0.3333333333333333,False,0.999247941291574,False,GRIEG SEAFOOD,Oslo Børs
wti:d95,GYL,24m,3,0.1080472951582027,0.0843406513746529,0.10651881705897116,0.9151707264882095,0.6666666666666666,True,0.999247941291574,False,GYLDENDAL,Oslo Børs
wti:d95,HAVI,24m,3,-0.20414988788057695,-0.5454794893036061,0.5269149084249084,0.5982526804195136,0.6666666666666666,True,0.999247941291574,False,HAVILA SHIPPING,Oslo Børs
wti:d95,HEX,24m,3,0.4002358480573385,0.21025571844706217,0.5276508018248816,0.5977417260459683,0.6666666666666666,True,0.999247941291574,False,HEXAGON COMPOSITES,Oslo Børs
wti:d95,HBC,24m,3,-0.10960219943948162,-0.10664817273967413,-0.006720629793181752,0.9946377536151552,0.6666666666666666,False,0.999247941291574,False,HOFSETH BIOCARE,Oslo Børs
wti:d95,HUNT,24m,3,0.05157133295393187,-0.08307677661930288,0.3017839172516862,0.7628167917854998,0.3333333333333333,False,0.999247941291574,False,HUNTER GROUP,Euronext Expand Oslo
wti:d95,HSPG,24m,3,0.08175524194375498,0.33424731716087197,-0.5714928121710483,0.5676656313104889,0.3333333333333333,False,0.999247941291574,False,HØLAND OG SETSKOG,Oslo Børs
wti:d95,IDEX,24m,3,0.23401845422665724,-0.4709968604090982,0.920970906045889,0.3570656169412313,0.6666666666666666,False,0.999247941291574,False,IDEX BIOMETRICS,Oslo Børs
wti:d95,IOX,24m,3,0.05462623790159656,-0.7248783205139071,1.3644375344326338,0.17242990143500062,0.6666666666666666,False,0.999247941291574,False,INTEROIL EXPL PROD,Oslo Børs
wti:d95,ITERA,24m,3,0.42593798536883565,0.09891170521228401,1.1601234901244726,0.2459985315916177,0.6666666666666666,True,0.999247941291574,False,ITERA,Oslo Børs
wti:d95,JIN,24m,3,0.018112192712271453,0.12068206203046455,-0.2302541849813565,0.8178942592292244,0.3333333333333333,False,0.999247941291574,False,JINHUI SHIPP TRANS,Oslo Børs
wti:d95,JAREN,24m,3,0.2416099120142147,0.30501762859295345,-0.416770255055376,0.6768464611167406,1.0,True,0.999247941291574,False,JÆREN SPAREBANK,Oslo Børs
wti:d95,KIT,24m,3,0.8763008145483663,0.192400873877688,1.9553718469213035,0.050539196575639024,1.0,True,0.999247941291574,False,KITRON,Oslo Børs
wti:d95,KOA,24m,3,-0.9697665617109396,-0.27564597831477466,-1.443818107383611,0.1487901471336208,1.0,True,0.999247941291574,False,KONGSBERG AUTOMOT,Oslo Børs
wti:d95,KOG,24m,3,0.3414291619863705,0.4143476380745053,-0.2323251074397025,0.8162855129484382,1.0,True,0.999247941291574,False,KONGSBERG GRUPPEN,Oslo Børs
wti:d95,LSG,24m,3,0.1309334634871381,0.31025567439983276,-0.9703255245155163,0.331884258322991,0.3333333333333333,False,0.999247941291574,False,LERØY SEAFOOD GP,Oslo Børs
wti:d95,MGN,24m,3,0.4995411614881948,-0.23891757231321137,1.1734638968642983,0.24060982659381291,0.6666666666666666,True,0.999247941291574,False,MAGNORA,Oslo Børs
wti:d95,MEDI,24m,3,0.7796669394469998,0.3977744412812473,1.4739258769437955,0.14050154960225583,1.0,True,0.999247941291574,False,MEDISTIM,Oslo Børs
wti:d95,MELG,24m,3,0.09680429499356753,0.2002404060308842,-0.5121605564526187,0.6085386458419149,0.6666666666666666,True,0.999247941291574,False,MELHUS SPAREBANK,Oslo Børs
wti:d95,MOWI,24m,3,0.05707133024521179,-0.28719223381757647,0.37461269519022977,0.7079485300986981,0.3333333333333333,False,0.999247941291574,False,MOWI,Oslo Børs
wti:d95,NAPA,24m,3,1.2167754454821227,0.36522449433520865,1.2786322503749465,0.20102658759300981,1.0,True,0.999247941291574,False,NAPATECH,Oslo Børs
wti:d95,NAVA,24m,3,0.26990822464650344,0.13375033772737907,0.4279028957607757,0.6687218187545031,1.0,True,0.999247941291574,False,NAVAMEDIC,Oslo Børs
wti:d95,NKR,24m,3,0.590174987604839,0.08230974325244303,1.1626892888463631,0.24495558896655084,0.6666666666666666,True,0.999247941291574,False,NEKKAR,Oslo Børs
wti:d95,NEL,24m,3,0.8028110843870019,-0.34468618729813305,1.656455335128013,0.097629643049867,1.0,True,0.999247941291574,False,NEL,Oslo Børs
wti:d95,NEXT,24m,3,-0.06595047813115214,-0.6936880150153352,0.7135161162884279,0.4755264440068467,0.3333333333333333,False,0.999247941291574,False,NEXT BIOMETRICS GP,Oslo Børs
wti:d95,NOM,24m,3,-0.016274010799450272,-0.05481943061738813,0.1255077819729866,0.9001215646314342,0.6666666666666666,False,0.999247941291574,False,NORDIC MINING,Oslo Børs
wti:d95,NOD,24m,3,0.7290220158299495,0.3264354972547957,0.8895349887104625,0.3737156277864821,0.6666666666666666,True,0.999247941291574,False,NORDIC SEMICONDUC,Oslo Børs
wti:d95,NHY,24m,3,0.3601420784804857,0.22762100233440813,0.7117731485168481,0.47660526273810216,0.6666666666666666,True,0.999247941291574,False,NORSK HYDRO,Oslo Børs
wti:d95,NORTH,24m,3,0.5474350483696429,-0.13497583178826958,1.8567692361026287,0.06334399231683328,1.0,True,0.999247941291574,False,NORTH ENERGY,Euronext Expand Oslo
wti:d95,NAS,24m,3,-3.171074536098439,-0.2962921094377354,-3.047067673758346,0.002310856772150743,1.0,True,0.400213254183126,False,NORWEGIAN AIR SHUT,Oslo Børs
wti:d95,NRC,24m,3,0.00872260555635048,-0.7275965925718619,0.8332692448447816,0.4046928975042002,0.3333333333333333,False,0.999247941291574,False,NRC GROUP,Oslo Børs
wti:d95,ODL,24m,3,0.07735554714377339,0.3767228237233377,-0.5751121289556659,0.5652154655146043,0.6666666666666666,False,0.999247941291574,False,ODFJELL DRILLING,Oslo Børs
wti:d95,ODF,24m,3,0.12693814965648106,0.1974674313081037,-0.2284154292387156,0.8193232956750703,0.6666666666666666,True,0.999247941291574,False,ODFJELL SER. A,Oslo Børs
wti:d95,ODFB,24m,3,0.13072191487302084,0.24436836598469852,-0.34366730142176916,0.7310965046485596,0.6666666666666666,True,0.999247941291574,False,ODFJELL SER. B,Oslo Børs
wti:d95,ORK,24m,3,0.06740459002806405,0.21949775088596749,-0.9506343737612342,0.3417900129495623,0.6666666666666666,False,0.999247941291574,False,ORKLA,Oslo Børs
wti:d95,PEN,24m,3,0.018117105828622766,-0.00927096839895047,0.05992312400397245,0.9522168626938632,0.3333333333333333,False,0.999247941291574,False,PANORO ENERGY,Oslo Børs
wti:d95,PSE,24m,3,0.10345083306415219,-0.6750746874534045,1.0074476049701462,0.3137197243444808,0.6666666666666666,False,0.999247941291574,False,PETROLIA,Oslo Børs
wti:d95,PHO,24m,3,0.2862898920103987,-0.021802504442296984,0.9829729766394801,0.32562073885702775,0.6666666666666666,True,0.999247941291574,False,PHOTOCURE,Oslo Børs
wti:d95,POL,24m,3,0.38214304181649134,-0.004843837411404515,0.7612284208482204,0.44652064552754356,0.6666666666666666,True,0.999247941291574,False,POLARIS MEDIA,Oslo Børs
wti:d95,PRS,24m,3,-3.0144721458387522,-0.9051481328695739,-2.4986718283473435,0.012465969208682969,1.0,True,0.9370253521860031,False,PROSAFE,Oslo Børs
wti:d95,PROT,24m,3,0.5655060322180905,0.6297046748573366,-0.20116373005542068,0.8405705509623991,1.0,True,0.999247941291574,False,PROTECTOR FORSIKRG,Oslo Børs
wti:d95,QEC,24m,3,0.26928072325878133,0.021572928379839436,0.4633172516974571,0.6431369817561168,0.6666666666666666,False,0.999247941291574,False,QUESTERRE ENERGY,Oslo Børs
wti:d95,REACH,24m,3,0.1876532746603001,-0.29383714436203034,0.7729190248715593,0.4395703046913351,0.6666666666666666,False,0.999247941291574,False,REACH SUBSEA,Oslo Børs
wti:d95,ROGS,24m,3,0.07048227663741453,0.2943816992076049,-1.3197582134593657,0.18691575712940567,0.6666666666666666,False,0.999247941291574,False,ROGALAND SPAREBANK,Oslo Børs
wti:d95,ROM,24m,3,-0.07434177716005712,-0.15913533921385,0.18852919087034167,0.8504618347700239,0.6666666666666666,False,0.999247941291574,False,ROMREAL,Euronext Expand Oslo
wti:d95,SDSD,24m,3,0.03999532137225118,-0.24813243777015334,0.6708032261937423,0.502345891962914,0.3333333333333333,False,0.999247941291574,False,S.D. STANDARD ETC,Oslo Børs
wti:d95,SAGA,24m,3,1.1696647704168106,0.0022046248551978844,3.0042719602576726,0.002662172422504164,1.0,True,0.400213254183126,False,SAGA PURE,Oslo Børs
wti:d95,SALM,24m,3,0.3502861536978499,0.4740105223702526,-0.5526664632727736,0.5804918217850603,1.0,True,0.999247941291574,False,SALMAR,Oslo Børs
wti:d95,SCANA,24m,3,0.04611458505195073,-0.3409543876497214,0.5689844476820801,0.5693666943375129,0.6666666666666666,False,0.999247941291574,False,SCANA,Oslo Børs
wti:d95,SCATC,24m,3,0.4274033698848818,0.2722305008108607,0.3929451904366494,0.6943599634743821,0.6666666666666666,False,0.999247941291574,False,SCATEC,Oslo Børs
wti:d95,SEA1,24m,3,-1.4033760053013944,0.04775397975225198,-1.8315552169632687,0.06701771403192718,1.0,True,0.999247941291574,False,Sea1 Offshore,Euronext Growth Oslo
wti:d95,ENH,24m,3,-1.5239070423031862,-1.4920988617217954,-0.03206154120506475,0.9744229733037924,1.0,True,0.999247941291574,False,SED ENERGY HOLDING,Oslo Børs
wti:d95,SBO,24m,3,0.3279901098188292,0.3400485623328588,-0.049862045843871605,0.9602323226899204,0.6666666666666666,True,0.999247941291574,False,SELVAAG BOLIG,Oslo Børs
wti:d95,SKUE,24m,3,0.27827466288412395,0.24309445671203708,0.17059488245989182,0.8645423221435602,1.0,True,0.999247941291574,False,SKUE SPAREBANK,Oslo Børs
wti:d95,SOGN,24m,3,0.1310551015500192,0.29567077291292027,-0.8346800928700238,0.4038978530845414,1.0,True,0.999247941291574,False,SOGN SPAREBANK,Oslo Børs
wti:d95,SOFF,24m,3,-3.707147435988467,-0.523329735389529,-3.435643119866667,0.0005911491299792211,1.0,True,0.26660825762062873,False,SOLSTAD OFFSHORE,Oslo Børs
wti:d95,MING,24m,3,0.2710399241740213,0.3155282871135934,-0.2730464850193663,0.7848174828145246,1.0,True,0.999247941291574,False,SPAREBANK 1 SMN,Oslo Børs
wti:d95,SB1NO,24m,3,0.16831408805758521,0.18002683920062015,-0.05750986674943959,0.9541390465889301,0.6666666666666666,True,0.999247941291574,False,SPAREBANK 1 SØR-N,Oslo Børs
wti:d95,MORG,24m,3,0.1280807010537226,0.23022179684174215,-0.487020831186852,0.6262435687407375,1.0,True,0.999247941291574,False,SPAREBANKEN MØRE,Oslo Børs
wti:d95,SBNOR,24m,3,0.3034774277808729,0.23327147879555668,0.3502831068501574,0.7261262419522796,1.0,True,0.999247941291574,False,SPAREBANKEN NORGE,Oslo Børs
wti:d95,SPOG,24m,3,0.02746083909278944,0.19825855805918735,-0.7409630374626351,0.4587158520963897,0.6666666666666666,False,0.999247941291574,False,SPAREBANKEN ØST,Oslo Børs
wti:d95,HELG,24m,3,0.2590755993060816,0.3044913069224706,-0.39731928942584804,0.6911320246961348,1.0,True,0.999247941291574,False,SPBK1 HELGELAND,Oslo Børs
wti:d95,NONG,24m,3,0.30994120677733067,0.2728465595579116,0.19971090926120652,0.8417066812975307,1.0,True,0.999247941291574,False,SPBK1 NORD-NORGE,Oslo Børs
wti:d95,RING,24m,3,0.19900887101992373,0.310147740787905,-0.932752425831517,0.35094780967584066,1.0,True,0.999247941291574,False,SPBK1 RINGERIKE,Oslo Børs
wti:d95,SOAG,24m,3,0.33770404279285143,0.3415911779881492,-0.029745349771666672,0.9762701440198284,1.0,True,0.999247941291574,False,SPBK1 ØSTFOLD AKE,Oslo Børs
wti:d95,SNI,24m,3,0.09394895981627453,0.0866876401837041,0.026170506284965946,0.9791213403970154,1.0,True,0.999247941291574,False,STOLT-NIELSEN,Oslo Børs
wti:d95,STB,24m,3,0.3390556706942483,0.16655928670367953,0.9178449303182552,0.3587000558847731,1.0,True,0.999247941291574,False,STOREBRAND,Oslo Børs
wti:d95,STRO,24m,3,0.6017790240070936,-0.006817190474543825,1.6120079104915461,0.10696021835632458,1.0,True,0.999247941291574,False,STRONGPOINT,Oslo Børs
wti:d95,SUBC,24m,3,0.0462626449931236,0.10954141640842695,-0.17836438862669451,0.85843681458022,0.3333333333333333,False,0.999247941291574,False,SUBSEA 7,Oslo Børs
wti:d95,TECH,24m,3,-0.3649442703466022,-0.45700909789309985,0.24722475383086973,0.8047342889983207,0.6666666666666666,True,0.999247941291574,False,TECHSTEP,Oslo Børs
wti:d95,TEL,24m,3,-0.21526247545641838,0.21266742056791993,-2.549925118133876,0.010774605880936948,1.0,True,0.9370253521860031,False,TELENOR,Oslo Børs
wti:d95,TGS,24m,3,-0.2815366711895609,0.18261058296565869,-1.7595117836070728,0.07849062056463704,0.6666666666666666,True,0.999247941291574,False,TGS,Oslo Børs
wti:d95,TOM,24m,3,0.31729599197089453,0.1180338705267668,0.6416029565996324,0.521131012798024,1.0,True,0.999247941291574,False,TOMRA SYSTEMS,Oslo Børs
wti:d95,VEI,24m,3,0.2873352694388382,0.3673132753747118,-0.46051684572746565,0.645145282786901,1.0,True,0.999247941291574,False,VEIDEKKE,Oslo Børs
wti:d95,VOIM,24m,3,-1.0219580450492625,-0.696181022289204,-0.4381975677706171,0.6612430715732929,1.0,True,0.999247941291574,False,VOIM,Oslo Børs
wti:d95,VVL,24m,3,0.11249927472134276,0.24959272010610248,-0.7262259028359291,0.4677002950252495,1.0,True,0.999247941291574,False,VOSS VEKSEL OGLAND,Oslo Børs
wti:d95,VOW,24m,3,0.41320767149857174,0.1162674555574049,0.3797318680851822,0.7041444616902852,0.3333333333333333,False,0.999247941291574,False,VOW,Oslo Børs
wti:d95,WAWI,24m,3,0.4797029521328551,0.45074242470613685,0.08514746160028838,0.9321441583820156,0.6666666666666666,True,0.999247941291574,False,WALLENIUS WILHELMS,Oslo Børs
wti:d95,WWI,24m,3,0.2716347653576427,0.3140656619071278,-0.19342517835735218,0.846625998276381,1.0,True,0.999247941291574,False,WILH. WILHELMSEN A,Oslo Børs
wti:d95,WWIB,24m,3,0.22528829776727113,0.30492641128230785,-0.3647502504962112,0.7152978445076591,0.6666666666666666,True,0.999247941291574,False,WILH. WILHELMSEN B,Oslo Børs
wti:d95,YAR,24m,3,0.021502208953983137,0.26682358338385587,-1.2456831374760255,0.21288074671380885,0.6666666666666666,False,0.999247941291574,False,YARA INTERNATIONAL,Oslo Børs
wti:d95,ZAL,24m,3,0.33231768795194533,0.2733200622033583,0.19806965926112002,0.8429905629289606,1.0,True,0.999247941291574,False,ZALARIS,Oslo Børs
