segment,t,nom,real
brent,1987-05,18.58,55.030313
brent,1987-06,19.08,56.312056
brent,1987-07,20.03,58.960012
brent,1987-08,18.63,54.551376
brent,1987-09,18.48,53.82983
brent,1987-10,18.8,54.619462
brent,1987-11,17.7,51.379081
brent,1987-12,17.6,51.088804
brent,1988-01,16.28,47.13461
brent,1988-02,14.73,42.536684
brent,1988-03,15.65,44.999459
brent,1988-04,16.6,47.48649
brent,1988-05,16.2,46.184477
brent,1988-06,14.18,40.254376
brent,1988-07,15.75,44.522658
brent,1988-08,14.4,40.535395
brent,1988-09,11.93,33.358192
brent,1988-10,12.6,35.114376
brent,1988-11,14.35,39.95813
brent,1988-12,16.23,45.118053
brent,1989-01,16.38,45.309434
brent,1989-02,17.23,47.464683
brent,1989-03,20.45,56.0126
brent,1989-04,20.15,54.832226
brent,1989-05,18.25,49.381139
brent,1989-06,18.28,49.342743
brent,1989-07,16.3,43.892074
brent,1989-08,17.2,46.24122
brent,1989-09,18.23,48.853483
brent,1989-10,18.93,50.487033
brent,1989-11,18.48,49.169423
brent,1989-12,21.05,55.918549
brent,1990-01,20.5,53.901805
brent,1990-02,19.2,50.247
brent,1990-03,17.95,46.72021
brent,1990-04,16.35,42.489705
brent,1990-05,15.3,39.668684
brent,1990-06,15.73,40.563783
brent,1990-07,19.23,49.399275
brent,1990-08,27.8,70.763252
brent,1990-09,41.0,103.497965
brent,1990-10,34.3,86.066022
brent,1990-11,31.2,78.111928
brent,1990-12,28.35,70.976704
brent,1991-01,20.7,51.516241
brent,1991-02,19.5,48.457789
brent,1991-03,18.0,44.664
brent,1991-04,19.7,48.809956
brent,1991-05,19.0,46.936726
brent,1991-06,18.48,45.517871
brent,1991-07,19.65,48.328612
brent,1991-08,20.53,50.345091
brent,1991-09,21.43,52.322313
brent,1991-10,22.0,53.635808
brent,1991-11,20.08,48.812761
brent,1991-12,17.75,43.11744
brent,1992-01,18.1,43.903968
brent,1992-02,17.45,42.17461
brent,1992-03,19.09,45.906448
brent,1992-04,19.65,47.185355
brent,1992-05,20.7,49.635548
brent,1992-06,20.6,49.219601
brent,1992-07,20.38,48.589981
brent,1992-08,19.65,46.716515
brent,1992-09,20.18,47.840739
brent,1992-10,19.13,45.19159
brent,1992-11,19.25,45.411021
brent,1992-12,17.85,42.138076
brent,1993-01,18.48,43.411153
brent,1993-02,18.83,44.07878
brent,1993-03,18.7,43.622047
brent,1993-04,18.85,43.849812
brent,1993-05,18.43,42.813325
brent,1993-06,17.43,40.43422
brent,1993-07,17.08,39.622288
brent,1993-08,17.05,39.443432
brent,1993-09,17.23,39.777432
brent,1993-10,15.43,35.475233
brent,1993-11,14.23,32.693864
brent,1993-12,13.18,30.281457
brent,1994-01,14.83,33.979161
brent,1994-02,13.59,31.03189
brent,1994-03,13.38,30.44859
brent,1994-04,15.75,35.793318
brent,1994-05,16.18,36.745603
brent,1994-06,17.45,39.495953
brent,1994-07,18.48,41.714491
brent,1994-08,15.85,35.633779
brent,1994-09,16.73,37.511482
brent,1994-10,17.18,38.494692
brent,1994-11,16.95,37.928597
brent,1994-12,15.65,35.019619
brent,1995-01,16.68,37.175425
brent,1995-02,17.23,38.248545
brent,1995-03,17.98,39.781641
brent,1995-04,18.98,41.855961
brent,1995-05,17.58,38.692171
brent,1995-06,16.5,36.243738
brent,1995-07,15.78,34.662193
brent,1995-08,16.2,35.491668
brent,1995-09,16.58,36.253057
brent,1995-10,15.98,34.827459
brent,1995-11,17.13,37.358121
brent,1995-12,18.65,40.699524
brent,1996-01,16.63,36.079776
brent,1996-02,18.8,40.656062
brent,1996-03,20.33,43.738879
brent,1996-04,19.5,41.792131
brent,1996-05,18.1,38.717356
brent,1996-06,19.38,41.428924
brent,1996-07,18.99,40.517645
brent,1996-08,20.98,44.678197
brent,1996-09,24.15,51.265951
brent,1996-10,23.15,48.987915
brent,1996-11,23.17,48.937494
brent,1996-12,23.9,50.479332
brent,1997-01,23.28,49.015301
brent,1997-02,19.44,40.802075
brent,1997-03,18.53,38.794871
brent,1997-04,18.25,38.160955
brent,1997-05,18.99,39.733106
brent,1997-06,18.22,38.074458
brent,1997-07,19.02,39.696695
brent,1997-08,17.98,37.456097
brent,1997-09,18.52,38.485295
brent,1997-10,19.42,40.255641
brent,1997-11,19.14,39.699797
brent,1997-12,16.01,33.24879
brent,1998-01,15.59,32.316449
brent,1998-02,13.53,27.994314
brent,1998-03,13.87,28.644714
brent,1998-04,14.09,29.045343
brent,1998-05,14.03,28.868362
brent,1998-06,11.84,24.33229
brent,1998-07,12.55,25.759798
brent,1998-08,12.06,24.723738
brent,1998-09,14.71,30.119534
brent,1998-10,12.31,25.143926
brent,1998-11,9.91,20.241779
brent,1998-12,10.54,21.541728
brent,1999-01,11.34,23.120348
brent,1999-02,10.58,21.54461
brent,1999-03,15.02,30.493331
brent,1999-04,16.45,33.155361
brent,1999-05,15.18,30.595646
brent,1999-06,16.97,34.203433
brent,1999-07,19.65,39.486245
brent,1999-08,20.32,40.734851
brent,1999-09,22.98,45.847769
brent,1999-10,21.11,42.041782
brent,1999-11,25.94,51.63031
brent,1999-12,24.93,49.620032
brent,2000-01,27.08,53.739682
brent,2000-02,29.01,57.230682
brent,2000-03,23.98,46.92068
brent,2000-04,23.79,46.521741
brent,2000-05,29.64,57.89392
brent,2000-06,31.58,61.361186
brent,2000-07,25.3,49.045104
brent,2000-08,34.13,66.162427
brent,2000-09,28.42,54.807896
brent,2000-10,30.15,58.043948
brent,2000-11,32.53,62.589887
brent,2000-12,22.29,42.912093
brent,2001-01,26.32,50.352219
brent,2001-02,25.16,47.941392
brent,2001-03,23.77,45.189981
brent,2001-04,27.21,51.525188
brent,2001-05,28.55,53.81924
brent,2001-06,26.21,49.324864
brent,2001-07,24.35,45.953594
brent,2001-08,26.7,50.388541
brent,2001-09,21.87,41.088125
brent,2001-10,19.63,37.004262
brent,2001-11,18.92,35.726165
brent,2001-12,19.35,36.682869
brent,2002-01,19.07,36.070404
brent,2002-02,20.73,39.05588
brent,2002-03,25.34,47.474235
brent,2002-04,26.98,50.265631
brent,2002-05,24.18,45.049034
brent,2002-06,25.33,47.165333
brent,2002-07,26.28,48.879924
brent,2002-08,27.11,50.256269
brent,2002-09,29.11,53.874408
brent,2002-10,25.51,47.1337
brent,2002-11,25.74,47.558661
brent,2002-12,32.02,59.292756
brent,2003-01,31.57,58.202084
brent,2003-02,34.09,62.367385
brent,2003-03,27.66,50.301557
brent,2003-04,23.23,42.337244
brent,2003-05,26.58,48.521899
brent,2003-06,28.88,52.663159
brent,2003-07,28.68,52.241579
brent,2003-08,30.38,55.128345
brent,2003-09,28.09,50.807712
brent,2003-10,27.88,50.482391
brent,2003-11,28.95,52.561902
brent,2003-12,30.3,55.072675
brent,2004-01,29.47,53.303783
brent,2004-02,32.94,59.260157
brent,2004-03,32.29,57.718806
brent,2004-04,35.23,62.773114
brent,2004-05,37.0,65.543416
brent,2004-06,33.22,58.661231
brent,2004-07,41.47,73.34541
brent,2004-08,39.8,70.354639
brent,2004-09,47.76,84.247735
brent,2004-10,48.16,84.508312
brent,2004-11,44.23,77.571547
brent,2004-12,40.38,71.079834
brent,2005-01,44.51,78.185421
brent,2005-02,50.13,87.552385
brent,2005-03,53.22,92.22781
brent,2005-04,50.74,87.342678
brent,2005-05,49.3,84.951204
brent,2005-06,55.36,95.344436
brent,2005-07,59.77,102.465479
brent,2005-08,66.8,113.934134
brent,2005-09,61.7,103.965121
brent,2005-10,58.47,98.324702
brent,2005-11,53.25,90.271685
brent,2005-12,58.34,99.302506
brent,2006-01,63.19,106.744257
brent,2006-02,59.78,100.780596
brent,2006-03,65.95,110.570225
brent,2006-04,72.15,119.944452
brent,2006-05,67.57,111.775796
brent,2006-06,73.2,120.85035
brent,2006-07,74.75,123.045479
brent,2006-08,67.66,111.156188
brent,2006-09,59.09,97.555289
brent,2006-10,56.13,93.173575
brent,2006-11,64.36,106.994108
brent,2006-12,58.96,97.871263
brent,2007-01,56.52,93.53544
brent,2007-02,59.39,97.761965
brent,2007-03,68.47,111.691537
brent,2007-04,67.23,108.960962
brent,2007-05,68.18,109.829508
brent,2007-06,72.22,116.112423
brent,2007-07,77.01,123.845097
brent,2007-08,72.29,116.46813
brent,2007-09,80.97,130.094156
brent,2007-10,89.87,144.085522
brent,2007-11,88.71,141.385955
brent,2007-12,93.68,149.40737
brent,2008-01,91.58,145.335742
brent,2008-02,100.9,159.662729
brent,2008-03,102.33,160.533997
brent,2008-04,111.12,173.272776
brent,2008-05,127.85,197.695599
brent,2008-06,138.4,211.874104
brent,2008-07,124.1,188.990098
brent,2008-08,113.49,173.524918
brent,2008-09,93.52,143.189049
brent,2008-10,60.0,92.803812
brent,2008-11,47.72,75.251244
brent,2008-12,35.82,57.076049
brent,2009-01,44.17,70.076046
brent,2009-02,44.41,70.108165
brent,2009-03,46.13,72.646796
brent,2009-04,50.3,79.016573
brent,2009-05,64.98,101.783445
brent,2009-06,68.11,105.7776
brent,2009-07,70.08,109.009934
brent,2009-08,69.02,107.120841
brent,2009-09,65.82,102.090502
brent,2009-10,74.91,116.077806
brent,2009-11,77.77,120.424327
brent,2009-12,77.91,120.85396
brent,2010-01,71.2,110.069252
brent,2010-02,76.36,118.01677
brent,2010-03,80.37,123.706377
brent,2010-04,86.19,132.434561
brent,2010-05,73.0,112.080686
brent,2010-06,74.94,115.171707
brent,2010-07,77.5,119.080918
brent,2010-08,75.51,115.863259
brent,2010-09,80.77,123.862198
brent,2010-10,82.47,126.311894
brent,2010-11,86.02,131.693714
brent,2010-12,93.23,142.487124
brent,2011-01,98.97,150.542725
brent,2011-02,112.27,169.93527
brent,2011-03,116.94,175.294613
brent,2011-04,126.59,188.545962
brent,2011-05,117.18,173.713319
brent,2011-06,111.71,165.781872
brent,2011-07,115.93,171.892208
brent,2011-08,116.48,172.232759
brent,2011-09,105.42,155.64259
brent,2011-10,108.43,160.417459
brent,2011-11,111.22,164.684063
brent,2011-12,108.09,160.445196
brent,2012-01,110.26,162.949263
brent,2012-02,122.23,179.84743
brent,2012-03,123.41,180.215011
brent,2012-04,118.66,172.756706
brent,2012-05,103.86,151.387084
brent,2012-06,94.17,137.464448
brent,2012-07,105.93,154.883509
brent,2012-08,113.93,165.658638
brent,2012-09,111.36,161.202439
brent,2012-10,109.89,159.136389
brent,2012-11,110.84,161.276266
brent,2012-12,110.8,161.653407
brent,2013-01,115.55,168.086412
brent,2013-02,112.2,161.887425
brent,2013-03,108.46,156.083097
brent,2013-04,101.53,146.262302
brent,2013-05,100.43,144.420534
brent,2013-06,102.49,147.03003
brent,2013-07,107.89,154.715801
brent,2013-08,115.97,166.102826
brent,2013-09,107.85,154.293177
brent,2013-10,107.53,154.232568
brent,2013-11,111.07,159.63611
brent,2013-12,109.95,158.039944
brent,2014-01,108.16,154.890802
brent,2014-02,108.98,155.490097
brent,2014-03,105.95,150.199672
brent,2014-04,108.63,153.492936
brent,2014-05,109.21,153.775392
brent,2014-06,111.03,156.0475
brent,2014-07,104.94,147.54586
brent,2014-08,101.12,142.412835
brent,2014-09,94.67,133.228683
brent,2014-10,84.17,118.750412
brent,2014-11,71.89,101.975906
brent,2014-12,55.27,78.847523
brent,2015-01,47.52,68.111993
brent,2015-02,61.89,88.32539
brent,2015-03,53.69,76.169542
brent,2015-04,63.9,90.470467
brent,2015-05,63.16,88.969268
brent,2015-06,60.31,84.658117
brent,2015-07,53.29,74.799015
brent,2015-08,47.97,67.427242
brent,2015-09,47.29,66.575067
brent,2015-10,48.0,67.605008
brent,2015-11,43.73,61.721253
brent,2015-12,36.61,51.84914
brent,2016-01,33.14,46.857271
brent,2016-02,35.92,50.746197
brent,2016-03,36.75,51.696181
brent,2016-04,45.64,63.898785
brent,2016-05,49.26,68.689104
brent,2016-06,48.05,66.782518
brent,2016-07,40.76,56.742294
brent,2016-08,47.94,66.676387
brent,2016-09,48.24,66.93273
brent,2016-10,46.2,64.022422
brent,2016-11,47.95,66.551031
brent,2016-12,54.96,76.255429
brent,2017-01,55.25,76.213644
brent,2017-02,53.36,73.375668
brent,2017-03,52.2,71.722249
brent,2017-04,49.46,67.756583
brent,2017-05,49.4,67.616594
brent,2017-06,47.08,64.382676
brent,2017-07,51.99,71.146267
brent,2017-08,52.69,71.888922
brent,2017-09,57.02,77.386909
brent,2017-10,61.35,83.316197
brent,2017-11,63.53,86.274641
brent,2017-12,66.73,90.673587
brent,2018-01,67.78,91.60132
brent,2018-02,66.08,88.900717
brent,2018-03,69.02,92.64656
brent,2018-04,75.92,101.505039
brent,2018-05,76.45,101.790312
brent,2018-06,77.44,102.944379
brent,2018-07,74.16,98.577481
brent,2018-08,76.94,102.216022
brent,2018-09,82.72,109.767293
brent,2018-10,74.84,99.135588
brent,2018-11,57.71,76.701512
brent,2018-12,50.57,67.427203
brent,2019-01,62.46,83.122182
brent,2019-02,65.03,86.178076
brent,2019-03,67.93,89.516178
brent,2019-04,72.19,94.628822
brent,2019-05,66.78,87.351282
brent,2019-06,67.52,88.30165
brent,2019-07,64.07,83.650017
brent,2019-08,61.04,79.698077
brent,2019-09,60.99,79.570454
brent,2019-10,59.3,77.189131
brent,2019-11,64.5,84.002869
brent,2019-12,67.77,88.34199
brent,2020-01,57.77,75.015388
brent,2020-02,51.31,66.444861
brent,2020-03,14.85,19.272235
brent,2020-04,18.11,23.661264
brent,2020-05,34.15,44.61714
brent,2020-06,41.64,54.106786
brent,2020-07,43.13,55.760832
brent,2020-08,45.22,58.279133
brent,2020-09,40.3,51.866044
brent,2020-10,36.33,46.737267
brent,2020-11,46.84,60.29483
brent,2020-12,51.22,65.870972
brent,2021-01,55.25,70.752747
brent,2021-02,65.86,83.880641
brent,2021-03,63.52,80.33136
brent,2021-04,67.73,84.957332
brent,2021-05,69.36,86.309972
brent,2021-06,76.94,94.861026
brent,2021-07,77.72,95.363954
brent,2021-08,73.45,89.938776
brent,2021-09,77.81,95.019481
brent,2021-10,83.1,100.64333
brent,2021-11,70.86,85.399725
brent,2021-12,77.24,92.803693
brent,2022-01,92.35,110.032449
brent,2022-02,103.08,121.705291
brent,2022-03,107.29,125.006971
brent,2022-04,108.36,125.55276
brent,2022-05,125.53,143.861152
brent,2022-06,119.78,135.411458
brent,2022-07,111.51,126.077103
brent,2022-08,96.55,109.201505
brent,2022-09,88.9,100.333286
brent,2022-10,93.3,104.873743
brent,2022-11,85.61,96.327102
brent,2022-12,82.82,93.474811
brent,2023-01,83.42,93.405193
brent,2023-02,83.21,92.652858
brent,2023-03,79.19,87.885694
brent,2023-04,81.32,89.795307
brent,2023-05,71.98,79.282209
brent,2023-06,74.51,81.804731
brent,2023-07,85.22,93.385136
brent,2023-08,87.29,95.237551
brent,2023-09,95.86,104.328559
brent,2023-10,86.82,94.526178
brent,2023-11,81.72,89.153156
brent,2023-12,77.69,84.840866
brent,2024-01,82.98,90.12681
brent,2024-02,84.57,91.288705
brent,2024-03,86.17,92.418409
brent,2024-04,88.23,94.2608
brent,2024-05,79.41,84.69719
brent,2024-06,87.26,93.038449
brent,2024-07,81.39,86.67903
brent,2024-08,80.2,85.342241
brent,2024-09,72.35,76.865608
brent,2024-10,73.25,77.732288
brent,2024-11,74.16,78.740628
brent,2024-12,74.58,79.158468
brent,2025-01,77.11,81.311507
brent,2025-02,74.76,78.484856
brent,2025-03,77.23,80.896142
brent,2025-04,63.37,66.172112
brent,2025-05,64.32,67.024135
brent,2025-06,68.15,70.77386
brent,2025-07,73.43,76.142188
brent,2025-08,67.83,70.133878
brent,2025-09,68.52,70.667579
brent,2025-10,65.44,67.491044
brent,2025-11,64.07,66.216328
brent,2025-12,61.35,63.418514
brent,2026-01,72.25,74.410934
brent,2026-02,71.32,73.108538
brent,2026-03,126.69,128.518914
brent,2026-04,124.24,124.971219
brent,2026-05,92.88,92.840367
brent,2026-06,70.46,70.676896
brent,2026-07,96.95,97.258342
brent,2026-08,89.75,89.75
brent,2026-09,113.96,113.96
wti,1986-01,19.58,59.844055
wti,1986-02,13.23,40.546984
wti,1986-03,10.25,31.558318
wti,1986-04,13.38,41.271017
wti,1986-05,14.5,44.602479
wti,1986-06,12.8,39.157479
wti,1986-07,11.23,34.35457
wti,1986-08,15.93,48.64386
wti,1986-09,14.7,44.684265
wti,1986-10,15.25,46.314098
wti,1986-11,15.0,45.513587
wti,1986-12,17.73,53.748375
wti,1987-01,18.73,56.422441
wti,1987-02,16.45,49.376532
wti,1987-03,18.82,56.238391
wti,1987-04,18.76,55.760646
wti,1987-05,19.36,57.34052
wti,1987-06,20.22,59.676613
wti,1987-07,21.43,63.081032
wti,1987-08,19.76,57.860182
wti,1987-09,19.62,57.150501
wti,1987-10,19.93,57.902441
wti,1987-11,18.52,53.759355
wti,1987-12,16.74,48.592419
wti,1988-01,16.97,49.13233
wti,1988-02,15.98,46.146383
wti,1988-03,17.09,49.139985
wti,1988-04,18.1,51.777438
wti,1988-05,17.54,50.004674
wti,1988-06,15.2,43.149966
wti,1988-07,16.37,46.275296
wti,1988-08,15.19,42.759212
wti,1988-09,13.33,37.272816
wti,1988-10,13.54,37.73402
wti,1988-11,15.42,42.937586
wti,1988-12,17.12,47.592179
wti,1989-01,17.0,47.024443
wti,1989-02,18.21,50.164357
wti,1989-03,20.27,55.51958
wti,1989-04,20.38,55.458102
wti,1989-05,19.93,53.92691
wti,1989-06,20.29,54.768285
wti,1989-07,18.33,49.358387
wti,1989-08,18.85,50.677151
wti,1989-09,20.15,53.998776
wti,1989-10,19.88,53.02072
wti,1989-11,19.87,52.867773
wti,1989-12,21.84,58.017155
wti,1990-01,22.69,59.660096
wti,1990-02,21.55,56.397023
wti,1990-03,20.34,52.940895
wti,1990-04,18.5,48.077036
wti,1990-05,17.47,45.294896
wti,1990-06,17.05,43.967737
wti,1990-07,20.57,52.841554
wti,1990-08,27.45,69.872348
wti,1990-09,39.53,99.787185
wti,1990-10,35.31,88.600328
wti,1990-11,29.08,72.804323
wti,1990-12,28.48,71.30217
wti,1991-01,21.9,54.502689
wti,1991-02,19.28,47.911086
wti,1991-03,19.63,48.708573
wti,1991-04,20.99,52.006141
wti,1991-05,21.16,52.27269
wti,1991-06,20.56,50.641094
wti,1991-07,21.7,53.370529
wti,1991-08,22.28,54.636562
wti,1991-09,22.25,54.32438
wti,1991-10,23.29,56.780817
wti,1991-11,21.48,52.216041
wti,1991-12,19.15,46.518252
wti,1992-01,18.93,45.917244
wti,1992-02,18.69,45.171545
wti,1992-03,19.49,46.868343
wti,1992-04,20.88,50.138942
wti,1992-05,22.13,53.064477
wti,1992-06,21.84,52.182334
wti,1992-07,21.83,52.04707
wti,1992-08,21.46,51.019665
wti,1992-09,21.83,51.752395
wti,1992-10,20.68,48.853219
wti,1992-11,19.91,46.96797
wti,1992-12,19.49,46.009586
wti,1993-01,20.27,47.616021
wti,1993-02,20.53,48.058277
wti,1993-03,20.44,47.680997
wti,1993-04,20.54,47.781175
wti,1993-05,20.04,46.553393
wti,1993-06,18.82,43.658751
wti,1993-07,18.12,42.034886
wti,1993-08,18.24,42.196376
wti,1993-09,18.72,43.217268
wti,1993-10,16.97,39.015859
wti,1993-11,15.36,35.290074
wti,1993-12,14.19,32.601963
wti,1994-01,15.24,34.918572
wti,1994-02,14.5,33.109816
wti,1994-03,14.41,32.792539
wti,1994-04,16.57,37.656843
wti,1994-05,18.02,40.924336
wti,1994-06,19.37,43.841639
wti,1994-07,20.3,45.822736
wti,1994-08,17.6,39.568107
wti,1994-09,18.36,41.166217
wti,1994-10,18.16,40.690547
wti,1994-11,18.06,40.412417
wti,1994-12,17.77,39.763491
wti,1995-01,18.48,41.187162
wti,1995-02,18.52,41.112191
wti,1995-03,19.18,42.4367
wti,1995-04,20.36,44.899228
wti,1995-05,18.7,41.157201
wti,1995-06,17.38,38.176737
wti,1995-07,17.62,38.703919
wti,1995-08,17.89,39.194194
wti,1995-09,17.54,38.352149
wti,1995-10,17.67,38.510713
wti,1995-11,18.27,39.844301
wti,1995-12,19.54,42.641754
wti,1996-01,17.65,38.292727
wti,1996-02,19.59,42.364482
wti,1996-03,21.43,46.105468
wti,1996-04,20.95,44.89975
wti,1996-05,19.77,42.289621
wti,1996-06,20.92,44.721006
wti,1996-07,21.05,44.912924
wti,1996-08,22.2,47.276262
wti,1996-09,24.2,51.372091
wti,1996-10,24.75,52.373689
wti,1996-11,23.7,50.05691
wti,1996-12,25.9,54.703544
wti,1997-01,24.15,50.847058
wti,1997-02,20.3,42.607105
wti,1997-03,20.35,42.605269
wti,1997-04,20.2,42.238427
wti,1997-05,21.0,43.938663
wti,1997-06,19.42,40.582106
wti,1997-07,20.43,42.63951
wti,1997-08,19.66,40.955888
wti,1997-09,21.13,43.908979
wti,1997-10,21.26,44.06977
wti,1997-11,19.35,40.135375
wti,1997-12,17.65,36.654662
wti,1998-01,17.21,35.674541
wti,1998-02,15.44,31.946209
wti,1998-03,15.75,32.527343
wti,1998-04,15.56,32.075623
wti,1998-05,15.21,31.29635
wti,1998-06,14.3,29.387816
wti,1998-07,14.25,29.249173
wti,1998-08,13.29,27.245313
wti,1998-09,16.19,33.149916
wti,1998-10,14.48,29.576283
wti,1998-11,11.37,23.223918
wti,1998-12,12.14,24.811819
wti,1999-01,12.81,26.11743
wti,1999-02,12.31,25.0675
wti,1999-03,15.18,30.81816
wti,1999-04,18.69,37.670134
wti,1999-05,17.32,34.908866
wti,1999-06,19.33,38.960069
wti,1999-07,20.52,41.234491
wti,1999-08,20.66,41.416438
wti,1999-09,24.54,48.96015
wti,1999-10,21.79,43.396042
wti,1999-11,24.87,49.50061
wti,1999-12,25.76,51.272043
wti,2000-01,27.65,54.870835
wti,2000-02,30.57,60.308237
wti,2000-03,26.67,52.184092
wti,2000-04,25.71,50.276333
wti,2000-05,29.03,56.702445
wti,2000-06,32.44,63.0322
wti,2000-07,28.22,54.705646
wti,2000-08,33.09,64.146344
wti,2000-09,30.87,59.532715
wti,2000-10,32.7,62.953138
wti,2000-11,33.61,64.667879
wti,2000-12,26.72,51.440607
wti,2001-01,28.62,54.752299
wti,2001-02,27.35,52.114352
wti,2001-03,26.37,50.132932
wti,2001-04,28.48,53.930076
wti,2001-05,28.39,53.517626
wti,2001-06,26.37,49.62597
wti,2001-07,26.7,50.388541
wti,2001-08,26.65,50.29418
wti,2001-09,23.44,44.037752
wti,2001-10,21.2,39.963849
wti,2001-11,19.46,36.745833
wti,2001-12,19.96,37.83928
wti,2002-01,19.71,37.280947
wti,2002-02,21.78,41.034108
wti,2002-03,26.21,49.104171
wti,2002-04,27.32,50.899075
wti,2002-05,25.37,47.266088
wti,2002-06,26.79,49.883903
wti,2002-07,27.02,50.2563
wti,2002-08,28.97,53.70432
wti,2002-09,30.59,56.613471
wti,2002-10,27.18,50.219285
wti,2002-11,26.87,49.646512
wti,2002-12,31.21,57.792846
wti,2003-01,33.51,61.778645
wti,2003-02,36.76,67.252129
wti,2003-03,31.14,56.630169
wti,2003-04,25.32,46.14632
wti,2003-05,29.15,53.213444
wti,2003-06,30.15,54.979026
wti,2003-07,30.21,55.028525
wti,2003-08,31.76,57.632529
wti,2003-09,28.35,51.277986
wti,2003-10,29.24,52.944947
wti,2003-11,30.33,55.067444
wti,2003-12,33.01,59.998317
wti,2004-01,33.63,60.828172
wti,2004-02,36.08,64.909121
wti,2004-03,36.15,64.618607
wti,2004-04,37.5,66.817819
wti,2004-05,39.9,70.680603
wti,2004-06,36.92,65.194842
wti,2004-07,43.72,77.324845
wti,2004-08,42.23,74.65016
wti,2004-09,49.56,87.4229
wti,2004-10,51.78,90.860474
wti,2004-11,49.16,86.217889
wti,2004-12,43.36,76.325448
wti,2005-01,48.25,84.755034
wti,2005-02,52.2,91.167654
wti,2005-03,55.31,95.849683
wti,2005-04,49.2,84.691757
wti,2005-05,52.08,89.741556
wti,2005-06,56.63,97.531709
wti,2005-07,59.91,102.705485
wti,2005-08,68.63,117.055384
wti,2005-09,66.21,111.564516
wti,2005-10,59.8,100.561265
wti,2005-11,57.33,97.188276
wti,2005-12,60.26,102.570604
wti,2006-01,67.86,114.633095
wti,2006-02,61.37,103.46111
wti,2006-03,66.7,111.827658
wti,2006-04,71.8,119.3626
wti,2006-05,71.42,118.144551
wti,2006-06,73.94,122.072061
wti,2006-07,74.56,122.732721
wti,2006-08,70.38,115.624779
wti,2006-09,62.9,103.845451
wti,2006-10,58.72,97.472872
wti,2006-11,62.97,104.683328
wti,2006-12,60.85,101.008588
wti,2007-01,58.17,96.266039
wti,2007-02,61.78,101.696148
wti,2007-03,65.94,107.564481
wti,2007-04,65.78,106.610919
wti,2007-05,64.02,103.128265
wti,2007-06,70.47,113.298843
wti,2007-07,78.2,125.758818
wti,2007-08,73.98,119.190929
wti,2007-09,81.64,131.170642
wti,2007-10,94.16,150.963533
wti,2007-11,88.6,141.210637
wti,2007-12,95.95,153.027724
wti,2008-01,91.67,145.47857
wti,2008-02,101.78,161.055228
wti,2008-03,101.54,159.294656
wti,2008-04,113.7,177.295848
wti,2008-05,127.35,196.922445
wti,2008-06,139.96,214.26228
wti,2008-07,124.17,189.0967
wti,2008-08,115.55,176.674635
wti,2008-09,100.7,154.182391
wti,2008-10,68.1,105.332327
wti,2008-11,55.21,87.062473
wti,2008-12,44.6,71.066214
wti,2009-01,41.73,66.204967
wti,2009-02,43.18,68.166416
wti,2009-03,49.64,78.174441
wti,2009-04,50.35,79.095118
wti,2009-05,66.31,103.866732
wti,2009-06,69.82,108.433299
wti,2009-07,69.26,107.734419
wti,2009-08,69.97,108.595266
wti,2009-09,70.46,109.287401
wti,2009-10,77.04,119.378376
wti,2009-11,77.19,119.526216
wti,2009-12,79.39,123.149735
wti,2010-01,72.85,112.620014
wti,2010-02,79.72,123.209755
wti,2010-03,83.45,128.447147
wti,2010-04,86.07,132.250176
wti,2010-05,74.0,113.616038
wti,2010-06,75.59,116.170661
wti,2010-07,78.85,121.155231
wti,2010-08,71.93,110.370073
wti,2010-09,79.95,122.604713
wti,2010-10,81.45,124.749651
wti,2010-11,84.12,128.784878
wti,2010-12,91.38,139.659696
wti,2011-01,90.99,138.404391
wti,2011-02,97.1,146.973499
wti,2011-03,106.19,159.18022
wti,2011-04,112.38,167.381272
wti,2011-05,102.7,152.247464
wti,2011-06,95.3,141.428811
wti,2011-07,95.68,141.867044
wti,2011-08,88.81,131.318607
wti,2011-09,78.93,116.532628
wti,2011-10,93.19,137.870543
wti,2011-11,100.36,148.603602
wti,2011-12,98.83,146.69996
wti,2012-01,98.46,145.510471
wti,2012-02,107.08,157.555942
wti,2012-03,103.03,150.454198
wti,2012-04,104.89,152.709008
wti,2012-05,86.52,126.112175
wti,2012-06,85.04,124.136951
wti,2012-07,88.08,128.784475
wti,2012-08,96.47,140.271121
wti,2012-09,92.18,133.437867
wti,2012-10,86.23,124.873336
wti,2012-11,88.54,128.828948
wti,2012-12,91.83,133.976827
wti,2013-01,97.65,142.047929
wti,2013-02,92.03,132.785203
wti,2013-03,97.24,139.93657
wti,2013-04,93.22,134.291065
wti,2013-05,91.93,132.197349
wti,2013-06,96.36,138.236059
wti,2013-07,105.1,150.714901
wti,2013-08,107.98,154.658818
wti,2013-09,102.36,146.439032
wti,2013-10,96.29,138.110797
wti,2013-11,92.55,133.018115
wti,2013-12,98.17,141.107607
wti,2014-01,97.55,139.696724
wti,2014-02,102.88,146.78676
wti,2014-03,101.57,143.990379
wti,2014-04,100.07,141.397755
wti,2014-05,103.4,145.594502
wti,2014-06,106.07,149.076451
wti,2014-07,98.23,138.111586
wti,2014-08,97.86,137.821598
wti,2014-09,91.17,128.303148
wti,2014-10,80.53,113.614954
wti,2014-11,65.94,93.535836
wti,2014-12,53.45,76.251133
wti,2015-01,47.79,68.498993
wti,2015-02,49.84,71.128412
wti,2015-03,47.72,67.699955
wti,2015-04,59.62,84.410786
wti,2015-05,60.25,84.870146
wti,2015-06,59.48,83.493033
wti,2015-07,47.11,66.124631
wti,2015-08,49.2,69.156146
wti,2015-09,45.06,63.435663
wti,2015-10,46.6,65.633196
wti,2015-11,40.43,57.063578
wti,2015-12,37.13,52.585593
wti,2016-01,33.66,47.592509
wti,2016-02,32.74,46.253633
wti,2016-03,36.94,51.963454
wti,2016-04,45.98,64.374806
wti,2016-05,49.1,68.465997
wti,2016-06,48.27,67.088286
wti,2016-07,41.54,57.828138
wti,2016-08,44.68,62.142282
wti,2016-09,47.72,66.211233
wti,2016-10,46.83,64.895455
wti,2016-11,49.41,68.577402
wti,2016-12,53.75,74.576589
wti,2017-01,52.75,72.765062
wti,2017-02,54.0,74.255736
wti,2017-03,50.54,69.441426
wti,2017-04,49.31,67.551094
wti,2017-05,48.29,66.097274
wti,2017-06,46.02,62.933109
wti,2017-07,50.21,68.710407
wti,2017-08,47.26,64.480365
wti,2017-09,51.67,70.125949
wti,2017-10,54.36,73.823447
wti,2017-11,57.4,77.950014
wti,2017-12,60.46,82.15383
wti,2018-01,64.82,87.601026
wti,2018-02,61.43,82.64484
wti,2018-03,64.87,87.075954
wti,2018-04,68.56,91.664719
wti,2018-05,66.98,89.181362
wti,2018-06,74.13,98.544252
wti,2018-07,69.88,92.888274
wti,2018-08,69.84,92.783559
wti,2018-09,73.16,97.081421
wti,2018-10,65.31,86.511829
wti,2018-11,50.78,67.490951
wti,2018-12,45.15,60.200479
wti,2019-01,53.84,71.650629
wti,2019-02,57.21,75.814974
wti,2019-03,60.19,79.316631
wti,2019-04,63.83,83.670283
wti,2019-05,53.49,69.967356
wti,2019-06,58.2,76.113093
wti,2019-07,58.53,76.416974
wti,2019-08,55.07,71.903229
wti,2019-09,54.09,70.568386
wti,2019-10,54.02,70.316304
wti,2019-11,58.12,75.693748
wti,2019-12,61.14,79.699414
wti,2020-01,51.58,66.977561
wti,2020-02,44.83,58.053462
wti,2020-03,20.51,26.617747
wti,2020-04,19.23,25.124578
wti,2020-05,35.57,46.472377
wti,2020-06,39.27,51.027221
wti,2020-07,40.1,51.843482
wti,2020-08,42.61,54.915388
wti,2020-09,40.05,51.544295
wti,2020-10,35.64,45.849606
wti,2020-11,45.2,58.183738
wti,2020-12,48.35,62.180037
wti,2021-01,52.16,66.795715
wti,2021-02,61.55,78.391337
wti,2021-03,59.19,74.855371
wti,2021-04,63.5,79.651419
wti,2021-05,66.31,82.514622
wti,2021-06,73.52,90.644432
wti,2021-07,73.93,90.71355
wti,2021-08,68.43,83.791837
wti,2021-09,75.22,91.856642
wti,2021-10,83.5,101.127774
wti,2021-11,66.14,79.711231
wti,2021-12,75.33,90.508832
wti,2022-01,89.16,106.231653
wti,2022-02,96.13,113.499511
wti,2022-03,100.53,117.130681
wti,2022-04,104.59,121.184599
wti,2022-05,114.38,131.082917
wti,2022-06,107.76,121.822831
wti,2022-07,101.31,114.544627
wti,2022-08,90.09,101.895014
wti,2022-09,79.91,90.187097
wti,2022-10,86.54,97.275174
wti,2022-11,80.48,90.554902
wti,2022-12,80.16,90.472602
wti,2023-01,78.95,88.400144
wti,2023-02,76.88,85.604515
wti,2023-03,75.68,83.990268
wti,2023-04,76.78,84.78214
wti,2023-05,68.11,75.019606
wti,2023-06,70.66,77.577806
wti,2023-07,81.8,89.637457
wti,2023-08,83.55,91.157032
wti,2023-09,90.77,98.788893
wti,2023-10,81.64,88.886399
wti,2023-11,75.66,82.541945
wti,2023-12,71.89,78.507013
wti,2024-01,76.28,82.84976
wti,2024-02,79.22,85.513671
wti,2024-03,83.96,90.048156
wti,2024-04,83.49,89.196806
wti,2024-05,77.97,83.161314
wti,2024-06,82.83,88.31509
wti,2024-07,79.36,84.517113
wti,2024-08,74.52,79.298052
wti,2024-09,68.75,73.04092
wti,2024-10,69.58,73.837715
wti,2024-11,68.26,72.476203
wti,2024-12,72.44,76.887094
wti,2025-01,72.84,76.808847
wti,2025-02,69.97,73.456198
wti,2025-03,71.87,75.281701
wti,2025-04,59.55,62.183198
wti,2025-05,61.46,64.043895
wti,2025-06,66.3,68.852633
wti,2025-07,70.36,72.958795
wti,2025-08,64.36,66.546018
wti,2025-09,63.17,65.149897
wti,2025-10,61.75,63.685391
wti,2025-11,58.58,60.542414
wti,2025-12,57.26,59.190613
wti,2026-01,64.5,66.429138
wti,2026-02,66.96,68.639199
wti,2026-03,102.86,104.344901
wti,2026-04,108.64,109.279404
wti,2026-05,91.16,91.121101
wti,2026-06,70.56,70.777204
wti,2026-07,86.16,86.434025
wti,2026-08,87.03,87.03
wti,2026-09,96.16,96.16
henryhub,1997-01,2.91,6.126913
henryhub,1997-02,1.8,3.77797
henryhub,1997-03,1.84,3.85227
henryhub,1997-04,2.16,4.516584
henryhub,1997-05,2.23,4.665868
henryhub,1997-06,2.23,4.660046
henryhub,1997-07,2.23,4.654239
henryhub,1997-08,2.69,5.603832
henryhub,1997-09,3.09,6.421143
henryhub,1997-10,3.34,6.923473
henryhub,1997-11,2.63,5.455092
henryhub,1997-12,2.27,4.714226
henryhub,1998-01,2.09,4.332353
henryhub,1998-02,2.28,4.717445
henryhub,1998-03,2.32,4.791329
henryhub,1998-04,2.27,4.679413
henryhub,1998-05,2.1,4.320995
henryhub,1998-06,2.39,4.91167
henryhub,1998-07,1.95,4.002518
henryhub,1998-08,1.61,3.300599
henryhub,1998-09,2.22,4.545572
henryhub,1998-10,2.0,4.085122
henryhub,1998-11,2.13,4.350655
henryhub,1998-12,1.95,3.985424
henryhub,1999-01,1.75,3.567955
henryhub,1999-02,1.64,3.339618
henryhub,1999-03,2.02,4.100967
henryhub,1999-04,2.24,4.514773
henryhub,1999-05,2.27,4.575238
henryhub,1999-06,2.33,4.69617
henryhub,1999-07,2.55,5.124169
henryhub,1999-08,2.84,5.693257
henryhub,1999-09,2.57,5.127448
henryhub,1999-10,3.0,5.974673
henryhub,1999-11,2.16,4.299209
henryhub,1999-12,2.3,4.577861
henryhub,2000-01,2.76,5.477161
henryhub,2000-02,2.6,5.129258
henryhub,2000-03,2.94,5.752577
henryhub,2000-04,3.09,6.042546
henryhub,2000-05,4.52,8.828627
henryhub,2000-06,4.36,8.471652
henryhub,2000-07,3.89,7.540927
henryhub,2000-08,4.62,8.956062
henryhub,2000-09,5.06,9.758197
henryhub,2000-10,4.37,8.413003
henryhub,2000-11,5.93,11.409715
henryhub,2000-12,9.22,17.75009
henryhub,2001-01,6.76,12.932409
henryhub,2001-02,5.07,9.660686
henryhub,2001-03,5.6,10.646356
henryhub,2001-04,4.73,8.956786
henryhub,2001-05,3.83,7.219884
henryhub,2001-06,3.2,6.022112
henryhub,2001-07,3.31,6.246669
henryhub,2001-08,2.47,4.661412
henryhub,2001-09,1.88,3.532038
henryhub,2001-10,3.11,5.862621
henryhub,2001-11,1.83,3.455543
henryhub,2001-12,2.4,4.549813
henryhub,2002-01,2.28,4.31256
henryhub,2002-02,2.49,4.691227
henryhub,2002-03,3.18,5.957698
henryhub,2002-04,3.32,6.185393
henryhub,2002-05,3.33,6.204023
henryhub,2002-06,3.22,5.995751
henryhub,2002-07,3.02,5.617099
henryhub,2002-08,3.31,6.136048
henryhub,2002-09,3.76,6.958701
henryhub,2002-10,4.2,7.760154
henryhub,2002-11,4.24,7.834061
henryhub,2002-12,4.81,8.906876
henryhub,2003-01,6.55,12.075504
henryhub,2003-02,10.81,19.776809
henryhub,2003-03,5.07,9.220134
henryhub,2003-04,5.25,9.568254
henryhub,2003-05,5.32,9.711682
henryhub,2003-06,5.44,9.91993
henryhub,2003-07,4.68,8.524777
henryhub,2003-08,4.86,8.819083
henryhub,2003-09,4.57,8.265975
henryhub,2003-10,4.78,8.655159
henryhub,2003-11,4.15,7.53478
henryhub,2003-12,6.52,11.850622
henryhub,2004-01,5.7,10.30986
henryhub,2004-02,5.1,9.17507
henryhub,2004-04,5.7,10.156309
henryhub,2004-05,6.7,11.868673
henryhub,2004-06,6.13,10.824604
henryhub,2004-07,5.77,10.20504
henryhub,2004-08,5.05,8.926908
henryhub,2004-09,5.22,9.207981
henryhub,2004-10,6.8,11.932237
henryhub,2004-11,6.79,11.908451
henryhub,2004-12,6.57,11.564995
henryhub,2005-01,6.23,10.9435
henryhub,2005-02,6.62,11.561875
henryhub,2005-03,7.18,12.442609
henryhub,2005-04,6.67,11.481586
henryhub,2005-05,6.31,10.873065
henryhub,2005-06,7.8,13.433645
henryhub,2005-07,7.69,13.183194
henryhub,2005-08,9.96,16.987784
henryhub,2005-09,14.84,25.005549
henryhub,2005-10,13.9,23.374608
henryhub,2005-11,11.01,18.664624
henryhub,2005-12,9.9,16.851128
henryhub,2006-01,8.27,13.970169
henryhub,2006-02,7.03,11.851582
henryhub,2006-03,7.16,12.004288
henryhub,2006-04,6.64,11.038547
henryhub,2006-05,5.78,9.561404
henryhub,2006-06,5.84,9.641613
henryhub,2006-07,7.24,11.917716
henryhub,2006-08,5.8,9.528612
henryhub,2006-09,4.99,8.238296
henryhub,2006-10,6.88,11.420527
henryhub,2006-11,8.32,13.831432
henryhub,2006-12,5.5,9.129782
henryhub,2007-01,7.58,12.544208
henryhub,2007-02,7.51,12.362222
henryhub,2007-03,7.34,11.973359
henryhub,2007-04,7.71,12.495746
henryhub,2007-05,7.8,12.564831
henryhub,2007-06,6.4,10.289664
henryhub,2007-07,6.53,10.501344
henryhub,2007-08,5.49,8.845069
henryhub,2007-09,6.15,9.881179
henryhub,2007-10,7.28,11.671777
henryhub,2007-11,7.29,11.618798
henryhub,2007-12,7.11,11.339522
henryhub,2008-01,8.1,12.854548
henryhub,2008-02,9.1,14.399711
henryhub,2008-03,9.86,15.468242
henryhub,2008-04,10.81,16.85636
henryhub,2008-05,11.43,17.674311
henryhub,2008-06,13.19,20.192337
henryhub,2008-07,9.26,14.10192
henryhub,2008-08,8.24,12.598866
henryhub,2008-09,7.17,10.978031
henryhub,2008-10,6.18,9.558793
henryhub,2008-11,6.43,10.139679
henryhub,2008-12,5.63,8.970914
henryhub,2009-01,4.77,7.567642
henryhub,2009-02,4.08,6.440921
henryhub,2009-03,3.58,5.637883
henryhub,2009-04,3.25,5.105445
henryhub,2009-05,3.92,6.140214
henryhub,2009-06,3.72,5.777311
henryhub,2009-07,3.34,5.195394
henryhub,2009-08,2.42,3.755903
henryhub,2009-09,3.25,5.040932
henryhub,2009-10,4.11,6.368706
henryhub,2009-11,4.41,6.828742
henryhub,2009-12,5.82,9.027982
henryhub,2010-01,5.26,8.131521
henryhub,2010-02,4.76,7.356729
henryhub,2010-03,3.93,6.049099
henryhub,2010-04,3.94,6.053976
henryhub,2010-05,4.31,6.617367
henryhub,2010-06,4.53,6.961941
henryhub,2010-07,4.81,7.3907
henryhub,2010-08,3.8,5.830756
henryhub,2010-09,3.85,5.904042
henryhub,2010-10,3.36,5.14621
henryhub,2010-11,4.16,6.368819
henryhub,2010-12,4.22,6.449594
henryhub,2011-01,4.42,6.723238
henryhub,2011-02,3.93,5.948567
henryhub,2011-03,4.32,6.475737
henryhub,2011-04,4.38,6.523669
henryhub,2011-05,4.63,6.863737
henryhub,2011-06,4.4,6.529767
henryhub,2011-07,4.26,6.316405
henryhub,2011-08,3.97,5.870227
henryhub,2011-09,3.68,5.43317
henryhub,2011-10,3.66,5.41481
henryhub,2011-11,3.53,5.22689
henryhub,2011-12,2.98,4.423413
henryhub,2012-01,2.51,3.709438
henryhub,2012-02,2.44,3.59018
henryhub,2012-03,2.0,2.92059
henryhub,2012-04,2.1,3.057383
henryhub,2012-05,2.34,3.410801
henryhub,2012-06,2.74,3.999709
henryhub,2012-07,3.2,4.678818
henryhub,2012-08,2.72,3.954985
henryhub,2012-09,3.08,4.458544
henryhub,2012-10,3.5,5.068499
henryhub,2012-11,3.46,5.034427
henryhub,2012-12,3.43,5.004253
henryhub,2013-01,3.33,4.844031
henryhub,2013-02,3.48,5.021107
henryhub,2013-03,4.03,5.79951
henryhub,2013-04,4.3,6.194503
henryhub,2013-05,4.02,5.780848
henryhub,2013-06,3.57,5.121448
henryhub,2013-07,3.46,4.961689
henryhub,2013-08,3.57,5.11328
henryhub,2013-09,3.48,4.978584
henryhub,2013-10,3.57,5.120527
henryhub,2013-11,3.87,5.562184
henryhub,2013-12,4.31,6.195108
henryhub,2014-01,5.04,7.217545
henryhub,2014-02,4.8,6.848527
henryhub,2014-03,4.48,6.351057
henryhub,2014-04,4.79,6.768215
henryhub,2014-05,4.49,6.322237
henryhub,2014-06,4.39,6.169941
henryhub,2014-07,3.78,5.314688
henryhub,2014-08,4.04,5.689753
henryhub,2014-09,4.14,5.826204
henryhub,2014-10,3.82,5.389409
henryhub,2014-11,4.3,6.099546
henryhub,2014-12,3.14,4.479487
henryhub,2015-01,2.88,4.128
henryhub,2015-02,2.79,3.981707
henryhub,2015-03,2.65,3.759532
henryhub,2015-04,2.56,3.624482
henryhub,2015-05,2.78,3.916
henryhub,2015-06,2.8,3.930405
henryhub,2015-07,2.76,3.873997
henryhub,2015-08,2.7,3.795154
henryhub,2015-09,2.47,3.477277
henryhub,2015-10,1.98,2.788707
henryhub,2015-11,2.11,2.978089
henryhub,2015-12,2.28,3.229064
henryhub,2016-01,2.28,3.223735
henryhub,2016-02,1.62,2.288665
henryhub,2016-03,1.98,2.785264
henryhub,2016-04,1.89,2.646115
henryhub,2016-05,2.12,2.956169
henryhub,2016-06,2.94,4.086173
henryhub,2016-07,2.97,4.134559
henryhub,2016-08,2.95,4.102948
henryhub,2016-09,2.84,3.940484
henryhub,2016-10,2.85,3.949435
henryhub,2016-11,3.32,4.607913
henryhub,2016-12,3.71,5.147519
henryhub,2017-01,3.0,4.138297
henryhub,2017-02,2.54,3.49277
henryhub,2017-03,3.13,4.300587
henryhub,2017-04,3.2,4.383766
henryhub,2017-05,3.05,4.174709
henryhub,2017-06,2.98,4.075199
henryhub,2017-07,2.87,3.927482
henryhub,2017-08,2.92,3.983975
henryhub,2017-09,2.94,3.990135
henryhub,2017-10,2.84,3.856854
henryhub,2017-11,3.06,4.155523
henryhub,2017-12,3.69,5.01402
henryhub,2018-01,3.34,4.513845
henryhub,2018-02,2.66,3.578631
henryhub,2018-03,2.81,3.771904
henryhub,2018-04,2.75,3.67675
henryhub,2018-05,2.94,3.9145
henryhub,2018-06,2.96,3.934857
henryhub,2018-07,2.82,3.748496
henryhub,2018-08,2.98,3.958978
henryhub,2018-09,3.01,3.994192
henryhub,2018-10,3.31,4.384538
henryhub,2018-11,4.61,6.127083
henryhub,2018-12,3.25,4.333368
henryhub,2019-01,2.82,3.752875
henryhub,2019-02,2.89,3.829842
henryhub,2019-03,2.73,3.597515
henryhub,2019-04,2.59,3.39505
henryhub,2019-05,2.59,3.387838
henryhub,2019-06,2.42,3.16484
henryhub,2019-07,2.28,2.976776
henryhub,2019-08,2.33,3.04221
henryhub,2019-09,2.37,3.092015
henryhub,2019-10,2.73,3.553564
henryhub,2019-11,2.46,3.20383
henryhub,2019-12,2.09,2.724432
henryhub,2020-01,1.91,2.480169
henryhub,2020-02,1.79,2.317995
henryhub,2020-03,1.71,2.219227
henryhub,2020-04,1.63,2.129644
henryhub,2020-05,1.7,2.221058
henryhub,2020-06,1.76,2.286934
henryhub,2020-07,1.83,2.365924
henryhub,2020-08,2.3,2.964219
henryhub,2020-09,1.66,2.136418
henryhub,2020-10,3.03,3.897988
henryhub,2020-11,2.89,3.720155
henryhub,2020-12,2.39,3.073636
henryhub,2021-01,2.68,3.431988
henryhub,2021-02,2.66,3.38783
henryhub,2021-03,2.52,3.186949
henryhub,2021-04,2.86,3.58745
henryhub,2021-05,2.91,3.621136
henryhub,2021-06,3.79,4.672775
henryhub,2021-07,3.94,4.834457
henryhub,2021-08,4.33,5.302041
henryhub,2021-09,5.58,6.814146
henryhub,2021-10,5.49,6.649
henryhub,2021-11,4.52,5.447456
henryhub,2021-12,3.82,4.589722
henryhub,2022-01,5.56,6.624585
henryhub,2022-02,4.46,5.265867
henryhub,2022-03,5.46,6.361619
henryhub,2022-04,6.84,7.925257
henryhub,2022-05,8.46,9.695414
henryhub,2022-06,6.54,7.393479
henryhub,2022-07,8.33,9.418189
henryhub,2022-08,8.93,10.10015
henryhub,2022-09,6.4,7.223094
henryhub,2022-10,5.02,5.642724
henryhub,2022-11,7.0,7.876296
henryhub,2022-12,3.52,3.972849
henryhub,2023-01,2.65,2.967199
henryhub,2023-02,2.5,2.783706
henryhub,2023-03,2.1,2.330597
henryhub,2023-04,2.27,2.506583
henryhub,2023-05,2.1,2.31304
henryhub,2023-06,2.48,2.722799
henryhub,2023-07,2.58,2.827196
henryhub,2023-08,2.56,2.793082
henryhub,2023-09,2.68,2.916759
henryhub,2023-10,3.34,3.63646
henryhub,2023-11,2.75,3.000137
henryhub,2023-12,2.58,2.817472
henryhub,2024-01,2.19,2.378618
henryhub,2024-02,1.67,1.802674
henryhub,2024-03,1.54,1.651669
henryhub,2024-04,1.68,1.794833
henryhub,2024-05,1.78,1.898514
henryhub,2024-06,2.42,2.580255
henryhub,2024-07,1.94,2.066069
henryhub,2024-08,1.93,2.053747
henryhub,2024-09,2.65,2.815395
henryhub,2024-10,1.82,1.931369
henryhub,2024-11,3.39,3.59939
henryhub,2024-12,3.4,3.608726
henryhub,2025-01,2.93,3.089647
henryhub,2025-02,3.91,4.104813
henryhub,2025-03,4.11,4.305104
henryhub,2025-04,3.12,3.257961
henryhub,2025-05,2.86,2.98024
henryhub,2025-06,3.26,3.385514
henryhub,2025-07,2.99,3.100438
henryhub,2025-08,2.88,2.977821
henryhub,2025-09,3.12,3.217788
henryhub,2025-10,3.57,3.681892
henryhub,2025-11,4.59,4.743764
henryhub,2025-12,4.0,4.134866
henryhub,2026-01,7.18,7.394747
henryhub,2026-02,2.99,3.064982
henryhub,2026-03,2.88,2.921576
henryhub,2026-04,2.64,2.655538
henryhub,2026-05,3.34,3.338575
henryhub,2026-06,3.34,3.350281
henryhub,2026-07,2.59,2.598237
henryhub,2026-08,2.9,2.9
henryhub,2026-09,3.18,3.18
gold,1971-08,43.0,353.042647
gold,1971-09,42.0,344.832353
gold,1971-10,43.0,352.179462
gold,1971-11,43.0,352.179462
gold,1971-12,43.0,350.465693
gold,1972-01,46.0,374.916788
gold,1972-02,48.0,389.323002
gold,1972-03,48.0,388.382609
gold,1972-04,49.0,395.518554
gold,1972-05,55.0,442.882212
gold,1972-06,62.0,498.051799
gold,1972-07,66.0,527.653461
gold,1972-08,67.0,534.372857
gold,1972-09,65.0,517.190024
gold,1972-10,65.0,514.744681
gold,1972-11,63.0,497.729717
gold,1972-12,64.0,504.440471
gold,1973-01,65.0,511.119718
gold,1973-02,74.0,577.820979
gold,1973-03,84.0,649.845727
gold,1973-04,91.0,699.155505
gold,1973-05,102.0,778.31344
gold,1973-06,120.0,909.447964
gold,1973-07,120.0,907.395034
gold,1973-08,107.0,794.741907
gold,1973-09,103.0,763.339381
gold,1973-10,100.0,734.605263
gold,1973-11,95.0,693.313725
gold,1973-12,107.0,775.819481
gold,1974-01,129.0,927.30515
gold,1974-02,150.0,1064.555085
gold,1974-03,168.0,1177.335565
gold,1974-04,172.0,1200.345
gold,1974-05,163.0,1123.492593
gold,1974-06,154.0,1052.794286
gold,1974-07,143.0,969.678947
gold,1974-08,155.0,1038.438
gold,1974-09,152.0,1006.264032
gold,1974-10,159.0,1042.305675
gold,1974-11,182.0,1183.812816
gold,1974-12,184.0,1187.597688
gold,1975-01,176.0,1131.602303
gold,1975-02,180.0,1148.502857
gold,1975-03,178.0,1131.431499
gold,1975-04,170.0,1076.495274
gold,1975-05,167.0,1051.534962
gold,1975-06,164.0,1024.938806
gold,1975-07,165.0,1019.773063
gold,1975-08,163.0,1005.556906
gold,1975-09,144.0,883.463736
gold,1975-10,143.0,872.534426
gold,1975-11,142.0,860.165642
gold,1975-12,139.0,838.958919
gold,1976-01,131.0,789.251439
gold,1976-02,131.0,786.422581
gold,1976-03,133.0,797.000716
gold,1976-04,128.0,764.303743
gold,1976-05,127.0,752.963894
gold,1976-06,126.0,743.089437
gold,1976-07,118.0,692.25289
gold,1976-08,110.0,641.947735
gold,1976-09,114.0,662.98125
gold,1976-10,116.0,671.117098
gold,1976-11,130.0,750.817241
gold,1976-12,134.0,771.259794
gold,1977-01,132.0,755.852308
gold,1977-02,136.0,770.850761
gold,1977-03,148.0,833.227563
gold,1977-04,149.0,831.867
gold,1977-05,147.0,816.61791
gold,1977-06,141.0,778.124876
gold,1977-07,143.0,785.280984
gold,1977-08,145.0,793.661765
gold,1977-09,150.0,818.355049
gold,1977-10,159.0,864.639935
gold,1977-11,162.0,876.68433
gold,1977-12,160.0,863.072464
gold,1978-01,173.0,927.22464
gold,1978-02,178.0,947.956121
gold,1978-03,184.0,972.181703
gold,1978-04,175.0,917.394366
gold,1978-05,176.0,914.053953
gold,1978-06,184.0,945.342331
gold,1978-07,189.0,963.641096
gold,1978-08,206.0,1045.543636
gold,1978-09,212.0,1067.906165
gold,1978-10,227.0,1133.240835
gold,1978-11,206.0,1023.826113
gold,1978-12,208.0,1029.185229
gold,1979-01,227.0,1113.330307
gold,1979-02,246.0,1192.548191
gold,1979-03,242.0,1161.391977
gold,1979-04,239.0,1133.99745
gold,1979-05,258.0,1208.739021
gold,1979-06,279.0,1292.661411
gold,1979-07,295.0,1351.834473
gold,1979-08,301.0,1366.246341
gold,1979-09,355.0,1594.073727
gold,1979-10,392.0,1746.17234
gold,1979-11,392.0,1730.067984
gold,1979-12,455.0,1987.169492
gold,1980-01,675.0,2906.317481
gold,1980-02,665.0,2823.342205
gold,1980-03,554.0,2316.840449
gold,1980-04,517.0,2138.082222
gold,1980-05,514.0,2104.886553
gold,1980-06,601.0,2434.377025
gold,1980-07,643.0,2604.499879
gold,1980-08,627.0,2521.398079
gold,1980-09,674.0,2687.815714
gold,1980-10,661.0,2611.105896
gold,1980-11,625.0,2448.684211
gold,1980-12,538.0,2088.287833
gold,1981-01,557.0,2144.642069
gold,1981-02,500.0,1905.460751
gold,1981-03,499.0,1888.757288
gold,1981-04,496.0,1864.759596
gold,1981-05,480.0,1790.538976
gold,1981-06,461.0,1704.478808
gold,1981-07,409.0,1495.707642
gold,1981-08,410.0,1487.993499
gold,1981-09,444.0,1595.827468
gold,1981-10,438.0,1570.891221
gold,1981-11,413.0,1476.486019
gold,1981-12,410.0,1461.082979
gold,1982-01,384.0,1364.075504
gold,1982-02,374.0,1324.339535
gold,1982-03,330.0,1169.771429
gold,1982-04,350.0,1235.437302
gold,1982-05,334.0,1167.884342
gold,1982-06,315.0,1087.821649
gold,1982-07,339.0,1164.699692
gold,1982-08,364.0,1248.031934
gold,1982-09,437.0,1495.263126
gold,1982-10,422.0,1439.527088
gold,1982-11,415.0,1418.537755
gold,1982-12,445.0,1527.316598
gold,1983-01,481.0,1647.498773
gold,1983-02,491.0,1680.032482
gold,1983-03,420.0,1437.094995
gold,1983-04,433.0,1471.058215
gold,1983-05,438.0,1479.044758
gold,1983-06,413.0,1390.419497
gold,1983-07,403.0,1351.320721
gold,1983-08,416.0,1390.735329
gold,1983-09,412.0,1370.523932
gold,1983-10,394.0,1306.753663
gold,1983-11,382.0,1264.450198
gold,1983-12,388.0,1283.042843
gold,1984-01,371.0,1219.603337
gold,1984-02,386.0,1262.717578
gold,1984-03,394.0,1286.375439
gold,1984-04,381.0,1237.898933
gold,1984-05,377.0,1221.348743
gold,1984-06,378.0,1221.045709
gold,1984-07,348.0,1119.817867
gold,1984-08,348.0,1115.531483
gold,1984-09,340.0,1084.697143
gold,1984-10,341.0,1084.788034
gold,1984-11,342.0,1087.969231
gold,1984-12,320.0,1017.982906
gold,1985-01,303.0,962.075261
gold,1985-02,299.0,944.896415
gold,1985-03,314.0,988.568797
gold,1985-04,327.0,1024.681572
gold,1985-05,316.0,986.520783
gold,1985-06,317.0,986.883457
gold,1985-07,317.0,985.052505
gold,1985-08,330.0,1023.55
gold,1985-09,323.0,999.063158
gold,1985-10,326.0,1004.631831
gold,1985-11,322.0,989.573945
gold,1985-12,322.0,986.857823
gold,1986-01,347.0,1060.566241
gold,1986-02,339.0,1038.959012
gold,1986-03,346.0,1065.285662
gold,1986-04,340.0,1048.740331
gold,1986-05,342.0,1052.003306
gold,1986-06,343.0,1049.298082
gold,1986-07,348.0,1064.593973
gold,1986-08,377.0,1151.207475
gold,1986-09,418.0,1270.613793
gold,1986-10,424.0,1287.683772
gold,1986-11,398.0,1207.627174
gold,1986-12,391.0,1185.313846
gold,1987-01,408.0,1229.063309
gold,1987-02,401.0,1203.646774
gold,1987-03,409.0,1222.183943
gold,1987-04,438.0,1301.874357
gold,1987-05,460.0,1362.429708
gold,1987-06,450.0,1328.114537
gold,1987-07,451.0,1327.556942
gold,1987-08,461.0,1349.875699
gold,1987-09,460.0,1339.92
gold,1987-10,465.0,1350.960104
gold,1987-11,468.0,1358.497747
gold,1987-12,486.0,1410.74766
gold,1988-01,477.0,1381.032498
gold,1988-02,442.0,1276.38931
gold,1988-03,444.0,1276.661974
gold,1988-04,452.0,1293.005636
gold,1988-05,451.0,1285.753021
gold,1988-06,451.0,1280.304915
gold,1988-07,438.0,1238.153924
gold,1988-08,431.0,1213.246891
gold,1988-09,413.0,1154.81419
gold,1988-10,407.0,1134.250083
gold,1988-11,420.0,1169.506234
gold,1988-12,419.0,1164.785228
gold,1989-01,404.0,1117.522048
gold,1989-02,388.0,1068.850658
gold,1989-03,390.0,1068.210957
gold,1989-04,384.0,1044.941673
gold,1989-05,371.0,1003.857674
gold,1989-06,368.0,993.333118
gold,1989-07,375.0,1009.786977
gold,1989-08,365.0,981.281701
gold,1989-09,362.0,970.10208
gold,1989-10,367.0,978.803025
gold,1989-11,394.0,1048.309134
gold,1989-12,409.39,1087.529439
gold,1990-01,410.0,1078.036107
gold,1990-02,417.0,1091.302031
gold,1990-03,393.0,1022.899301
gold,1990-04,374.0,971.935764
gold,1990-05,369.0,956.715325
gold,1990-06,352.0,907.721016
gold,1990-07,363.0,932.498006
gold,1990-08,395.0,1005.449088
gold,1990-09,389.0,981.9685
gold,1990-10,381.0,956.010337
gold,1990-11,382.0,956.370404
gold,1990-12,377.0,943.852466
gold,1991-01,384.0,955.663596
gold,1991-02,364.0,904.545401
gold,1991-03,363.0,900.724
gold,1991-04,358.0,887.003254
gold,1991-05,357.0,881.916372
gold,1991-06,367.0,903.953382
gold,1991-07,368.0,905.085463
gold,1991-08,356.0,873.007906
gold,1991-09,349.0,852.099271
gold,1991-10,359.0,875.238865
gold,1991-11,360.0,875.129173
gold,1991-12,362.0,879.352864
gold,1992-01,354.0,858.674294
gold,1992-02,354.0,855.576623
gold,1992-03,344.0,827.229864
gold,1992-04,339.0,814.037419
gold,1992-05,337.0,808.076306
gold,1992-06,341.0,814.751641
gold,1992-07,353.0,841.622349
gold,1992-08,343.0,815.458765
gold,1992-09,345.0,817.89172
gold,1992-10,344.0,812.645416
gold,1992-11,335.0,790.269718
gold,1992-12,335.0,790.826638
gold,1993-01,329.0,772.85007
gold,1993-02,329.0,770.149686
gold,1993-03,330.0,769.800836
gold,1993-04,342.0,795.5775
gold,1993-05,367.0,852.549653
gold,1993-06,372.0,862.967867
gold,1993-07,392.0,909.363989
gold,1993-08,379.0,876.777762
gold,1993-09,355.0,819.558236
gold,1993-10,364.0,836.875223
gold,1993-11,374.0,859.276543
gold,1993-12,383.0,879.954321
gold,1994-01,387.0,886.711765
gold,1994-02,382.0,872.272393
gold,1994-03,384.0,873.86087
gold,1994-04,377.0,856.767028
gold,1994-05,381.0,865.270373
gold,1994-06,386.0,873.664054
gold,1994-07,385.0,869.051887
gold,1994-08,380.0,854.311409
gold,1994-09,392.0,878.93012
gold,1994-10,390.0,873.86087
gold,1994-11,384.0,859.267335
gold,1994-12,379.0,848.078958
gold,1995-01,379.0,844.693413
gold,1995-02,377.0,836.89503
gold,1995-03,382.0,845.193923
gold,1995-04,391.0,862.25925
gold,1995-05,385.0,847.354139
gold,1995-06,388.0,852.276984
gold,1995-07,386.0,847.883803
gold,1995-08,384.0,841.283976
gold,1995-09,383.0,837.45
gold,1995-10,383.0,834.725699
gold,1995-11,385.0,839.630859
gold,1995-12,387.0,844.54241
gold,1996-01,399.0,865.654275
gold,1996-02,405.0,875.835378
gold,1996-03,396.0,851.972254
gold,1996-04,393.0,842.272169
gold,1996-05,392.0,838.51954
gold,1996-06,385.0,823.020421
gold,1996-07,383.0,817.18051
gold,1996-08,387.0,824.140242
gold,1996-09,383.0,813.037643
gold,1996-10,381.0,806.237397
gold,1996-11,378.0,798.37604
gold,1996-12,369.0,779.367087
gold,1997-01,355.0,747.441232
gold,1997-02,347.0,728.308647
gold,1997-03,352.0,736.956
gold,1997-04,344.0,719.307865
gold,1997-05,344.0,719.757152
gold,1997-06,341.0,712.590019
gold,1997-07,324.0,676.221308
gold,1997-08,324.0,674.959701
gold,1997-09,323.0,671.206824
gold,1997-10,325.0,673.691213
gold,1997-11,306.0,634.698947
gold,1997-12,289.0,600.181153
gold,1998-01,289.0,599.066955
gold,1998-02,297.0,614.509327
gold,1998-03,296.0,611.307522
gold,1998-04,308.0,634.915938
gold,1998-05,299.0,615.227396
gold,1998-06,292.0,600.086871
gold,1998-07,293.0,601.404044
gold,1998-08,284.0,582.217381
gold,1998-09,289.0,591.743399
gold,1998-10,296.0,604.598049
gold,1998-11,294.0,600.512927
gold,1998-12,292.0,596.791702
gold,1999-01,287.0,585.144614
gold,1999-02,287.0,584.433191
gold,1999-03,286.0,580.632
gold,1999-04,283.0,570.393141
gold,1999-05,276.0,556.284477
gold,1999-06,261.0,526.051625
gold,1999-07,256.0,514.426395
gold,1999-08,257.0,515.199641
gold,1999-09,265.0,528.705777
gold,1999-10,311.0,619.374435
gold,1999-11,293.0,583.179679
gold,1999-12,283.0,563.275936
gold,2000-01,284.0,563.591943
gold,2000-02,300.0,591.837456
gold,2000-03,286.0,559.604439
gold,2000-04,280.0,547.544658
gold,2000-05,275.0,537.139942
gold,2000-06,286.0,555.709281
gold,2000-07,282.0,546.66875
gold,2000-08,274.47,532.071531
gold,2000-09,274.0,528.40829
gold,2000-10,270.0,519.796552
gold,2000-11,266.0,511.801723
gold,2000-12,271.0,521.721724
gold,2001-01,265.0,506.965734
gold,2001-02,262.0,499.230717
gold,2001-03,263.0,499.998524
gold,2001-04,260.0,492.339175
gold,2001-05,272.0,512.743725
gold,2001-06,270.0,508.11573
gold,2001-07,268.0,505.77262
gold,2001-08,272.0,513.321465
gold,2001-09,283.0,531.684464
gold,2001-10,283.0,533.479685
gold,2001-11,276.0,521.163923
gold,2001-12,276.0,523.228523
gold,2002-01,282.0,533.395596
gold,2002-02,296.0,557.671991
gold,2002-03,294.0,550.80604
gold,2002-04,303.0,564.510234
gold,2002-05,314.0,585.004004
gold,2002-06,321.0,597.713063
gold,2002-07,313.0,582.169572
gold,2002-08,310.0,574.675152
gold,2002-09,319.0,590.379116
gold,2002-10,317.0,585.706895
gold,2002-11,319.0,589.402206
gold,2002-12,332.0,614.778109
gold,2003-01,357.0,658.161035
gold,2003-02,359.0,656.787657
gold,2003-03,341.0,620.13127
gold,2003-04,328.0,597.78803
gold,2003-05,356.0,649.879455
gold,2003-06,356.0,649.171911
gold,2003-07,351.0,639.358238
gold,2003-08,360.0,653.265439
gold,2003-09,379.0,685.515227
gold,2003-10,379.0,686.256324
gold,2003-11,390.0,708.087805
gold,2003-12,407.0,739.755073
gold,2004-01,414.0,748.821382
gold,2004-02,405.0,728.608485
gold,2004-03,407.0,727.51793
gold,2004-04,403.0,718.06883
gold,2004-05,384.0,680.234373
gold,2004-06,392.0,692.209594
gold,2004-07,398.0,703.917846
gold,2004-08,401.0,708.849499
gold,2004-09,405.0,714.412322
gold,2004-10,420.0,736.991095
gold,2004-11,439.0,769.927853
gold,2004-12,442.0,778.040778
gold,2005-01,424.0,744.790351
gold,2005-02,423.0,738.772367
gold,2005-03,434.0,752.102018
gold,2005-04,429.0,738.470812
gold,2005-05,422.0,727.168519
gold,2005-06,431.0,742.295013
gold,2005-07,424.0,726.875742
gold,2005-08,438.0,747.053157
gold,2005-09,456.0,768.364588
gold,2005-10,470.0,790.364458
gold,2005-11,477.0,808.63087
gold,2005-12,510.0,868.088415
gold,2006-01,550.0,929.092284
gold,2006-02,555.0,935.651233
gold,2006-03,557.0,933.853153
gold,2006-04,611.0,1015.745806
gold,2006-05,675.0,1116.6
gold,2006-06,596.0,983.972794
gold,2006-07,634.0,1043.623194
gold,2006-08,633.0,1039.933006
gold,2006-09,598.0,987.274717
gold,2006-10,586.0,972.736769
gold,2006-11,628.0,1044.007146
gold,2006-12,630.0,1045.775025
gold,2007-01,631.0,1044.247392
gold,2007-02,665.0,1094.657468
gold,2007-03,655.0,1068.467315
gold,2007-04,679.0,1100.46844
gold,2007-05,667.0,1074.454121
gold,2007-06,656.0,1054.690524
gold,2007-07,665.0,1069.432402
gold,2007-08,665.0,1071.39724
gold,2007-09,713.0,1145.57408
gold,2007-10,755.0,1210.465884
gold,2007-11,806.0,1284.602407
gold,2007-12,803.0,1280.680169
gold,2008-01,890.0,1412.413303
gold,2008-02,922.0,1458.95972
gold,2008-03,968.0,1518.58604
gold,2008-04,910.0,1418.990518
gold,2008-05,889.0,1374.668655
gold,2008-06,889.0,1360.954322
gold,2008-07,940.0,1431.512429
gold,2008-08,839.0,1282.821449
gold,2008-09,830.0,1270.818117
gold,2008-10,807.0,1248.211273
gold,2008-11,761.0,1200.04604
gold,2008-12,816.0,1300.224899
gold,2009-01,859.0,1362.810133
gold,2009-02,943.0,1488.673707
gold,2009-03,924.0,1455.140685
gold,2009-04,890.0,1398.106359
gold,2009-05,929.0,1455.168057
gold,2009-06,946.0,1469.176468
gold,2009-07,934.0,1452.84359
gold,2009-08,949.0,1472.872763
gold,2009-09,997.0,1546.402771
gold,2009-10,1043.0,1616.194785
gold,2009-11,1127.0,1745.123007
gold,2009-12,1135.0,1760.611533
gold,2010-01,1118.0,1728.334602
gold,2010-02,1095.0,1692.356776
gold,2010-03,1113.0,1713.141694
gold,2010-04,1149.0,1765.486838
gold,2010-05,1205.0,1850.099002
gold,2010-06,1233.0,1894.93882
gold,2010-07,1193.0,1833.077872
gold,2010-08,1216.0,1865.841914
gold,2010-09,1271.0,1949.100573
gold,2010-10,1342.0,2055.420898
gold,2010-11,1370.0,2097.42371
gold,2010-12,1391.0,2125.920731
gold,2011-01,1360.0,2068.688557
gold,2011-02,1375.0,2081.241612
gold,2011-03,1423.0,2133.095893
gold,2011-04,1481.0,2205.834349
gold,2011-05,1513.0,2242.944628
gold,2011-06,1529.0,2269.09393
gold,2011-07,1573.0,2332.32505
gold,2011-08,1759.0,2600.939416
gold,2011-09,1772.0,2616.189238
gold,2011-10,1666.0,2464.77438
gold,2011-11,1739.0,2574.946824
gold,2011-12,1640.0,2434.361374
gold,2012-01,1654.0,2444.386738
gold,2012-02,1745.0,2567.567413
gold,2012-03,1676.0,2447.454488
gold,2012-04,1649.0,2400.773714
gold,2012-05,1589.0,2316.13785
gold,2012-06,1599.0,2334.136693
gold,2012-07,1594.0,2330.636392
gold,2012-08,1630.0,2370.083211
gold,2012-09,1745.0,2526.026006
gold,2012-10,1747.0,2529.905109
gold,2012-11,1722.0,2505.573167
gold,2012-12,1685.0,2458.357324
gold,2013-01,1672.0,2432.19802
gold,2013-02,1628.0,2348.9548
gold,2013-03,1593.0,2292.461497
gold,2013-04,1488.0,2143.586189
gold,2013-05,1414.0,2033.362897
gold,2013-06,1343.0,1926.639972
gold,2013-07,1286.0,1844.142365
gold,2013-08,1352.0,1936.457882
gold,2013-09,1349.0,1929.916506
gold,2013-10,1317.0,1889.001139
gold,2013-11,1276.0,1833.939649
gold,2013-12,1222.0,1756.478509
gold,2014-01,1244.0,1781.473349
gold,2014-02,1300.0,1854.809376
gold,2014-03,1336.0,1893.976038
gold,2014-04,1298.0,1834.05902
gold,2014-05,1289.0,1815.003026
gold,2014-06,1279.0,1797.575007
gold,2014-07,1311.0,1843.268751
gold,2014-08,1295.0,1823.819434
gold,2014-09,1237.0,1740.824767
gold,2014-10,1222.0,1724.046615
gold,2014-11,1175.0,1666.736537
gold,2014-12,1201.0,1713.332283
gold,2015-01,1251.0,1793.099822
gold,2015-02,1227.0,1751.094742
gold,2015-03,1179.0,1672.637187
gold,2015-04,1199.0,1697.560091
gold,2015-05,1199.0,1688.951115
gold,2015-06,1182.0,1659.192417
gold,2015-07,1128.0,1583.285593
gold,2015-08,1118.0,1571.475016
gold,2015-09,1125.0,1583.779865
gold,2015-10,1159.0,1632.379267
gold,2015-11,1086.0,1532.798564
gold,2015-12,1076.0,1523.891682
gold,2016-01,1098.0,1552.482905
gold,2016-02,1200.0,1695.307261
gold,2016-03,1245.0,1751.340013
gold,2016-04,1242.0,1738.875788
gold,2016-05,1261.0,1758.362979
gold,2016-06,1276.0,1773.454597
gold,2016-07,1337.0,1861.247486
gold,2016-08,1340.0,1863.712118
gold,2016-09,1327.0,1841.20508
gold,2016-10,1267.0,1755.766416
gold,2016-11,1238.0,1718.251855
gold,2016-12,1157.0,1605.304434
gold,2017-01,1192.0,1644.283496
gold,2017-02,1234.0,1696.881073
gold,2017-03,1231.0,1691.381003
gold,2017-04,1267.0,1735.697355
gold,2017-05,1246.0,1705.471187
gold,2017-06,1260.0,1723.070768
gold,2017-07,1237.0,1692.78578
gold,2017-08,1283.0,1750.4932
gold,2017-09,1314.0,1783.346177
gold,2017-10,1280.0,1738.300434
gold,2017-11,1282.0,1740.97418
gold,2017-12,1264.0,1717.53955
gold,2018-01,1331.0,1798.780717
gold,2018-02,1331.0,1790.660626
gold,2018-03,1325.0,1778.566963
gold,2018-04,1335.0,1784.894989
gold,2018-05,1303.0,1734.895702
gold,2018-06,1282.0,1704.218676
gold,2018-07,1238.0,1645.616533
gold,2018-08,1202.0,1596.876254
gold,2018-09,1198.0,1589.714901
gold,2018-10,1215.0,1609.429978
gold,2018-11,1221.0,1622.813147
gold,2018-12,1250.0,1666.679935
gold,2019-01,1292.0,1719.402174
gold,2019-02,1320.0,1749.2705
gold,2019-03,1301.0,1714.419949
gold,2019-04,1286.0,1685.727456
gold,2019-05,1284.0,1679.530481
gold,2019-06,1359.0,1777.279957
gold,2019-07,1413.0,1844.81777
gold,2019-08,1500.0,1958.50451
gold,2019-09,1511.0,1971.322446
gold,2019-10,1495.0,1945.999161
gold,2019-11,1471.0,1915.786367
gold,2019-12,1479.0,1927.959327
gold,2020-01,1561.0,2026.986677
gold,2020-02,1597.0,2068.065549
gold,2020-03,1592.0,2066.087442
gold,2020-04,1683.0,2198.890514
gold,2020-05,1716.0,2241.962292
gold,2020-06,1732.0,2250.551248
gold,2020-07,1847.0,2387.903019
gold,2020-08,1969.0,2537.629637
gold,2020-09,1922.0,2473.611342
gold,2020-10,1900.0,2444.283147
gold,2020-11,1866.0,2402.010076
gold,2020-12,1858.0,2389.462442
gold,2021-01,1867.0,2390.866573
gold,2021-02,1808.0,2302.705711
gold,2021-03,1718.0,2172.690117
gold,2021-04,1760.0,2207.661372
gold,2021-05,1850.0,2302.096993
gold,2021-06,1835.0,2262.412034
gold,2021-07,1808.0,2218.451226
gold,2021-08,1785.0,2185.714286
gold,2021-09,1775.0,2167.582297
gold,2021-10,1777.0,2152.144373
gold,2021-11,1822.0,2195.855196
gold,2021-12,1790.0,2150.681129
gold,2022-01,1816.0,2163.713347
gold,2022-02,1856.0,2191.356427
gold,2022-03,1948.0,2269.676387
gold,2022-04,1937.0,2244.330893
gold,2022-05,1849.0,2119.009566
gold,2022-06,1837.0,2076.73107
gold,2022-07,1733.0,1959.390366
gold,2022-08,1765.0,1996.278164
gold,2022-09,1681.0,1897.190709
gold,2022-10,1664.0,1870.41703
gold,2022-11,1725.0,1940.944406
gold,2022-12,1798.0,2029.3131
gold,2023-01,1898.0,2125.186483
gold,2023-02,1855.0,2065.509573
gold,2023-03,1913.0,2123.062657
gold,2023-04,2000.0,2208.44335
gold,2023-05,1992.0,2194.083919
gold,2023-06,1943.0,2133.224979
gold,2023-07,1951.0,2137.930067
gold,2023-08,1919.0,2093.720467
gold,2023-09,1916.0,2085.265165
gold,2023-10,1916.0,2086.06492
gold,2023-11,1984.0,2164.462321
gold,2023-12,2026.0,2212.480293
gold,2024-01,2034.0,2209.182114
gold,2024-02,2023.0,2183.718219
gold,2024-03,2158.0,2314.482154
gold,2024-04,2331.0,2490.331241
gold,2024-05,2351.0,2507.531721
gold,2024-06,2326.0,2480.030174
gold,2024-07,2398.0,2553.831118
gold,2024-08,2470.0,2628.370754
gold,2024-09,2571.0,2731.464791
gold,2024-10,2690.0,2854.60553
gold,2024-11,2651.0,2814.743845
gold,2024-12,2648.0,2810.560796
gold,2025-01,2710.0,2857.660284
gold,2025-02,2895.0,3039.24101
gold,2025-03,2983.0,3124.60433
gold,2025-04,3218.0,3360.294394
gold,2025-05,3309.0,3448.116653
gold,2025-06,3353.0,3482.094674
gold,2025-07,3340.0,3463.365197
gold,2025-08,3368.0,3482.395733
gold,2025-09,3668.0,3782.963793
gold,2025-10,4058.0,4185.187315
gold,2025-11,4087.0,4223.913403
gold,2025-12,4309.0,4454.284841
gold,2026-01,4753.0,4895.158031
gold,2026-02,5020.0,5145.889805
gold,2026-03,4856.0,4926.10188
gold,2026-04,4721.0,4748.785598
gold,2026-05,4587.0,4585.042686
gold,2026-06,4228.0,4241.014996
gold,2026-07,4073.0,4085.953857
gold,2026-08,4411.0,4411.0
gold,2026-09,4319.0,4319.0
uran,1988-01,16.4,47.48204
uran,1988-02,16.2,46.78169
uran,1988-03,15.95,45.862069
uran,1988-04,15.88,45.426835
uran,1988-05,15.45,44.046306
uran,1988-06,15.18,43.09319
uran,1988-07,14.65,41.413139
uran,1988-08,14.13,39.775356
uran,1988-09,13.8,38.587012
uran,1988-10,13.18,36.730752
uran,1988-11,12.85,35.781322
uran,1988-12,11.88,33.025414
uran,1989-01,11.55,31.94896
uran,1989-02,11.23,30.936064
uran,1989-03,10.73,29.389496
uran,1989-04,10.15,27.620203
uran,1989-05,9.8,26.516995
uran,1989-06,9.73,26.263944
uran,1989-07,9.73,26.200606
uran,1989-08,9.65,25.943475
uran,1989-09,9.6,25.726464
uran,1989-10,9.4,25.070159
uran,1989-11,9.25,24.611319
uran,1989-12,9.0,23.908168
uran,1990-01,8.88,23.348684
uran,1990-02,8.75,22.899023
uran,1990-03,8.8,22.904615
uran,1990-04,8.85,22.999015
uran,1990-05,9.3,24.112337
uran,1990-06,11.3,29.139908
uran,1990-07,11.73,30.132787
uran,1990-08,11.48,29.22166
uran,1990-09,10.3,26.000708
uran,1990-10,8.43,21.15267
uran,1990-11,9.65,24.159619
uran,1990-12,9.75,24.409978
uran,1991-01,9.15,22.771672
uran,1991-02,9.45,23.48339
uran,1991-03,9.35,23.200467
uran,1991-04,9.05,22.422848
uran,1991-05,9.23,22.801367
uran,1991-06,9.08,22.364841
uran,1991-07,8.65,21.274427
uran,1991-08,8.88,21.776152
uran,1991-09,8.33,20.338071
uran,1991-10,7.38,17.992376
uran,1991-11,7.4,17.988766
uran,1991-12,8.75,21.255076
uran,1992-01,7.95,19.283787
uran,1992-02,8.0,19.335065
uran,1992-03,7.88,18.949335
uran,1992-04,7.83,18.802103
uran,1992-05,7.73,18.5354
uran,1992-06,7.83,18.708227
uran,1992-07,7.83,18.66828
uran,1992-08,8.08,19.209641
uran,1992-09,8.68,20.577682
uran,1992-10,10.38,24.521103
uran,1992-11,10.4,24.533746
uran,1992-12,9.98,23.559552
uran,1993-01,9.75,22.903612
uran,1993-02,10.05,23.525849
uran,1993-03,10.1,23.560571
uran,1993-04,10.2,23.72775
uran,1993-05,10.08,23.416078
uran,1993-06,10.15,23.546032
uran,1993-07,9.9,22.96608
uran,1993-08,10.05,23.249648
uran,1993-09,10.25,23.663301
uran,1993-10,10.23,23.519872
uran,1993-11,9.95,22.860432
uran,1993-12,9.88,22.699605
uran,1994-01,9.5,21.766826
uran,1994-02,9.48,21.646969
uran,1994-03,9.48,21.57344
uran,1994-04,9.35,21.248731
uran,1994-05,9.25,21.00722
uran,1994-06,9.25,20.93625
uran,1994-07,9.33,21.0604
uran,1994-08,9.15,20.570919
uran,1994-09,9.08,20.358892
uran,1994-10,9.08,20.345274
uran,1994-11,9.48,21.213162
uran,1994-12,9.6,21.481683
uran,1995-01,9.68,21.574228
uran,1995-02,10.38,23.042362
uran,1995-03,11.08,24.515049
uran,1995-04,11.55,25.470829
uran,1995-05,11.78,25.926836
uran,1995-06,11.83,25.985662
uran,1995-07,11.88,26.095491
uran,1995-08,11.8,25.851956
uran,1995-09,11.75,25.692004
uran,1995-10,11.75,25.608426
uran,1995-11,11.83,25.799566
uran,1995-12,12.23,26.689286
uran,1996-01,12.95,28.095797
uran,1996-02,15.33,33.151991
uran,1996-03,15.83,34.057376
uran,1996-04,16.13,34.569593
uran,1996-05,16.5,35.294828
uran,1996-06,16.55,35.37919
uran,1996-07,16.5,35.204904
uran,1996-08,16.35,34.818328
uran,1996-09,15.9,33.752738
uran,1996-10,15.45,32.693879
uran,1996-11,14.95,31.575984
uran,1996-12,14.7,31.047957
uran,1997-01,14.25,30.002923
uran,1997-02,13.7,28.754549
uran,1997-03,13.0,27.217125
uran,1997-04,12.18,25.468517
uran,1997-05,11.45,23.957033
uran,1997-06,10.6,22.150892
uran,1997-07,10.5,21.914579
uran,1997-08,10.25,21.352892
uran,1997-09,10.93,22.712974
uran,1997-10,12.63,26.180677
uran,1997-11,12.75,26.445789
uran,1997-12,12.1,25.128692
uran,1998-01,11.9,24.667463
uran,1998-02,10.88,22.511318
uran,1998-03,10.73,22.159898
uran,1998-04,10.78,22.222058
uran,1998-05,10.83,22.283989
uran,1998-06,10.83,22.256647
uran,1998-07,10.5,21.552022
uran,1998-08,10.23,20.972126
uran,1998-09,9.83,20.127466
uran,1998-10,9.2,18.791561
uran,1998-11,8.75,17.872409
uran,1998-12,8.75,17.883313
uran,1999-01,10.5,21.40773
uran,1999-02,10.5,21.381702
uran,1999-03,10.85,22.027473
uran,1999-04,10.85,21.86843
uran,1999-05,10.63,21.425014
uran,1999-06,10.35,20.860668
uran,1999-07,10.25,20.597151
uran,1999-08,10.05,20.146912
uran,1999-09,9.83,19.611992
uran,1999-10,9.73,19.377856
uran,1999-11,9.68,19.266824
uran,1999-12,9.6,19.107594
uran,2000-01,9.45,18.753323
uran,2000-02,9.38,18.504784
uran,2000-03,9.2,18.001262
uran,2000-04,8.85,17.306322
uran,2000-05,8.43,16.465781
uran,2000-06,8.13,15.796911
uran,2000-07,8.08,15.663417
uran,2000-08,7.75,15.023698
uran,2000-09,7.43,14.328736
uran,2000-10,7.2,13.861241
uran,2000-11,7.13,13.718595
uran,2000-12,7.1,13.668724
uran,2001-01,7.23,13.831556
uran,2001-02,7.95,15.148413
uran,2001-03,8.2,15.589308
uran,2001-04,8.85,16.758468
uran,2001-05,8.85,16.683022
uran,2001-06,8.83,16.617266
uran,2001-07,8.93,16.852797
uran,2001-08,9.1,17.173623
uran,2001-09,9.4,17.660191
uran,2001-10,9.48,17.870627
uran,2001-11,9.5,17.938613
uran,2001-12,9.55,18.104465
uran,2002-01,9.7,18.347295
uran,2002-02,9.93,18.708388
uran,2002-03,9.83,18.416406
uran,2002-04,9.9,18.444394
uran,2002-05,9.9,18.444394
uran,2002-06,9.9,18.434141
uran,2002-07,9.85,18.320672
uran,2002-08,9.85,18.25984
uran,2002-09,9.75,18.044503
uran,2002-10,9.9,18.291793
uran,2002-11,9.88,18.254839
uran,2002-12,10.2,18.887761
uran,2003-01,10.15,18.712422
uran,2003-02,10.15,18.569345
uran,2003-03,10.1,18.367524
uran,2003-04,10.88,19.829066
uran,2003-05,10.95,19.98927
uran,2003-06,10.9,19.876331
uran,2003-07,11.05,20.127945
uran,2003-08,11.3,20.505276
uran,2003-09,12.23,22.120979
uran,2003-10,12.73,23.050245
uran,2003-11,13.75,24.964634
uran,2003-12,14.45,26.264031
uran,2004-01,15.55,28.126021
uran,2004-02,16.63,29.917924
uran,2004-03,17.63,31.51386
uran,2004-04,17.68,31.502374
uran,2004-05,17.8,31.531698
uran,2004-06,18.5,32.668055
uran,2004-07,18.5,32.719799
uran,2004-08,19.63,34.700039
uran,2004-09,20.0,35.279621
uran,2004-10,20.23,35.498404
uran,2004-11,20.5,35.953351
uran,2004-12,20.6,36.261629
uran,2005-01,21.1,37.063859
uran,2005-02,21.75,37.986522
uran,2005-03,22.55,39.078112
uran,2005-04,25.0,43.03443
uran,2005-05,29.0,49.971296
uran,2005-06,29.0,49.945604
uran,2005-07,29.5,50.572723
uran,2005-08,30.1,51.338585
uran,2005-09,31.63,53.296868
uran,2005-10,33.25,55.914081
uran,2005-11,34.75,58.909691
uran,2005-12,36.38,61.92364
uran,2006-01,37.5,63.347201
uran,2006-02,38.63,65.124698
uran,2006-03,40.75,68.320495
uran,2006-04,41.5,68.990918
uran,2006-05,43.0,71.131556
uran,2006-06,45.75,75.531469
uran,2006-07,47.38,77.991904
uran,2006-08,50.25,82.553923
uran,2006-09,54.88,90.604743
uran,2006-10,60.13,99.813416
uran,2006-11,63.5,105.564417
uran,2006-12,72.0,119.517146
uran,2007-01,75.0,124.118153
uran,2007-02,85.0,139.918624
uran,2007-03,95.0,154.968542
uran,2007-04,113.0,183.141287
uran,2007-05,125.0,201.359468
uran,2007-06,136.0,218.655352
uran,2007-07,120.0,192.980283
uran,2007-08,90.0,145.00113
uran,2007-09,85.0,136.56914
uran,2007-10,85.0,136.277616
uran,2007-11,93.0,148.223355
uran,2007-12,90.0,143.538251
uran,2008-01,78.0,123.784537
uran,2008-02,73.0,115.514164
uran,2008-03,71.0,111.383893
uran,2008-04,65.0,101.356466
uran,2008-05,60.0,92.778537
uran,2008-06,59.0,90.322053
uran,2008-07,64.5,98.226119
uran,2008-08,64.5,98.619766
uran,2008-09,53.0,81.148627
uran,2008-10,45.0,69.602859
uran,2008-11,55.0,86.731317
uran,2008-12,52.5,83.654175
uran,2009-01,47.5,75.359117
uran,2009-02,44.5,70.250244
uran,2009-03,42.0,66.142758
uran,2009-04,44.5,69.905318
uran,2009-05,49.0,76.752675
uran,2009-06,51.5,79.981594
uran,2009-07,47.0,73.108832
uran,2009-08,46.0,71.3932
uran,2009-09,42.88,66.509279
uran,2009-10,48.0,74.379051
uran,2009-11,45.38,70.269461
uran,2009-12,44.5,69.028382
uran,2010-01,42.38,65.51594
uran,2010-02,41.13,63.567702
uran,2010-03,41.88,64.462151
uran,2010-04,41.75,64.150631
uran,2010-05,40.75,62.565589
uran,2010-06,41.75,64.163581
uran,2010-07,45.63,70.111771
uran,2010-08,45.25,69.432028
uran,2010-09,46.63,71.507915
uran,2010-10,52.0,79.643731
uran,2010-11,60.63,92.822481
uran,2010-12,62.25,95.139156
uran,2011-01,72.63,110.477095
uran,2011-02,69.63,105.394075
uran,2011-03,60.5,90.690303
uran,2011-04,55.25,82.290579
uran,2011-05,57.0,84.499566
uran,2011-06,52.88,78.475923
uran,2011-07,51.75,76.730974
uran,2011-08,49.13,72.645909
uran,2011-09,52.25,77.142149
uran,2011-10,51.88,76.754199
uran,2011-11,51.63,76.448824
uran,2011-12,51.88,77.008944
uran,2012-01,52.13,77.04104
uran,2012-02,52.0,76.512038
uran,2012-03,51.05,74.548062
uran,2012-04,51.63,75.167948
uran,2012-05,51.63,75.25626
uran,2012-06,50.75,74.0822
uran,2012-07,49.5,72.375471
uran,2012-08,48.25,70.157371
uran,2012-09,46.5,67.312441
uran,2012-10,41.75,60.459953
uran,2012-11,42.25,61.4753
uran,2012-12,43.38,63.289935
uran,2013-01,43.88,63.830651
uran,2013-02,42.0,60.599571
uran,2013-03,42.25,60.801317
uran,2013-04,40.5,58.343576
uran,2013-05,40.45,58.167984
uran,2013-06,39.6,56.809339
uran,2013-07,34.75,49.831996
uran,2013-08,34.5,49.414051
uran,2013-09,35.0,50.071963
uran,2013-10,34.5,49.484085
uran,2013-11,36.08,51.856225
uran,2013-12,34.5,49.589614
uran,2014-01,35.45,50.766262
uran,2014-02,35.38,50.479351
uran,2014-03,34.0,48.199989
uran,2014-04,30.43,42.997239
uran,2014-05,28.25,39.777995
uran,2014-06,28.23,39.675952
uran,2014-07,28.5,40.07106
uran,2014-08,31.5,44.363175
uran,2014-09,35.4,49.818267
uran,2014-10,36.38,51.326363
uran,2014-11,39.5,56.030718
uran,2014-12,35.5,50.643877
uran,2015-01,37.0,53.033328
uran,2015-02,38.63,55.130228
uran,2015-03,39.45,55.967377
uran,2015-04,37.13,52.569146
uran,2015-05,35.0,49.302159
uran,2015-06,36.38,51.067191
uran,2015-07,35.5,49.82858
uran,2015-08,36.75,51.656267
uran,2015-09,36.38,51.215921
uran,2015-10,36.13,50.886853
uran,2015-11,36.0,50.811002
uran,2015-12,34.23,48.47845
uran,2016-01,34.7,49.062984
uran,2016-02,32.15,45.420107
uran,2016-03,28.7,40.372256
uran,2016-04,27.5,38.501678
uran,2016-05,27.25,37.997931
uran,2016-06,26.7,37.10912
uran,2016-07,25.45,35.429131
uran,2016-08,25.25,35.118456
uran,2016-09,23.0,31.912371
uran,2016-10,18.75,25.983126
uran,2016-11,18.0,24.98266
uran,2016-12,20.25,28.096296
uran,2017-01,24.5,33.796095
uran,2017-02,23.0,31.627443
uran,2017-03,23.88,32.810868
uran,2017-04,22.63,31.001445
uran,2017-05,19.6,26.827637
uran,2017-06,20.15,27.555457
uran,2017-07,20.2,27.642904
uran,2017-08,20.13,27.46487
uran,2017-09,20.33,27.59165
uran,2017-10,20.08,27.269588
uran,2017-11,23.13,31.410868
uran,2017-12,22.32,30.328705
uran,2018-01,21.88,29.569739
uran,2018-02,21.38,28.763579
uran,2018-03,21.05,28.255724
uran,2018-04,21.0,28.077
uran,2018-05,22.73,30.264144
uran,2018-06,22.65,30.109636
uran,2018-07,25.78,34.26817
uran,2018-08,26.3,34.939971
uran,2018-09,27.5,36.491786
uran,2018-10,27.95,37.023513
uran,2018-11,29.1,38.676382
uran,2018-12,27.75,37.000295
uran,2019-01,28.9,38.460312
uran,2019-02,28.0,37.105738
uran,2019-03,25.33,33.379137
uran,2019-04,25.2,33.032917
uran,2019-05,24.05,31.458495
uran,2019-06,24.6,32.171514
uran,2019-07,25.38,33.136217
uran,2019-08,25.3,33.033443
uran,2019-09,25.68,33.503349
uran,2019-10,24.25,31.565538
uran,2019-11,26.05,33.92674
uran,2019-12,24.93,32.497651
uran,2020-01,24.63,31.9825
uran,2020-02,24.8,32.115232
uran,2020-03,27.35,35.494655
uran,2020-04,33.25,43.442133
uran,2020-05,33.93,44.329709
uran,2020-06,32.8,42.620139
uran,2020-07,32.45,41.953142
uran,2020-08,30.85,39.759205
uran,2020-09,29.93,38.519869
uran,2020-10,29.7,38.208005
uran,2020-11,29.68,38.205605
uran,2020-12,30.2,38.83841
uran,2021-01,29.63,37.943962
uran,2021-02,27.98,35.635899
uran,2021-03,30.95,39.141303
uran,2021-04,28.9,36.250803
uran,2021-05,31.4,39.07343
uran,2021-06,32.25,39.761737
uran,2021-07,32.4,39.755431
uran,2021-08,34.25,41.938776
uran,2021-09,42.6,52.021975
uran,2021-10,45.2,54.74222
uran,2021-11,45.75,55.137418
uran,2021-12,42.05,50.522984
uran,2022-01,43.08,51.328618
uran,2022-02,48.75,57.558527
uran,2022-03,58.2,67.81066
uran,2022-04,53.0,61.409157
uran,2022-05,47.75,54.722935
uran,2022-06,49.75,56.242445
uran,2022-07,47.75,53.987819
uran,2022-08,51.25,57.965584
uran,2022-09,48.38,54.602074
uran,2022-10,52.28,58.765266
uran,2022-11,49.88,56.124236
uran,2022-12,47.68,53.814043
uran,2023-01,50.63,56.690301
uran,2023-02,50.93,56.709651
uran,2023-03,50.48,56.023107
uran,2023-04,52.93,58.446453
uran,2023-05,54.55,60.083975
uran,2023-06,56.1,61.592342
uran,2023-07,56.38,61.781905
uran,2023-08,59.93,65.386486
uran,2023-09,71.58,77.903591
uran,2023-10,74.38,80.981998
uran,2023-11,81.25,88.640405
uran,2023-12,91.0,99.375966
uran,2024-01,100.25,108.884222
uran,2024-02,95.0,102.547321
uran,2024-03,87.75,94.112979
uran,2024-04,89.0,95.083432
uran,2024-05,90.38,96.397583
uran,2024-06,84.25,89.829124
uran,2024-07,84.25,89.724884
uran,2024-08,78.5,83.533241
uran,2024-09,82.0,87.117897
uran,2024-10,80.5,85.425928
uran,2024-11,77.13,81.894075
uran,2024-12,72.63,77.088758
uran,2025-01,69.28,73.054872
uran,2025-02,65.03,68.270067
uran,2025-03,64.23,67.279027
uran,2025-04,67.73,70.724903
uran,2025-05,71.55,74.558098
uran,2025-06,78.5,81.522348
uran,2025-07,71.1,73.726127
uran,2025-08,75.13,77.681826
uran,2025-09,82.63,85.21982
uran,2025-10,80.0,82.507389
uran,2025-11,75.8,78.33928
uran,2025-12,81.55,84.299589
uran,2026-01,94.28,97.099832
uran,2026-02,86.95,89.130502
uran,2026-03,84.25,85.466245
uran,2026-04,86.35,86.858216
uran,2026-05,84.18,84.14408
uran,2026-06,85.0,85.261654
uran,2026-07,86.38,86.654725
uran,2026-08,89.68,89.68
uran,2026-09,89.63,89.63
laks,2006-01,4.078304,6.889311
laks,2006-02,3.96656,6.687056
laks,2006-03,4.437324,7.439514
laks,2006-04,5.177076,8.606536
laks,2006-05,5.89148,9.745818
laks,2006-06,6.710144,11.078186
laks,2006-07,6.232142,10.258688
laks,2006-08,5.74395,9.436529
laks,2006-09,4.724141,7.799373
laks,2006-10,4.400217,7.304186
laks,2006-11,4.598181,7.644162
laks,2006-12,4.609408,7.651435
laks,2007-01,4.644805,7.686728
laks,2007-02,4.701015,7.738347
laks,2007-03,4.575621,7.463971
laks,2007-04,4.537081,7.353336
laks,2007-05,4.175543,6.726282
laks,2007-06,4.053289,6.516716
laks,2007-07,4.343536,6.985141
laks,2007-08,4.637953,7.472316
laks,2007-09,4.606248,7.400839
laks,2007-10,4.610102,7.391219
laks,2007-11,4.818375,7.679523
laks,2007-12,4.947932,7.891306
laks,2008-01,4.992996,7.923791
laks,2008-02,4.810373,7.611867
laks,2008-03,5.120427,8.03286
laks,2008-04,4.847322,7.558576
laks,2008-05,5.053437,7.814175
laks,2008-06,5.018666,7.682987
laks,2008-07,5.465599,8.323482
laks,2008-08,5.218037,7.97832
laks,2008-09,5.037831,7.713455
laks,2008-10,4.328373,6.694825
laks,2008-11,4.103934,6.471629
laks,2008-12,4.096043,6.526687
laks,2009-01,4.275371,6.782909
laks,2009-02,4.168372,6.580431
laks,2009-03,4.349845,6.850257
laks,2009-04,4.590272,7.210886
laks,2009-05,5.224949,8.184262
laks,2009-06,5.390158,8.371134
laks,2009-07,5.660117,8.804352
laks,2009-08,4.821828,7.483603
laks,2009-09,5.083305,7.884491
laks,2009-10,5.055609,7.833987
laks,2009-11,5.376426,8.325221
laks,2009-12,5.263085,8.164095
laks,2010-01,5.227986,8.08203
laks,2010-02,5.81064,8.980526
laks,2010-03,5.89371,9.071663
laks,2010-04,6.261571,9.621168
laks,2010-05,6.034704,9.265393
laks,2010-06,5.754841,8.84434
laks,2010-07,6.133579,9.424415
laks,2010-08,6.264851,9.612847
laks,2010-09,6.20586,9.516794
laks,2010-10,6.595025,10.101008
laks,2010-11,6.504328,9.957907
laks,2010-12,7.23657,11.059938
laks,2011-01,6.977241,10.613043
laks,2011-02,7.188524,10.880768
laks,2011-03,7.084364,10.619555
laks,2011-04,7.516424,11.19513
laks,2011-05,6.797969,10.077639
laks,2011-06,5.802904,8.61173
laks,2011-07,5.564671,8.250872
laks,2011-08,5.148512,7.612829
laks,2011-09,4.766961,7.037964
laks,2011-10,4.336463,6.415608
laks,2011-11,4.686421,6.939209
laks,2011-12,4.74539,7.043899
laks,2012-01,4.456581,6.58622
laks,2012-02,4.913417,7.229529
laks,2012-03,4.802063,7.012429
laks,2012-04,4.756207,6.924547
laks,2012-05,4.655959,6.786559
laks,2012-06,4.316222,6.300595
laks,2012-07,4.307662,6.298365
laks,2012-08,4.636913,6.742251
laks,2012-09,4.679266,6.77361
laks,2012-10,4.750862,6.879925
laks,2012-11,5.145337,7.486654
laks,2012-12,5.648457,8.240905
laks,2013-01,6.433754,9.35895
laks,2013-02,6.597098,9.518602
laks,2013-03,6.267281,9.019147
laks,2013-04,6.703339,9.65671
laks,2013-05,6.78274,9.753729
laks,2013-06,6.799097,9.753843
laks,2013-07,7.127413,10.220812
laks,2013-08,6.743406,9.658522
laks,2013-09,5.778776,8.267276
laks,2013-10,6.844684,9.817476
laks,2013-11,7.008973,10.073695
laks,2013-12,8.144438,11.706653
laks,2014-01,8.173279,11.704564
laks,2014-02,7.754536,11.063989
laks,2014-03,7.045509,9.988043
laks,2014-04,7.027449,9.929704
laks,2014-05,6.365881,8.96361
laks,2014-06,5.751918,8.084053
laks,2014-07,6.212624,8.734963
laks,2014-08,5.64684,7.952754
laks,2014-09,5.74537,8.085435
laks,2014-10,6.020748,8.494313
laks,2014-11,6.635264,9.412116
laks,2014-12,6.47338,9.234847
laks,2015-01,5.854588,8.391575
laks,2015-02,5.496033,7.843582
laks,2015-03,5.004698,7.100122
laks,2015-04,4.703153,6.658786
laks,2015-05,4.718562,6.646722
laks,2015-06,5.089686,7.144474
laks,2015-07,5.066147,7.110956
laks,2015-08,5.187186,7.291174
laks,2015-09,5.417047,7.626142
laks,2015-10,5.624846,7.922246
laks,2015-11,5.741675,8.103896
laks,2015-12,6.061909,8.585216
laks,2016-01,6.303499,8.912636
laks,2016-02,6.274167,8.863867
laks,2016-03,6.723659,9.458163
laks,2016-04,6.383527,8.937328
laks,2016-05,6.871053,9.58113
laks,2016-06,7.618855,10.589102
laks,2016-07,7.469739,10.398678
laks,2016-08,7.004531,9.742111
laks,2016-09,7.213796,10.009102
laks,2016-10,8.278524,11.472103
laks,2016-11,7.988569,11.08754
laks,2016-12,8.024837,11.134232
laks,2017-01,8.393576,11.578371
laks,2017-02,7.499047,10.311987
laks,2017-03,6.845139,9.405149
laks,2017-04,6.931798,9.496057
laks,2017-05,7.784711,10.655378
laks,2017-06,8.019985,10.967462
laks,2017-07,7.594526,10.392809
laks,2017-08,7.375327,10.062712
laks,2017-09,7.684403,10.429187
laks,2017-10,7.696187,10.451786
laks,2017-11,6.677283,9.067846
laks,2017-12,6.436055,8.745395
laks,2018-01,6.988311,9.444356
laks,2018-02,7.128949,9.59093
laks,2018-03,8.355879,11.216219
laks,2018-04,8.216135,10.984973
laks,2018-05,8.379794,11.157383
laks,2018-06,7.427953,9.874303
laks,2018-07,6.619527,8.799034
laks,2018-08,6.88268,9.14375
laks,2018-09,8.148055,10.812258
laks,2018-10,7.906887,10.473729
laks,2018-11,7.219408,9.595209
laks,2018-12,6.864427,9.152643
laks,2019-01,7.095725,9.443037
laks,2019-02,6.759857,8.958196
laks,2019-03,7.658404,10.092022
laks,2019-04,7.471021,9.793239
laks,2019-05,6.521691,8.530669
laks,2019-06,7.23587,9.462964
laks,2019-07,6.719059,8.772427
laks,2019-08,6.263704,8.178328
laks,2019-09,6.183999,8.067939
laks,2019-10,6.375312,8.298563
laks,2019-11,7.131563,9.287934
laks,2019-12,7.726196,10.07153
laks,2020-01,8.18807,10.632357
laks,2020-02,7.059474,9.1418
laks,2020-03,5.841687,7.581304
laks,2020-04,5.060118,6.611198
laks,2020-05,5.611331,7.331231
laks,2020-06,6.71756,8.728761
laks,2020-07,5.783858,7.477689
laks,2020-08,5.944972,7.661827
laks,2020-09,5.992107,7.711833
laks,2020-10,5.854073,7.531059
laks,2020-11,5.743322,7.393096
laks,2020-12,5.418294,6.968143
laks,2021-01,5.350722,6.852095
laks,2021-02,5.767985,7.346224
laks,2021-03,6.823051,8.628857
laks,2021-04,7.077438,8.877606
laks,2021-05,7.56162,9.409504
laks,2021-06,6.922906,8.535404
laks,2021-07,7.031991,8.62839
laks,2021-08,6.88654,8.432498
laks,2021-09,6.957293,8.496059
laks,2021-10,7.706258,9.333135
laks,2021-11,7.154815,8.622908
laks,2021-12,7.24019,8.699072
laks,2022-01,7.575849,9.026413
laks,2022-02,8.94026,10.555655
laks,2022-03,8.746827,10.191205
laks,2022-04,10.361998,12.006068
laks,2022-05,9.578051,10.976735
laks,2022-06,9.580711,10.831007
laks,2022-07,8.248223,9.325729
laks,2022-08,7.770048,8.788203
laks,2022-09,6.960797,7.856014
laks,2022-10,7.483577,8.411905
laks,2022-11,7.674194,8.63489
laks,2022-12,7.810654,8.815496
laks,2023-01,8.87608,9.938527
laks,2023-02,9.50633,10.58513
laks,2023-03,10.471339,11.621176
laks,2023-04,10.000744,11.043039
laks,2023-05,9.443154,10.40114
laks,2023-06,8.931326,9.805727
laks,2023-07,8.894729,9.746955
laks,2023-08,8.097775,8.835058
laks,2023-09,8.263367,8.993377
laks,2023-10,8.411074,9.157645
laks,2023-11,8.26169,9.013163
laks,2023-12,8.424208,9.199602
laks,2024-01,9.683796,10.517831
laks,2024-02,9.900776,10.687347
laks,2024-03,9.414511,10.097181
laks,2024-04,10.027923,10.713364
laks,2024-05,10.017698,10.684685
laks,2024-06,7.658419,8.165568
laks,2024-07,7.353194,7.831032
laks,2024-08,8.005867,8.519185
laks,2024-09,7.937873,8.433302
laks,2024-10,7.70748,8.179114
laks,2024-11,8.349373,8.865087
laks,2024-12,8.500792,9.022656
laks,2025-01,9.053854,9.547173
laks,2025-02,7.928087,8.323098
laks,2025-03,7.406903,7.758512
laks,2025-04,7.234308,7.554197
laks,2025-05,6.488474,6.761261
laks,2025-06,7.059004,7.330784
laks,2025-07,6.463457,6.702189
laks,2025-08,6.925156,7.160372
laks,2025-09,8.740297,9.014238
laks,2025-10,8.619061,8.889203
laks,2025-11,8.972849,9.273437
laks,2025-12,9.458134,9.77703
laks,2026-01,8.27642,8.52396
laks,2026-02,8.73423,8.953264
laks,2026-03,8.573076,8.696838
laks,2026-04,7.80742,7.853371
laks,2026-05,7.49129,7.488093
laks,2026-06,6.962018,6.983449
laks,2026-07,7.294667,7.317867
laks,2026-08,8.669205,8.669205
laks,2026-09,8.859,8.859
oljeservice,1985-12,100.0,306.477585
oljeservice,1986-01,100.0,305.638686
oljeservice,1986-02,97.1,297.589735
oljeservice,1986-03,95.6,294.339044
oljeservice,1986-04,93.5,288.403591
oljeservice,1986-05,92.2,283.610248
oljeservice,1986-06,91.4,279.608877
oljeservice,1986-07,90.0,275.326027
oljeservice,1986-08,89.0,271.770465
oljeservice,1986-09,88.7,269.625463
oljeservice,1986-10,86.7,263.307035
oljeservice,1986-11,85.9,260.641141
oljeservice,1986-12,85.5,259.19267
oljeservice,1987-01,85.3,256.958579
oljeservice,1987-02,85.1,255.437258
oljeservice,1987-03,85.1,254.29793
oljeservice,1987-04,85.0,252.64685
oljeservice,1987-05,84.9,251.457135
oljeservice,1987-06,84.5,249.390396
oljeservice,1987-07,85.2,250.793462
oljeservice,1987-08,85.5,250.356556
oljeservice,1987-09,85.8,249.924209
oljeservice,1987-10,86.3,250.726574
oljeservice,1987-11,86.2,250.219029
oljeservice,1987-12,86.8,251.960693
oljeservice,1988-01,87.7,253.913103
oljeservice,1988-02,89.4,258.165621
oljeservice,1988-03,89.9,258.495296
oljeservice,1988-04,89.7,256.598685
oljeservice,1988-05,89.9,256.295336
oljeservice,1988-06,89.9,255.209339
oljeservice,1988-07,89.7,253.567139
oljeservice,1988-08,87.8,247.153311
oljeservice,1988-09,87.7,245.223255
oljeservice,1988-10,87.5,243.849834
oljeservice,1988-11,87.4,243.368678
oljeservice,1988-12,87.4,242.964747
oljeservice,1989-01,87.5,242.037572
oljeservice,1989-02,87.5,241.042352
oljeservice,1989-03,87.4,239.388814
oljeservice,1989-04,86.9,236.472478
oljeservice,1989-05,86.7,234.594233
oljeservice,1989-06,87.0,234.836906
oljeservice,1989-07,87.4,235.347685
oljeservice,1989-08,87.5,235.238764
oljeservice,1989-09,87.7,235.021968
oljeservice,1989-10,87.7,233.899252
oljeservice,1989-11,88.2,234.672248
oljeservice,1989-12,88.6,235.362633
oljeservice,1990-01,90.3,237.430879
oljeservice,1990-02,90.2,236.056219
oljeservice,1990-03,90.4,235.292867
oljeservice,1990-04,90.3,234.667913
oljeservice,1990-05,90.1,233.604474
oljeservice,1990-06,90.7,233.892887
oljeservice,1990-07,91.0,233.766718
oljeservice,1990-08,91.3,232.398739
oljeservice,1990-09,91.4,230.724732
oljeservice,1990-10,92.9,233.105933
oljeservice,1990-11,93.4,233.835067
oljeservice,1990-12,94.0,235.33722
oljeservice,1991-01,94.2,234.436226
oljeservice,1991-02,95.0,236.076409
oljeservice,1991-03,95.2,236.222933
oljeservice,1991-04,95.5,236.61679
oljeservice,1991-05,95.7,236.412876
oljeservice,1991-06,95.0,233.993382
oljeservice,1991-07,95.1,233.895727
oljeservice,1991-08,93.8,230.02287
oljeservice,1991-09,94.3,230.237711
oljeservice,1991-10,92.3,225.026594
oljeservice,1991-11,92.0,223.644122
oljeservice,1991-12,92.1,223.724859
oljeservice,1992-01,91.7,222.430601
oljeservice,1992-02,90.7,219.211299
oljeservice,1992-03,90.5,217.628787
oljeservice,1992-04,88.6,212.754323
oljeservice,1992-05,88.7,212.68952
oljeservice,1992-06,88.3,210.975278
oljeservice,1992-07,87.6,208.855858
oljeservice,1992-08,87.7,208.500681
oljeservice,1992-09,88.4,209.569936
oljeservice,1992-10,89.6,211.665783
oljeservice,1992-11,90.3,213.018972
oljeservice,1992-12,93.3,220.251121
oljeservice,1993-01,97.1,228.09648
oljeservice,1993-02,97.1,227.299497
oljeservice,1993-03,97.3,226.97461
oljeservice,1993-04,97.9,227.739875
oljeservice,1993-05,98.7,229.282427
oljeservice,1993-06,100.8,233.836454
oljeservice,1993-07,101.4,235.228338
oljeservice,1993-08,102.7,237.585953
oljeservice,1993-09,103.8,239.634211
oljeservice,1993-10,103.2,237.26792
oljeservice,1993-11,103.8,238.483704
oljeservice,1993-12,104.2,239.402716
oljeservice,1994-01,105.0,240.580711
oljeservice,1994-02,104.9,239.532393
oljeservice,1994-03,103.5,235.532813
oljeservice,1994-04,102.1,232.031601
oljeservice,1994-05,102.2,232.101397
oljeservice,1994-06,102.8,232.675297
oljeservice,1994-07,102.2,230.693774
oljeservice,1994-08,102.4,230.214443
oljeservice,1994-09,102.2,229.149639
oljeservice,1994-10,102.0,228.548227
oljeservice,1994-11,104.8,234.508377
oljeservice,1994-12,104.9,234.732144
oljeservice,1995-01,104.6,233.126467
oljeservice,1995-02,103.0,228.647714
oljeservice,1995-03,103.0,227.892602
oljeservice,1995-04,103.0,227.142462
oljeservice,1995-05,102.4,225.374192
oljeservice,1995-06,102.5,225.150492
oljeservice,1995-07,103.3,226.907764
oljeservice,1995-08,104.1,228.066828
oljeservice,1995-09,104.6,228.713499
oljeservice,1995-10,105.6,230.148913
oljeservice,1995-11,106.5,232.261523
oljeservice,1995-12,107.3,234.158658
oljeservice,1996-01,107.6,233.444611
oljeservice,1996-02,107.9,233.339845
oljeservice,1996-03,108.3,233.001503
oljeservice,1996-04,110.5,236.822073
oljeservice,1996-05,113.0,241.716092
oljeservice,1996-06,114.3,244.340868
oljeservice,1996-07,116.4,248.354599
oljeservice,1996-08,116.6,248.306853
oljeservice,1996-09,117.7,249.855171
oljeservice,1996-10,120.3,254.567871
oljeservice,1996-11,123.4,260.633871
oljeservice,1996-12,124.9,263.80203
oljeservice,1997-01,127.8,269.078843
oljeservice,1997-02,129.6,272.013835
oljeservice,1997-03,132.6,277.614675
oljeservice,1997-04,137.8,288.141348
oljeservice,1997-05,142.3,297.736752
oljeservice,1997-06,146.1,305.306163
oljeservice,1997-07,147.4,307.638953
oljeservice,1997-08,148.9,310.189813
oljeservice,1997-09,149.6,310.874739
oljeservice,1997-10,152.1,315.287488
oljeservice,1997-11,154.5,320.460743
oljeservice,1997-12,156.1,324.180893
oljeservice,1998-01,157.3,326.066547
oljeservice,1998-02,158.6,328.152119
oljeservice,1998-03,159.3,328.990838
oljeservice,1998-04,158.9,327.558905
oljeservice,1998-05,158.1,325.309201
oljeservice,1998-06,160.4,329.636761
oljeservice,1998-07,156.5,321.227757
oljeservice,1998-08,154.1,315.914431
oljeservice,1998-09,149.5,306.109474
oljeservice,1998-10,149.1,304.545841
oljeservice,1998-11,147.1,300.46072
oljeservice,1998-12,146.3,299.008993
oljeservice,1999-01,144.2,293.999489
oljeservice,1999-02,138.0,281.016657
oljeservice,1999-03,139.2,282.601309
oljeservice,1999-04,134.6,271.289458
oljeservice,1999-05,133.8,269.67704
oljeservice,1999-06,129.1,260.204079
oljeservice,1999-07,129.3,259.825519
oljeservice,1999-08,129.0,258.602154
oljeservice,1999-09,129.3,257.968517
oljeservice,1999-10,129.7,258.30503
oljeservice,1999-11,132.4,263.525561
oljeservice,1999-12,128.3,255.365027
oljeservice,2000-01,129.9,257.78378
oljeservice,2000-02,131.9,260.211201
oljeservice,2000-03,128.0,250.452336
oljeservice,2000-04,130.4,254.99937
oljeservice,2000-05,130.3,254.506671
oljeservice,2000-06,133.3,259.007158
oljeservice,2000-07,136.6,264.804792
oljeservice,2000-08,138.3,268.100313
oljeservice,2000-09,145.6,280.789223
oljeservice,2000-10,146.3,281.652724
oljeservice,2000-11,151.8,292.073314
oljeservice,2000-12,156.0,300.326897
oljeservice,2001-01,159.6,305.327287
oljeservice,2001-02,165.7,315.734846
oljeservice,2001-03,170.6,324.333644
oljeservice,2001-04,176.3,333.843833
oljeservice,2001-05,180.3,339.881227
oljeservice,2001-06,184.5,347.212416
oljeservice,2001-07,183.8,346.869431
oljeservice,2001-08,182.4,344.227335
oljeservice,2001-09,181.8,341.555603
oljeservice,2001-10,175.0,329.890264
oljeservice,2001-11,163.1,307.977666
oljeservice,2001-12,163.4,309.766452
oljeservice,2002-01,156.3,295.637346
oljeservice,2002-02,155.8,293.531406
oljeservice,2002-03,154.5,289.454195
oljeservice,2002-04,154.0,286.912792
oljeservice,2002-05,152.1,283.372959
oljeservice,2002-06,152.7,284.332663
oljeservice,2002-07,152.6,283.830916
oljeservice,2002-08,152.0,281.776204
oljeservice,2002-09,153.7,284.455392
oljeservice,2002-10,152.8,282.321809
oljeservice,2002-11,152.8,282.321809
oljeservice,2002-12,152.2,281.835025
oljeservice,2003-01,151.9,280.041068
oljeservice,2003-02,152.3,278.631644
oljeservice,2003-03,152.0,276.42215
oljeservice,2003-04,153.2,279.210751
oljeservice,2003-05,153.6,280.397428
oljeservice,2003-06,153.5,279.909799
oljeservice,2003-07,153.8,280.151843
oljeservice,2003-08,154.8,280.904139
oljeservice,2003-09,155.3,280.898456
oljeservice,2003-10,153.7,278.305005
oljeservice,2003-11,153.9,279.422341
oljeservice,2003-12,153.9,279.725567
oljeservice,2004-01,155.0,280.355832
oljeservice,2004-02,155.7,280.109484
oljeservice,2004-03,155.5,277.958324
oljeservice,2004-04,156.4,278.674851
oljeservice,2004-05,156.8,277.762369
oljeservice,2004-06,161.1,284.476953
oljeservice,2004-07,162.9,288.111098
oljeservice,2004-08,168.2,297.327894
oljeservice,2004-09,172.8,304.815924
oljeservice,2004-10,183.7,322.345867
oljeservice,2004-11,185.9,326.035508
oljeservice,2004-12,201.7,355.047115
oljeservice,2005-01,203.4,357.288579
oljeservice,2005-02,213.7,373.228498
oljeservice,2005-03,224.1,388.354982
oljeservice,2005-04,228.3,392.990411
oljeservice,2005-05,232.5,400.631944
oljeservice,2005-06,238.3,410.415085
oljeservice,2005-07,257.5,441.439867
oljeservice,2005-08,268.1,457.271578
oljeservice,2005-09,273.4,460.681751
oljeservice,2005-10,291.8,490.698614
oljeservice,2005-11,335.7,569.093047
oljeservice,2005-12,338.4,576.002195
oljeservice,2006-01,346.7,585.665991
oljeservice,2006-02,356.1,600.334061
oljeservice,2006-03,364.7,611.447477
oljeservice,2006-04,387.8,644.691037
oljeservice,2006-05,394.0,651.763556
oljeservice,2006-06,397.9,656.917408
oljeservice,2006-07,381.1,627.326182
oljeservice,2006-08,386.8,635.459853
oljeservice,2006-09,374.0,617.459438
oljeservice,2006-10,375.5,623.315114
oljeservice,2006-11,388.0,645.023524
oljeservice,2006-12,380.0,630.784936
oljeservice,2007-01,367.1,607.516985
oljeservice,2007-02,390.1,642.144178
oljeservice,2007-03,380.2,620.200417
oljeservice,2007-04,364.8,591.23842
oljeservice,2007-05,367.2,591.513573
oljeservice,2007-06,360.8,580.079788
oljeservice,2007-07,352.2,566.397131
oljeservice,2007-08,350.7,565.021071
oljeservice,2007-09,355.7,571.501684
oljeservice,2007-10,351.2,563.067044
oljeservice,2007-11,351.4,560.061148
oljeservice,2007-12,335.8,535.557162
oljeservice,2008-01,345.4,548.14332
oljeservice,2008-02,348.3,551.144979
oljeservice,2008-03,352.7,553.311257
oljeservice,2008-04,353.7,551.535106
oljeservice,2008-05,361.2,558.526792
oljeservice,2008-06,364.3,557.700404
oljeservice,2008-07,374.5,570.320643
oljeservice,2008-08,378.3,578.416394
oljeservice,2008-09,379.4,580.901679
oljeservice,2008-10,384.5,594.717763
oljeservice,2008-11,384.9,606.961525
oljeservice,2008-12,375.7,598.645214
oljeservice,2009-01,366.9,582.089683
oljeservice,2009-02,361.2,570.210968
oljeservice,2009-03,356.9,562.055964
oljeservice,2009-04,339.2,532.851322
oljeservice,2009-05,316.3,495.446347
oljeservice,2009-06,313.9,487.499465
oljeservice,2009-07,322.1,501.028823
oljeservice,2009-08,318.2,493.854703
oljeservice,2009-09,308.2,478.03544
oljeservice,2009-10,311.3,482.379134
oljeservice,2009-11,312.1,483.276744
oljeservice,2009-12,311.8,483.664032
oljeservice,2010-01,312.5,483.098894
oljeservice,2010-02,317.0,489.933423
oljeservice,2010-03,317.4,488.545529
oljeservice,2010-04,317.6,488.005761
oljeservice,2010-05,317.9,488.088359
oljeservice,2010-06,319.8,491.485349
oljeservice,2010-07,329.1,505.671356
oljeservice,2010-08,328.3,503.746629
oljeservice,2010-09,335.0,513.728318
oljeservice,2010-10,335.8,514.314708
oljeservice,2010-11,338.3,517.925869
oljeservice,2010-12,342.5,523.456399
oljeservice,2011-01,348.8,530.557771
oljeservice,2011-02,349.8,529.467866
oljeservice,2011-03,350.6,525.554055
oljeservice,2011-04,354.5,528.000187
oljeservice,2011-05,357.7,530.27184
oljeservice,2011-06,360.9,535.589274
oljeservice,2011-07,366.5,543.418392
oljeservice,2011-08,367.5,543.402635
oljeservice,2011-09,370.7,547.303245
oljeservice,2011-10,374.3,553.760535
oljeservice,2011-11,376.2,557.0414
oljeservice,2011-12,375.5,557.379693
oljeservice,2012-01,377.1,557.302442
oljeservice,2012-02,381.4,561.186368
oljeservice,2012-03,388.6,567.470653
oljeservice,2012-04,391.6,570.129161
oljeservice,2012-05,393.1,572.985393
oljeservice,2012-06,393.8,574.848674
oljeservice,2012-07,393.3,575.056018
oljeservice,2012-08,395.0,574.345318
oljeservice,2012-09,395.7,572.807158
oljeservice,2012-10,395.8,573.174838
oljeservice,2012-11,397.1,577.795066
oljeservice,2012-12,396.8,578.917618
oljeservice,2013-01,398.8,580.119958
oljeservice,2013-02,406.9,587.094415
oljeservice,2013-03,430.6,619.669756
oljeservice,2013-04,431.9,622.187416
oljeservice,2013-05,432.3,621.656846
oljeservice,2013-06,440.1,631.358341
oljeservice,2013-07,441.4,632.973904
oljeservice,2013-08,442.3,633.502456
oljeservice,2013-09,443.5,634.483299
oljeservice,2013-10,445.0,638.272974
oljeservice,2013-11,445.4,640.154169
oljeservice,2013-12,446.4,641.646486
oljeservice,2014-01,448.9,642.848381
oljeservice,2014-02,456.2,650.895413
oljeservice,2014-03,457.2,648.148087
oljeservice,2014-04,456.6,645.17053
oljeservice,2014-05,455.3,641.094552
oljeservice,2014-06,455.5,640.184062
oljeservice,2014-07,454.4,638.887354
oljeservice,2014-08,454.9,640.660587
oljeservice,2014-09,451.5,635.394003
oljeservice,2014-10,449.8,634.595882
oljeservice,2014-11,449.2,637.189832
oljeservice,2014-12,434.8,620.280497
oljeservice,2015-01,412.2,590.819941
oljeservice,2015-02,410.2,585.410809
oljeservice,2015-03,389.1,552.012833
oljeservice,2015-04,383.3,542.68122
oljeservice,2015-05,380.1,535.42145
oljeservice,2015-06,376.3,528.218364
oljeservice,2015-07,370.2,519.620857
oljeservice,2015-08,365.9,514.313693
oljeservice,2015-09,364.6,513.285457
oljeservice,2015-10,361.8,509.572751
oljeservice,2015-11,340.4,480.446253
oljeservice,2015-12,336.5,476.570215
oljeservice,2016-01,324.8,459.240845
oljeservice,2016-02,323.0,456.320204
oljeservice,2016-03,321.7,452.535006
oljeservice,2016-04,319.8,447.739515
oljeservice,2016-05,320.0,446.214237
oljeservice,2016-06,318.3,442.390751
oljeservice,2016-07,316.7,440.880388
oljeservice,2016-08,310.8,432.269945
oljeservice,2016-09,310.0,430.123267
oljeservice,2016-10,302.3,418.917275
oljeservice,2016-11,302.2,419.431107
oljeservice,2016-12,302.7,419.987599
oljeservice,2017-01,302.8,417.69215
oljeservice,2017-02,312.1,429.170651
oljeservice,2017-03,322.9,443.661191
oljeservice,2017-04,323.0,442.486382
oljeservice,2017-05,323.8,443.203507
oljeservice,2017-06,325.1,444.579608
oljeservice,2017-07,323.9,443.244393
oljeservice,2017-08,329.0,448.879394
oljeservice,2017-09,329.1,446.650858
oljeservice,2017-10,328.7,446.390119
oljeservice,2017-11,330.1,448.280481
oljeservice,2017-12,332.3,451.533538
oljeservice,2018-01,327.6,442.735209
oljeservice,2018-02,328.9,442.48556
oljeservice,2018-03,328.2,440.547681
oljeservice,2018-04,329.0,439.872997
oljeservice,2018-05,332.4,442.578152
oljeservice,2018-06,333.7,443.602006
oljeservice,2018-07,331.9,441.179424
oljeservice,2018-08,331.7,440.668763
oljeservice,2018-09,329.0,436.57446
oljeservice,2018-10,333.9,442.295201
oljeservice,2018-11,340.5,452.553544
oljeservice,2018-12,341.0,454.670286
oljeservice,2019-01,341.3,454.204305
oljeservice,2019-02,339.8,450.304633
oljeservice,2019-03,339.8,447.778554
oljeservice,2019-04,339.7,445.288971
oljeservice,2019-05,339.7,444.343072
oljeservice,2019-06,340.1,444.777714
oljeservice,2019-07,337.4,440.510627
oljeservice,2019-08,334.6,436.877073
oljeservice,2019-09,334.5,436.404605
oljeservice,2019-10,333.4,433.977338
oljeservice,2019-11,331.7,431.996151
oljeservice,2019-12,331.6,432.25917
oljeservice,2020-01,329.5,427.861698
oljeservice,2020-02,326.2,422.418899
oljeservice,2020-03,321.9,417.759766
oljeservice,2020-04,316.1,412.994231
oljeservice,2020-05,310.5,405.66975
oljeservice,2020-06,310.3,403.202109
oljeservice,2020-07,308.4,398.716454
oljeservice,2020-08,308.8,397.978686
oljeservice,2020-09,307.5,395.752075
oljeservice,2020-10,309.9,398.675446
oljeservice,2020-11,309.4,398.275411
oljeservice,2020-12,308.9,397.257776
oljeservice,2021-01,305.0,390.580774
oljeservice,2021-02,310.2,395.077053
oljeservice,2021-03,310.2,392.298297
oljeservice,2021-04,312.7,392.236199
oljeservice,2021-05,312.6,388.992173
oljeservice,2021-06,319.2,393.548731
oljeservice,2021-07,321.064,393.951783
oljeservice,2021-08,324.013,396.750612
oljeservice,2021-09,325.247,397.182895
oljeservice,2021-10,326.367,395.266687
oljeservice,2021-11,330.128,397.866786
oljeservice,2021-12,339.823,408.2966
oljeservice,2022-01,356.607,424.887294
oljeservice,2022-02,359.59,424.563501
oljeservice,2022-03,368.039,428.813875
oljeservice,2022-04,368.686,427.182953
oljeservice,2022-05,370.474,424.574337
oljeservice,2022-06,370.962,419.37306
oljeservice,2022-07,371.793,420.362159
oljeservice,2022-08,371.952,420.691023
oljeservice,2022-09,396.242,447.202047
oljeservice,2022-10,397.318,446.60478
oljeservice,2022-11,400.594,450.742425
oljeservice,2022-12,403.496,455.40585
oljeservice,2023-01,405.019,453.498896
oljeservice,2023-02,402.27,447.920505
oljeservice,2023-03,402.097,446.250457
oljeservice,2023-04,401.94,443.83086
oljeservice,2023-05,398.382,438.796958
oljeservice,2023-06,393.49,432.01374
oljeservice,2023-07,390.95,428.407873
oljeservice,2023-08,409.321,446.588721
oljeservice,2023-09,409.321,445.48164
oljeservice,2023-10,409.321,445.652494
oljeservice,2023-11,407.77,444.860282
oljeservice,2023-12,403.987,441.17141
oljeservice,2024-01,404.067,438.868038
oljeservice,2024-02,404.521,436.658368
oljeservice,2024-03,399.065,428.002234
oljeservice,2024-04,404.48,432.127491
oljeservice,2024-05,404.48,431.410647
oljeservice,2024-06,404.588,431.380244
oljeservice,2024-07,403.698,429.931824
oljeservice,2024-08,403.001,428.840503
oljeservice,2024-09,403.001,428.153653
oljeservice,2024-10,403.001,427.661295
oljeservice,2024-11,402.779,427.657379
oljeservice,2024-12,402.689,427.410089
oljeservice,2025-01,402.689,424.630392
oljeservice,2025-02,402.73,422.795693
oljeservice,2025-03,402.73,421.847771
oljeservice,2025-04,402.73,420.538024
oljeservice,2025-05,402.73,419.661535
oljeservice,2025-06,403.57,419.107947
oljeservice,2025-07,397.863,412.558343
oljeservice,2025-08,397.275,410.768636
oljeservice,2025-09,396.668,409.100513
oljeservice,2025-10,396.668,409.100513
oljeservice,2025-11,396.668,409.956272
oljeservice,2025-12,396.668,410.042297
oljeservice,2026-01,396.668,408.531989
oljeservice,2026-02,396.179,406.114238
oljeservice,2026-03,396.192,401.911482
oljeservice,2026-04,396.192,398.523801
oljeservice,2026-05,396.73,396.560712
oljeservice,2026-06,396.978,398.200012
oljeservice,2026-07,397.193,398.456241
oljeservice,2026-08,405.788,405.788
kobber,1960-01,715.0,8174.426621
kobber,1960-02,728.0,8294.742857
kobber,1960-03,685.0,7804.806122
kobber,1960-04,723.0,8209.848814
kobber,1960-05,685.0,7778.349153
kobber,1960-06,692.0,7831.289189
kobber,1960-07,702.0,7944.458108
kobber,1960-08,676.0,7650.218919
kobber,1960-09,647.0,7322.029054
kobber,1960-10,613.0,6890.695973
kobber,1960-11,642.0,7216.683221
kobber,1960-12,637.0,7160.478523
kobber,1961-01,607.0,6823.250336
kobber,1961-02,617.0,6935.659732
kobber,1961-03,621.0,6980.62349
kobber,1961-04,632.0,7104.273826
kobber,1961-05,668.0,7508.947651
kobber,1961-06,652.0,7329.092617
kobber,1961-07,633.0,7068.078
kobber,1961-08,636.0,7125.32709
kobber,1961-09,633.0,7068.078
kobber,1961-10,630.0,7034.58
kobber,1961-11,632.0,7056.912
kobber,1961-12,635.0,7090.41
kobber,1962-01,635.0,7090.41
kobber,1962-02,648.0,7211.529568
kobber,1962-03,648.0,7211.529568
kobber,1962-04,646.0,7165.466225
kobber,1962-05,646.0,7165.466225
kobber,1962-06,646.0,7165.466225
kobber,1962-07,646.0,7141.817822
kobber,1962-08,646.0,7141.817822
kobber,1962-09,646.0,7118.325
kobber,1962-10,646.0,7118.325
kobber,1962-11,646.0,7118.325
kobber,1962-12,646.0,7118.325
kobber,1963-01,646.0,7118.325
kobber,1963-02,646.0,7118.325
kobber,1963-03,646.0,7094.98623
kobber,1963-04,646.0,7094.98623
kobber,1963-05,646.0,7094.98623
kobber,1963-06,646.0,7071.8
kobber,1963-07,646.0,7048.764821
kobber,1963-08,646.0,7048.764821
kobber,1963-09,646.0,7048.764821
kobber,1963-10,646.0,7025.879221
kobber,1963-11,646.0,7025.879221
kobber,1963-12,650.0,7046.504854
kobber,1964-01,656.0,7111.549515
kobber,1964-02,694.0,7523.499029
kobber,1964-03,745.0,8076.378641
kobber,1964-04,862.0,9344.749515
kobber,1964-05,828.0,8976.163107
kobber,1964-06,808.0,8731.091613
kobber,1964-07,855.0,9209.257235
kobber,1964-08,999.0,10795.000645
kobber,1964-09,1162.0,12515.97299
kobber,1964-10,1358.0,14627.100965
kobber,1964-11,1400.0,15031.153846
kobber,1964-12,1269.0,13624.667308
kobber,1965-01,1001.0,10747.275
kobber,1965-02,1180.0,12669.115385
kobber,1965-03,1237.0,13238.666454
kobber,1965-04,1348.0,14380.670064
kobber,1965-05,1379.0,14711.382803
kobber,1965-06,1309.0,13876.228481
kobber,1965-07,1134.0,12021.117722
kobber,1965-08,1210.0,12826.765823
kobber,1965-09,1328.0,14077.640506
kobber,1965-10,1402.0,14815.203785
kobber,1965-11,1469.0,15523.205678
kobber,1965-12,1518.0,15990.554717
kobber,1966-01,1679.0,17686.522642
kobber,1966-02,1874.0,19617.26625
kobber,1966-03,1875.0,19566.588785
kobber,1966-04,1907.0,19777.302167
kobber,1966-05,1664.0,17257.173994
kobber,1966-06,1696.0,17534.755556
kobber,1966-07,1568.0,16161.496615
kobber,1966-08,1195.0,12241.623853
kobber,1966-09,1128.0,11555.273394
kobber,1966-10,1275.0,12981.74772
kobber,1966-11,1302.0,13256.655319
kobber,1966-12,1215.0,12370.841945
kobber,1967-01,1244.0,12666.11307
kobber,1967-02,1220.0,12421.75076
kobber,1967-03,1098.0,11145.698182
kobber,1967-04,995.0,10069.640483
kobber,1967-05,1036.0,10452.990361
kobber,1967-06,1015.0,10210.351351
kobber,1967-07,997.0,9999.253293
kobber,1967-08,1045.0,10449.376119
kobber,1967-09,1060.0,10567.821429
kobber,1967-10,1138.0,11311.787537
kobber,1967-11,1444.0,14310.979882
kobber,1967-12,1324.0,13082.99469
kobber,1968-01,1409.0,13841.255718
kobber,1968-02,1720.0,16846.947368
kobber,1968-03,1701.0,16612.273469
kobber,1968-04,1255.0,12220.927326
kobber,1968-05,1097.0,10651.393043
kobber,1968-06,1137.0,10976.145821
kobber,1968-07,1054.0,10116.587966
kobber,1968-08,1056.0,10106.825143
kobber,1968-09,1110.0,10593.384615
kobber,1968-10,1080.0,10248.679887
kobber,1968-11,1100.0,10408.983051
kobber,1968-12,1185.0,11181.726761
kobber,1969-01,1256.0,11818.395506
kobber,1969-02,1285.0,12023.723464
kobber,1969-03,1278.0,11858.848753
kobber,1969-04,1388.0,12808.601653
kobber,1969-05,1392.0,12810.224176
kobber,1969-06,1483.0,13573.096721
kobber,1969-07,1454.0,13235.351087
kobber,1969-08,1607.0,14548.996216
kobber,1969-09,1579.0,14256.965499
kobber,1969-10,1554.0,13956.003217
kobber,1969-11,1631.0,14569.3968
kobber,1969-12,1700.0,15105.198939
kobber,1970-01,1626.0,14409.457143
kobber,1970-02,1657.0,14606.891053
kobber,1970-03,1754.0,15381.018848
kobber,1970-04,1742.0,15156.757403
kobber,1970-05,1598.0,13867.82487
kobber,1970-06,1458.0,12587.650515
kobber,1970-07,1367.0,11741.478462
kobber,1970-08,1267.0,10882.555385
kobber,1970-09,1247.0,10656.12398
kobber,1970-10,1142.0,9709.318782
kobber,1970-11,1085.0,9178.113636
kobber,1970-12,1046.0,8803.745729
kobber,1971-01,1010.0,8500.748744
kobber,1971-02,1020.0,8563.398496
kobber,1971-03,1144.0,9580.428
kobber,1971-04,1252.0,10458.727182
kobber,1971-05,1114.0,9259.744913
kobber,1971-06,1074.0,8861.293596
kobber,1971-07,1115.0,9176.970516
kobber,1971-08,1098.0,9014.902941
kobber,1971-09,1056.0,8670.070588
kobber,1971-10,1041.0,8526.019071
kobber,1971-11,1014.0,8304.88313
kobber,1971-12,1038.0,8460.078832
kobber,1972-01,1078.0,8786.093431
kobber,1972-02,1112.0,9019.316223
kobber,1972-03,1108.0,8965.165217
kobber,1972-04,1133.0,9145.35759
kobber,1972-05,1106.0,8905.958654
kobber,1972-06,1063.0,8539.178417
kobber,1972-07,1035.0,8274.565632
kobber,1972-08,1047.0,8350.572857
kobber,1972-09,1061.0,8442.132542
kobber,1972-10,918.0,7269.778723
kobber,1972-11,1007.0,7955.775
kobber,1972-12,1024.0,8071.047529
kobber,1973-01,1119.0,8799.122535
kobber,1973-02,1244.0,9713.639161
kobber,1973-03,1510.0,11681.750577
kobber,1973-04,1588.0,12200.647706
kobber,1973-05,1552.0,11842.573121
kobber,1973-06,1749.0,13255.204072
kobber,1973-07,2021.0,15282.044695
kobber,1973-08,2123.0,15768.570732
kobber,1973-09,1936.0,14347.815929
kobber,1973-10,2065.0,15169.598684
kobber,1973-11,2273.0,16588.443137
kobber,1973-12,2244.0,16270.457143
kobber,1974-01,2032.0,14606.853219
kobber,1974-02,2292.0,16266.401695
kobber,1974-03,2743.0,19222.806276
kobber,1974-04,3032.0,21159.57
kobber,1974-05,2876.0,19823.096296
kobber,1974-06,2440.0,16680.636735
kobber,1974-07,1919.0,13012.684615
kobber,1974-08,1803.0,12079.3788
kobber,1974-09,1461.0,9672.050988
kobber,1974-10,1399.0,9170.978865
kobber,1974-11,1417.0,9216.82835
kobber,1974-12,1289.0,8319.63815
kobber,1975-01,1211.0,7786.195393
kobber,1975-02,1267.0,8084.184
kobber,1975-03,1344.0,8542.943454
kobber,1975-04,1329.0,8415.660113
kobber,1975-05,1254.0,7895.957143
kobber,1975-06,1193.0,7455.804851
kobber,1975-07,1222.0,7552.501107
kobber,1975-08,1277.0,7877.890608
kobber,1975-09,1210.0,7423.549451
kobber,1975-10,1179.0,7193.832787
kobber,1975-11,1180.0,7147.855335
kobber,1975-12,1151.0,6947.062703
kobber,1976-01,1193.0,7187.610432
kobber,1976-02,1219.0,7317.932258
kobber,1976-03,1329.0,7964.014669
kobber,1976-04,1510.0,9016.395722
kobber,1976-05,1512.0,8964.420531
kobber,1976-06,1550.0,9141.179577
kobber,1976-07,1647.0,9662.207706
kobber,1976-08,1539.0,8981.432404
kobber,1976-09,1459.0,8484.996875
kobber,1976-10,1285.0,7434.357513
kobber,1976-11,1279.0,7386.886552
kobber,1976-12,1287.0,7407.547423
kobber,1977-01,1396.0,7993.710769
kobber,1977-02,1426.0,8082.596954
kobber,1977-03,1515.0,8529.322689
kobber,1977-04,1429.0,7978.107
kobber,1977-05,1371.0,7616.21194
kobber,1977-06,1312.0,7240.424382
kobber,1977-07,1248.0,6853.361311
kobber,1977-08,1160.0,6349.294118
kobber,1977-09,1195.0,6519.561889
kobber,1977-10,1210.0,6579.964286
kobber,1977-11,1182.0,6396.548627
kobber,1977-12,1261.0,6802.089855
kobber,1978-01,1261.0,6758.55648
kobber,1978-02,1217.0,6481.250556
kobber,1978-03,1254.0,6625.629653
kobber,1978-04,1285.0,6736.295775
kobber,1978-05,1303.0,6767.115349
kobber,1978-06,1333.0,6848.594172
kobber,1978-07,1337.0,6816.868493
kobber,1978-08,1426.0,7237.598182
kobber,1978-09,1442.0,7263.776842
kobber,1978-10,1506.0,7518.329061
kobber,1978-11,1481.0,7360.613947
kobber,1978-12,1533.0,7585.293058
kobber,1979-01,1659.0,8136.629868
kobber,1979-02,1944.0,9424.039363
kobber,1979-03,2050.0,9838.237822
kobber,1979-04,2100.0,9963.994334
kobber,1979-05,1926.0,9023.377343
kobber,1979-06,1878.0,8701.140249
kobber,1979-07,1814.0,8312.636389
kobber,1979-08,1976.0,8969.112195
kobber,1979-09,2096.0,9411.770509
kobber,1979-10,2076.0,9247.58617
kobber,1979-11,2090.0,9224.086957
kobber,1979-12,2214.0,9669.435724
kobber,1980-01,2601.0,11199.010026
kobber,1980-02,2918.0,12388.740684
kobber,1980-03,2306.0,9643.74382
kobber,1980-04,2070.0,8560.6
kobber,1980-05,2037.0,8341.73912
kobber,1980-06,2006.0,8125.391536
kobber,1980-07,2176.0,8813.984039
kobber,1980-08,2082.0,8372.489316
kobber,1980-09,2060.0,8214.985714
kobber,1980-10,2040.0,8058.481132
kobber,1980-11,2010.0,7874.968421
kobber,1980-12,1879.0,7293.481112
kobber,1981-01,1869.0,7196.294483
kobber,1981-02,1801.0,6863.469625
kobber,1981-03,1818.0,6881.284068
kobber,1981-04,1821.0,6846.224242
kobber,1981-05,1742.0,6498.164365
kobber,1981-06,1700.0,6285.496689
kobber,1981-07,1682.0,6151.051965
kobber,1981-08,1787.0,6485.474106
kobber,1981-09,1710.0,6146.092275
kobber,1981-10,1666.0,5975.125054
kobber,1981-11,1651.0,5902.36905
kobber,1981-12,1655.0,5897.78617
kobber,1982-01,1611.0,5722.723012
kobber,1982-02,1598.0,5658.541649
kobber,1982-03,1510.0,5352.590476
kobber,1982-04,1522.0,5372.387355
kobber,1982-05,1528.0,5342.896033
kobber,1982-06,1300.0,4489.42268
kobber,1982-07,1441.0,4950.832615
kobber,1982-08,1452.0,4978.413101
kobber,1982-09,1427.0,4882.701328
kobber,1982-10,1461.0,4983.76558
kobber,1982-11,1444.0,4935.827755
kobber,1982-12,1473.0,5055.589549
kobber,1983-01,1572.0,5384.341104
kobber,1983-02,1647.0,5635.465373
kobber,1983-03,1598.0,5467.80429
kobber,1983-04,1675.0,5690.583164
kobber,1983-05,1766.0,5963.454435
kobber,1983-06,1701.0,5726.643015
kobber,1983-07,1704.0,5713.772973
kobber,1983-08,1640.0,5482.706587
kobber,1983-09,1561.0,5192.688977
kobber,1983-10,1435.0,4759.369307
kobber,1983-11,1389.0,4597.699802
kobber,1983-12,1415.0,4679.138203
kobber,1984-01,1376.0,4523.380569
kobber,1984-02,1430.0,4677.943359
kobber,1984-03,1501.0,4900.633333
kobber,1984-04,1533.0,4980.837439
kobber,1984-05,1421.0,4603.545261
kobber,1984-06,1367.0,4415.792285
kobber,1984-07,1331.0,4282.981556
kobber,1984-08,1338.0,4289.02622
kobber,1984-09,1294.0,4128.229714
kobber,1984-10,1273.0,4049.663248
kobber,1984-11,1345.0,4278.709402
kobber,1984-12,1321.0,4202.360684
kobber,1985-01,1359.0,4315.050427
kobber,1985-02,1389.0,4389.502075
kobber,1985-03,1390.0,4376.148496
kobber,1985-04,1502.0,4706.641347
kobber,1985-05,1531.0,4779.630755
kobber,1985-06,1432.0,4458.098141
kobber,1985-07,1475.0,4583.446197
kobber,1985-08,1420.0,4404.366667
kobber,1985-09,1366.0,4225.140166
kobber,1985-10,1385.0,4268.144434
kobber,1985-11,1370.0,4210.299083
kobber,1985-12,1391.0,4263.103202
kobber,1986-01,1418.0,4333.956569
kobber,1986-02,1406.0,4309.07484
kobber,1986-03,1445.0,4448.953125
kobber,1986-04,1435.0,4426.301105
kobber,1986-05,1419.0,4364.890909
kobber,1986-06,1413.0,4322.61863
kobber,1986-07,1344.0,4111.535342
kobber,1986-08,1303.0,3978.84175
kobber,1986-09,1347.0,4094.53775
kobber,1986-10,1317.0,3999.715866
kobber,1986-11,1303.0,3953.613587
kobber,1986-12,1336.0,4050.074932
kobber,1987-01,1346.0,4054.703957
kobber,1987-02,1380.0,4142.225806
kobber,1987-03,1466.0,4380.737556
kobber,1987-04,1484.0,4410.91677
kobber,1987-05,1520.0,4501.941645
kobber,1987-06,1572.0,4639.546784
kobber,1987-07,1695.0,4989.376977
kobber,1987-08,1756.0,5141.825874
kobber,1987-09,1811.0,5275.206783
kobber,1987-10,1967.0,5714.706505
kobber,1987-11,2524.0,7326.59896
kobber,1987-12,2869.0,8328.055633
kobber,1988-01,2663.0,7710.040968
kobber,1988-02,2330.0,6728.477586
kobber,1988-03,2359.0,6782.985579
kobber,1988-04,2286.0,6539.404611
kobber,1988-05,2448.0,6978.987574
kobber,1988-06,2540.0,7210.586441
kobber,1988-07,2214.0,6258.613671
kobber,1988-08,2201.0,6195.722521
kobber,1988-09,2436.0,6811.446411
kobber,1988-10,2940.0,8193.354409
kobber,1988-11,3305.0,9202.900249
kobber,1988-12,3499.0,9726.929627
kobber,1989-01,3394.0,9388.29166
kobber,1989-02,3097.0,8531.521875
kobber,1989-03,3264.0,8940.104007
kobber,1989-04,3118.0,8484.708692
kobber,1989-05,2739.0,7411.229564
kobber,1989-06,2546.0,6872.353586
kobber,1989-07,2505.0,6745.37701
kobber,1989-08,2762.0,7425.479615
kobber,1989-09,2884.0,7728.65856
kobber,1989-10,2861.0,7630.396338
kobber,1989-11,2591.0,6893.829865
kobber,1989-12,2419.0,6425.984298
kobber,1990-01,2367.0,6223.686499
kobber,1990-02,2360.0,6176.19375
kobber,1990-03,2626.0,6834.945455
kobber,1990-04,2686.0,6980.265943
kobber,1990-05,2742.0,7109.250464
kobber,1990-06,2585.0,6666.076212
kobber,1990-07,2769.0,7113.18727
kobber,1990-08,2957.0,7526.868237
kobber,1990-09,3031.0,7651.276413
kobber,1990-10,2744.0,6885.281798
kobber,1990-11,2586.0,6474.27713
kobber,1990-12,2485.0,6221.414798
kobber,1991-01,2449.0,6094.844131
kobber,1991-02,2449.0,6085.801335
kobber,1991-03,2410.0,5980.013333
kobber,1991-04,2472.0,6124.782249
kobber,1991-05,2306.0,5696.636283
kobber,1991-06,2219.0,5465.592794
kobber,1991-07,2236.0,5499.377974
kobber,1991-08,2233.0,5475.91757
kobber,1991-09,2325.0,5676.592566
kobber,1991-10,2364.0,5763.411354
kobber,1991-11,2380.0,5785.576197
kobber,1991-12,2223.0,5400.003916
kobber,1992-01,2139.0,5188.430268
kobber,1992-02,2206.0,5331.644156
kobber,1992-03,2227.0,5355.351472
kobber,1992-04,2215.0,5318.858065
kobber,1992-05,2217.0,5316.039084
kobber,1992-06,2299.0,5493.002996
kobber,1992-07,2520.0,6008.182206
kobber,1992-08,2522.0,5995.880483
kobber,1992-09,2414.0,5722.871338
kobber,1992-10,2249.0,5312.905642
kobber,1992-11,2158.0,5090.752394
kobber,1992-12,2207.0,5210.013108
kobber,1993-01,2257.0,5301.892426
kobber,1993-02,2213.0,5180.368553
kobber,1993-03,2153.0,5022.36727
kobber,1993-04,1950.0,4536.1875
kobber,1993-05,1795.0,4169.827323
kobber,1993-06,1853.0,4298.600693
kobber,1993-07,1927.0,4470.266343
kobber,1993-08,1947.0,4504.185497
kobber,1993-09,1862.0,4298.640662
kobber,1993-10,1646.0,3784.331366
kobber,1993-11,1630.0,3744.975309
kobber,1993-12,1724.0,3960.94321
kobber,1994-01,1805.0,4135.69699
kobber,1994-02,1866.0,4260.890798
kobber,1994-03,1915.0,4357.925951
kobber,1994-04,1882.0,4277.017368
kobber,1994-05,2151.0,4885.030373
kobber,1994-06,2364.0,5350.626486
kobber,1994-07,2458.0,5548.38841
kobber,1994-08,2406.0,5409.140134
kobber,1994-09,2506.0,5618.874699
kobber,1994-10,2548.0,5709.224348
kobber,1994-11,2802.0,6269.966333
kobber,1994-12,2985.0,6679.460922
kobber,1995-01,3009.0,6706.286228
kobber,1995-02,2878.0,6388.8167
kobber,1995-03,2924.0,6469.494848
kobber,1995-04,2904.0,6404.094273
kobber,1995-05,2773.0,6103.150723
kobber,1995-06,2995.0,6578.787541
kobber,1995-07,3076.0,6756.711344
kobber,1995-08,3037.0,6653.592283
kobber,1995-09,2916.0,6375.990078
kobber,1995-10,2814.0,6132.945478
kobber,1995-11,2977.0,6492.418359
kobber,1995-12,2926.0,6385.351661
kobber,1996-01,2616.0,5675.567876
kobber,1996-02,2538.0,5488.568367
kobber,1996-03,2561.0,5509.850867
kobber,1996-04,2596.0,5563.711324
kobber,1996-05,2658.0,5685.675862
kobber,1996-06,2173.0,4645.25552
kobber,1996-07,1986.0,4237.390318
kobber,1996-08,2009.0,4278.288748
kobber,1996-09,1941.0,4120.381369
kobber,1996-10,1961.0,4149.689071
kobber,1996-11,2231.0,4712.108323
kobber,1996-12,2268.0,4790.256242
kobber,1997-01,2435.0,5126.815211
kobber,1997-02,2406.0,5049.886466
kobber,1997-03,2421.0,5068.666125
kobber,1997-04,2391.0,4999.607865
kobber,1997-05,2514.0,5260.085696
kobber,1997-06,2613.0,5460.403868
kobber,1997-07,2450.0,5113.401869
kobber,1997-08,2251.0,4689.303358
kobber,1997-09,2107.0,4378.429653
kobber,1997-10,2052.0,4253.582673
kobber,1997-11,1917.0,3976.202229
kobber,1997-12,1762.0,3659.235958
kobber,1998-01,1688.0,3499.048515
kobber,1998-02,1665.0,3444.976529
kobber,1998-03,1748.0,3610.018742
kobber,1998-04,1801.0,3712.609108
kobber,1998-05,1733.0,3565.849754
kobber,1998-06,1661.0,3413.507853
kobber,1998-07,1651.0,3388.798897
kobber,1998-08,1621.0,3323.149204
kobber,1998-09,1648.0,3374.37066
kobber,1998-10,1586.0,3239.501707
kobber,1998-11,1574.0,3214.990976
kobber,1998-12,1474.0,3012.571812
kobber,1999-01,1431.0,2917.567742
kobber,1999-02,1411.0,2873.293495
kobber,1999-03,1378.0,2797.590545
kobber,1999-04,1466.0,2954.757401
kobber,1999-05,1511.0,3045.455957
kobber,1999-06,1422.0,2866.074368
kobber,1999-07,1640.0,3295.544091
kobber,1999-08,1648.0,3303.692639
kobber,1999-09,1750.0,3491.453246
kobber,1999-10,1724.0,3433.445422
kobber,1999-11,1728.0,3439.366845
kobber,1999-12,1765.0,3513.010695
kobber,2000-01,1844.0,3659.378673
kobber,2000-02,1801.0,3552.997527
kobber,2000-03,1739.0,3402.62979
kobber,2000-04,1679.0,3283.312434
kobber,2000-05,1786.0,3488.479767
kobber,2000-06,1753.0,3406.148144
kobber,2000-07,1799.0,3487.436458
kobber,2000-08,1856.0,3597.933333
kobber,2000-09,1960.0,3779.854922
kobber,2000-10,1899.0,3655.902414
kobber,2000-11,1795.0,3453.699598
kobber,2000-12,1851.0,3563.494138
kobber,2001-01,1788.0,3420.583895
kobber,2001-02,1766.0,3365.043686
kobber,2001-03,1739.0,3306.073893
kobber,2001-04,1664.0,3150.970718
kobber,2001-05,1682.0,3170.716714
kobber,2001-06,1608.0,3026.111461
kobber,2001-07,1525.0,2877.997183
kobber,2001-08,1464.0,2762.877296
kobber,2001-09,1426.0,2679.088503
kobber,2001-10,1377.0,2595.76511
kobber,2001-11,1428.0,2696.456821
kobber,2001-12,1472.0,2790.552122
kobber,2002-01,1504.0,2844.77651
kobber,2002-02,1562.0,2942.850169
kobber,2002-03,1605.0,3006.951342
kobber,2002-04,1590.0,2962.281424
kobber,2002-05,1596.0,2973.459844
kobber,2002-06,1648.0,3068.632796
kobber,2002-07,1589.0,2955.487063
kobber,2002-08,1480.0,2743.610404
kobber,2002-09,1479.0,2737.212265
kobber,2002-10,1484.0,2741.921236
kobber,2002-11,1582.0,2922.991506
kobber,2002-12,1596.0,2955.379104
kobber,2003-01,1648.0,3038.233572
kobber,2003-02,1684.0,3080.864664
kobber,2003-03,1659.0,3017.00228
kobber,2003-04,1587.0,2892.346355
kobber,2003-05,1648.0,3008.430736
kobber,2003-06,1687.0,3076.27251
kobber,2003-07,1710.0,3114.822186
kobber,2003-08,1760.0,3193.742145
kobber,2003-09,1790.0,3237.657667
kobber,2003-10,1921.0,3478.359892
kobber,2003-11,2055.0,3731.078049
kobber,2003-12,2201.0,4000.493652
kobber,2004-01,2424.0,4384.403456
kobber,2004-02,2760.0,4965.331901
kobber,2004-03,3009.0,5378.627641
kobber,2004-04,2949.0,5254.553298
kobber,2004-05,2734.0,4843.127023
kobber,2004-06,2687.0,4744.814233
kobber,2004-07,2808.0,4966.334952
kobber,2004-08,2846.0,5030.886966
kobber,2004-09,2895.0,5106.725118
kobber,2004-10,3012.0,5285.278994
kobber,2004-11,3123.0,5477.186073
kobber,2004-12,3145.0,5536.05938
kobber,2005-01,3170.0,5568.361825
kobber,2005-02,3254.0,5683.133055
kobber,2005-03,3379.0,5855.651423
kobber,2005-04,3394.0,5842.354162
kobber,2005-05,3249.0,5598.508333
kobber,2005-06,3524.0,6069.252031
kobber,2005-07,3614.0,6195.587103
kobber,2005-08,3798.0,6477.871894
kobber,2005-09,3858.0,6500.768813
kobber,2005-10,4060.0,6827.403614
kobber,2005-11,4269.0,7236.992004
kobber,2005-12,4577.0,7790.667988
kobber,2006-01,4734.0,7996.950681
kobber,2006-02,4982.0,8398.944942
kobber,2006-03,5103.0,8555.57027
kobber,2006-04,6388.0,10619.614094
kobber,2006-05,8046.0,13309.872
kobber,2006-06,7198.0,11883.617743
kobber,2006-07,7712.0,12694.672039
kobber,2006-08,7696.0,12643.482491
kobber,2006-09,7602.0,12550.606013
kobber,2006-10,7500.0,12449.702676
kobber,2006-11,7029.0,11685.232854
kobber,2006-12,6675.0,11080.235382
kobber,2007-01,5670.0,9383.332345
kobber,2007-02,5676.0,9343.271859
kobber,2007-03,6452.0,10524.810861
kobber,2007-04,7766.0,12586.506488
kobber,2007-05,7681.0,12373.136586
kobber,2007-06,7474.0,12016.397827
kobber,2007-07,7973.0,12821.931646
kobber,2007-08,7514.0,12105.983253
kobber,2007-09,7649.0,12289.615905
kobber,2007-10,8008.0,12838.954704
kobber,2007-11,6967.0,11104.001199
kobber,2007-12,6588.0,10506.999943
kobber,2008-01,7061.0,11205.674531
kobber,2008-02,7888.0,12481.859296
kobber,2008-03,8439.0,13238.995448
kobber,2008-04,8685.0,13542.783128
kobber,2008-05,8383.0,12962.70791
kobber,2008-06,8261.0,12646.618285
kobber,2008-07,8414.0,12813.559128
kobber,2008-08,7635.0,11673.828086
kobber,2008-09,6991.0,10703.963196
kobber,2008-10,4926.0,7619.192974
kobber,2008-11,3717.0,5861.460092
kobber,2008-12,3072.0,4894.964324
kobber,2009-01,3221.0,5110.141373
kobber,2009-02,3315.0,5233.248505
kobber,2009-03,3750.0,5905.60343
kobber,2009-04,4407.0,6922.982836
kobber,2009-05,4569.0,7156.79532
kobber,2009-06,5014.0,7786.945891
kobber,2009-07,5216.0,8113.524804
kobber,2009-08,6165.0,9568.24087
kobber,2009-09,6196.0,9610.342595
kobber,2009-10,6288.0,9743.655616
kobber,2009-11,6676.0,10337.569824
kobber,2009-12,6982.0,10830.475529
kobber,2010-01,7386.0,11418.138975
kobber,2010-02,6848.0,10583.798358
kobber,2010-03,7463.0,11487.130694
kobber,2010-04,7745.0,11900.518327
kobber,2010-05,6838.0,10498.736078
kobber,2010-06,6499.0,9988.002753
kobber,2010-07,6735.0,10348.515901
kobber,2010-08,7284.0,11176.638572
kobber,2010-09,7709.0,11821.885378
kobber,2010-10,8292.0,12700.111837
kobber,2010-11,8470.0,12967.283812
kobber,2010-12,9147.0,13979.724609
kobber,2011-01,9556.0,14535.579299
kobber,2011-02,9868.0,14936.503441
kobber,2011-03,9503.0,14245.123173
kobber,2011-04,9493.0,14139.085396
kobber,2011-05,8960.0,13282.738843
kobber,2011-06,9067.0,13455.771524
kobber,2011-07,9650.0,14308.287816
kobber,2011-08,9001.0,13309.298285
kobber,2011-09,8300.0,12254.159523
kobber,2011-10,7394.0,10939.100702
kobber,2011-11,7581.0,11225.228219
kobber,2011-12,7565.0,11229.234021
kobber,2012-01,8040.0,11882.025015
kobber,2012-02,8441.0,12419.96363
kobber,2012-03,8471.0,12370.159291
kobber,2012-04,8289.0,12067.928027
kobber,2012-05,7956.0,11596.722929
kobber,2012-06,7423.0,10835.707737
kobber,2012-07,7584.0,11088.799497
kobber,2012-08,7516.0,10928.555467
kobber,2012-09,8088.0,11708.02197
kobber,2012-10,8062.0,11674.925578
kobber,2012-11,7711.0,11219.787856
kobber,2012-12,7966.0,11622.121332
kobber,2013-01,8047.0,11705.680302
kobber,2013-02,8061.0,11630.789091
kobber,2013-03,7646.0,11003.239551
kobber,2013-04,7234.0,10421.171027
kobber,2013-05,7249.0,10424.220395
kobber,2013-06,7000.0,10042.054954
kobber,2013-07,6907.0,9904.736639
kobber,2013-08,7193.0,10302.471556
kobber,2013-09,7159.0,10241.862318
kobber,2013-10,7203.0,10331.416252
kobber,2013-11,7071.0,10162.842677
kobber,2013-12,7215.0,10370.697579
kobber,2014-01,7291.0,10441.095008
kobber,2014-02,7149.0,10200.024789
kobber,2014-03,6650.0,9427.350789
kobber,2014-04,6674.0,9430.284977
kobber,2014-05,6891.0,9703.014628
kobber,2014-06,6821.0,9586.598222
kobber,2014-07,7113.0,10000.892928
kobber,2014-08,7002.0,9861.300136
kobber,2014-09,6872.0,9670.935971
kobber,2014-10,6737.0,9504.829826
kobber,2014-11,6713.0,9522.384999
kobber,2014-12,6446.0,9195.786757
kobber,2015-01,5831.0,8357.765835
kobber,2015-02,5729.0,8176.056867
kobber,2015-03,5940.0,8427.02705
kobber,2015-04,6042.0,8554.343679
kobber,2015-05,6295.0,8867.345514
kobber,2015-06,5833.0,8187.875946
kobber,2015-07,5457.0,7659.565145
kobber,2015-08,5127.0,7206.576394
kobber,2015-09,5217.0,7344.515161
kobber,2015-10,5216.0,7346.410918
kobber,2015-11,4800.0,6774.800283
kobber,2015-12,4639.0,6570.012557
kobber,2016-01,4472.0,6323.04513
kobber,2016-02,4599.0,6497.265078
kobber,2016-03,4954.0,6968.785883
kobber,2016-04,4873.0,6822.497356
kobber,2016-05,4695.0,6546.799512
kobber,2016-06,4642.0,6451.705516
kobber,2016-07,4865.0,6772.602108
kobber,2016-08,4752.0,6609.223871
kobber,2016-09,4722.0,6551.748596
kobber,2016-10,4731.0,6556.062285
kobber,2016-11,5451.0,7565.58228
kobber,2016-12,5660.0,7853.08824
kobber,2017-01,5755.0,7938.633827
kobber,2017-02,5941.0,8169.506041
kobber,2017-03,5825.0,8003.488501
kobber,2017-04,5684.0,7786.664377
kobber,2017-05,5600.0,7665.039043
kobber,2017-06,5720.0,7822.194281
kobber,2017-07,5985.0,8190.236778
kobber,2017-08,6486.0,8849.33663
kobber,2017-09,6577.0,8926.231206
kobber,2017-10,6808.0,9245.585434
kobber,2017-11,6827.0,9271.162813
kobber,2017-12,6834.0,9286.127598
kobber,2018-01,7066.0,9549.349772
kobber,2018-02,7007.0,9426.866272
kobber,2018-03,6799.0,9126.397573
kobber,2018-04,6852.0,9161.123945
kobber,2018-05,6825.0,9087.231903
kobber,2018-06,6966.0,9260.208501
kobber,2018-07,6251.0,8309.167163
kobber,2018-08,6051.0,8038.850428
kobber,2018-09,6051.0,8029.519924
kobber,2018-10,6220.0,8239.221781
kobber,2018-11,6196.0,8235.012498
kobber,2018-12,6075.0,8100.064482
kobber,2019-01,5939.0,7903.660612
kobber,2019-02,6300.0,8348.791024
kobber,2019-03,6439.0,8485.126868
kobber,2019-04,6438.0,8439.123922
kobber,2019-05,6018.0,7871.818097
kobber,2019-06,5882.0,7692.391984
kobber,2019-07,5941.0,7756.590495
kobber,2019-08,5709.0,7454.068164
kobber,2019-09,5759.0,7513.465234
kobber,2019-10,5757.0,7493.723858
kobber,2019-11,5860.0,7631.888588
kobber,2019-12,6077.0,7921.709823
kobber,2020-01,6031.0,7831.362362
kobber,2020-02,5688.0,7365.78387
kobber,2020-03,5183.0,6726.464328
kobber,2020-04,5058.0,6608.430315
kobber,2020-05,5240.0,6846.085322
kobber,2020-06,5755.0,7478.01526
kobber,2020-07,6372.0,8238.071486
kobber,2020-08,6499.0,8375.853231
kobber,2020-09,6705.0,8629.325726
kobber,2020-10,6714.0,8637.324762
kobber,2020-11,7069.0,9099.576219
kobber,2020-12,7772.0,9995.103388
kobber,2021-01,7972.0,10208.885015
kobber,2021-02,8471.0,10788.838541
kobber,2021-03,8988.0,11366.786244
kobber,2021-04,9325.0,11696.842212
kobber,2021-05,10162.0,12645.356563
kobber,2021-06,9632.0,11875.505565
kobber,2021-07,9451.0,11596.561137
kobber,2021-08,9370.0,11473.469388
kobber,2021-09,9325.0,11387.439393
kobber,2021-10,9829.0,11904.010716
kobber,2021-11,9729.0,11725.288255
kobber,2021-12,9551.0,11475.505843
kobber,2022-01,9782.0,11654.980153
kobber,2022-02,9943.0,11739.578099
kobber,2022-03,10231.0,11920.461559
kobber,2022-04,10161.0,11773.178213
kobber,2022-05,9377.0,10746.323795
kobber,2022-06,9024.0,10201.644623
kobber,2022-07,7545.0,8530.640686
kobber,2022-08,7982.0,9027.92765
kobber,2022-09,7746.0,8742.200615
kobber,2022-10,7651.0,8600.096573
kobber,2022-11,8050.0,9057.74056
kobber,2022-12,8375.0,9452.445611
kobber,2023-01,9038.0,10119.828994
kobber,2023-02,8937.0,9951.190866
kobber,2023-03,8856.0,9828.459428
kobber,2023-04,8809.0,9727.088735
kobber,2023-05,8217.0,9050.596165
kobber,2023-06,8397.0,9219.089112
kobber,2023-07,8477.0,9289.202037
kobber,2023-08,8349.0,9109.156944
kobber,2023-09,8277.0,9008.214913
kobber,2023-10,7937.0,8641.491268
kobber,2023-11,8190.0,8934.952825
kobber,2023-12,8400.0,9173.166072
kobber,2024-01,8339.0,9057.212216
kobber,2024-02,8305.0,8964.794764
kobber,2024-03,8689.0,9319.061832
kobber,2024-04,9464.0,10110.894409
kobber,2024-05,10139.0,10814.063852
kobber,2024-06,9648.0,10286.90074
kobber,2024-07,9385.0,9994.87283
kobber,2024-08,8972.0,9547.264133
kobber,2024-09,9237.0,9813.512358
kobber,2024-10,9534.0,10117.401161
kobber,2024-11,9076.0,9636.595677
kobber,2024-12,8916.0,9463.353496
kobber,2025-01,8991.0,9480.894321
kobber,2025-02,9331.0,9795.909453
kobber,2025-03,9740.0,10202.362109
kobber,2025-04,9177.0,9582.791066
kobber,2025-05,9533.0,9933.785451
kobber,2025-06,9835.0,10213.659742
kobber,2025-07,9771.0,10131.898603
kobber,2025-08,9670.0,9998.446181
kobber,2025-09,9984.0,10296.922167
kobber,2025-10,10740.0,11076.616995
kobber,2025-11,10812.0,11174.199098
kobber,2025-12,11785.0,12182.350164
kobber,2026-01,13012.0,13401.177426
kobber,2026-02,12951.0,13275.780651
kobber,2026-03,12529.0,12709.870356
kobber,2026-04,12951.0,13027.22353
kobber,2026-05,13543.0,13537.22108
kobber,2026-06,13552.0,13593.716941
kobber,2026-07,13543.0,13586.072449
kobber,2026-08,14326.0,14326.0
kobber,2026-09,14474.0,14474.0
nikkel,1980-01,6585.0,28352.741645
nikkel,1980-02,6979.0,29630.23346
nikkel,1980-03,6734.0,28161.739326
nikkel,1980-04,6233.0,25776.917778
nikkel,1980-05,6001.0,24574.755257
nikkel,1980-06,6295.0,25498.175333
nikkel,1980-07,6622.0,26822.703265
nikkel,1980-08,6585.0,26480.711885
nikkel,1980-09,6655.0,26539.189286
nikkel,1980-10,6692.0,26434.978302
nikkel,1980-11,6453.0,25282.174737
nikkel,1980-12,6391.0,24807.151564
nikkel,1981-01,6404.0,24657.608276
nikkel,1981-02,6371.0,24279.380887
nikkel,1981-03,6292.0,23815.75322
nikkel,1981-04,6307.0,23711.771717
nikkel,1981-05,6352.0,23694.799109
nikkel,1981-06,6169.0,22808.958278
nikkel,1981-07,6150.0,22490.469432
nikkel,1981-08,5999.0,21771.885374
nikkel,1981-09,5579.0,20052.075322
nikkel,1981-10,5217.0,18710.820771
nikkel,1981-11,5100.0,18232.636073
nikkel,1981-12,5496.0,19585.639149
nikkel,1982-01,5629.0,19995.783881
nikkel,1982-02,5717.0,20243.981607
nikkel,1982-03,5653.0,20038.539048
nikkel,1982-04,5394.0,19039.853741
nikkel,1982-05,5212.0,18224.590397
nikkel,1982-06,5187.0,17912.796495
nikkel,1982-07,5069.0,17415.524308
nikkel,1982-08,4953.0,16982.148823
nikkel,1982-09,4310.0,14747.331971
nikkel,1982-10,3917.0,13361.676782
nikkel,1982-11,3434.0,11737.972653
nikkel,1982-12,3576.0,12273.447541
nikkel,1983-01,3797.0,13005.307362
nikkel,1983-02,4228.0,14466.756282
nikkel,1983-03,4832.0,16533.435751
nikkel,1983-04,4818.0,16368.495335
nikkel,1983-05,5032.0,16992.130645
nikkel,1983-06,4883.0,16439.269749
nikkel,1983-07,4804.0,16108.547748
nikkel,1983-08,4853.0,16224.131138
nikkel,1983-09,4911.0,16336.512214
nikkel,1983-10,4674.0,15501.945743
nikkel,1983-11,4585.0,15176.712451
nikkel,1983-12,4657.0,15399.820928
nikkel,1984-01,4671.0,15355.167615
nikkel,1984-02,4640.0,15178.78125
nikkel,1984-03,4781.0,15609.545614
nikkel,1984-04,4912.0,15959.473909
nikkel,1984-05,4811.0,15585.96499
nikkel,1984-06,4773.0,15418.124783
nikkel,1984-07,4640.0,14930.904899
nikkel,1984-08,4736.0,15181.485933
nikkel,1984-09,4706.0,15013.484571
nikkel,1984-10,4750.0,15110.683761
nikkel,1984-11,4748.0,15104.321368
nikkel,1984-12,4859.0,15457.434188
nikkel,1985-01,4947.0,15707.545592
nikkel,1985-02,5051.0,15962.113019
nikkel,1985-03,5212.0,16408.982707
nikkel,1985-04,5490.0,17203.369504
nikkel,1985-05,5604.0,17495.13439
nikkel,1985-06,5553.0,17287.583086
nikkel,1985-07,5091.0,15819.881076
nikkel,1985-08,4908.0,15222.98
nikkel,1985-09,4570.0,14135.351801
nikkel,1985-10,4240.0,13066.377185
nikkel,1985-11,4035.0,12400.406422
nikkel,1985-12,4090.0,12534.933211
nikkel,1986-01,4035.0,12332.520985
nikkel,1986-02,3988.0,12222.326075
nikkel,1986-03,4123.0,12694.140993
nikkel,1986-04,3999.0,12335.037017
nikkel,1986-05,4043.0,12436.401653
nikkel,1986-06,4087.0,12502.860822
nikkel,1986-07,3911.0,11964.445479
nikkel,1986-08,3807.0,11625.057976
nikkel,1986-09,3724.0,11320.013793
nikkel,1986-10,3644.0,11066.791659
nikkel,1986-11,3642.0,11050.698913
nikkel,1986-12,3572.0,10828.493756
nikkel,1987-01,3525.0,10618.745504
nikkel,1987-02,3717.0,11156.995161
nikkel,1987-03,3772.0,11271.583943
nikkel,1987-04,3898.0,11586.087311
nikkel,1987-05,4436.0,13138.561273
nikkel,1987-06,4436.0,13092.257974
nikkel,1987-07,4753.0,13990.860633
nikkel,1987-08,5307.0,15539.67535
nikkel,1987-09,5333.0,15534.333391
nikkel,1987-10,5692.0,16536.91379
nikkel,1987-11,5937.0,17233.763085
nikkel,1987-12,7661.0,22238.143674
nikkel,1988-01,8073.0,23373.323596
nikkel,1988-02,8667.0,25028.203966
nikkel,1988-03,15497.0,44559.528412
nikkel,1988-04,18012.0,51525.702477
nikkel,1988-05,17025.0,48536.46383
nikkel,1988-06,15590.0,44257.10339
nikkel,1988-07,14591.0,41246.355949
nikkel,1988-08,14187.0,39935.808908
nikkel,1988-09,11878.0,33212.791653
nikkel,1988-10,11558.0,32210.472879
nikkel,1988-11,13342.0,37151.314713
nikkel,1988-12,16920.0,47036.195851
nikkel,1989-01,17725.0,49029.89678
nikkel,1989-02,18524.0,51029.354605
nikkel,1989-03,17157.0,46993.065086
nikkel,1989-04,15261.0,41528.267912
nikkel,1989-05,13454.0,36404.046204
nikkel,1989-06,12143.0,32777.293634
nikkel,1989-07,12275.0,33053.69373
nikkel,1989-08,12910.0,34707.799358
nikkel,1989-09,11222.0,30073.16448
nikkel,1989-10,10425.0,27803.873408
nikkel,1989-11,9793.0,26056.06942
nikkel,1989-12,8809.0,23400.783664
nikkel,1990-01,7056.0,18552.738462
nikkel,1990-02,6977.0,18259.027031
nikkel,1990-03,9267.0,24120.121678
nikkel,1990-04,8940.0,23232.903026
nikkel,1990-05,8698.0,22551.517337
nikkel,1990-06,8422.0,21718.256813
nikkel,1990-07,9318.0,23936.684356
nikkel,1990-08,10957.0,27890.394073
nikkel,1990-09,10844.0,27373.949661
nikkel,1990-10,9145.0,22946.757303
nikkel,1990-11,8587.0,21498.305381
nikkel,1990-12,8158.0,20424.266368
nikkel,1991-01,8569.0,21325.732689
nikkel,1991-02,8672.0,21550.048665
nikkel,1991-03,8701.0,21590.081333
nikkel,1991-04,9021.0,22350.995414
nikkel,1991-05,8452.0,20879.431858
nikkel,1991-06,8280.0,20394.370588
nikkel,1991-07,8541.0,21006.344934
nikkel,1991-08,8145.0,19973.734261
nikkel,1991-09,7681.0,18753.508601
nikkel,1991-10,7443.0,18145.968996
nikkel,1991-11,7245.0,17611.974601
nikkel,1991-12,7118.0,17290.700798
nikkel,1992-01,7517.0,18233.487762
nikkel,1992-02,7862.0,19001.535065
nikkel,1992-03,7418.0,17838.346303
nikkel,1992-04,7421.0,17819.975484
nikkel,1992-05,7327.0,17569.065569
nikkel,1992-06,7193.0,17186.242083
nikkel,1992-07,7498.0,17876.726263
nikkel,1992-08,7268.0,17279.167069
nikkel,1992-09,6918.0,16400.507006
nikkel,1992-10,6305.0,14894.562059
nikkel,1992-11,5565.0,13127.91338
nikkel,1992-12,5724.0,13512.512474
nikkel,1993-01,5931.0,13932.443058
nikkel,1993-02,6039.0,14136.577358
nikkel,1993-03,5971.0,13928.729666
nikkel,1993-04,5972.0,13892.365
nikkel,1993-05,5763.0,13387.584882
nikkel,1993-06,5532.0,12833.167313
nikkel,1993-07,5036.0,11682.54349
nikkel,1993-08,4722.0,10923.864365
nikkel,1993-09,4353.0,10049.4
nikkel,1993-10,4449.0,10228.730405
nikkel,1993-11,4634.0,10646.758025
nikkel,1993-12,5119.0,11761.060494
nikkel,1994-01,5578.0,12780.563885
nikkel,1994-02,5825.0,13301.01227
nikkel,1994-03,5588.0,12716.496196
nikkel,1994-04,5408.0,12290.175305
nikkel,1994-05,6087.0,13823.886508
nikkel,1994-06,6282.0,14218.542973
nikkel,1994-07,6227.0,14056.06779
nikkel,1994-08,5860.0,13174.381208
nikkel,1994-09,6365.0,14271.403614
nikkel,1994-10,6748.0,15120.033712
nikkel,1994-11,7556.0,16907.87495
nikkel,1994-12,8556.0,19145.550301
nikkel,1995-01,9593.0,21380.326946
nikkel,1995-02,8505.0,18880.085487
nikkel,1995-03,7532.0,16664.923118
nikkel,1995-04,7398.0,16314.562475
nikkel,1995-05,7232.0,15917.0523
nikkel,1995-06,7872.0,17291.55777
nikkel,1995-07,8597.0,18884.085639
nikkel,1995-08,8945.0,19597.096795
nikkel,1995-09,8405.0,18377.982376
nikkel,1995-10,8062.0,17570.649057
nikkel,1995-11,8506.0,18550.389844
nikkel,1995-12,8091.0,17656.828534
nikkel,1996-01,7862.0,17057.077461
nikkel,1996-02,8216.0,17767.564106
nikkel,1996-03,8022.0,17258.892486
nikkel,1996-04,8043.0,17237.646449
nikkel,1996-05,8027.0,17170.398851
nikkel,1996-06,7709.0,16479.647862
nikkel,1996-07,7204.0,15370.67465
nikkel,1996-08,7054.0,15021.925747
nikkel,1996-09,7318.0,15534.75057
nikkel,1996-10,7031.0,14878.359949
nikkel,1996-11,6943.0,14664.35145
nikkel,1996-12,6581.0,13899.769105
nikkel,1997-01,7072.0,14889.871527
nikkel,1997-02,7735.0,16234.776316
nikkel,1997-03,7896.0,16531.263
nikkel,1997-04,7316.0,15297.838202
nikkel,1997-05,7483.0,15656.810369
nikkel,1997-06,7062.0,14757.50942
nikkel,1997-07,6836.0,14267.434766
nikkel,1997-08,6761.0,14084.575746
nikkel,1997-09,6504.0,13515.570223
nikkel,1997-10,6380.0,13225.076733
nikkel,1997-11,6140.0,12735.462539
nikkel,1997-12,5945.0,12346.287043
nikkel,1998-01,5492.0,11384.34505
nikkel,1998-02,5387.0,11145.999135
nikkel,1998-03,5396.0,11143.9709
nikkel,1998-04,5394.0,11119.274585
nikkel,1998-05,5020.0,10329.235872
nikkel,1998-06,4476.0,9198.591902
nikkel,1998-07,4325.0,8877.380515
nikkel,1998-08,4081.0,8366.299755
nikkel,1998-09,4102.0,8399.07066
nikkel,1998-10,3872.0,7908.796098
nikkel,1998-11,4132.0,8439.861951
nikkel,1998-12,3878.0,7925.88432
nikkel,1999-01,4269.0,8703.771272
nikkel,1999-02,4626.0,9420.167052
nikkel,1999-03,5011.0,10173.241091
nikkel,1999-04,5103.0,10285.216245
nikkel,1999-05,5399.0,10881.811191
nikkel,1999-06,5195.0,10470.644404
nikkel,1999-07,5700.0,11454.025195
nikkel,1999-08,6449.0,12928.103052
nikkel,1999-09,7028.0,14021.676236
nikkel,1999-10,7321.0,14580.193698
nikkel,1999-11,7950.0,15823.475936
nikkel,1999-12,8083.0,16088.195722
nikkel,2000-01,8310.0,16491.017773
nikkel,2000-02,9653.0,19043.356537
nikkel,2000-03,10280.0,20114.453271
nikkel,2000-04,9728.0,19023.265849
nikkel,2000-05,10130.0,19786.282216
nikkel,2000-06,8411.0,16342.904756
nikkel,2000-07,8164.0,15826.254167
nikkel,2000-08,8007.0,15521.903125
nikkel,2000-09,8638.0,16658.360622
nikkel,2000-10,7678.0,14781.473793
nikkel,2000-11,7340.0,14122.649052
nikkel,2000-12,7314.0,14080.711034
nikkel,2001-01,6995.0,13381.982296
nikkel,2001-02,6524.0,12431.225939
nikkel,2001-03,6134.0,11661.562543
nikkel,2001-04,6330.0,11986.565291
nikkel,2001-05,7061.0,13310.6009
nikkel,2001-06,6641.0,12497.765056
nikkel,2001-07,5937.0,11204.373296
nikkel,2001-08,5521.0,10419.293408
nikkel,2001-09,5027.0,9444.444532
nikkel,2001-10,4825.0,9095.545864
nikkel,2001-11,5078.0,9588.660879
nikkel,2001-12,5264.0,9979.257046
nikkel,2002-01,6043.0,11430.175833
nikkel,2002-02,6029.0,11358.798763
nikkel,2002-03,6538.0,12248.877181
nikkel,2002-04,6958.0,12963.241602
nikkel,2002-05,6761.0,12596.216796
nikkel,2002-06,7120.0,13257.685381
nikkel,2002-07,7143.0,13285.742032
nikkel,2002-08,6717.0,12451.912894
nikkel,2002-09,6640.0,12288.769061
nikkel,2002-10,6804.0,12571.450193
nikkel,2002-11,7314.0,13513.754661
nikkel,2002-12,7193.0,13319.575124
nikkel,2003-01,8026.0,14796.639956
nikkel,2003-02,8623.0,15775.710213
nikkel,2003-03,8379.0,15237.77101
nikkel,2003-04,7910.0,14416.168662
nikkel,2003-05,8331.0,15208.27455
nikkel,2003-06,8875.0,16183.709853
nikkel,2003-07,8797.0,16024.02969
nikkel,2003-08,9351.0,16968.569772
nikkel,2003-09,9965.0,18024.166847
nikkel,2003-10,11047.0,20002.832757
nikkel,2003-11,12087.0,21945.275122
nikkel,2003-12,14163.0,25742.386001
nikkel,2004-01,15327.0,27722.66987
nikkel,2004-02,15145.0,27246.359291
nikkel,2004-03,13715.0,24515.745464
nikkel,2004-04,12848.0,22892.675745
nikkel,2004-05,11118.0,19694.910841
nikkel,2004-06,13534.0,23898.889404
nikkel,2004-07,15023.0,26570.245723
nikkel,2004-08,13680.0,24182.197361
nikkel,2004-09,13271.0,23409.792417
nikkel,2004-10,14404.0,25275.285071
nikkel,2004-11,14045.0,24632.429843
nikkel,2004-12,13769.0,24237.202417
nikkel,2005-01,14505.0,25479.207656
nikkel,2005-02,15350.0,26808.879041
nikkel,2005-03,16191.0,28058.257527
nikkel,2005-04,16142.0,27786.470504
nikkel,2005-05,16932.0,29176.344444
nikkel,2005-06,16160.0,27831.757326
nikkel,2005-07,14581.0,24996.639611
nikkel,2005-08,14893.0,25401.512933
nikkel,2005-09,14228.0,23974.323139
nikkel,2005-10,12403.0,20857.213554
nikkel,2005-11,12116.0,20539.563158
nikkel,2005-12,13429.0,22857.959451
nikkel,2006-01,14555.0,24587.160363
nikkel,2006-02,14979.0,25252.468143
nikkel,2006-03,14897.0,24975.961261
nikkel,2006-04,17942.0,29827.35067
nikkel,2006-05,21077.0,34866.041778
nikkel,2006-06,20755.0,34265.696895
nikkel,2006-07,26586.0,43763.038231
nikkel,2006-08,30744.0,50508.2154
nikkel,2006-09,30131.0,49745.107836
nikkel,2006-10,32703.0,54285.683548
nikkel,2006-11,32114.0,53387.333598
nikkel,2006-12,34570.0,57384.829534
nikkel,2007-01,36811.0,60918.844261
nikkel,2007-02,41184.0,67793.042325
nikkel,2007-03,46325.0,75567.554735
nikkel,2007-04,50267.0,81468.69967
nikkel,2007-05,52179.0,84053.885424
nikkel,2007-06,41719.0,67074.137133
nikkel,2007-07,33426.0,53754.657872
nikkel,2007-08,27652.0,44550.79171
nikkel,2007-09,29538.0,47458.5795
nikkel,2007-10,31055.0,49789.427863
nikkel,2007-11,30610.0,48786.203057
nikkel,2007-12,25992.0,41453.846769
nikkel,2008-01,27690.0,43943.510517
nikkel,2008-02,27955.0,44235.595414
nikkel,2008-03,31225.0,48985.381308
nikkel,2008-04,28763.0,44851.015673
nikkel,2008-05,25735.0,39794.260774
nikkel,2008-06,22549.0,34519.863903
nikkel,2008-07,20160.0,30701.372952
nikkel,2008-08,18928.0,28940.69653
nikkel,2008-09,17795.0,27246.034198
nikkel,2008-10,12140.0,18777.30465
nikkel,2008-11,10702.0,16876.337343
nikkel,2008-12,9686.0,15433.79702
nikkel,2009-01,11307.0,17938.642816
nikkel,2009-02,10409.0,16432.24244
nikkel,2009-03,9696.0,15269.528229
nikkel,2009-04,11166.0,17540.736635
nikkel,2009-05,12635.0,19791.225404
nikkel,2009-06,14960.0,23233.488338
nikkel,2009-07,15985.0,24864.780289
nikkel,2009-08,19642.0,30484.896541
nikkel,2009-09,17473.0,27101.600415
nikkel,2009-10,18525.0,28705.664802
nikkel,2009-11,16991.0,26310.013313
nikkel,2009-12,17066.0,26472.772182
nikkel,2010-01,18439.0,28505.153609
nikkel,2010-02,18976.0,29328.001993
nikkel,2010-03,22461.0,34572.215263
nikkel,2010-04,26031.0,39997.726608
nikkel,2010-05,22008.0,33790.023925
nikkel,2010-06,19389.0,29798.028216
nikkel,2010-07,19518.0,29989.952984
nikkel,2010-08,21413.0,32856.30996
nikkel,2010-09,22643.0,34723.433727
nikkel,2010-10,23807.0,36463.0442
nikkel,2010-11,22909.0,35072.904942
nikkel,2010-12,24111.0,36849.802125
nikkel,2011-01,25646.0,39009.990237
nikkel,2011-02,28252.0,42763.082206
nikkel,2011-03,26710.0,40038.644632
nikkel,2011-04,26408.0,39332.662712
nikkel,2011-05,24237.0,35930.105061
nikkel,2011-06,22421.0,33273.613471
nikkel,2011-07,23848.0,35360.004957
nikkel,2011-08,21845.0,32301.035556
nikkel,2011-09,20378.0,30086.176236
nikkel,2011-10,19039.0,28167.370606
nikkel,2011-11,17873.0,26464.648986
nikkel,2011-12,18267.0,27114.926353
nikkel,2012-01,19855.0,29342.985904
nikkel,2012-02,20394.0,30007.432565
nikkel,2012-03,18661.0,27250.565756
nikkel,2012-04,17940.0,26118.787405
nikkel,2012-05,17068.0,24878.439789
nikkel,2012-06,16549.0,24157.365935
nikkel,2012-07,16128.0,23581.2445
nikkel,2012-08,15735.0,22879.300197
nikkel,2012-09,17288.0,25025.752203
nikkel,2012-10,17169.0,24863.160165
nikkel,2012-11,16335.0,23768.024203
nikkel,2012-12,17449.0,25457.493739
nikkel,2013-01,17473.0,25417.342105
nikkel,2013-02,17690.0,25523.962165
nikkel,2013-03,16725.0,24068.68709
nikkel,2013-04,15673.0,22578.243503
nikkel,2013-05,14948.0,21495.550624
nikkel,2013-06,14280.0,20485.792106
nikkel,2013-07,13750.0,19717.696365
nikkel,2013-08,14315.0,20503.250427
nikkel,2013-09,13801.0,19744.090216
nikkel,2013-10,14118.0,20249.747973
nikkel,2013-11,13684.0,19667.421751
nikkel,2013-12,13925.0,20015.518196
nikkel,2014-01,14101.0,20193.372749
nikkel,2014-02,14204.0,20265.932593
nikkel,2014-03,15678.0,22225.865514
nikkel,2014-04,17374.0,24549.26149
nikkel,2014-05,19401.0,27317.978058
nikkel,2014-06,18629.0,26182.192974
nikkel,2014-07,19118.0,26879.948122
nikkel,2014-08,18600.0,26195.398819
nikkel,2014-09,18035.0,25380.57774
nikkel,2014-10,15812.0,22308.20383
nikkel,2014-11,15807.0,22422.216548
nikkel,2014-12,15962.0,22771.198917
nikkel,2015-01,14849.0,21283.564549
nikkel,2015-02,14574.0,20799.066641
nikkel,2015-03,13756.0,19515.519209
nikkel,2015-04,12831.0,18166.299858
nikkel,2015-05,13511.0,19032.042135
nikkel,2015-06,12825.0,18002.658839
nikkel,2015-07,11413.0,16019.537657
nikkel,2015-08,10386.0,14598.693667
nikkel,2015-09,9938.0,13990.759377
nikkel,2015-10,10317.0,14530.851504
nikkel,2015-11,9244.0,13047.136212
nikkel,2015-12,8708.0,12332.759074
nikkel,2016-01,8507.0,12028.207719
nikkel,2016-02,8299.0,11724.462467
nikkel,2016-03,8717.0,12262.193489
nikkel,2016-04,8879.0,12431.141807
nikkel,2016-05,8660.0,12075.672796
nikkel,2016-06,8928.0,12408.622758
nikkel,2016-07,10263.0,14287.197417
nikkel,2016-08,10336.0,14375.61825
nikkel,2016-09,10192.0,14141.343009
nikkel,2016-10,10260.0,14217.9664
nikkel,2016-11,11129.0,15446.223664
nikkel,2016-12,10972.0,15223.336426
nikkel,2017-01,9971.0,13754.321093
nikkel,2017-02,10643.0,14635.255477
nikkel,2017-03,10205.0,14021.562258
nikkel,2017-04,9609.0,13163.627374
nikkel,2017-05,9155.0,12530.970078
nikkel,2017-06,8932.0,12214.657223
nikkel,2017-07,9491.0,12988.059693
nikkel,2017-08,10890.0,14858.044388
nikkel,2017-09,11216.0,15222.230379
nikkel,2017-10,11336.0,15394.82322
nikkel,2017-11,11972.0,16258.145774
nikkel,2017-12,11495.0,15619.554688
nikkel,2018-01,12865.0,17386.411664
nikkel,2018-02,13596.0,18291.376315
nikkel,2018-03,13393.0,17977.620635
nikkel,2018-04,13938.0,18635.105889
nikkel,2018-05,14366.0,19127.790992
nikkel,2018-06,15106.0,20081.066554
nikkel,2018-07,13794.0,18335.730578
nikkel,2018-08,13411.0,17816.728324
nikkel,2018-09,12510.0,16600.445256
nikkel,2018-10,12315.0,16312.864345
nikkel,2018-11,11240.0,14938.918734
nikkel,2018-12,10835.0,14446.781673
nikkel,2019-01,11523.0,15334.884868
nikkel,2019-02,12685.0,16810.224468
nikkel,2019-03,13026.0,17165.283829
nikkel,2019-04,12773.0,16743.232348
nikkel,2019-05,12016.0,15717.475282
nikkel,2019-06,11944.0,15620.185287
nikkel,2019-07,13546.0,17685.705243
nikkel,2019-08,15749.0,20562.991682
nikkel,2019-09,17657.0,23036.16177
nikkel,2019-10,17046.0,22188.295447
nikkel,2019-11,15172.0,19759.558645
nikkel,2019-12,13829.0,18026.875949
nikkel,2020-01,13507.0,17539.083308
nikkel,2020-02,12716.0,16466.826247
nikkel,2020-03,11846.0,15373.663212
nikkel,2020-04,11804.0,15422.283795
nikkel,2020-05,12180.0,15913.228859
nikkel,2020-06,12727.0,16537.393608
nikkel,2020-07,13402.0,17326.841502
nikkel,2020-08,14538.0,18736.444725
nikkel,2020-09,14857.0,19120.938451
nikkel,2020-10,15239.0,19604.437301
nikkel,2020-11,15808.0,20348.861349
nikkel,2020-12,16823.0,21635.052021
nikkel,2021-01,17863.0,22875.227424
nikkel,2021-02,18584.0,23668.961804
nikkel,2021-03,16407.0,20749.317079
nikkel,2021-04,16521.0,20723.166775
nikkel,2021-05,17577.0,21872.410186
nikkel,2021-06,17980.0,22167.939167
nikkel,2021-07,18819.0,23091.279656
nikkel,2021-08,19141.0,23437.959184
nikkel,2021-09,19377.0,23662.671649
nikkel,2021-10,19362.0,23449.532556
nikkel,2021-11,19933.0,24023.041504
nikkel,2021-12,20016.0,24049.180709
nikkel,2022-01,22355.0,26635.358957
nikkel,2022-02,24016.0,28355.396523
nikkel,2022-03,33924.0,39525.924926
nikkel,2022-04,33133.0,38389.992494
nikkel,2022-05,28063.0,32161.041342
nikkel,2022-06,25659.0,29007.535394
nikkel,2022-07,21482.0,24288.299964
nikkel,2022-08,22057.0,24947.256349
nikkel,2022-09,22774.0,25702.927549
nikkel,2022-10,22033.0,24766.16492
nikkel,2022-11,25563.0,28763.108316
nikkel,2022-12,28947.0,32671.037982
nikkel,2023-01,28195.0,31569.880336
nikkel,2023-02,26728.0,29761.15357
nikkel,2023-03,23289.0,25846.317934
nikkel,2023-04,23895.0,26385.376925
nikkel,2023-05,21970.0,24198.807077
nikkel,2023-06,21233.0,23311.768384
nikkel,2023-07,21091.0,23111.780131
nikkel,2023-08,20439.0,22299.923199
nikkel,2023-09,19645.0,21380.498004
nikkel,2023-10,18281.0,19903.628811
nikkel,2023-11,17027.0,18575.756014
nikkel,2023-12,16461.0,17976.129371
nikkel,2024-01,16104.0,17490.987591
nikkel,2024-02,16338.0,17635.980356
nikkel,2024-03,17439.0,18703.546931
nikkel,2024-04,18164.0,19405.566995
nikkel,2024-05,19587.0,20891.120295
nikkel,2024-06,17498.0,18656.736023
nikkel,2024-07,16335.0,17396.510142
nikkel,2024-08,16292.0,17336.605802
nikkel,2024-09,16077.0,17080.419853
nikkel,2024-10,16766.0,17791.93915
nikkel,2024-11,15723.0,16694.159744
nikkel,2024-12,15445.0,16393.168993
nikkel,2025-01,15394.0,16232.775796
nikkel,2025-02,15288.0,16049.712112
nikkel,2025-03,16066.0,16828.660127
nikkel,2025-04,15113.0,15781.270718
nikkel,2025-05,15346.0,15991.175027
nikkel,2025-06,15003.0,15580.634175
nikkel,2025-07,15034.0,15589.291127
nikkel,2025-08,14949.0,15456.749944
nikkel,2025-09,15106.0,15579.457759
nikkel,2025-10,15092.0,15565.018966
nikkel,2025-11,14671.0,15162.474562
nikkel,2025-12,14884.0,15385.837916
nikkel,2026-01,17769.0,18300.455093
nikkel,2026-02,17173.0,17603.658491
nikkel,2026-03,17076.0,17322.51147
nikkel,2026-04,17962.0,18067.715933
nikkel,2026-05,18806.0,18797.975311
nikkel,2026-06,17588.0,17642.140906
nikkel,2026-07,16651.0,16703.957199
nikkel,2026-08,16751.0,16751.0
nikkel,2026-09,16324.0,16324.0
aluminium,1980-01,2055.0,8848.122108
aluminium,1980-02,2131.0,9047.431939
aluminium,1980-03,1978.0,8272.040449
aluminium,1980-04,1932.0,7989.893333
aluminium,1980-05,1776.0,7272.915403
aluminium,1980-06,1669.0,6760.358162
aluminium,1980-07,1758.0,7120.85659
aluminium,1980-08,1784.0,7174.121489
aluminium,1980-09,1655.0,6599.903571
aluminium,1980-10,1626.0,6423.083491
aluminium,1980-11,1504.0,5892.513684
aluminium,1980-12,1431.0,5554.53511
aluminium,1981-01,1431.0,5509.843448
aluminium,1981-02,1452.0,5533.45802
aluminium,1981-03,1443.0,5461.877288
aluminium,1981-04,1369.0,5146.886869
aluminium,1981-05,1297.0,4838.185523
aluminium,1981-06,1232.0,4555.136424
aluminium,1981-07,1175.0,4296.959607
aluminium,1981-08,1231.0,4467.609751
aluminium,1981-09,1169.0,4201.626824
aluminium,1981-10,1140.0,4088.620985
aluminium,1981-11,1082.0,3868.178869
aluminium,1981-12,1131.0,4030.450851
aluminium,1982-01,1113.0,3953.687593
aluminium,1982-02,1088.0,3852.624101
aluminium,1982-03,1029.0,3647.56
aluminium,1982-04,996.0,3515.701581
aluminium,1982-05,973.0,3402.249896
aluminium,1982-06,919.0,3173.676495
aluminium,1982-07,958.0,3291.393231
aluminium,1982-08,959.0,3288.084135
aluminium,1982-09,960.0,3284.78856
aluminium,1982-10,952.0,3247.463951
aluminium,1982-11,965.0,3298.527551
aluminium,1982-12,987.0,3387.553893
aluminium,1983-01,1077.0,3688.890184
aluminium,1983-02,1230.0,4208.635342
aluminium,1983-03,1302.0,4454.994484
aluminium,1983-04,1364.0,4634.003245
aluminium,1983-05,1453.0,4906.511492
aluminium,1983-06,1466.0,4935.484221
aluminium,1983-07,1520.0,5096.792793
aluminium,1983-08,1604.0,5362.354491
aluminium,1983-09,1614.0,5368.99424
aluminium,1983-10,1566.0,5193.848317
aluminium,1983-11,1517.0,5021.389921
aluminium,1983-12,1549.0,5122.250938
aluminium,1984-01,1549.0,5092.090481
aluminium,1984-02,1491.0,4877.491992
aluminium,1984-03,1456.0,4753.712281
aluminium,1984-04,1370.0,4451.237633
aluminium,1984-05,1289.0,4175.911219
aluminium,1984-06,1275.0,4118.606557
aluminium,1984-07,1163.0,3742.379827
aluminium,1984-08,1136.0,3641.505072
aluminium,1984-09,1012.0,3228.569143
aluminium,1984-10,1028.0,3270.270085
aluminium,1984-11,1152.0,3664.738462
aluminium,1984-12,1095.0,3483.410256
aluminium,1985-01,1075.0,3413.303318
aluminium,1985-02,1098.0,3469.88717
aluminium,1985-03,1095.0,3447.397556
aluminium,1985-04,1106.0,3465.742563
aluminium,1985-05,1105.0,3449.700839
aluminium,1985-06,1032.0,3212.819331
aluminium,1985-07,1012.0,3144.710204
aluminium,1985-08,1019.0,3160.598333
aluminium,1985-09,985.0,3046.67867
aluminium,1985-10,971.0,2992.323643
aluminium,1985-11,950.0,2919.550459
aluminium,1985-12,1039.0,3184.302104
aluminium,1986-01,1119.0,3420.096898
aluminium,1986-02,1115.0,3417.225069
aluminium,1986-03,1168.0,3596.108824
aluminium,1986-04,1164.0,3590.39337
aluminium,1986-05,1164.0,3580.502479
aluminium,1986-06,1183.0,3619.007671
aluminium,1986-07,1123.0,3435.456986
aluminium,1986-08,1129.0,3447.515223
aluminium,1986-09,1206.0,3665.933575
aluminium,1986-10,1162.0,3528.982412
aluminium,1986-11,1132.0,3434.758696
aluminium,1986-12,1133.0,3434.68181
aluminium,1987-01,1171.0,3527.532194
aluminium,1987-02,1283.0,3851.069355
aluminium,1987-03,1367.0,4084.903301
aluminium,1987-04,1401.0,4164.214552
aluminium,1987-05,1412.0,4182.066844
aluminium,1987-06,1472.0,4344.41022
aluminium,1987-07,1653.0,4865.746397
aluminium,1987-08,1810.0,5299.945804
aluminium,1987-09,1746.0,5085.870261
aluminium,1987-10,1963.0,5703.085343
aluminium,1987-11,1681.0,4879.561352
aluminium,1987-12,1824.0,5294.657886
aluminium,1988-01,2002.0,5796.283146
aluminium,1988-02,2138.0,6174.027931
aluminium,1988-03,2526.0,7263.171502
aluminium,1988-04,2508.0,7174.464902
aluminium,1988-05,2988.0,8518.470128
aluminium,1988-06,3578.0,10157.274915
aluminium,1988-07,2582.0,7298.889114
aluminium,1988-08,2701.0,7603.201513
aluminium,1988-09,2387.0,6674.434558
aluminium,1988-10,2309.0,6434.848752
aluminium,1988-11,2382.0,6632.771072
aluminium,1988-12,2503.0,6958.132282
aluminium,1989-01,2398.0,6633.212552
aluminium,1989-02,2183.0,6013.662336
aluminium,1989-03,2074.0,5680.691087
aluminium,1989-04,2126.0,5785.276036
aluminium,1989-05,2259.0,6112.437964
aluminium,1989-06,1914.0,5166.411926
aluminium,1989-07,1756.0,4728.49582
aluminium,1989-08,1798.0,4833.820546
aluminium,1989-09,1718.0,4603.96512
aluminium,1989-10,1820.0,4854.009554
aluminium,1989-11,1736.0,4618.94583
aluminium,1989-12,1633.0,4338.004282
aluminium,1990-01,1528.0,4017.656515
aluminium,1990-02,1454.0,3805.163438
aluminium,1990-03,1567.0,4078.583217
aluminium,1990-04,1526.0,3965.705818
aluminium,1990-05,1527.0,3959.090248
aluminium,1990-06,1566.0,4038.327021
aluminium,1990-07,1571.0,4035.686963
aluminium,1990-08,1782.0,4535.97538
aluminium,1990-09,2067.0,5217.812057
aluminium,1990-10,1946.0,4882.929438
aluminium,1990-11,1618.0,4050.804484
aluminium,1990-12,1522.0,3810.46009
aluminium,1991-01,1515.0,3770.39153
aluminium,1991-02,1505.0,3739.947329
aluminium,1991-03,1496.0,3712.074667
aluminium,1991-04,1392.0,3448.906509
aluminium,1991-05,1296.0,3201.578761
aluminium,1991-06,1275.0,3140.4375
aluminium,1991-07,1297.0,3189.934361
aluminium,1991-08,1256.0,3080.050366
aluminium,1991-09,1212.0,2959.15277
aluminium,1991-10,1150.0,2803.689956
aluminium,1991-11,1135.0,2759.087808
aluminium,1991-12,1098.0,2667.208412
aluminium,1992-01,1177.0,2854.970746
aluminium,1992-02,1267.0,3062.190909
aluminium,1992-03,1280.0,3078.064609
aluminium,1992-04,1317.0,3162.499355
aluminium,1992-05,1307.0,3133.993271
aluminium,1992-06,1276.0,3048.748074
aluminium,1992-07,1313.0,3130.453665
aluminium,1992-08,1305.0,3102.547197
aluminium,1992-09,1270.0,3010.789809
aluminium,1992-10,1174.0,2773.388717
aluminium,1992-11,1159.0,2734.097324
aluminium,1992-12,1207.0,2849.336575
aluminium,1993-01,1207.0,2835.349649
aluminium,1993-02,1202.0,2813.738365
aluminium,1993-03,1151.0,2684.972006
aluminium,1993-04,1109.0,2579.81125
aluminium,1993-05,1124.0,2611.078502
aluminium,1993-06,1165.0,2702.5741
aluminium,1993-07,1202.0,2788.406925
aluminium,1993-08,1172.0,2711.30221
aluminium,1993-09,1115.0,2574.105445
aluminium,1993-10,1087.0,2499.13013
aluminium,1993-11,1040.0,2389.432099
aluminium,1993-12,1094.0,2513.498765
aluminium,1994-01,1175.0,2692.212722
aluminium,1994-02,1270.0,2899.96319
aluminium,1994-03,1289.0,2933.350679
aluminium,1994-04,1279.0,2906.64464
aluminium,1994-05,1323.0,3004.600271
aluminium,1994-06,1401.0,3170.993108
aluminium,1994-07,1492.0,3367.858221
aluminium,1994-08,1455.0,3271.113423
aluminium,1994-09,1569.0,3517.962651
aluminium,1994-10,1698.0,3804.655786
aluminium,1994-11,1893.0,4235.919439
aluminium,1994-12,1878.0,4202.354309
aluminium,1995-01,2061.0,4593.438323
aluminium,1995-02,1916.0,4253.291451
aluminium,1995-03,1805.0,3993.651915
aluminium,1995-04,1849.0,4077.537986
aluminium,1995-05,1763.0,3880.221682
aluminium,1995-06,1780.0,3909.930492
aluminium,1995-07,1860.0,4085.657705
aluminium,1995-08,1888.0,4136.312884
aluminium,1995-09,1761.0,3850.520757
aluminium,1995-10,1674.0,3648.383344
aluminium,1995-11,1654.0,3607.141406
aluminium,1995-12,1657.0,3616.038176
aluminium,1996-01,1589.0,3447.430181
aluminium,1996-02,1592.0,3442.789929
aluminium,1996-03,1612.0,3468.12948
aluminium,1996-04,1587.0,3401.236468
aluminium,1996-05,1589.0,3398.998851
aluminium,1996-06,1482.0,3168.094193
aluminium,1996-07,1459.0,3112.967006
aluminium,1996-08,1463.0,3115.548252
aluminium,1996-09,1407.0,2986.798859
aluminium,1996-10,1336.0,2827.121162
aluminium,1996-11,1450.0,3062.553594
aluminium,1996-12,1500.0,3168.15889
aluminium,1997-01,1576.0,3318.217976
aluminium,1997-02,1580.0,3316.218045
aluminium,1997-03,1632.0,3416.796
aluminium,1997-04,1561.0,3264.068539
aluminium,1997-05,1625.0,3400.015615
aluminium,1997-06,1568.0,3276.660262
aluminium,1997-07,1592.0,3322.667664
aluminium,1997-08,1711.0,3564.370522
aluminium,1997-09,1611.0,3347.72196
aluminium,1997-10,1608.0,3333.216832
aluminium,1997-11,1599.0,3316.613127
aluminium,1997-12,1531.0,3179.506386
aluminium,1998-01,1486.0,3080.323515
aluminium,1998-02,1466.0,3033.234589
aluminium,1998-03,1438.0,2969.798027
aluminium,1998-04,1418.0,2923.087015
aluminium,1998-05,1365.0,2808.646806
aluminium,1998-06,1307.0,2686.005276
aluminium,1998-07,1309.0,2686.81875
aluminium,1998-08,1311.0,2687.630233
aluminium,1998-09,1342.0,2747.818826
aluminium,1998-10,1304.0,2663.499512
aluminium,1998-11,1295.0,2645.116463
aluminium,1998-12,1249.0,2552.715192
aluminium,1999-01,1218.0,2483.296652
aluminium,1999-02,1187.0,2417.150517
aluminium,1999-03,1182.0,2399.674909
aluminium,1999-04,1278.0,2575.838989
aluminium,1999-05,1323.0,2666.537545
aluminium,1999-06,1315.0,2650.413357
aluminium,1999-07,1404.0,2821.307259
aluminium,1999-08,1431.0,2868.679713
aluminium,1999-09,1492.0,2976.713282
aluminium,1999-10,1474.0,2935.556005
aluminium,1999-11,1473.0,2931.82139
aluminium,1999-12,1554.0,3093.041711
aluminium,2000-01,1680.0,3333.924171
aluminium,2000-02,1670.0,3294.561837
aluminium,2000-03,1577.0,3085.651051
aluminium,2000-04,1457.0,2849.187741
aluminium,2000-05,1467.0,2865.397434
aluminium,2000-06,1506.0,2926.217401
aluminium,2000-07,1564.0,3031.879167
aluminium,2000-08,1528.0,2962.091667
aluminium,2000-09,1601.0,3087.524352
aluminium,2000-10,1500.0,2887.758621
aluminium,2000-11,1474.0,2836.07421
aluminium,2000-12,1565.0,3012.894828
aluminium,2001-01,1616.0,3091.534437
aluminium,2001-02,1604.0,3056.359044
aluminium,2001-03,1509.0,2868.812826
aluminium,2001-04,1497.0,2834.737479
aluminium,2001-05,1539.0,2901.14924
aluminium,2001-06,1466.0,2758.880225
aluminium,2001-07,1416.0,2672.291155
aluminium,2001-08,1377.0,2598.689915
aluminium,2001-09,1345.0,2526.910264
aluminium,2001-10,1283.0,2418.566911
aluminium,2001-11,1327.0,2505.741037
aluminium,2001-12,1345.0,2549.791171
aluminium,2002-01,1369.0,2589.427555
aluminium,2002-02,1369.0,2579.232958
aluminium,2002-03,1405.0,2632.253356
aluminium,2002-04,1370.0,2552.406007
aluminium,2002-05,1343.0,2502.103115
aluminium,2002-06,1354.0,2521.194664
aluminium,2002-07,1338.0,2488.635425
aluminium,2002-08,1292.0,2395.097731
aluminium,2002-09,1301.0,2407.78442
aluminium,2002-10,1311.0,2422.276779
aluminium,2002-11,1372.0,2534.983784
aluminium,2002-12,1375.0,2546.144279
aluminium,2003-01,1378.0,2540.464722
aluminium,2003-02,1422.0,2601.537739
aluminium,2003-03,1389.0,2525.989251
aluminium,2003-04,1332.0,2427.602612
aluminium,2003-05,1398.0,2552.054714
aluminium,2003-06,1410.0,2571.15841
aluminium,2003-07,1436.0,2615.722023
aluminium,2003-08,1456.0,2642.095775
aluminium,2003-09,1416.0,2561.186177
aluminium,2003-10,1474.0,2668.975784
aluminium,2003-11,1508.0,2737.939512
aluminium,2003-12,1555.0,2826.336951
aluminium,2004-01,1606.0,2904.848164
aluminium,2004-02,1686.0,3033.17014
aluminium,2004-03,1656.0,2960.122092
aluminium,2004-04,1730.0,3082.528723
aluminium,2004-05,1623.0,2875.053094
aluminium,2004-06,1678.0,2963.080865
aluminium,2004-07,1709.0,3022.602006
aluminium,2004-08,1692.0,2990.955989
aluminium,2004-09,1724.0,3041.103318
aluminium,2004-10,1820.0,3193.628078
aluminium,2004-11,1814.0,3181.433089
aluminium,2004-12,1849.0,3254.745244
aluminium,2005-01,1834.0,3221.569586
aluminium,2005-02,1883.0,3288.672263
aluminium,2005-03,1980.0,3431.248836
aluminium,2005-04,1894.0,3260.288386
aluminium,2005-05,1744.0,3005.17037
aluminium,2005-06,1731.0,2981.235887
aluminium,2005-07,1779.0,3049.792323
aluminium,2005-08,1868.0,3186.062322
aluminium,2005-09,1840.0,3100.418511
aluminium,2005-10,1929.0,3243.85753
aluminium,2005-11,2051.0,3476.943219
aluminium,2005-12,2247.0,3824.695427
aluminium,2006-01,2378.0,4017.057186
aluminium,2006-02,2455.0,4138.78158
aluminium,2006-03,2429.0,4072.404505
aluminium,2006-04,2621.0,4357.233648
aluminium,2006-05,2861.0,4732.729778
aluminium,2006-06,2477.0,4089.430557
aluminium,2006-07,2513.0,4136.632629
aluminium,2006-08,2460.0,4041.445807
aluminium,2006-09,2473.0,4082.826713
aluminium,2006-10,2655.0,4407.194747
aluminium,2006-11,2703.0,4493.553052
aluminium,2006-12,2814.0,4671.128444
aluminium,2007-01,2809.0,4648.638546
aluminium,2007-02,2832.0,4661.759321
aluminium,2007-03,2762.0,4505.506447
aluminium,2007-04,2815.0,4562.324976
aluminium,2007-05,2793.0,4499.175952
aluminium,2007-06,2677.0,4303.973372
aluminium,2007-07,2732.0,4393.51778
aluminium,2007-08,2516.0,4053.587153
aluminium,2007-09,2391.0,3841.609574
aluminium,2007-10,2442.0,3915.175748
aluminium,2007-11,2507.0,3995.655376
aluminium,2007-12,2382.0,3798.979032
aluminium,2008-01,2446.0,3881.756111
aluminium,2008-02,2777.0,4394.285404
aluminium,2008-03,3005.0,4714.205631
aluminium,2008-04,2959.0,4614.058178
aluminium,2008-05,2903.0,4488.934876
aluminium,2008-06,2958.0,4528.349702
aluminium,2008-07,3071.0,4676.781564
aluminium,2008-08,2764.0,4226.124536
aluminium,2008-09,2526.0,3867.574172
aluminium,2008-10,2121.0,3280.614758
aluminium,2008-11,1852.0,2920.479981
aluminium,2008-12,1490.0,2374.18517
aluminium,2009-01,1413.0,2241.735412
aluminium,2009-02,1330.0,2099.614031
aluminium,2009-03,1336.0,2103.969649
aluminium,2009-04,1421.0,2232.257456
aluminium,2009-05,1460.0,2286.91643
aluminium,2009-06,1574.0,2444.486006
aluminium,2009-07,1668.0,2594.585769
aluminium,2009-08,1934.0,3001.618466
aluminium,2009-09,1834.0,2844.636591
aluminium,2009-10,1879.0,2911.629914
aluminium,2009-11,1949.0,3017.963389
aluminium,2009-12,2180.0,3381.615104
aluminium,2010-01,2235.0,3455.123288
aluminium,2010-02,2049.0,3166.793638
aluminium,2010-03,2206.0,3395.499171
aluminium,2010-04,2317.0,3560.167975
aluminium,2010-05,2041.0,3133.653164
aluminium,2010-06,1931.0,2967.661689
aluminium,2010-07,1988.0,3054.617611
aluminium,2010-08,2118.0,3249.879255
aluminium,2010-09,2162.0,3315.464546
aluminium,2010-10,2347.0,3594.689156
aluminium,2010-11,2333.0,3571.744172
aluminium,2010-12,2351.0,3593.126988
aluminium,2011-01,2440.0,3711.470646
aluminium,2011-02,2508.0,3796.184701
aluminium,2011-03,2556.0,3831.477936
aluminium,2011-04,2678.0,3988.672779
aluminium,2011-05,2596.0,3848.436388
aluminium,2011-06,2558.0,3796.168916
aluminium,2011-07,2525.0,3743.878418
aluminium,2011-08,2379.0,3517.700324
aluminium,2011-09,2293.0,3385.396119
aluminium,2011-10,2181.0,3226.694432
aluminium,2011-11,2080.0,3079.867392
aluminium,2011-12,2022.0,3001.38945
aluminium,2012-01,2144.0,3168.540004
aluminium,2012-02,2208.0,3248.818824
aluminium,2012-03,2184.0,3189.284369
aluminium,2012-04,2050.0,2984.588304
aluminium,2012-05,2008.0,2926.875269
aluminium,2012-06,1890.0,2758.923295
aluminium,2012-07,1876.0,2742.95726
aluminium,2012-08,1845.0,2682.701548
aluminium,2012-09,2064.0,2987.803826
aluminium,2012-10,1974.0,2858.633477
aluminium,2012-11,1949.0,2835.866493
aluminium,2012-12,2087.0,3044.861564
aluminium,2013-01,2038.0,2964.605003
aluminium,2013-02,2054.0,2963.607591
aluminium,2013-03,1910.0,2748.651261
aluminium,2013-04,1862.0,2682.3639
aluminium,2013-05,1832.0,2634.45603
aluminium,2013-06,1815.0,2603.761392
aluminium,2013-07,1770.0,2538.205277
aluminium,2013-08,1818.0,2603.905643
aluminium,2013-09,1761.0,2519.335039
aluminium,2013-10,1815.0,2603.293141
aluminium,2013-11,1748.0,2512.324848
aluminium,2013-12,1740.0,2501.041412
aluminium,2014-01,1727.0,2473.154722
aluminium,2014-02,1695.0,2418.38607
aluminium,2014-03,1705.0,2417.087684
aluminium,2014-04,1811.0,2558.9221
aluminium,2014-05,1751.0,2465.531652
aluminium,2014-06,1839.0,2584.628959
aluminium,2014-07,1948.0,2738.892088
aluminium,2014-08,2030.0,2858.960194
aluminium,2014-09,1990.0,2800.51842
aluminium,2014-10,1946.0,2745.494855
aluminium,2014-11,2056.0,2916.434315
aluminium,2014-12,1909.0,2723.356643
aluminium,2015-01,1815.0,2601.499741
aluminium,2015-02,1818.0,2594.531574
aluminium,2015-03,1774.0,2516.758584
aluminium,2015-04,1819.0,2575.364308
aluminium,2015-05,1804.0,2541.174155
aluminium,2015-06,1688.0,2369.472758
aluminium,2015-07,1640.0,2301.940047
aluminium,2015-08,1548.0,2175.888484
aluminium,2015-09,1590.0,2238.408876
aluminium,2015-10,1516.0,2135.191517
aluminium,2015-11,1468.0,2071.959753
aluminium,2015-12,1497.0,2120.135546
aluminium,2016-01,1481.0,2094.013828
aluminium,2016-02,1531.0,2162.929514
aluminium,2016-03,1531.0,2153.655872
aluminium,2016-04,1571.0,2199.495864
aluminium,2016-05,1551.0,2162.744631
aluminium,2016-06,1594.0,2215.428391
aluminium,2016-07,1629.0,2267.742823
aluminium,2016-08,1639.0,2279.57027
aluminium,2016-09,1592.0,2208.891098
aluminium,2016-10,1666.0,2308.687332
aluminium,2016-11,1737.0,2410.826714
aluminium,2016-12,1728.0,2397.550615
aluminium,2017-01,1791.0,2470.563542
aluminium,2017-02,1861.0,2559.072672
aluminium,2017-03,1901.0,2611.95393
aluminium,2017-04,1921.0,2631.629533
aluminium,2017-05,1913.0,2618.432087
aluminium,2017-06,1885.0,2577.76857
aluminium,2017-07,1903.0,2604.18055
aluminium,2017-08,2030.0,2769.681369
aluminium,2017-09,2096.0,2844.667874
aluminium,2017-10,2131.0,2893.998613
aluminium,2017-11,2097.0,2847.755737
aluminium,2017-12,2080.0,2826.330905
aluminium,2018-01,2210.0,2986.705774
aluminium,2018-02,2182.0,2935.553333
aluminium,2018-03,2069.0,2777.249092
aluminium,2018-04,2255.0,3014.934982
aluminium,2018-05,2300.0,3062.363865
aluminium,2018-06,2238.0,2975.071293
aluminium,2018-07,2082.0,2767.506964
aluminium,2018-08,2052.0,2726.11487
aluminium,2018-09,2026.0,2688.449408
aluminium,2018-10,2030.0,2689.006465
aluminium,2018-11,1939.0,2577.09639
aluminium,2018-12,1920.0,2560.020379
aluminium,2019-01,1854.0,2467.315503
aluminium,2019-02,1863.0,2468.856774
aluminium,2019-03,1871.0,2465.549366
aluminium,2019-04,1845.0,2418.481459
aluminium,2019-05,1781.0,2329.629118
aluminium,2019-06,1756.0,2296.470643
aluminium,2019-07,1797.0,2346.16952
aluminium,2019-08,1741.0,2273.170901
aluminium,2019-09,1754.0,2288.351801
aluminium,2019-10,1726.0,2246.685319
aluminium,2019-11,1775.0,2311.706868
aluminium,2019-12,1771.0,2308.597679
aluminium,2020-01,1773.0,2302.272503
aluminium,2020-02,1688.0,2185.907731
aluminium,2020-03,1611.0,2090.74552
aluminium,2020-04,1460.0,1907.534255
aluminium,2020-05,1466.0,1915.336084
aluminium,2020-06,1569.0,2038.749947
aluminium,2020-07,1644.0,2125.453472
aluminium,2020-08,1737.0,2238.630106
aluminium,2020-09,1744.0,2244.525588
aluminium,2020-10,1806.0,2323.355454
aluminium,2020-11,1935.0,2490.830384
aluminium,2020-12,2015.0,2591.370732
aluminium,2021-01,2004.0,2566.307773
aluminium,2021-02,2079.0,2647.856844
aluminium,2021-03,2190.0,2769.6108
aluminium,2021-04,2319.0,2908.844728
aluminium,2021-05,2434.0,3028.813017
aluminium,2021-06,2447.0,3016.960353
aluminium,2021-07,2498.0,3065.094669
aluminium,2021-08,2603.0,3187.346939
aluminium,2021-09,2835.0,3462.02581
aluminium,2021-10,2934.0,3553.399882
aluminium,2021-11,2636.0,3176.879416
aluminium,2021-12,2696.0,3239.238169
aluminium,2022-01,3006.0,3581.565154
aluminium,2022-02,3246.0,3832.512372
aluminium,2022-03,3498.0,4075.630391
aluminium,2022-04,3244.0,3758.70388
aluminium,2022-05,2830.0,3243.265046
aluminium,2022-06,2563.0,2897.475085
aluminium,2022-07,2408.0,2722.568956
aluminium,2022-08,2431.0,2749.547998
aluminium,2022-09,2225.0,2511.153675
aluminium,2022-10,2256.0,2535.853858
aluminium,2022-11,2351.0,2645.310318
aluminium,2022-12,2402.0,2711.017834
aluminium,2023-01,2502.0,2801.483972
aluminium,2023-02,2416.0,2690.173115
aluminium,2023-03,2296.0,2548.119111
aluminium,2023-04,2343.0,2587.191385
aluminium,2023-05,2269.0,2499.184946
aluminium,2023-06,2185.0,2398.917436
aluminium,2023-07,2160.0,2366.954866
aluminium,2023-08,2137.0,2331.568857
aluminium,2023-09,2185.0,2378.029429
aluminium,2023-10,2192.0,2386.562789
aluminium,2023-11,2202.0,2402.291346
aluminium,2023-12,2182.0,2382.839092
aluminium,2024-01,2193.0,2381.876291
aluminium,2024-02,2179.0,2352.111715
aluminium,2024-03,2226.0,2387.413009
aluminium,2024-04,2506.0,2677.293046
aluminium,2024-05,2565.0,2735.780036
aluminium,2024-06,2498.0,2663.420196
aluminium,2024-07,2349.0,2501.646913
aluminium,2024-08,2344.0,2494.291922
aluminium,2024-09,2450.0,2602.912772
aluminium,2024-10,2596.0,2754.853515
aluminium,2024-11,2582.0,2741.481935
aluminium,2024-12,2541.0,2696.992063
aluminium,2025-01,2573.0,2713.195539
aluminium,2025-02,2658.0,2790.432679
aluminium,2025-03,2658.0,2784.176436
aluminium,2025-04,2372.0,2476.885737
aluminium,2025-05,2449.0,2551.960618
aluminium,2025-06,2526.0,2623.254144
aluminium,2025-07,2606.0,2702.254402
aluminium,2025-08,2597.0,2685.208349
aluminium,2025-09,2653.0,2736.151293
aluminium,2025-10,2793.0,2880.539224
aluminium,2025-11,2819.0,2913.435743
aluminium,2025-12,2876.0,2972.96895
aluminium,2026-01,3142.0,3235.974444
aluminium,2026-02,3065.0,3141.862999
aluminium,2026-03,3373.0,3421.693089
aluminium,2026-04,3600.0,3621.187917
aluminium,2026-05,3666.0,3664.435685
aluminium,2026-06,3439.0,3449.586228
aluminium,2026-07,3161.0,3171.053312
aluminium,2026-08,3251.0,3251.0
aluminium,2026-09,3283.0,3283.0
sink,1960-01,261.0,2983.951536
sink,1960-02,245.0,2791.5
sink,1960-03,249.0,2837.07551
sink,1960-04,255.0,2895.589831
sink,1960-05,254.0,2884.234576
sink,1960-06,250.0,2829.222973
sink,1960-07,249.0,2817.906081
sink,1960-08,241.0,2727.370946
sink,1960-09,240.0,2716.054054
sink,1960-10,242.0,2720.307383
sink,1960-11,241.0,2709.066443
sink,1960-12,228.0,2562.934228
sink,1961-01,218.0,2450.524832
sink,1961-02,228.0,2562.934228
sink,1961-03,233.0,2619.138926
sink,1961-04,231.0,2596.657047
sink,1961-05,227.0,2551.693289
sink,1961-06,218.0,2450.524832
sink,1961-07,215.0,2400.69
sink,1961-08,211.0,2363.905686
sink,1961-09,204.0,2277.864
sink,1961-10,198.0,2210.868
sink,1961-11,192.0,2143.872
sink,1961-12,197.0,2199.702
sink,1962-01,194.0,2166.204
sink,1962-02,190.0,2114.491694
sink,1962-03,191.0,2125.620598
sink,1962-04,191.0,2118.582119
sink,1962-05,189.0,2096.398013
sink,1962-06,185.0,2052.029801
sink,1962-07,182.0,2012.091089
sink,1962-08,178.0,1967.869307
sink,1962-09,177.0,1950.376974
sink,1962-10,182.0,2005.472368
sink,1962-11,189.0,2082.605921
sink,1962-12,185.0,2038.529605
sink,1963-01,186.0,2049.548684
sink,1963-02,192.0,2115.663158
sink,1963-03,198.0,2174.624262
sink,1963-04,204.0,2240.521967
sink,1963-05,209.0,2295.436721
sink,1963-06,209.0,2287.935294
sink,1963-07,205.0,2236.837134
sink,1963-08,210.0,2291.394137
sink,1963-09,211.0,2302.305537
sink,1963-10,221.0,2403.59026
sink,1963-11,232.0,2523.225974
sink,1963-12,261.0,2829.442718
sink,1964-01,264.0,2861.965049
sink,1964-02,271.0,2937.850485
sink,1964-03,277.0,3002.895146
sink,1964-04,299.0,3241.392233
sink,1964-05,343.0,3718.386408
sink,1964-06,357.0,3857.672903
sink,1964-07,385.0,4146.858521
sink,1964-08,345.0,3728.003226
sink,1964-09,355.0,3823.726688
sink,1964-10,334.0,3597.534405
sink,1964-11,345.0,3704.105769
sink,1964-12,343.0,3682.632692
sink,1965-01,322.0,3457.165385
sink,1965-02,320.0,3435.692308
sink,1965-03,316.0,3381.906709
sink,1965-04,316.0,3371.136306
sink,1965-05,323.0,3445.813376
sink,1965-06,314.0,3328.598734
sink,1965-07,310.0,3286.196203
sink,1965-08,304.0,3222.592405
sink,1965-09,300.0,3180.189873
sink,1965-10,308.0,3254.695268
sink,1965-11,299.0,3159.590536
sink,1965-12,303.0,3191.790566
sink,1966-01,303.0,3191.790566
sink,1966-02,300.0,3140.4375
sink,1966-03,301.0,3141.08972
sink,1966-04,279.0,2893.480495
sink,1966-05,270.0,2800.142415
sink,1966-06,272.0,2812.177778
sink,1966-07,265.0,2731.375385
sink,1966-08,265.0,2714.669725
sink,1966-09,271.0,2776.133945
sink,1966-10,276.0,2810.166565
sink,1966-11,288.0,2932.34772
sink,1966-12,286.0,2911.984195
sink,1967-01,280.0,2850.893617
sink,1967-02,282.0,2871.257143
sink,1967-03,279.0,2832.103636
sink,1967-04,272.0,2752.70574
sink,1967-05,275.0,2774.683735
sink,1967-06,274.0,2756.291892
sink,1967-07,267.0,2677.834132
sink,1967-08,269.0,2689.839403
sink,1967-09,265.0,2641.955357
sink,1967-10,264.0,2624.175668
sink,1967-11,287.0,2844.356805
sink,1967-12,266.0,2628.456637
sink,1968-01,263.0,2583.570088
sink,1968-02,260.0,2546.631579
sink,1968-03,258.0,2519.674636
sink,1968-04,258.0,2512.35
sink,1968-05,262.0,2543.906087
sink,1968-06,262.0,2529.243804
sink,1968-07,266.0,2553.142693
sink,1968-08,269.0,2574.560571
sink,1968-09,263.0,2509.964103
sink,1968-10,262.0,2486.253824
sink,1968-11,264.0,2498.155932
sink,1968-12,269.0,2538.299155
sink,1969-01,269.0,2531.169101
sink,1969-02,267.0,2498.314525
sink,1969-03,272.0,2523.94903
sink,1969-04,273.0,2519.271074
sink,1969-05,279.0,2567.566484
sink,1969-06,281.0,2571.840984
sink,1969-07,284.0,2585.171739
sink,1969-08,294.0,2661.732973
sink,1969-09,299.0,2699.704043
sink,1969-10,299.0,2685.228418
sink,1969-11,310.0,2769.168
sink,1969-12,310.0,2754.477454
sink,1970-01,302.0,2676.295238
sink,1970-02,298.0,2626.948421
sink,1970-03,296.0,2595.656545
sink,1970-04,293.0,2549.328312
sink,1970-05,292.0,2534.045596
sink,1970-06,293.0,2529.61701
sink,1970-07,298.0,2559.590769
sink,1970-08,298.0,2559.590769
sink,1970-09,300.0,2563.622449
sink,1970-10,297.0,2525.103046
sink,1970-11,293.0,2478.513636
sink,1970-12,289.0,2432.392462
sink,1971-01,285.0,2398.726131
sink,1971-02,272.0,2283.572932
sink,1971-03,284.0,2378.358
sink,1971-04,284.0,2372.426933
sink,1971-05,288.0,2393.901737
sink,1971-06,309.0,2549.478325
sink,1971-07,318.0,2617.288452
sink,1971-08,323.0,2651.925
sink,1971-09,311.0,2553.401471
sink,1971-10,337.0,2760.104156
sink,1971-11,344.0,2817.435697
sink,1971-12,359.0,2925.981022
sink,1972-01,380.0,3097.138686
sink,1972-02,390.0,3163.249395
sink,1972-03,397.0,3212.247826
sink,1972-04,395.0,3188.363855
sink,1972-05,386.0,3108.227885
sink,1972-06,371.0,2980.277698
sink,1972-07,364.0,2910.088783
sink,1972-08,364.0,2903.16
sink,1972-09,368.0,2928.091211
sink,1972-10,364.0,2882.570213
sink,1972-11,379.0,2994.278774
sink,1972-12,375.0,2955.705882
sink,1973-01,387.0,3043.128169
sink,1973-02,422.0,3295.141259
sink,1973-03,474.0,3666.986605
sink,1973-04,513.0,3941.393119
sink,1973-05,549.0,4189.157631
sink,1973-06,656.0,4971.648869
sink,1973-07,842.0,6366.888488
sink,1973-08,914.0,6788.729933
sink,1973-09,976.0,7233.19646
sink,1973-10,1163.0,8543.459211
sink,1973-11,1625.0,11859.313725
sink,1973-12,1623.0,11767.803896
sink,1974-01,1330.0,9560.587983
sink,1974-02,1516.0,10759.10339
sink,1974-03,1630.0,11422.958159
sink,1974-04,1743.0,12163.96125
sink,1974-05,1782.0,12282.6
sink,1974-06,1410.0,9639.220408
sink,1974-07,1097.0,7438.725911
sink,1974-08,1066.0,7141.7736
sink,1974-09,911.0,6030.964032
sink,1974-10,825.0,5408.189824
sink,1974-11,794.0,5164.546019
sink,1974-12,771.0,4976.292486
sink,1975-01,799.0,5137.217274
sink,1975-02,794.0,5066.173714
sink,1975-03,803.0,5104.154459
sink,1975-04,783.0,4958.210586
sink,1975-05,747.0,4703.572556
sink,1975-06,751.0,4693.469776
sink,1975-07,707.0,4369.573063
sink,1975-08,737.0,4546.59779
sink,1975-09,724.0,4441.859341
sink,1975-10,706.0,4307.757377
sink,1975-11,705.0,4270.540687
sink,1975-12,686.0,4140.473514
sink,1976-01,692.0,4169.17554
sink,1976-02,690.0,4142.225806
sink,1976-03,728.0,4362.530233
sink,1976-04,789.0,4711.216043
sink,1976-05,774.0,4588.929558
sink,1976-06,750.0,4423.151408
sink,1976-07,776.0,4552.442732
sink,1976-08,741.0,4324.39338
sink,1976-09,712.0,4140.725
sink,1976-10,639.0,3696.929534
sink,1976-11,604.0,3488.412414
sink,1976-12,642.0,3695.140206
sink,1977-01,692.0,3962.498462
sink,1977-02,703.0,3984.618274
sink,1977-03,719.0,4047.90958
sink,1977-04,655.0,3656.865
sink,1977-05,611.0,3394.241791
sink,1977-06,542.0,2991.089951
sink,1977-07,542.0,2976.379672
sink,1977-08,520.0,2846.235294
sink,1977-09,518.0,2826.052769
sink,1977-10,511.0,2778.811364
sink,1977-11,525.0,2841.106624
sink,1977-12,538.0,2902.081159
sink,1978-01,518.0,2776.31424
sink,1978-02,478.0,2545.634976
sink,1978-03,507.0,2678.783281
sink,1978-04,553.0,2898.966197
sink,1978-05,562.0,2918.740465
sink,1978-06,578.0,2969.607975
sink,1978-07,584.0,2977.6
sink,1978-08,618.0,3136.630909
sink,1978-09,634.0,3193.64391
sink,1978-10,713.0,3559.474516
sink,1978-11,695.0,3454.170623
sink,1978-12,687.0,3399.280059
sink,1979-01,720.0,3531.267936
sink,1979-02,793.0,3844.271201
sink,1979-03,795.0,3815.316619
sink,1979-04,789.0,3743.615014
sink,1979-05,778.0,3644.957203
sink,1979-06,754.0,3493.429046
sink,1979-07,722.0,3308.557592
sink,1979-08,665.0,3018.45122
sink,1979-09,724.0,3251.012332
sink,1979-10,707.0,3149.346543
sink,1979-11,702.0,3098.233992
sink,1979-12,751.0,3279.921512
sink,1980-01,774.0,3332.577378
sink,1980-02,870.0,3693.695817
sink,1980-03,743.0,3107.242697
sink,1980-04,708.0,2927.973333
sink,1980-05,692.0,2833.816137
sink,1980-06,678.0,2746.268924
sink,1980-07,714.0,2892.088513
sink,1980-08,769.0,3092.432413
sink,1980-09,796.0,3174.334286
sink,1980-10,805.0,3179.939858
sink,1980-11,802.0,3142.151579
sink,1980-12,784.0,3043.155504
sink,1981-01,777.0,2991.717931
sink,1981-02,731.0,2785.783618
sink,1981-03,751.0,2842.598644
sink,1981-04,824.0,3097.907071
sink,1981-05,851.0,3174.476392
sink,1981-06,840.0,3105.774834
sink,1981-07,865.0,3163.293668
sink,1981-08,955.0,3465.936078
sink,1981-09,939.0,3374.959442
sink,1981-10,892.0,3199.166595
sink,1981-11,877.0,3135.298399
sink,1981-12,846.0,3014.82
sink,1982-01,819.0,2909.317285
sink,1982-02,823.0,2914.25518
sink,1982-03,790.0,2800.361905
sink,1982-04,743.0,2622.656902
sink,1982-05,750.0,2622.494781
sink,1982-06,692.0,2389.754227
sink,1982-07,727.0,2497.748308
sink,1982-08,716.0,2454.919959
sink,1982-09,750.0,2566.241062
sink,1982-10,751.0,2561.812424
sink,1982-11,710.0,2426.895918
sink,1982-12,669.0,2296.123156
sink,1983-01,699.0,2394.182209
sink,1983-02,681.0,2330.146885
sink,1983-03,678.0,2319.88192
sink,1983-04,698.0,2371.359432
sink,1983-05,736.0,2485.335484
sink,1983-06,718.0,2417.242613
sink,1983-07,740.0,2481.333333
sink,1983-08,809.0,2704.579042
sink,1983-09,838.0,2787.619067
sink,1983-10,859.0,2848.988317
sink,1983-11,859.0,2843.357905
sink,1983-12,857.0,2833.937414
sink,1984-01,958.0,3149.272228
sink,1984-02,998.0,3264.746484
sink,1984-03,1041.0,3398.773684
sink,1984-04,1004.0,3262.074879
sink,1984-05,1001.0,3242.891489
sink,1984-06,942.0,3042.923433
sink,1984-07,854.0,2748.05879
sink,1984-08,834.0,2673.4289
sink,1984-09,873.0,2785.119429
sink,1984-10,844.0,2684.929915
sink,1984-11,855.0,2719.923077
sink,1984-12,860.0,2735.82906
sink,1985-01,867.0,2752.868815
sink,1985-02,887.0,2803.087358
sink,1985-03,921.0,2899.591917
sink,1985-04,931.0,2917.365575
sink,1985-05,881.0,2750.394967
sink,1985-06,808.0,2515.463197
sink,1985-07,767.0,2383.392022
sink,1985-08,735.0,2279.725
sink,1985-09,690.0,2134.221607
sink,1985-10,632.0,1947.629807
sink,1985-11,598.0,1837.780183
sink,1985-12,685.0,2099.371455
sink,1986-01,644.0,1968.313139
sink,1986-02,609.0,1866.44849
sink,1986-03,626.0,1927.366544
sink,1986-04,660.0,2035.790055
sink,1986-05,707.0,2174.755372
sink,1986-06,804.0,2459.579178
sink,1986-07,807.0,2468.756712
sink,1986-08,816.0,2491.738195
sink,1986-09,871.0,2647.618693
sink,1986-10,886.0,2690.773164
sink,1986-11,820.0,2488.076087
sink,1986-12,798.0,2419.131584
sink,1987-01,760.0,2289.431655
sink,1987-02,740.0,2221.193548
sink,1987-03,732.0,2187.380553
sink,1987-04,762.0,2264.904703
sink,1987-05,839.0,2484.953316
sink,1987-06,878.0,2591.299031
sink,1987-07,830.0,2443.175747
sink,1987-08,804.0,2354.23007
sink,1987-09,757.0,2205.042261
sink,1987-10,770.0,2237.073721
sink,1987-11,848.0,2461.551473
sink,1987-12,866.0,2513.801386
sink,1988-01,879.0,2544.921521
sink,1988-02,876.0,2529.676552
sink,1988-03,982.0,2823.60824
sink,1988-04,1069.0,3058.015542
sink,1988-05,1177.0,3355.501787
sink,1988-06,1365.0,3874.980508
sink,1988-07,1237.0,3496.795443
sink,1988-08,1309.0,3684.78
sink,1988-09,1330.0,3718.893155
sink,1988-10,1520.0,4236.019967
sink,1988-11,1559.0,4341.095761
sink,1988-12,1594.0,4431.187718
sink,1989-01,1734.0,4796.493146
sink,1989-02,1932.0,5322.215132
sink,1989-03,1962.0,5373.922813
sink,1989-04,1656.0,4506.310967
sink,1989-05,1628.0,4405.068174
sink,1989-06,1539.0,4154.183884
sink,1989-07,1617.0,4354.201447
sink,1989-08,1730.0,4651.006421
sink,1989-09,1629.0,4365.45936
sink,1989-10,1585.0,4227.255573
sink,1989-11,1438.0,3826.062272
sink,1989-12,1455.0,3865.153846
sink,1990-01,1297.0,3410.275196
sink,1990-02,1397.0,3655.992656
sink,1990-03,1607.0,4182.695105
sink,1990-04,1686.0,4381.507215
sink,1990-05,1775.0,4602.085913
sink,1990-06,1715.0,4422.561201
sink,1990-07,1637.0,4205.232055
sink,1990-08,1615.0,4110.886778
sink,1990-09,1538.0,3882.43587
sink,1990-10,1353.0,3394.965843
sink,1990-11,1278.0,3199.584753
sink,1990-12,1265.0,3167.038117
sink,1991-01,1206.0,3001.380981
sink,1991-02,1188.0,2952.197626
sink,1991-03,1199.0,2975.118667
sink,1991-04,1253.0,3104.511391
sink,1991-05,1091.0,2695.156195
sink,1991-06,1062.0,2615.799706
sink,1991-07,1063.0,2614.418062
sink,1991-08,1046.0,2565.073792
sink,1991-09,1023.0,2497.700729
sink,1991-10,992.0,2418.487336
sink,1991-11,1093.0,2656.989405
sink,1991-12,1188.0,2885.832052
sink,1992-01,1154.0,2799.181173
sink,1992-02,1131.0,2733.494805
sink,1992-03,1215.0,2921.75664
sink,1992-04,1304.0,3131.282581
sink,1992-05,1373.0,3292.251539
sink,1992-06,1385.0,3309.181883
sink,1992-07,1320.0,3147.14306
sink,1992-08,1360.0,3233.305891
sink,1992-09,1367.0,3240.747771
sink,1992-10,1164.0,2749.765303
sink,1992-11,1047.0,2469.887746
sink,1992-12,1058.0,2497.595772
sink,1993-01,1061.0,2492.382749
sink,1993-02,1072.0,2509.423899
sink,1993-03,996.0,2323.398886
sink,1993-04,1005.0,2337.88125
sink,1993-05,980.0,2276.563107
sink,1993-06,926.0,2148.140443
sink,1993-07,928.0,2152.780055
sink,1993-08,884.0,2045.043646
sink,1993-09,874.0,2017.72929
sink,1993-10,915.0,2103.683596
sink,1993-11,928.0,2132.108642
sink,1993-12,974.0,2237.795062
sink,1994-01,997.0,2284.371135
sink,1994-02,969.0,2212.64908
sink,1994-03,936.0,2130.03587
sink,1994-04,924.0,2099.874627
sink,1994-05,956.0,2171.12461
sink,1994-06,966.0,2186.423514
sink,1994-07,964.0,2176.015633
sink,1994-08,945.0,2124.537584
sink,1994-09,992.0,2224.231325
sink,1994-10,1059.0,2372.868361
sink,1994-11,1152.0,2577.802004
sink,1994-12,1114.0,2492.770341
sink,1995-01,1157.0,2578.65509
sink,1995-02,1032.0,2290.916899
sink,1995-03,1022.0,2261.225627
sink,1995-04,1061.0,2339.787887
sink,1995-05,1036.0,2280.152957
sink,1995-06,1010.0,2218.556066
sink,1995-07,1027.0,2255.898098
sink,1995-08,1014.0,2221.5155
sink,1995-09,986.0,2155.941775
sink,1995-10,979.0,2133.672219
sink,1995-11,1031.0,2248.466016
sink,1995-12,1018.0,2221.561173
sink,1996-01,1019.0,2210.781218
sink,1996-02,1036.0,2240.408522
sink,1996-03,1064.0,2289.137572
sink,1996-04,1045.0,2239.629559
sink,1996-05,1036.0,2216.087356
sink,1996-06,1009.0,2156.954818
sink,1996-07,1000.0,2133.630573
sink,1996-08,1007.0,2144.468277
sink,1996-09,1000.0,2122.813688
sink,1996-10,1003.0,2122.45698
sink,1996-11,1047.0,2211.374905
sink,1996-12,1036.0,2188.14174
sink,1997-01,1087.0,2288.643997
sink,1997-02,1179.0,2474.570301
sink,1997-03,1255.0,2627.499375
sink,1997-04,1240.0,2592.853933
sink,1997-05,1311.0,2743.027983
sink,1997-06,1354.0,2829.463007
sink,1997-07,1518.0,3168.222056
sink,1997-08,1654.0,3445.627612
sink,1997-09,1641.0,3410.063151
sink,1997-10,1280.0,2653.306931
sink,1997-11,1173.0,2433.012632
sink,1997-12,1102.0,2288.580037
sink,1998-01,1097.0,2273.966955
sink,1998-02,1044.0,2160.093391
sink,1998-03,1048.0,2164.359063
sink,1998-04,1097.0,2261.372677
sink,1998-05,1061.0,2183.131327
sink,1998-06,1010.0,2075.642945
sink,1998-07,1040.0,2134.676471
sink,1998-08,1030.0,2111.563035
sink,1998-09,1000.0,2047.555012
sink,1998-10,941.0,1922.049878
sink,1998-11,967.0,1975.156463
sink,1998-12,959.0,1960.011104
sink,1999-01,933.0,1902.229702
sink,1999-02,1017.0,2070.970578
sink,1999-03,1030.0,2091.087273
sink,1999-04,1019.0,2053.818412
sink,1999-05,1040.0,2096.144404
sink,1999-06,1001.0,2017.538989
sink,1999-07,1072.0,2154.160528
sink,1999-08,1131.0,2267.279354
sink,1999-09,1194.0,2382.168672
sink,1999-10,1149.0,2288.299762
sink,1999-11,1147.0,2282.959358
sink,1999-12,1184.0,2356.603209
sink,2000-01,1179.0,2339.700355
sink,2000-02,1095.0,2160.206714
sink,2000-03,1116.0,2183.631308
sink,2000-04,1128.0,2205.822767
sink,2000-05,1157.0,2259.894227
sink,2000-06,1118.0,2172.318097
sink,2000-07,1136.0,2202.183333
sink,2000-08,1170.0,2268.09375
sink,2000-09,1224.0,2360.480829
sink,2000-10,1096.0,2109.988966
sink,2000-11,1059.0,2037.586559
sink,2000-12,1060.0,2040.682759
sink,2001-01,1033.0,1976.209823
sink,2001-02,1021.0,1945.475427
sink,2001-03,1005.0,1910.640749
sink,2001-04,969.0,1834.910232
sink,2001-05,938.0,1768.211818
sink,2001-06,895.0,1684.309551
sink,2001-07,852.0,1607.904
sink,2001-08,828.0,1562.61093
sink,2001-09,799.0,1501.116209
sink,2001-10,762.0,1436.436466
sink,2001-11,773.0,1459.63664
sink,2001-12,755.0,1431.295416
sink,2002-01,793.0,1499.938679
sink,2002-02,771.0,1452.584814
sink,2002-03,819.0,1534.388255
sink,2002-04,808.0,1505.360623
sink,2002-05,770.0,1434.56396
sink,2002-06,767.0,1428.180434
sink,2002-07,795.0,1478.673515
sink,2002-08,748.0,1386.635529
sink,2002-09,756.0,1399.142983
sink,2002-10,755.0,1394.980143
sink,2002-11,765.0,1413.456702
sink,2002-12,798.0,1477.689552
sink,2003-01,781.0,1439.842488
sink,2003-02,785.0,1436.151283
sink,2003-03,791.0,1438.486319
sink,2003-04,755.0,1376.005985
sink,2003-05,776.0,1416.591172
sink,2003-06,791.0,1442.401633
sink,2003-07,828.0,1508.22969
sink,2003-08,818.0,1484.364247
sink,2003-09,818.0,1479.555292
sink,2003-10,898.0,1626.011027
sink,2003-11,915.0,1661.282927
sink,2003-12,978.0,1777.593272
sink,2004-01,1017.0,1839.496004
sink,2004-02,1088.0,1957.348228
sink,2004-03,1106.0,1976.989755
sink,2004-04,1033.0,1840.608191
sink,2004-05,1028.0,1821.044104
sink,2004-06,1021.0,1802.923458
sink,2004-07,988.0,1747.41415
sink,2004-08,976.0,1725.279578
sink,2004-09,975.0,1719.881517
sink,2004-10,1065.0,1868.798848
sink,2004-11,1096.0,1922.188901
sink,2004-12,1180.0,2077.122438
sink,2005-01,1246.0,2188.699948
sink,2005-02,1326.0,2315.867987
sink,2005-03,1372.0,2377.61283
sink,2005-04,1300.0,2237.790339
sink,2005-05,1244.0,2143.596296
sink,2005-06,1276.0,2197.606581
sink,2005-07,1194.0,2046.909519
sink,2005-08,1298.0,2213.869857
sink,2005-09,1398.0,2355.644064
sink,2005-10,1488.0,2502.260241
sink,2005-11,1611.0,2731.036336
sink,2005-12,1822.0,3101.288415
sink,2006-01,2090.0,3530.550681
sink,2006-02,2219.0,3740.919074
sink,2006-03,2417.0,4052.285586
sink,2006-04,3085.0,5128.601985
sink,2006-05,3566.0,5898.956444
sink,2006-06,3226.0,5326.000394
sink,2006-07,3340.0,5497.951843
sink,2006-08,3347.0,5498.666307
sink,2006-09,3403.0,5618.220503
sink,2006-10,3823.0,6346.028444
sink,2006-11,4382.0,7284.77598
sink,2006-12,4405.0,7312.125372
sink,2007-01,3787.0,6267.139258
sink,2007-02,3310.0,5448.595816
sink,2007-03,3271.0,5335.811582
sink,2007-04,3557.0,5764.898735
sink,2007-05,3831.0,6171.264974
sink,2007-06,3603.0,5792.759081
sink,2007-07,3546.0,5702.567367
sink,2007-08,3253.0,5240.985297
sink,2007-09,2881.0,4628.890498
sink,2007-10,2975.0,4769.716564
sink,2007-11,2541.0,4049.84456
sink,2007-12,2353.0,3752.727818
sink,2008-01,2340.0,3713.5361
sink,2008-02,2438.0,3857.856613
sink,2008-03,2511.0,3939.224739
sink,2008-04,2264.0,3530.323662
sink,2008-05,2182.0,3374.046124
sink,2008-06,1894.0,2899.490986
sink,2008-07,1852.0,2820.384063
sink,2008-08,1723.0,2634.447386
sink,2008-09,1735.0,2656.469196
sink,2008-10,1302.0,2013.842723
sink,2008-11,1153.0,1818.20379
sink,2008-12,1101.0,1754.347566
sink,2009-01,1187.0,1883.184666
sink,2009-02,1112.0,1755.466768
sink,2009-03,1217.0,1916.565166
sink,2009-04,1379.0,2166.279403
sink,2009-05,1484.0,2324.509577
sink,2009-06,1557.0,2418.084314
sink,2009-07,1579.0,2456.145641
sink,2009-08,1822.0,2827.791544
sink,2009-09,1884.0,2922.189388
sink,2009-10,2072.0,3210.69568
sink,2009-11,2193.0,3395.789488
sink,2009-12,2376.0,3685.650223
sink,2010-01,2434.0,3762.760664
sink,2010-02,2157.0,3333.711019
sink,2010-03,2275.0,3501.70472
sink,2010-04,2367.0,3636.995078
sink,2010-05,1968.0,3021.572478
sink,2010-06,1743.0,2678.733466
sink,2010-07,1844.0,2833.357583
sink,2010-08,2045.0,3137.867364
sink,2010-09,2151.0,3298.595855
sink,2010-10,2372.0,3632.979411
sink,2010-11,2292.0,3508.974557
sink,2010-12,2281.0,3486.143198
sink,2011-01,2372.0,3608.036218
sink,2011-02,2465.0,3731.0986
sink,2011-03,2341.0,3509.190082
sink,2011-04,2362.0,3518.015349
sink,2011-05,2167.0,3212.465968
sink,2011-06,2234.0,3315.34064
sink,2011-07,2398.0,3555.572454
sink,2011-08,2200.0,3253.022578
sink,2011-09,2075.0,3063.539881
sink,2011-10,1871.0,2768.062945
sink,2011-11,1935.0,2865.165097
sink,2011-12,1905.0,2827.718547
sink,2012-01,1982.0,2929.126067
sink,2012-02,2058.0,3028.111024
sink,2012-03,2036.0,2973.160703
sink,2012-04,2002.0,2914.705261
sink,2012-05,1936.0,2821.92755
sink,2012-06,1859.0,2713.671114
sink,2012-07,1848.0,2702.017599
sink,2012-08,1818.0,2643.442501
sink,2012-09,2010.0,2909.63454
sink,2012-10,1904.0,2757.263496
sink,2012-11,1912.0,2782.030136
sink,2012-12,2040.0,2976.290173
sink,2013-01,2032.0,2955.877019
sink,2013-02,2129.0,3071.821111
sink,2013-03,1926.0,2771.676612
sink,2013-04,1856.0,2673.720407
sink,2013-05,1832.0,2634.45603
sink,2013-06,1839.0,2638.191294
sink,2013-07,1838.0,2635.718249
sink,2013-08,1899.0,2719.921241
sink,2013-09,1847.0,2642.369004
sink,2013-10,1885.0,2703.695632
sink,2013-11,1866.0,2681.921148
sink,2013-12,1975.0,2838.825741
sink,2014-01,2037.0,2917.091007
sink,2014-02,2035.0,2903.490061
sink,2014-03,2008.0,2846.634644
sink,2014-04,2027.0,2864.127607
sink,2014-05,2059.0,2899.217402
sink,2014-06,2128.0,2990.805016
sink,2014-07,2311.0,3249.27085
sink,2014-08,2327.0,3277.241562
sink,2014-09,2295.0,3229.743605
sink,2014-10,2277.0,3212.482932
sink,2014-11,2253.0,3195.878654
sink,2014-12,2176.0,3104.25566
sink,2015-01,2113.0,3028.633032
sink,2015-02,2098.0,2994.129396
sink,2015-03,2029.0,2878.524896
sink,2015-04,2213.0,3133.19473
sink,2015-05,2282.0,3214.500788
sink,2015-06,2082.0,2922.536897
sink,2015-07,2001.0,2808.647582
sink,2015-08,1808.0,2541.34779
sink,2015-09,1720.0,2421.423438
sink,2015-10,1724.0,2428.146554
sink,2015-11,1583.0,2234.272677
sink,2015-12,1528.0,2164.039488
sink,2016-01,1520.0,2149.156663
sink,2016-02,1710.0,2415.812847
sink,2016-03,1802.0,2534.871248
sink,2016-04,1855.0,2597.113194
sink,2016-05,1869.0,2606.170029
sink,2016-06,2026.0,2815.845621
sink,2016-07,2183.0,3038.970278
sink,2016-08,2279.0,3169.701431
sink,2016-09,2292.0,3180.137184
sink,2016-10,2312.0,3203.892624
sink,2016-11,2566.0,3561.417012
sink,2016-12,2665.0,3697.611336
sink,2017-01,2715.0,3745.159138
sink,2017-02,2846.0,3913.552296
sink,2017-03,2777.0,3815.568681
sink,2017-04,2615.0,3582.358787
sink,2017-05,2590.0,3545.080557
sink,2017-06,2573.0,3518.61991
sink,2017-07,2787.0,3813.899733
sink,2017-08,2981.0,4067.20205
sink,2017-09,3117.0,4230.357712
sink,2017-10,3265.0,4434.024154
sink,2017-11,3229.0,4385.02779
sink,2017-12,3196.0,4342.76614
sink,2018-01,3442.0,4651.692884
sink,2018-02,3533.0,4753.120956
sink,2018-03,3269.0,4388.02672
sink,2018-04,3188.0,4262.355975
sink,2018-05,3060.0,4074.275403
sink,2018-06,3089.0,4106.342817
sink,2018-07,2656.0,3530.498798
sink,2018-08,2512.0,3337.232238
sink,2018-09,2435.0,3231.18179
sink,2018-10,2674.0,3542.070585
sink,2018-11,2596.0,3450.30543
sink,2018-12,2616.0,3488.027767
sink,2019-01,2570.0,3420.173055
sink,2019-02,2707.0,3587.329731
sink,2019-03,2851.0,3756.964855
sink,2019-04,2933.0,3844.664564
sink,2019-05,2743.0,3587.968933
sink,2019-06,2601.0,3401.549057
sink,2019-07,2447.0,3194.811806
sink,2019-08,2273.0,2967.787167
sink,2019-09,2332.0,3042.438084
sink,2019-10,2452.0,3191.698958
sink,2019-11,2425.0,3158.247411
sink,2019-12,2273.0,2962.982792
sink,2020-01,2354.0,3056.711491
sink,2020-02,2113.0,2736.269571
sink,2020-03,1904.0,2470.999051
sink,2020-04,1903.0,2486.327183
sink,2020-05,1975.0,2580.347044
sink,2020-06,2026.0,2632.573226
sink,2020-07,2177.0,2814.545139
sink,2020-08,2410.0,3105.986503
sink,2020-09,2442.0,3142.850622
sink,2020-10,2441.0,3140.260611
sink,2020-11,2672.0,3439.534256
sink,2020-12,2780.0,3575.191382
sink,2021-01,2705.0,3464.003257
sink,2021-02,2745.0,3496.088041
sink,2021-03,2792.0,3530.937605
sink,2021-04,2829.0,3548.564785
sink,2021-05,2966.0,3690.821449
sink,2021-06,2952.0,3639.586008
sink,2021-07,2948.0,3617.253437
sink,2021-08,2988.0,3658.77551
sink,2021-09,3036.0,3707.481608
sink,2021-10,3360.0,4069.333198
sink,2021-11,3311.0,3990.382302
sink,2021-12,3399.0,4083.891149
sink,2022-01,3599.0,4288.108114
sink,2022-02,3620.0,4274.089583
sink,2022-03,3962.0,4616.251461
sink,2022-04,4360.0,5051.772169
sink,2022-05,3751.0,4298.758724
sink,2022-06,3630.0,4103.720078
sink,2022-07,3105.0,3510.621515
sink,2022-08,3588.0,4058.156403
sink,2022-09,3125.0,3526.901229
sink,2022-10,2967.0,3335.052481
sink,2022-11,2939.0,3306.919193
sink,2022-12,3129.0,3531.546545
sink,2023-01,3310.0,3706.19982
sink,2023-02,3134.0,3489.653371
sink,2023-03,2967.0,3292.800262
sink,2023-04,2768.0,3056.485596
sink,2023-05,2476.0,2727.18463
sink,2023-06,2375.0,2607.518952
sink,2023-07,2405.0,2635.428914
sink,2023-08,2407.0,2626.151727
sink,2023-09,2496.0,2716.504099
sink,2023-10,2449.0,2666.374211
sink,2023-11,2544.0,2775.399266
sink,2023-12,2502.0,2732.293037
sink,2024-01,2515.0,2731.609153
sink,2024-02,2360.0,2547.491348
sink,2024-03,2461.0,2639.453466
sink,2024-04,2733.0,2919.809216
sink,2024-05,2959.0,3156.012914
sink,2024-06,2809.0,2995.014944
sink,2024-07,2777.0,2957.459973
sink,2024-08,2714.0,2888.015477
sink,2024-09,2837.0,3014.066749
sink,2024-10,3106.0,3296.061255
sink,2024-11,3004.0,3189.547534
sink,2024-12,3034.0,3220.257347
sink,2025-01,2819.0,2972.599387
sink,2025-02,2800.0,2939.507713
sink,2025-03,2889.0,3026.142108
sink,2025-04,2622.0,2737.940305
sink,2025-05,2644.0,2755.158789
sink,2025-06,2655.0,2757.220805
sink,2025-07,2763.0,2865.053305
sink,2025-08,2789.0,2883.729721
sink,2025-09,2933.0,3024.927155
sink,2025-10,3152.0,3250.791133
sink,2025-11,3177.0,3283.428647
sink,2025-12,3168.0,3274.814198
sink,2026-01,3213.0,3309.097992
sink,2026-02,3324.0,3407.35811
sink,2026-03,3182.0,3227.935787
sink,2026-04,3364.0,3383.798931
sink,2026-05,3482.0,3480.514199
sink,2026-06,3539.0,3549.894057
sink,2026-07,3599.0,3610.446337
sink,2026-08,3875.0,3875.0
sink,2026-09,4021.0,4021.0
bly,1960-01,206.0,2355.149488
bly,1960-02,204.0,2324.35102
bly,1960-03,210.0,2392.714286
bly,1960-04,214.0,2430.024407
bly,1960-05,213.0,2418.669153
bly,1960-06,202.0,2286.012162
bly,1960-07,196.0,2218.110811
bly,1960-08,195.0,2206.793919
bly,1960-09,193.0,2184.160135
bly,1960-10,185.0,2079.573826
bly,1960-11,188.0,2113.296644
bly,1960-12,179.0,2012.128188
bly,1961-01,176.0,1978.405369
bly,1961-02,180.0,2023.369128
bly,1961-03,182.0,2045.851007
bly,1961-04,185.0,2079.573826
bly,1961-05,184.0,2068.332886
bly,1961-06,178.0,2000.887248
bly,1961-07,179.0,1998.714
bly,1961-08,178.0,1994.195318
bly,1961-09,176.0,1965.216
bly,1961-10,173.0,1931.718
bly,1961-11,166.0,1853.556
bly,1961-12,167.0,1864.722
bly,1962-01,163.0,1820.058
bly,1962-02,162.0,1802.882392
bly,1962-03,167.0,1858.52691
bly,1962-04,167.0,1852.372848
bly,1962-05,165.0,1830.188742
bly,1962-06,159.0,1763.636424
bly,1962-07,148.0,1636.205941
bly,1962-08,141.0,1558.817822
bly,1962-09,143.0,1575.728289
bly,1962-10,146.0,1608.785526
bly,1962-11,150.0,1652.861842
bly,1962-12,153.0,1685.919079
bly,1963-01,149.0,1641.842763
bly,1963-02,151.0,1663.880921
bly,1963-03,154.0,1691.374426
bly,1963-04,159.0,1746.28918
bly,1963-05,167.0,1834.152787
bly,1963-06,179.0,1959.523529
bly,1963-07,180.0,1964.052117
bly,1963-08,185.0,2018.609121
bly,1963-09,187.0,2040.431922
bly,1963-10,192.0,2088.187013
bly,1963-11,191.0,2077.311039
bly,1963-12,205.0,2222.359223
bly,1964-01,218.0,2363.28932
bly,1964-02,223.0,2417.493204
bly,1964-03,224.0,2428.333981
bly,1964-04,227.0,2460.856311
bly,1964-05,244.0,2645.149515
bly,1964-06,246.0,2658.228387
bly,1964-07,271.0,2918.957556
bly,1964-08,301.0,3252.547742
bly,1964-09,301.0,3242.089389
bly,1964-10,332.0,3575.992283
bly,1964-11,365.0,3918.836538
bly,1964-12,384.0,4122.830769
bly,1965-01,348.0,3736.315385
bly,1965-02,390.0,4187.25
bly,1965-03,395.0,4227.383387
bly,1965-04,353.0,3765.857962
bly,1965-05,302.0,3221.782166
bly,1965-06,279.0,2957.576582
bly,1965-07,272.0,2883.372152
bly,1965-08,272.0,2883.372152
bly,1965-09,289.0,3063.582911
bly,1965-10,307.0,3244.128076
bly,1965-11,299.0,3159.590536
bly,1965-12,301.0,3170.722642
bly,1966-01,301.0,3170.722642
bly,1966-02,292.0,3056.6925
bly,1966-03,293.0,3057.605607
bly,1966-04,280.0,2903.851393
bly,1966-05,262.0,2717.175232
bly,1966-06,259.0,2677.772222
bly,1966-07,263.0,2710.761231
bly,1966-08,243.0,2489.300917
bly,1966-09,254.0,2601.985321
bly,1966-10,234.0,2382.532523
bly,1966-11,223.0,2270.533131
bly,1966-12,224.0,2280.714894
bly,1967-01,220.0,2239.987842
bly,1967-02,222.0,2260.351368
bly,1967-03,228.0,2314.407273
bly,1967-04,227.0,2297.294864
bly,1967-05,226.0,2280.285542
bly,1967-06,228.0,2293.556757
bly,1967-07,231.0,2316.777844
bly,1967-08,232.0,2319.861493
bly,1967-09,227.0,2263.108929
bly,1967-10,226.0,2246.453412
bly,1967-11,242.0,2398.377515
bly,1967-12,222.0,2193.674336
bly,1968-01,218.0,2141.51437
bly,1968-02,228.0,2233.2
bly,1968-03,234.0,2285.286297
bly,1968-04,235.0,2288.380814
bly,1968-05,238.0,2310.876522
bly,1968-06,239.0,2307.210951
bly,1968-07,247.0,2370.775358
bly,1968-08,250.0,2392.714286
bly,1968-09,252.0,2404.984615
bly,1968-10,248.0,2353.400567
bly,1968-11,249.0,2356.215254
bly,1968-12,250.0,2359.014085
bly,1969-01,254.0,2390.025843
bly,1969-02,258.0,2414.101676
bly,1969-03,261.0,2421.877562
bly,1969-04,268.0,2473.130579
bly,1969-05,278.0,2558.363736
bly,1969-06,286.0,2617.603279
bly,1969-07,311.0,2830.945109
bly,1969-08,316.0,2860.91027
bly,1969-09,303.0,2735.820485
bly,1969-10,294.0,2640.324933
bly,1969-11,316.0,2822.7648
bly,1969-12,334.0,2967.727321
bly,1970-01,325.0,2880.119048
bly,1970-02,341.0,3006.004737
bly,1970-03,336.0,2946.420942
bly,1970-04,321.0,2792.95013
bly,1970-05,292.0,2534.045596
bly,1970-06,308.0,2659.119588
bly,1970-07,301.0,2585.358462
bly,1970-08,285.0,2447.930769
bly,1970-09,285.0,2435.441327
bly,1970-10,285.0,2423.07868
bly,1970-11,280.0,2368.545455
bly,1970-12,277.0,2331.393467
bly,1971-01,263.0,2213.561307
bly,1971-02,266.0,2233.2
bly,1971-03,267.0,2235.9915
bly,1971-04,268.0,2238.769077
bly,1971-05,265.0,2202.722084
bly,1971-06,273.0,2252.451724
bly,1971-07,262.0,2156.38231
bly,1971-08,258.0,2118.255882
bly,1971-09,239.0,1962.260294
bly,1971-10,230.0,1883.750611
bly,1971-11,222.0,1818.228851
bly,1971-12,231.0,1882.734307
bly,1972-01,252.0,2053.891971
bly,1972-02,294.0,2384.60339
bly,1972-03,321.0,2597.308696
bly,1972-04,316.0,2550.691084
bly,1972-05,318.0,2560.664423
bly,1972-06,312.0,2506.32518
bly,1972-07,304.0,2430.403819
bly,1972-08,298.0,2376.762857
bly,1972-09,302.0,2402.944418
bly,1972-10,297.0,2351.987234
bly,1972-11,298.0,2354.340566
bly,1972-12,308.0,2427.619765
bly,1973-01,318.0,2500.55493
bly,1973-02,340.0,2654.853147
bly,1973-03,372.0,2877.888222
bly,1973-04,387.0,2973.331651
bly,1973-05,396.0,3021.687472
bly,1973-06,425.0,3220.961538
bly,1973-07,470.0,3553.963883
bly,1973-08,448.0,3327.517517
bly,1973-09,445.0,3297.922566
bly,1973-10,472.0,3467.336842
bly,1973-11,490.0,3576.039216
bly,1973-12,594.0,4306.885714
bly,1974-01,566.0,4068.641202
bly,1974-02,649.0,4605.975
bly,1974-03,708.0,4961.628452
bly,1974-04,702.0,4899.0825
bly,1974-05,669.0,4611.144444
bly,1974-06,570.0,3896.706122
bly,1974-07,549.0,3722.753441
bly,1974-08,550.0,3684.78
bly,1974-09,539.0,3568.265217
bly,1974-10,537.0,3520.239922
bly,1974-11,534.0,3473.384854
bly,1974-12,534.0,3446.615029
bly,1975-01,538.0,3459.102495
bly,1975-02,541.0,3451.889143
bly,1975-03,543.0,3451.501708
bly,1975-04,480.0,3039.516068
bly,1975-05,357.0,2247.892105
bly,1975-06,353.0,2206.118284
bly,1975-07,359.0,2218.778967
bly,1975-08,384.0,2368.919337
bly,1975-09,370.0,2270.010989
bly,1975-10,345.0,2105.065574
bly,1975-11,337.0,2041.379024
bly,1975-12,333.0,2009.88
bly,1976-01,337.0,2030.364388
bly,1976-02,348.0,2089.122581
bly,1976-03,384.0,2301.114848
bly,1976-04,454.0,2710.88984
bly,1976-05,483.0,2863.634336
bly,1976-06,476.0,2807.226761
bly,1976-07,509.0,2986.073905
bly,1976-08,483.0,2818.734146
bly,1976-09,481.0,2797.315625
bly,1976-10,465.0,2690.253886
bly,1976-11,459.0,2650.962414
bly,1976-12,478.0,2751.210309
bly,1977-01,560.0,3206.646154
bly,1977-02,648.0,3672.877157
bly,1977-03,703.0,3957.830924
bly,1977-04,648.0,3617.784
bly,1977-05,661.0,3672.002985
bly,1977-06,567.0,3129.055354
bly,1977-07,562.0,3086.20918
bly,1977-08,551.0,3015.914706
bly,1977-09,582.0,3175.21759
bly,1977-10,615.0,3344.362013
bly,1977-11,633.0,3425.562843
bly,1977-12,686.0,3700.423188
bly,1978-01,664.0,3558.82752
bly,1978-02,582.0,3099.496979
bly,1978-03,582.0,3075.052997
bly,1978-04,573.0,3003.811268
bly,1978-05,545.0,2830.451163
bly,1978-06,570.0,2928.506135
bly,1978-07,582.0,2967.40274
bly,1978-08,639.0,3243.215455
bly,1978-09,693.0,3490.844211
bly,1978-10,830.0,4143.567809
bly,1978-11,824.0,4095.304451
bly,1978-12,859.0,4250.337075
bly,1979-01,992.0,4865.302489
bly,1979-02,1055.0,5114.383502
bly,1979-03,1177.0,5648.588252
bly,1979-04,1161.0,5508.665439
bly,1979-05,1239.0,5804.758322
bly,1979-06,1382.0,6403.075519
bly,1979-07,1272.0,5828.926949
bly,1979-08,1213.0,5505.836585
bly,1979-09,1231.0,5527.619035
bly,1979-10,1319.0,5875.513564
bly,1979-11,1225.0,5406.462451
bly,1979-12,1233.0,5385.010952
bly,1980-01,1118.0,4813.722879
bly,1980-02,1168.0,4958.892776
bly,1980-03,1121.0,4688.047191
bly,1980-04,969.0,4007.353333
bly,1980-05,772.0,3161.424939
bly,1980-06,739.0,2993.352116
bly,1980-07,811.0,3284.991294
bly,1980-08,853.0,3430.227371
bly,1980-09,883.0,3521.277857
bly,1980-10,879.0,3472.257311
bly,1980-11,813.0,3185.248421
bly,1980-12,743.0,2884.010892
bly,1981-01,705.0,2714.493103
bly,1981-02,689.0,2625.724915
bly,1981-03,730.0,2763.111864
bly,1981-04,759.0,2853.533333
bly,1981-05,697.0,2600.011804
bly,1981-06,712.0,2632.513907
bly,1981-07,784.0,2867.077729
bly,1981-08,824.0,2990.504009
bly,1981-09,764.0,2745.973391
bly,1981-10,717.0,2571.527409
bly,1981-11,666.0,2380.967769
bly,1981-12,674.0,2401.877872
bly,1982-01,648.0,2301.877413
bly,1982-02,618.0,2188.347146
bly,1982-03,613.0,2172.939048
bly,1982-04,575.0,2029.646997
bly,1982-05,575.0,2010.579332
bly,1982-06,521.0,1799.222474
bly,1982-07,552.0,1896.502154
bly,1982-08,523.0,1793.188741
bly,1982-09,515.0,1762.152196
bly,1982-10,497.0,1695.36721
bly,1982-11,462.0,1579.191429
bly,1982-12,448.0,1537.613115
bly,1983-01,475.0,1626.947853
bly,1983-02,455.0,1556.852911
bly,1983-03,443.0,1515.793054
bly,1983-04,458.0,1555.992292
bly,1983-05,433.0,1462.160685
bly,1983-06,408.0,1373.586332
bly,1983-07,403.0,1351.320721
bly,1983-08,398.0,1330.559281
bly,1983-09,405.0,1347.238332
bly,1983-10,419.0,1389.669505
bly,1983-11,405.0,1340.582016
bly,1983-12,402.0,1329.338203
bly,1984-01,398.0,1308.361531
bly,1984-02,405.0,1324.87207
bly,1984-03,460.0,1501.859649
bly,1984-04,482.0,1566.055868
bly,1984-05,453.0,1467.562282
bly,1984-06,484.0,1563.455352
bly,1984-07,494.0,1589.626513
bly,1984-08,467.0,1496.991962
bly,1984-09,402.0,1282.494857
bly,1984-10,412.0,1310.652991
bly,1984-11,441.0,1402.907692
bly,1984-12,416.0,1323.377778
bly,1985-01,421.0,1336.744834
bly,1985-02,368.0,1162.949434
bly,1985-03,352.0,1108.204511
bly,1985-04,390.0,1222.097287
bly,1985-05,376.0,1173.834856
bly,1985-06,389.0,1211.033643
bly,1985-07,403.0,1252.290724
bly,1985-08,414.0,1284.09
bly,1985-09,400.0,1237.229917
bly,1985-10,393.0,1211.105244
bly,1985-11,394.0,1210.845138
bly,1985-12,390.0,1195.26258
bly,1986-01,368.0,1124.750365
bly,1986-02,367.0,1124.772736
bly,1986-03,367.0,1129.941728
bly,1986-04,370.0,1141.276243
bly,1986-05,377.0,1159.664463
bly,1986-06,418.0,1278.736438
bly,1986-07,380.0,1162.487671
bly,1986-08,392.0,1197.011486
bly,1986-09,407.0,1237.176588
bly,1986-10,435.0,1321.090662
bly,1986-11,473.0,1435.195109
bly,1986-12,518.0,1570.313484
bly,1987-01,464.0,1397.758273
bly,1987-02,460.0,1380.741935
bly,1987-03,487.0,1455.265477
bly,1987-04,556.0,1652.607631
bly,1987-05,693.0,2052.529973
bly,1987-06,629.0,1856.408987
bly,1987-07,664.0,1954.540598
bly,1987-08,659.0,1929.648776
bly,1987-09,647.0,1884.626609
bly,1987-10,601.0,1746.079618
bly,1987-11,642.0,1863.580243
bly,1987-12,659.0,1912.927383
bly,1988-01,667.0,1931.1293
bly,1988-02,656.0,1894.369655
bly,1988-03,649.0,1866.11176
bly,1988-04,649.0,1856.550128
bly,1988-05,668.0,1904.396936
bly,1988-06,678.0,1924.715593
bly,1988-07,619.0,1749.811139
bly,1988-08,602.0,1694.604706
bly,1988-09,610.0,1705.657763
bly,1988-10,655.0,1825.390183
bly,1988-11,691.0,1924.116209
bly,1988-12,731.0,2032.119336
bly,1989-01,676.0,1869.91313
bly,1989-02,622.0,1713.466776
bly,1989-03,589.0,1613.272445
bly,1989-04,608.0,1654.490983
bly,1989-05,643.0,1739.83958
bly,1989-06,666.0,1797.717002
bly,1989-07,692.0,1863.393569
bly,1989-08,702.0,1887.286998
bly,1989-09,728.0,1950.92352
bly,1989-10,752.0,2005.612739
bly,1989-11,693.0,1843.853376
bly,1989-12,711.0,1888.745282
bly,1990-01,708.0,1861.584301
bly,1990-02,780.0,2041.284375
bly,1990-03,1062.0,2764.170629
bly,1990-04,836.0,2172.562296
bly,1990-05,826.0,2141.590402
bly,1990-06,838.0,2160.994919
bly,1990-07,875.0,2247.756902
bly,1990-08,876.0,2229.806079
bly,1990-09,839.0,2117.921778
bly,1990-10,761.0,1909.511461
bly,1990-11,701.0,1755.014798
bly,1990-12,625.0,1564.742152
bly,1991-01,600.0,1493.224368
bly,1991-02,594.0,1476.098813
bly,1991-03,603.0,1496.244
bly,1991-04,601.0,1489.075296
bly,1991-05,555.0,1371.04646
bly,1991-06,549.0,1352.235441
bly,1991-07,548.0,1347.790308
bly,1991-08,540.0,1324.225476
bly,1991-09,540.0,1318.434402
bly,1991-10,522.0,1272.631441
bly,1991-11,506.0,1230.042671
bly,1991-12,532.0,1292.308629
bly,1992-01,515.0,1249.201303
bly,1992-02,505.0,1220.525974
bly,1992-03,521.0,1252.868485
bly,1992-04,533.0,1279.887742
bly,1992-05,520.0,1246.883321
bly,1992-06,548.0,1309.336947
bly,1992-07,626.0,1492.508754
bly,1992-08,655.0,1557.217175
bly,1992-09,621.0,1472.205096
bly,1992-10,537.0,1268.577292
bly,1992-11,460.0,1085.146479
bly,1992-12,455.0,1074.107822
bly,1993-01,437.0,1026.551613
bly,1993-02,414.0,969.124528
bly,1993-03,406.0,947.088301
bly,1993-04,421.0,979.35125
bly,1993-05,407.0,945.470596
bly,1993-06,394.0,914.003601
bly,1993-07,388.0,900.084765
bly,1993-08,388.0,897.598343
bly,1993-09,376.0,868.039145
bly,1993-10,384.0,882.857378
bly,1993-11,400.0,919.012346
bly,1993-12,461.0,1059.161728
bly,1994-01,490.0,1122.709986
bly,1994-02,485.0,1107.466258
bly,1994-03,452.0,1028.607065
bly,1994-04,440.0,999.940299
bly,1994-05,474.0,1076.478102
bly,1994-06,525.0,1188.273649
bly,1994-07,580.0,1309.221024
bly,1994-08,571.0,1283.715302
bly,1994-09,614.0,1376.691566
bly,1994-10,642.0,1438.509431
bly,1994-11,667.0,1492.529459
bly,1994-12,634.0,1418.686172
bly,1995-01,667.0,1486.571257
bly,1995-02,580.0,1287.530815
bly,1995-03,586.0,1296.554029
bly,1995-04,609.0,1343.007373
bly,1995-05,597.0,1313.949146
bly,1995-06,612.0,1344.31318
bly,1995-07,622.0,1366.279082
bly,1995-08,624.0,1367.086462
bly,1995-09,593.0,1296.62624
bly,1995-10,639.0,1392.662459
bly,1995-11,714.0,1557.133594
bly,1995-12,732.0,1597.429055
bly,1996-01,710.0,1540.387306
bly,1996-02,770.0,1665.168496
bly,1996-03,818.0,1759.882081
bly,1996-04,815.0,1746.696737
bly,1996-05,840.0,1796.827586
bly,1996-06,797.0,1703.759158
bly,1996-07,784.0,1672.766369
bly,1996-08,816.0,1737.72206
bly,1996-09,796.0,1689.759696
bly,1996-10,742.0,1570.152622
bly,1996-11,717.0,1514.37995
bly,1996-12,689.0,1455.240984
bly,1997-01,692.0,1456.984035
bly,1997-02,660.0,1385.255639
bly,1997-03,695.0,1455.069375
bly,1997-04,643.0,1344.520225
bly,1997-05,619.0,1295.14441
bly,1997-06,615.0,1285.169682
bly,1997-07,634.0,1323.223178
bly,1997-08,608.0,1266.591045
bly,1997-09,634.0,1317.477171
bly,1997-10,600.0,1243.737624
bly,1997-11,563.0,1167.763096
bly,1997-12,527.0,1094.447985
bly,1998-01,532.0,1102.780693
bly,1998-02,516.0,1067.632366
bly,1998-03,560.0,1156.527744
bly,1998-04,573.0,1181.191015
bly,1998-05,544.0,1119.343489
bly,1998-06,528.0,1085.088589
bly,1998-07,546.0,1120.705147
bly,1998-08,537.0,1100.882864
bly,1998-09,520.0,1064.728606
bly,1998-10,493.0,1006.982561
bly,1998-11,494.0,1009.025122
bly,1998-12,501.0,1023.947407
bly,1999-01,492.0,1003.105052
bly,1999-02,514.0,1046.685228
bly,1999-03,508.0,1031.332364
bly,1999-04,519.0,1046.056679
bly,1999-05,542.0,1092.413718
bly,1999-06,496.0,999.699639
bly,1999-07,496.0,996.70114
bly,1999-08,503.0,1008.347935
bly,1999-09,507.0,1011.523883
bly,1999-10,497.0,989.804162
bly,1999-11,478.0,951.39893
bly,1999-12,479.0,953.389305
bly,2000-01,472.0,936.673934
bly,2000-02,452.0,891.701767
bly,2000-03,441.0,862.886565
bly,2000-04,421.0,823.272504
bly,2000-05,412.0,804.733294
bly,2000-06,420.0,816.076566
bly,2000-07,452.0,876.220833
bly,2000-08,473.0,916.930208
bly,2000-09,487.0,939.178238
bly,2000-10,486.0,935.633793
bly,2000-11,468.0,900.463182
bly,2000-12,462.0,889.429655
bly,2001-01,478.0,914.451399
bly,2001-02,502.0,956.541297
bly,2001-03,498.0,946.765267
bly,2001-04,478.0,905.146637
bly,2001-05,467.0,880.335734
bly,2001-06,444.0,835.56809
bly,2001-07,462.0,871.891606
bly,2001-08,483.0,911.523042
bly,2001-09,465.0,873.615816
bly,2001-10,468.0,882.220822
bly,2001-11,487.0,919.589966
bly,2001-12,483.0,915.649915
bly,2002-01,513.0,970.32603
bly,2002-02,480.0,904.332958
bly,2002-03,480.0,899.275168
bly,2002-04,472.0,879.369077
bly,2002-05,452.0,842.107675
bly,2002-06,440.0,819.295164
bly,2002-07,446.0,829.545142
bly,2002-08,423.0,784.153514
bly,2002-09,421.0,779.152376
bly,2002-10,418.0,772.320132
bly,2002-11,442.0,816.663872
bly,2002-12,444.0,822.173134
bly,2003-01,445.0,820.396808
bly,2003-02,476.0,870.83823
bly,2003-03,457.0,831.085016
bly,2003-04,437.0,796.443199
bly,2003-05,464.0,847.033896
bly,2003-06,468.0,853.40577
bly,2003-07,515.0,938.089723
bly,2003-08,497.0,901.869231
bly,2003-09,521.0,942.357343
bly,2003-10,587.0,1062.882486
bly,2003-11,622.0,1129.309268
bly,2003-12,692.0,1257.765383
bly,2004-01,758.0,1371.030454
bly,2004-02,888.0,1597.541568
bly,2004-03,886.0,1583.73682
bly,2004-04,754.0,1343.483617
bly,2004-05,809.0,1433.097938
bly,2004-06,870.0,1536.281497
bly,2004-07,940.0,1662.519535
bly,2004-08,922.0,1629.823536
bly,2004-09,935.0,1649.322275
bly,2004-10,933.0,1637.173075
bly,2004-11,968.0,1697.699686
bly,2004-12,975.0,1716.266421
bly,2005-01,953.0,1674.021709
bly,2005-02,978.0,1708.083629
bly,2005-03,1004.0,1739.885773
bly,2005-04,986.0,1697.277903
bly,2005-05,988.0,1702.47037
bly,2005-06,986.0,1698.15054
bly,2005-07,854.0,1464.037462
bly,2005-08,887.0,1512.867923
bly,2005-09,933.0,1572.114386
bly,2005-10,1005.0,1690.034639
bly,2005-11,1018.0,1725.757287
bly,2005-12,1124.0,1913.19878
bly,2006-01,1256.0,2121.708926
bly,2006-02,1277.0,2152.840765
bly,2006-03,1192.0,1998.479279
bly,2006-04,1170.0,1945.045161
bly,2006-05,1167.0,1930.477333
bly,2006-06,964.0,1591.526466
bly,2006-07,1052.0,1731.690221
bly,2006-08,1174.0,1928.722511
bly,2006-09,1342.0,2215.589749
bly,2006-10,1531.0,2541.399306
bly,2006-11,1625.0,2701.451613
bly,2006-12,1726.0,2865.091576
bly,2007-01,1666.0,2757.077899
bly,2007-02,1780.0,2930.06059
bly,2007-03,1914.0,3122.208306
bly,2007-04,2001.0,3243.059423
bly,2007-05,2101.0,3384.449937
bly,2007-06,2425.0,3898.817866
bly,2007-07,3083.0,4957.985108
bly,2007-08,3119.0,5025.094725
bly,2007-09,3227.0,5184.807233
bly,2007-10,3720.0,5964.149787
bly,2007-11,3328.0,5304.164775
bly,2007-12,2596.0,4140.281095
bly,2008-01,2608.0,4138.847072
bly,2008-02,3080.0,4873.748305
bly,2008-03,3009.0,4720.48078
bly,2008-04,2823.0,4401.989266
bly,2008-05,2235.0,3456.000499
bly,2008-06,1863.0,2852.033636
bly,2008-07,1945.0,2962.01242
bly,2008-08,1924.0,2941.774098
bly,2008-09,1868.0,2860.106315
bly,2008-10,1480.0,2289.160699
bly,2008-11,1291.0,2035.820548
bly,2008-12,963.0,1534.45659
bly,2009-01,1133.0,1797.513249
bly,2009-02,1101.0,1738.10154
bly,2009-03,1239.0,1951.211373
bly,2009-04,1383.0,2172.563028
bly,2009-05,1440.0,2255.588807
bly,2009-06,1674.0,2599.790072
bly,2009-07,1679.0,2611.696347
bly,2009-08,1900.0,2948.849579
bly,2009-09,2205.0,3420.078345
bly,2009-10,2241.0,3472.57192
bly,2009-11,2309.0,3575.411732
bly,2009-12,2329.0,3612.743842
bly,2010-01,2368.0,3660.730178
bly,2010-02,2124.0,3282.708486
bly,2010-03,2172.0,3343.166001
bly,2010-04,2265.0,3480.267787
bly,2010-05,1883.0,2891.067569
bly,2010-06,1704.0,2618.796229
bly,2010-07,1837.0,2822.601887
bly,2010-08,2075.0,3183.899648
bly,2010-09,2184.0,3349.201928
bly,2010-10,2380.0,3645.232293
bly,2010-11,2377.0,3639.106685
bly,2010-12,2413.0,3687.884058
bly,2011-01,2602.0,3957.887959
bly,2011-02,2587.0,3915.761492
bly,2011-03,2624.0,3933.410839
bly,2011-04,2701.0,4022.929491
bly,2011-05,2428.0,3599.385035
bly,2011-06,2525.0,3747.195665
bly,2011-07,2681.0,3975.183382
bly,2011-08,2397.0,3544.315964
bly,2011-09,2288.0,3378.014095
bly,2011-10,1960.0,2899.734565
bly,2011-11,1994.0,2952.526721
bly,2011-12,2022.0,3001.38945
bly,2012-01,2096.0,3097.602541
bly,2012-02,2121.0,3120.8083
bly,2012-03,2057.0,3003.826899
bly,2012-04,2071.0,3015.162136
bly,2012-05,2013.0,2934.163305
bly,2012-06,1854.0,2706.372376
bly,2012-07,1881.0,2750.267913
bly,2012-08,1901.0,2764.12772
bly,2012-09,2178.0,3152.827875
bly,2012-10,2142.0,3101.921432
bly,2012-11,2182.0,3174.89004
bly,2012-12,2280.0,3326.441958
bly,2013-01,2334.0,3395.185513
bly,2013-02,2366.0,3413.775833
bly,2013-03,2169.0,3121.374128
bly,2013-04,2027.0,2920.059949
bly,2013-05,2033.0,2923.498422
bly,2013-06,2100.0,3012.616486
bly,2013-07,2048.0,2936.861248
bly,2013-08,2174.0,3113.801357
bly,2013-09,2085.0,2982.858351
bly,2013-10,2115.0,3033.589528
bly,2013-11,2090.0,3003.866666
bly,2013-12,2137.0,3071.68132
bly,2014-01,2143.0,3068.888575
bly,2014-02,2108.0,3007.644741
bly,2014-03,2053.0,2910.428747
bly,2014-04,2087.0,2948.906914
bly,2014-05,2097.0,2952.724086
bly,2014-06,2107.0,2961.290493
bly,2014-07,2193.0,3083.362602
bly,2014-08,2237.0,3150.489632
bly,2014-09,2117.0,2979.244972
bly,2014-10,2034.0,2869.648785
bly,2014-11,2030.0,2879.553337
bly,2014-12,1938.0,2764.727697
bly,2015-01,1843.0,2641.63307
bly,2015-02,1796.0,2563.134602
bly,2015-03,1792.0,2542.295029
bly,2015-04,2005.0,2838.705574
bly,2015-05,1992.0,2805.997183
bly,2015-06,1830.0,2568.800443
bly,2015-07,1763.0,2474.585551
bly,2015-08,1704.0,2395.164068
bly,2015-09,1684.0,2370.742483
bly,2015-10,1720.0,2422.512803
bly,2015-11,1618.0,2283.672262
bly,2015-12,1707.0,2417.54935
bly,2016-01,1646.0,2327.310439
bly,2016-02,1766.0,2494.927186
bly,2016-03,1802.0,2534.871248
bly,2016-04,1732.0,2424.905689
bly,2016-05,1708.0,2381.668491
bly,2016-06,1713.0,2380.8211
bly,2016-07,1835.0,2554.516931
bly,2016-08,1836.0,2553.563768
bly,2016-09,1948.0,2702.839107
bly,2016-10,2024.0,2804.791812
bly,2016-11,2181.0,3027.065667
bly,2016-12,2210.0,3066.311839
bly,2017-01,2243.0,3094.067016
bly,2017-02,2312.0,3179.245576
bly,2017-03,2281.0,3134.069918
bly,2017-04,2221.0,3042.607597
bly,2017-05,2125.0,2908.608565
bly,2017-06,2133.0,2916.912657
bly,2017-07,2270.0,3106.405595
bly,2017-08,2348.0,3203.552637
bly,2017-09,2374.0,3221.96638
bly,2017-10,2498.0,3392.401941
bly,2017-11,2461.0,3342.072899
bly,2017-12,2510.0,3410.620467
bly,2018-01,2584.0,3492.148289
bly,2018-02,2581.0,3472.347916
bly,2018-03,2390.0,3208.132108
bly,2018-04,2352.0,3144.623981
bly,2018-05,2361.0,3143.58308
bly,2018-06,2436.0,3238.281354
bly,2018-07,2207.0,2933.663722
bly,2018-08,2054.0,2728.771902
bly,2018-09,2023.0,2684.468485
bly,2018-10,1988.0,2633.371849
bly,2018-11,1937.0,2574.43822
bly,2018-12,1972.0,2629.354265
bly,2019-01,1997.0,2657.620852
bly,2019-02,2063.0,2733.897759
bly,2019-03,2046.0,2696.159275
bly,2019-04,1939.0,2541.699485
bly,2019-05,1815.0,2374.102666
bly,2019-06,1900.0,2484.791698
bly,2019-07,1976.0,2579.87255
bly,2019-08,2045.0,2670.094482
bly,2019-09,2072.0,2703.229721
bly,2019-10,2184.0,2842.850948
bly,2019-11,2021.0,2632.089904
bly,2019-12,1901.0,2478.059959
bly,2020-01,1924.0,2498.348729
bly,2020-02,1873.0,2425.477002
bly,2020-03,1734.0,2250.374136
bly,2020-04,1658.0,2166.227256
bly,2020-05,1626.0,2124.376857
bly,2020-06,1745.0,2267.443376
bly,2020-07,1818.0,2350.410226
bly,2020-08,1936.0,2495.099531
bly,2020-09,1873.0,2410.548409
bly,2020-10,1776.0,2284.76151
bly,2020-11,1916.0,2466.372618
bly,2020-12,2020.0,2597.800932
bly,2021-01,2015.0,2580.394293
bly,2021-02,2080.0,2649.130465
bly,2021-03,1948.0,2463.562484
bly,2021-04,2012.0,2523.758341
bly,2021-05,2182.0,2715.230075
bly,2021-06,2191.0,2701.332298
bly,2021-07,2338.0,2868.771552
bly,2021-08,2414.0,2955.918367
bly,2021-09,2248.0,2745.197186
bly,2021-10,2345.0,2840.055461
bly,2021-11,2330.0,2808.091442
bly,2021-12,2302.0,2765.848021
bly,2022-01,2332.0,2778.512954
bly,2022-02,2297.0,2712.039716
bly,2022-03,2345.0,2732.233638
bly,2022-04,2380.0,2757.618753
bly,2022-05,2142.0,2454.796371
bly,2022-06,2066.0,2335.61589
bly,2022-07,1985.0,2244.310373
bly,2022-08,2073.0,2344.637186
bly,2022-09,1870.0,2110.497695
bly,2022-10,2000.0,2248.097392
bly,2022-11,2100.0,2362.888842
bly,2022-12,2216.0,2501.088892
bly,2023-01,2201.0,2464.454925
bly,2023-02,2093.0,2330.518349
bly,2023-03,2115.0,2347.243868
bly,2023-04,2149.0,2372.97238
bly,2023-05,2084.0,2295.417112
bly,2023-06,2123.0,2330.847468
bly,2023-07,2109.0,2311.068432
bly,2023-08,2154.0,2350.116668
bly,2023-09,2252.0,2450.948409
bly,2023-10,2134.0,2323.414686
bly,2023-11,2188.0,2387.017922
bly,2023-12,2027.0,2213.572337
bly,2024-01,2086.0,2265.660713
bly,2024-02,2080.0,2245.246612
bly,2024-03,2056.0,2205.08587
bly,2024-04,2129.0,2274.523901
bly,2024-05,2221.0,2368.876202
bly,2024-06,2147.0,2289.176605
bly,2024-07,2107.0,2243.920837
bly,2024-08,1995.0,2122.91484
bly,2024-09,2000.0,2124.826753
bly,2024-10,2034.0,2158.46381
bly,2024-11,1988.0,2110.792442
bly,2024-12,1990.0,2112.166157
bly,2025-01,1921.0,2025.669891
bly,2025-02,1957.0,2054.505926
bly,2025-03,2033.0,2129.507409
bly,2025-04,1903.0,1987.147368
bly,2025-05,1958.0,2040.318044
bly,2025-06,1974.0,2050.001457
bly,2025-07,1993.0,2066.612825
bly,2025-08,1947.0,2013.130787
bly,2025-09,1955.0,2016.274323
bly,2025-10,1968.0,2029.681773
bly,2025-11,1998.0,2064.932464
bly,2025-12,1940.0,2005.410209
bly,2026-01,1995.0,2054.668688
bly,2026-02,1917.0,1965.073856
bly,2026-03,1878.0,1905.111065
bly,2026-04,1930.0,1941.359078
bly,2026-05,1991.0,1990.150422
bly,2026-06,1946.0,1951.990346
bly,2026-07,1842.0,1847.858336
bly,2026-08,1855.0,1855.0
bly,2026-09,1873.0,1873.0
tinn,1960-01,2180.0,24923.426621
tinn,1960-02,2180.0,24838.653061
tinn,1960-03,2174.0,24770.289796
tinn,1960-04,2178.0,24731.743729
tinn,1960-05,2163.0,24561.414915
tinn,1960-06,2185.0,24727.408784
tinn,1960-07,2249.0,25451.689865
tinn,1960-08,2205.0,24953.746622
tinn,1960-09,2227.0,25202.718243
tinn,1960-10,2227.0,25033.572483
tinn,1960-11,2205.0,24786.271812
tinn,1960-12,2189.0,24606.416779
tinn,1961-01,2163.0,24314.152349
tinn,1961-02,2187.0,24583.934899
tinn,1961-03,2249.0,25280.873154
tinn,1961-04,2308.0,25944.088591
tinn,1961-05,2377.0,26719.713423
tinn,1961-06,2467.0,27731.397987
tinn,1961-07,2520.0,28138.32
tinn,1961-08,2606.0,29195.915719
tinn,1961-09,2630.0,29366.58
tinn,1961-10,2606.0,29098.596
tinn,1961-11,2668.0,29790.888
tinn,1961-12,2619.0,29243.754
tinn,1962-01,2610.0,29143.26
tinn,1962-02,2624.0,29202.243189
tinn,1962-03,2652.0,29513.852492
tinn,1962-04,2615.0,29005.718543
tinn,1962-05,2533.0,28096.170199
tinn,1962-06,2414.0,26776.215894
tinn,1962-07,2377.0,26278.794059
tinn,1962-08,2350.0,25980.29703
tinn,1962-09,2350.0,25894.835526
tinn,1962-10,2359.0,25994.007237
tinn,1962-11,2407.0,26522.923026
tinn,1962-12,2366.0,26071.140789
tinn,1963-01,2350.0,25894.835526
tinn,1963-02,2350.0,25894.835526
tinn,1963-03,2359.0,25908.780984
tinn,1963-04,2427.0,26655.621639
tinn,1963-05,2496.0,27413.445246
tinn,1963-06,2500.0,27367.647059
tinn,1963-07,2482.0,27082.096417
tinn,1963-08,2496.0,27234.856026
tinn,1963-09,2573.0,28075.033876
tinn,1963-10,2590.0,28168.772727
tinn,1963-11,2687.0,29223.742208
tinn,1963-12,2782.0,30159.040777
tinn,1964-01,2873.0,31145.551456
tinn,1964-02,3060.0,33172.776699
tinn,1964-03,2959.0,32077.858252
tinn,1964-04,2879.0,31210.596117
tinn,1964-05,2910.0,31546.660194
tinn,1964-06,3265.0,35280.958065
tinn,1964-07,3452.0,37181.702894
tinn,1964-08,3512.0,37949.992258
tinn,1964-09,3933.0,42362.58328
tinn,1964-10,4372.0,47091.0791
tinn,1964-11,4105.0,44073.490385
tinn,1964-12,3633.0,39005.844231
tinn,1965-01,3457.0,37116.213462
tinn,1965-02,3391.0,36407.601923
tinn,1965-03,3585.0,38367.517572
tinn,1965-04,3944.0,42075.194904
tinn,1965-05,4215.0,44966.264331
tinn,1965-06,4132.0,43801.81519
tinn,1965-07,3966.0,42042.110127
tinn,1965-08,4092.0,43377.789873
tinn,1965-09,4209.0,44618.063924
tinn,1965-10,4010.0,42374.44164
tinn,1965-11,3821.0,40377.242271
tinn,1965-12,3869.0,40755.9
tinn,1966-01,3926.0,41356.335849
tinn,1966-02,3878.0,40595.38875
tinn,1966-03,3772.0,39362.758879
tinn,1966-04,3763.0,39025.688545
tinn,1966-05,3688.0,38247.871207
tinn,1966-06,3516.0,36351.533333
tinn,1966-07,3514.0,36219.068308
tinn,1966-08,3428.0,35116.557798
tinn,1966-09,3378.0,34604.355963
tinn,1966-10,3362.0,34231.08693
tinn,1966-11,3320.0,33803.452888
tinn,1966-12,3336.0,33966.361094
tinn,1967-01,3303.0,33630.362918
tinn,1967-02,3309.0,33691.453495
tinn,1967-03,3318.0,33680.716364
tinn,1967-04,3351.0,33912.929909
tinn,1967-05,3358.0,33881.410843
tinn,1967-06,3367.0,33870.2
tinn,1967-07,3362.0,33718.645509
tinn,1967-08,3292.0,32918.034627
tinn,1967-09,3267.0,32570.823214
tinn,1967-10,3281.0,32613.334718
tinn,1967-11,3298.0,32685.326627
tinn,1967-12,3192.0,31541.479646
tinn,1968-01,3126.0,30708.137243
tinn,1968-02,3111.0,30471.426316
tinn,1968-03,3113.0,30402.1207
tinn,1968-04,3106.0,30245.577907
tinn,1968-05,3084.0,29944.29913
tinn,1968-06,3084.0,29771.70951
tinn,1968-07,3075.0,29514.713467
tinn,1968-08,3062.0,29305.964571
tinn,1968-09,3071.0,29308.364103
tinn,1968-10,3111.0,29521.891785
tinn,1968-11,3320.0,31416.20339
tinn,1968-12,3258.0,30742.671549
tinn,1969-01,3228.0,30374.029213
tinn,1969-02,3245.0,30363.410615
tinn,1969-03,3243.0,30092.524654
tinn,1969-04,3305.0,30498.867769
tinn,1969-05,3355.0,30875.217033
tinn,1969-06,3380.0,30935.311475
tinn,1969-07,3439.0,31304.245109
tinn,1969-08,3470.0,31415.691892
tinn,1969-09,3470.0,31331.013477
tinn,1969-10,3534.0,31737.783378
tinn,1969-11,3642.0,32533.2576
tinn,1969-12,3818.0,33924.499735
tinn,1970-01,3843.0,34056.3
tinn,1970-02,3768.0,33215.911579
tinn,1970-03,3796.0,33287.541361
tinn,1970-04,3849.0,33489.299221
tinn,1970-05,3737.0,32430.576684
tinn,1970-06,3543.0,30588.508763
tinn,1970-07,3499.0,30053.718462
tinn,1970-08,3620.0,31093.015385
tinn,1970-09,3646.0,31156.558163
tinn,1970-10,3669.0,31193.949746
tinn,1970-11,3616.0,30588.072727
tinn,1970-12,3497.0,29432.790452
tinn,1971-01,3466.0,29171.876382
tinn,1971-02,3464.0,29081.972932
tinn,1971-03,3527.0,29536.8615
tinn,1971-04,3563.0,29763.933666
tinn,1971-05,3521.0,29267.111166
tinn,1971-06,3448.0,28448.547783
tinn,1971-07,3457.0,28452.723833
tinn,1971-08,3479.0,28563.613235
tinn,1971-09,3525.0,28941.286765
tinn,1971-10,3490.0,28583.867971
tinn,1971-11,3534.0,28944.237653
tinn,1971-12,3671.0,29919.989781
tinn,1972-01,3627.0,29561.373723
tinn,1972-02,3631.0,29450.662954
tinn,1972-03,3790.0,30666.043478
tinn,1972-04,3845.0,31036.098795
tinn,1972-05,3766.0,30325.352885
tinn,1972-06,3741.0,30051.802878
tinn,1972-07,3732.0,29836.404773
tinn,1972-08,3755.0,29948.807143
tinn,1972-09,3803.0,30259.594774
tinn,1972-10,3759.0,29768.080851
tinn,1972-11,3702.0,29247.546226
tinn,1972-12,3730.0,29399.421176
tinn,1973-01,3790.0,29802.211268
tinn,1973-02,4028.0,31452.201399
tinn,1973-03,4288.0,33173.077136
tinn,1973-04,4270.0,32806.527523
tinn,1973-05,4348.0,33177.517995
tinn,1973-06,4531.0,34339.239367
tinn,1973-07,4963.0,37528.346275
tinn,1973-08,5005.0,37174.609756
tinn,1973-09,5011.0,37136.831416
tinn,1973-10,5359.0,39367.496053
tinn,1973-11,5573.0,40671.972549
tinn,1973-12,6462.0,46853.696104
tinn,1974-01,6504.0,46753.43176
tinn,1974-02,7419.0,52652.894492
tinn,1974-03,8219.0,57598.339331
tinn,1974-04,9207.0,64253.35125
tinn,1974-05,9306.0,64142.466667
tinn,1974-06,9041.0,61807.228163
tinn,1974-07,8547.0,57956.964777
tinn,1974-08,8788.0,58876.0848
tinn,1974-09,9167.0,60686.989328
tinn,1974-10,7410.0,48575.377691
tinn,1974-11,7403.0,48152.561942
tinn,1974-12,7203.0,46490.576879
tinn,1975-01,7677.0,49359.720921
tinn,1975-02,7557.0,48217.978286
tinn,1975-03,7383.0,46928.981784
tinn,1975-04,7130.0,45149.478261
tinn,1975-05,6898.0,43434.060902
tinn,1975-06,6927.0,43291.165299
tinn,1975-07,6810.0,42088.815498
tinn,1975-08,6775.0,41795.38674
tinn,1975-09,6559.0,40240.546154
tinn,1975-10,6347.0,38727.104918
tinn,1975-11,6281.0,38047.185895
tinn,1975-12,6175.0,37270.297297
tinn,1976-01,6241.0,37600.902518
tinn,1976-02,6508.0,39068.993548
tinn,1976-03,6903.0,41366.134884
tinn,1976-04,7123.0,42532.309091
tinn,1976-05,7449.0,44164.000354
tinn,1976-06,7767.0,45806.155986
tinn,1976-07,8497.0,49848.074606
tinn,1976-08,8084.0,47177.322648
tinn,1976-09,7961.0,46298.190625
tinn,1976-10,7972.0,46121.944041
tinn,1976-11,8122.0,46908.751034
tinn,1976-12,8400.0,48347.628866
tinn,1977-01,9487.0,54324.021538
tinn,1977-02,10227.0,57966.843655
tinn,1977-03,10373.0,58399.118319
tinn,1977-04,9597.0,53580.051
tinn,1977-05,9844.0,54685.623881
tinn,1977-06,9628.0,53133.236244
tinn,1977-07,10417.0,57204.699344
tinn,1977-08,11310.0,61905.617647
tinn,1977-09,11158.0,60874.704235
tinn,1977-10,12154.0,66093.294156
tinn,1977-11,12677.0,68603.254604
tinn,1977-12,12785.0,68964.884058
tinn,1978-01,12121.0,64964.68128
tinn,1978-02,12150.0,64705.993641
tinn,1978-03,11422.0,60349.235962
tinn,1978-04,11006.0,57696.242254
tinn,1978-05,11704.0,60784.587907
tinn,1978-06,12357.0,63486.930368
tinn,1978-07,12414.0,63294.394521
tinn,1978-08,12995.0,65955.531818
tinn,1978-09,13889.0,69962.965714
tinn,1978-10,15256.0,76161.771684
tinn,1978-11,15036.0,74729.366172
tinn,1978-12,14154.0,70034.075628
tinn,1979-01,13854.0,67947.480527
tinn,1979-02,14526.0,70418.516353
tinn,1979-03,15022.0,72092.687106
tinn,1979-04,15137.0,71821.420113
tinn,1979-05,15362.0,71971.507133
tinn,1979-06,16136.0,74761.234855
tinn,1979-07,15781.0,72316.270588
tinn,1979-08,14793.0,67145.787805
tinn,1979-09,15399.0,69146.876944
tinn,1979-10,16012.0,71325.794681
tinn,1979-11,16361.0,72208.271146
tinn,1979-12,16987.0,74189.116819
tinn,1980-01,17013.0,73252.117481
tinn,1980-02,17100.0,72600.228137
tinn,1980-03,17470.0,73059.932584
tinn,1980-04,17017.0,70374.748889
tinn,1980-05,17042.0,69788.865037
tinn,1980-06,17224.0,69766.572189
tinn,1980-07,17091.0,69227.849819
tinn,1980-08,17018.0,68435.64994
tinn,1980-09,17308.0,69021.831429
tinn,1980-10,16692.0,65937.336792
tinn,1980-11,15616.0,61181.844211
tinn,1980-12,14707.0,57086.336732
tinn,1981-01,14333.0,55186.992414
tinn,1981-02,13633.0,51954.292833
tinn,1981-03,13633.0,51602.060339
tinn,1981-04,13365.0,50247.0
tinn,1981-05,12664.0,47240.386637
tinn,1981-06,12604.0,46601.411921
tinn,1981-07,13358.0,48850.031004
tinn,1981-08,14485.0,52569.72156
tinn,1981-09,14935.0,53679.466738
tinn,1981-10,15113.0,54202.920128
tinn,1981-11,15836.0,56614.122519
tinn,1981-12,15952.0,56846.818723
tinn,1982-01,16133.0,57308.932556
tinn,1982-02,15993.0,56631.449683
tinn,1982-03,12766.0,45252.430476
tinn,1982-04,12618.0,44539.279663
tinn,1982-05,12736.0,44533.458038
tinn,1982-06,11087.0,38287.86866
tinn,1982-07,11317.0,38881.729846
tinn,1982-08,12196.0,41815.927124
tinn,1982-09,12676.0,43372.895608
tinn,1982-10,12414.0,42346.657026
tinn,1982-11,11982.0,40956.432245
tinn,1982-12,11993.0,41162.040369
tinn,1983-01,12083.0,41386.128221
tinn,1983-02,13034.0,44597.848008
tinn,1983-03,13426.0,45939.13667
tinn,1983-04,13793.0,46859.829006
tinn,1983-05,13523.0,45664.662702
tinn,1983-06,13354.0,44958.019296
tinn,1983-07,13193.0,44238.14955
tinn,1983-08,12826.0,42878.777246
tinn,1983-09,12755.0,42429.691162
tinn,1983-10,12751.0,42290.395842
tinn,1983-11,12773.0,42279.639723
tinn,1983-12,12346.0,40825.894176
tinn,1984-01,12118.0,39835.992542
tinn,1984-02,12298.0,40230.312891
tinn,1984-03,12406.0,40504.501754
tinn,1984-04,12445.0,40434.782735
tinn,1984-05,12583.0,40764.539072
tinn,1984-06,12662.0,40901.800964
tinn,1984-07,12439.0,40027.053026
tinn,1984-08,12302.0,39434.679043
tinn,1984-09,12091.0,38573.744571
tinn,1984-10,11745.0,37363.153846
tinn,1984-11,11991.0,38145.728205
tinn,1984-12,11722.0,37289.986325
tinn,1985-01,11073.0,35158.611754
tinn,1985-02,10946.0,34591.425283
tinn,1985-03,11211.0,35295.684023
tinn,1985-04,11806.0,36995.078391
tinn,1985-05,11910.0,37181.84343
tinn,1985-06,12386.0,38560.058364
tinn,1985-07,12756.0,39638.264193
tinn,1985-08,12647.0,39226.778333
tinn,1985-09,12325.0,38122.146814
tinn,1985-10,12391.0,38185.254646
tinn,1985-11,9903.0,30434.008624
tinn,1985-12,9114.0,27932.367063
tinn,1986-01,7910.0,24176.020073
tinn,1986-02,7923.0,24282.21903
tinn,1986-03,7314.0,22518.784191
tinn,1986-04,5686.0,17538.639779
tinn,1986-05,5474.0,16838.204959
tinn,1986-06,5378.0,16452.259726
tinn,1986-07,5387.0,16479.792329
tinn,1986-08,5404.0,16501.658341
tinn,1986-09,5397.0,16405.508711
tinn,1986-10,5543.0,16834.035721
tinn,1986-11,6092.0,18484.584783
tinn,1986-12,6428.0,19486.438371
tinn,1987-01,6713.0,20222.308813
tinn,1987-02,6688.0,20074.787097
tinn,1987-03,6632.0,19817.906869
tinn,1987-04,6700.0,19914.516415
tinn,1987-05,6747.0,19983.289655
tinn,1987-06,6610.0,19508.526872
tinn,1987-07,6405.0,18853.663445
tinn,1987-08,6556.0,19196.930769
tinn,1987-09,6406.0,18659.842435
tinn,1987-10,6764.0,19651.385256
tinn,1987-11,6927.0,20107.508319
tinn,1987-12,6829.0,19823.036568
tinn,1988-01,6808.0,19710.836992
tinn,1988-02,6690.0,19319.105172
tinn,1988-03,6773.0,19474.845837
tinn,1988-04,6753.0,19317.847481
tinn,1988-05,6778.0,19323.356936
tinn,1988-06,7036.0,19973.892203
tinn,1988-07,7149.0,20209.046582
tinn,1988-08,7323.0,20613.937311
tinn,1988-09,7409.0,20716.751419
tinn,1988-10,7253.0,20213.061065
tinn,1988-11,7312.0,20360.546633
tinn,1988-12,7337.0,20396.25112
tinn,1989-01,7410.0,20497.12469
tinn,1989-02,7874.0,21691.056908
tinn,1989-03,8761.0,23996.400491
tinn,1989-04,10196.0,27745.378392
tinn,1989-05,10144.0,27447.7958
tinn,1989-06,9936.0,26819.994198
tinn,1989-07,9605.0,25864.01045
tinn,1989-08,8716.0,23432.469342
tinn,1989-09,8270.0,22162.2768
tinn,1989-10,7922.0,21128.276752
tinn,1989-11,6837.0,18191.09023
tinn,1989-12,6744.0,17915.187312
tinn,1990-01,6592.0,17332.717111
tinn,1990-02,6156.0,16110.444375
tinn,1990-03,6271.0,16322.141259
tinn,1990-04,6391.0,16608.667029
tinn,1990-05,6325.0,16398.982198
tinn,1990-06,6096.0,15720.077598
tinn,1990-07,5924.0,15217.956442
tinn,1990-08,5905.0,15030.827508
tinn,1990-09,5707.0,14406.411907
tinn,1990-10,6061.0,15208.342921
tinn,1990-11,5981.0,14973.956502
tinn,1990-12,5615.0,14057.643498
tinn,1991-01,5623.0,13994.00104
tinn,1991-02,5584.0,13876.322849
tinn,1991-03,5517.0,13689.516
tinn,1991-04,5560.0,13775.804734
tinn,1991-05,5702.0,14085.958407
tinn,1991-06,5711.0,14066.696912
tinn,1991-07,5670.0,13945.202643
tinn,1991-08,5639.0,13828.347145
tinn,1991-09,5570.0,13599.406706
tinn,1991-10,5550.0,13530.851528
tinn,1991-11,5506.0,13384.614514
tinn,1991-12,5510.0,13384.625091
tinn,1992-01,5477.0,13285.195221
tinn,1992-02,5616.0,13573.215584
tinn,1992-03,5632.0,13543.484279
tinn,1992-04,5839.0,14021.134194
tinn,1992-05,6121.0,14677.255404
tinn,1992-06,6619.0,15814.78331
tinn,1992-07,6989.0,16663.168826
tinn,1992-08,6780.0,16118.980837
tinn,1992-09,6643.0,15748.564331
tinn,1992-10,6017.0,14214.207757
tinn,1992-11,5723.0,13500.637606
tinn,1992-12,5756.0,13588.054123
tinn,1993-01,5901.0,13861.970407
tinn,1993-02,5791.0,13556.038994
tinn,1993-03,5659.0,13200.917967
tinn,1993-04,5591.0,13006.06375
tinn,1993-05,5504.0,12785.921775
tinn,1993-06,5113.0,11861.16856
tinn,1993-07,4973.0,11536.395706
tinn,1993-08,4809.0,11125.129972
tinn,1993-09,4494.0,10374.91468
tinn,1993-10,4681.0,10762.123404
tinn,1993-11,4641.0,10662.840741
tinn,1993-12,4778.0,10977.602469
tinn,1994-01,4943.0,11325.623393
tinn,1994-02,5443.0,12428.739877
tinn,1994-03,5405.0,12300.046875
tinn,1994-04,5386.0,12240.17829
tinn,1994-05,5504.0,12499.863864
tinn,1994-06,5509.0,12468.951486
tinn,1994-07,5311.0,11988.401482
tinn,1994-08,5162.0,11605.14604
tinn,1994-09,5321.0,11930.579518
tinn,1994-10,5474.0,12265.421538
tinn,1994-11,6161.0,13786.317836
tinn,1994-12,5947.0,13307.455311
tinn,1995-01,6199.0,13815.97485
tinn,1995-02,5478.0,12160.506561
tinn,1995-03,5532.0,12239.824042
tinn,1995-04,5872.0,12949.325609
tinn,1995-05,5927.0,13044.851905
tinn,1995-06,6671.0,14653.452984
tinn,1995-07,6669.0,14649.059803
tinn,1995-08,6992.0,15318.379071
tinn,1995-09,6328.0,13836.510705
tinn,1995-10,6221.0,13558.299154
tinn,1995-11,6387.0,13929.148828
tinn,1995-12,6290.0,13726.54202
tinn,1996-01,6272.0,13607.47772
tinn,1996-02,6196.0,13399.2
tinn,1996-03,6196.0,13330.353757
tinn,1996-04,6481.0,13889.989635
tinn,1996-05,6412.0,13715.783908
tinn,1996-06,6192.0,13236.733631
tinn,1996-07,6250.0,13335.191083
tinn,1996-08,6110.0,13011.619835
tinn,1996-09,6102.0,12953.409125
tinn,1996-10,5942.0,12573.917625
tinn,1996-11,5992.0,12655.738714
tinn,1996-12,5836.0,12326.250189
tinn,1997-01,5878.0,12375.942426
tinn,1997-02,5883.0,12347.665038
tinn,1997-03,5909.0,12371.230125
tinn,1997-04,5713.0,11945.947191
tinn,1997-05,5711.0,11949.22411
tinn,1997-06,5566.0,11631.308047
tinn,1997-07,5443.0,11360.100561
tinn,1997-08,5428.0,11307.658209
tinn,1997-09,5496.0,11420.906203
tinn,1997-10,5561.0,11527.374876
tinn,1997-11,5658.0,11735.707988
tinn,1997-12,5514.0,11451.207192
tinn,1998-01,5206.0,10791.496782
tinn,1998-02,5243.0,10848.055219
tinn,1998-03,5477.0,11311.254377
tinn,1998-04,5715.0,11780.988923
tinn,1998-05,5875.0,12088.498157
tinn,1998-06,5970.0,12268.899387
tinn,1998-07,5654.0,11605.250735
tinn,1998-08,5692.0,11668.948348
tinn,1998-09,5486.0,11232.886797
tinn,1998-10,5432.0,11095.19122
tinn,1998-11,5478.0,11189.149024
tinn,1998-12,5258.0,10746.338255
tinn,1999-01,5110.0,10418.428484
tinn,1999-02,5269.0,10729.541763
tinn,1999-03,5360.0,10881.774545
tinn,1999-04,5393.0,10869.718051
tinn,1999-05,5649.0,11385.692058
tinn,1999-06,5266.0,10613.74657
tinn,1999-07,5230.0,10509.570486
tinn,1999-08,5230.0,10484.412926
tinn,1999-09,5343.0,10659.905539
tinn,1999-10,5431.0,10816.149703
tinn,1999-11,5842.0,11627.766845
tinn,1999-12,5721.0,11386.931551
tinn,2000-01,5928.0,11763.989573
tinn,2000-02,5642.0,11130.489753
tinn,2000-03,5458.0,10679.444159
tinn,2000-04,5384.0,10528.501576
tinn,2000-05,5451.0,10647.090262
tinn,2000-06,5457.0,10603.166241
tinn,2000-07,5344.0,10359.566667
tinn,2000-08,5305.0,10283.963542
tinn,2000-09,5474.0,10556.594819
tinn,2000-10,5282.0,10168.76069
tinn,2000-11,5270.0,10139.831132
tinn,2000-12,5234.0,10076.352414
tinn,2001-01,5171.0,9892.527584
tinn,2001-02,5122.0,9759.769966
tinn,2001-03,5046.0,9593.127582
tinn,2001-04,4949.0,9371.486829
tinn,2001-05,4945.0,9321.756331
tinn,2001-06,4828.0,9085.862022
tinn,2001-07,4351.0,8211.256225
tinn,2001-08,3896.0,7352.575099
tinn,2001-09,3695.0,6941.957936
tinn,2001-10,3751.0,7070.962183
tinn,2001-11,4042.0,7632.407892
tinn,2001-12,4019.0,7619.041426
tinn,2002-01,3862.0,7304.871598
tinn,2002-02,3731.0,7029.304724
tinn,2002-03,3843.0,7199.821812
tinn,2002-04,4024.0,7496.993993
tinn,2002-05,4150.0,7731.740823
tinn,2002-06,4286.0,7980.679711
tinn,2002-07,4331.0,8055.515713
tinn,2002-08,3834.0,7107.433979
tinn,2002-09,3957.0,7323.292044
tinn,2002-10,4242.0,7837.755985
tinn,2002-11,4230.0,7815.584115
tinn,2002-12,4237.0,7845.827861
tinn,2003-01,4436.0,8178.157843
tinn,2003-02,4571.0,8362.608301
tinn,2003-03,4605.0,8374.5
tinn,2003-04,4566.0,8321.64679
tinn,2003-05,4737.0,8647.412861
tinn,2003-06,4695.0,8561.410452
tinn,2003-07,4739.0,8632.246982
tinn,2003-08,4823.0,8751.942254
tinn,2003-09,4912.0,8884.566739
tinn,2003-10,5237.0,9482.650054
tinn,2003-11,5363.0,9737.115122
tinn,2003-12,6058.0,11010.899837
tinn,2004-01,6485.0,11729.726242
tinn,2004-02,6673.0,12004.949194
tinn,2004-03,7620.0,13620.851654
tinn,2004-04,8956.0,15957.877021
tinn,2004-05,9459.0,16756.085775
tinn,2004-06,9205.0,16254.564576
tinn,2004-07,9044.0,15995.560296
tinn,2004-08,9022.0,15948.229868
tinn,2004-09,9020.0,15911.109005
tinn,2004-10,9045.0,15871.629649
tinn,2004-11,9070.0,15907.165445
tinn,2004-12,8554.0,15057.377404
tinn,2005-01,7736.0,13588.91075
tinn,2005-02,8089.0,14127.493326
tinn,2005-03,8407.0,14568.943921
tinn,2005-04,8144.0,14018.895786
tinn,2005-05,8125.0,14000.578704
tinn,2005-06,7619.0,13121.915784
tinn,2005-07,7169.0,12290.028762
tinn,2005-08,7189.0,12261.564257
tinn,2005-09,6784.0,11431.108249
tinn,2005-10,6423.0,10801.087048
tinn,2005-11,6160.0,10442.696356
tinn,2005-12,6714.0,11428.128659
tinn,2006-01,7051.0,11910.963086
tinn,2006-02,7826.0,13193.525315
tinn,2006-03,7940.0,13312.018018
tinn,2006-04,8853.0,14717.508387
tinn,2006-05,8837.0,14618.361778
tinn,2006-06,7896.0,13035.988566
tinn,2006-07,8419.0,13858.460049
tinn,2006-08,8502.0,13967.630996
tinn,2006-09,9039.0,14923.037063
tinn,2006-10,9768.0,16214.492765
tinn,2006-11,10079.0,16755.649727
tinn,2006-12,11159.0,18523.497621
tinn,2007-01,11362.0,18803.072682
tinn,2007-02,12933.0,21289.030118
tinn,2007-03,13893.0,22662.925805
tinn,2007-04,14053.0,22775.969055
tinn,2007-05,14140.0,22777.783014
tinn,2007-06,14100.0,22669.41522
tinn,2007-07,14738.0,23701.195109
tinn,2007-08,15174.0,24447.190562
tinn,2007-09,15023.0,24137.390474
tinn,2007-10,16071.0,25766.089042
tinn,2007-11,16692.0,26603.701452
tinn,2007-12,16263.0,25937.361881
tinn,2008-01,16337.0,25926.512507
tinn,2008-02,17210.0,27232.859849
tinn,2008-03,19804.0,31068.262336
tinn,2008-04,21659.0,33773.533653
tinn,2008-05,24062.0,37207.285904
tinn,2008-06,22229.0,34029.981583
tinn,2008-07,23139.0,35238.049044
tinn,2008-08,20026.0,30619.526031
tinn,2008-09,18369.0,28124.889137
tinn,2008-10,14402.0,22276.008367
tinn,2008-11,13644.0,21515.674332
tinn,2008-12,11240.0,17909.960614
tinn,2009-01,11373.0,18043.352325
tinn,2009-02,11039.0,17426.796454
tinn,2009-03,10676.0,16812.859258
tinn,2009-04,11744.0,18448.720315
tinn,2009-05,13793.0,21605.094737
tinn,2009-06,14986.0,23273.867395
tinn,2009-07,14039.0,21837.763558
tinn,2009-08,14870.0,23078.62802
tinn,2009-09,14869.0,23062.650751
tinn,2009-10,15009.0,23257.399353
tinn,2009-11,14942.0,23137.203162
tinn,2009-12,15547.0,24116.500007
tinn,2010-01,17715.0,27385.910092
tinn,2010-02,16362.0,25287.983169
tinn,2010-03,17549.0,27011.611489
tinn,2010-04,18684.0,28708.752024
tinn,2010-05,17566.0,26969.990925
tinn,2010-06,17320.0,26618.280917
tinn,2010-07,18191.0,27950.980363
tinn,2010-08,20755.0,31846.668529
tinn,2010-09,22701.0,34812.377735
tinn,2010-10,26343.0,40347.207685
tinn,2010-11,25519.0,39068.726754
tinn,2010-12,26163.0,39985.955498
tinn,2011-01,27465.0,41776.861182
tinn,2011-02,31526.0,47718.707689
tinn,2011-03,30591.0,45856.315161
tinn,2011-04,32363.0,48202.172196
tinn,2011-05,28676.0,42510.694093
tinn,2011-06,25520.0,37872.646884
tinn,2011-07,27398.0,40623.675605
tinn,2011-08,24042.0,35549.622194
tinn,2011-09,22527.0,33258.970069
tinn,2011-10,21869.0,32354.232249
tinn,2011-11,21292.0,31527.18101
tinn,2011-12,19375.0,28759.604647
tinn,2012-01,21439.0,31683.922176
tinn,2012-02,24293.0,35744.363994
tinn,2012-03,22985.0,33564.881513
tinn,2012-04,22201.0,32322.363387
tinn,2012-05,20405.0,29742.475034
tinn,2012-06,19271.0,28130.799379
tinn,2012-07,18546.0,27116.676618
tinn,2012-08,18773.0,27296.670009
tinn,2012-09,20771.0,30067.671159
tinn,2012-10,21234.0,30749.859803
tinn,2012-11,20713.0,30138.174797
tinn,2012-12,22881.0,33382.595808
tinn,2013-01,24546.0,35706.179781
tinn,2013-02,24212.0,34934.209833
tinn,2013-03,23297.0,33526.349963
tinn,2013-04,21662.0,31205.889795
tinn,2013-05,20776.0,29876.341969
tinn,2013-06,20267.0,29074.618251
tinn,2013-07,19564.0,28055.055395
tinn,2013-08,21644.0,31000.513603
tinn,2013-09,22735.0,32525.316358
tinn,2013-10,23102.0,33135.690442
tinn,2013-11,22827.0,32808.260472
tinn,2013-12,22762.0,32717.646332
tinn,2014-01,22064.0,31596.807059
tinn,2014-02,22821.0,32560.465199
tinn,2014-03,23024.0,32639.898431
tinn,2014-04,23405.0,33070.994888
tinn,2014-05,23271.0,32767.211349
tinn,2014-06,22762.0,31990.932228
tinn,2014-07,22424.0,31528.19106
tinn,2014-08,22231.0,31309.135008
tinn,2014-09,21091.0,29681.273364
tinn,2014-10,19830.0,27976.959395
tinn,2014-11,20033.0,28416.794085
tinn,2014-12,19830.0,28289.241606
tinn,2015-01,19454.0,27884.063892
tinn,2015-02,18234.0,26022.381029
tinn,2015-03,17422.0,24716.441964
tinn,2015-04,15901.0,22512.846546
tinn,2015-05,15804.0,22262.037888
tinn,2015-06,15065.0,21146.982878
tinn,2015-07,15072.0,21155.390482
tinn,2015-08,15164.0,21314.711224
tinn,2015-09,15453.0,21754.800227
tinn,2015-10,15795.0,22246.273093
tinn,2015-11,14745.0,20811.33962
tinn,2015-12,14692.0,20807.636233
tinn,2016-01,13808.0,19523.391582
tinn,2016-02,15610.0,22053.121956
tinn,2016-03,16898.0,23770.396419
tinn,2016-04,17033.0,23847.239375
tinn,2016-05,16707.0,23296.566443
tinn,2016-06,16967.0,23581.664689
tinn,2016-07,17826.0,24815.705072
tinn,2016-08,18427.0,25628.823288
tinn,2016-09,19500.0,27056.140961
tinn,2016-10,20100.0,27853.910784
tinn,2016-11,21126.0,29321.315583
tinn,2016-12,21204.0,29419.944001
tinn,2017-01,20692.0,28543.216534
tinn,2017-02,19446.0,26740.315513
tinn,2017-03,19875.0,27308.040164
tinn,2017-04,19910.0,27275.244148
tinn,2017-05,20200.0,27648.890832
tinn,2017-06,19659.0,26884.006532
tinn,2017-07,20223.0,27674.379009
tinn,2017-08,20521.0,27998.340576
tinn,2017-09,20797.0,28225.456954
tinn,2017-10,20376.0,27671.570037
tinn,2017-11,19558.0,26560.041351
tinn,2017-12,19476.0,26464.240723
tinn,2018-01,20697.0,27970.972578
tinn,2018-02,21652.0,29129.514561
tinn,2018-03,21212.0,28473.179192
tinn,2018-04,21291.0,28466.06683
tinn,2018-05,20859.0,27772.977328
tinn,2018-06,20661.0,27465.571037
tinn,2018-07,19730.0,26226.18271
tinn,2018-08,19229.0,25546.03452
tinn,2018-09,18967.0,25168.71664
tinn,2018-10,19121.0,25328.32149
tinn,2018-11,19065.0,25339.011181
tinn,2018-12,19260.0,25680.204432
tinn,2019-01,20458.0,27225.642162
tinn,2019-02,21264.0,28179.157515
tinn,2019-03,21393.0,28191.073005
tinn,2019-04,20604.0,27008.342542
tinn,2019-05,19524.0,25538.281243
tinn,2019-06,19193.0,25100.319509
tinn,2019-07,17978.0,23472.140031
tinn,2019-08,16609.0,21685.867601
tinn,2019-09,16831.0,21958.522895
tinn,2019-10,16603.0,21611.654893
tinn,2019-11,16335.0,21274.215032
tinn,2019-12,17141.0,22344.253426
tinn,2020-01,17029.0,22112.463882
tinn,2020-02,16480.0,21341.089695
tinn,2020-03,15291.0,19844.56223
tinn,2020-04,14953.0,19536.547746
tinn,2020-05,15402.0,20122.787429
tinn,2020-06,16838.0,21879.204335
tinn,2020-07,17470.0,22586.175275
tinn,2020-08,17650.0,22747.162567
tinn,2020-09,17951.0,23102.912172
tinn,2020-10,18177.0,23384.070925
tinn,2020-11,18522.0,23842.460141
tinn,2020-12,19732.0,25376.142571
tinn,2021-01,21920.0,28070.592013
tinn,2021-02,26316.0,33516.594858
tinn,2021-03,27061.0,34223.030992
tinn,2021-04,28328.0,35533.313262
tinn,2021-05,32246.0,40126.172774
tinn,2021-06,32503.0,40073.666672
tinn,2021-07,34020.0,41743.202822
tinn,2021-08,35024.0,42886.530612
tinn,2021-09,34887.0,42603.066822
tinn,2021-10,37723.0,45686.742929
tinn,2021-11,39159.0,47194.01406
tinn,2021-12,39423.0,47366.649235
tinn,2022-01,41792.0,49794.002305
tinn,2022-02,43983.0,51930.188428
tinn,2022-03,43950.0,51207.534504
tinn,2022-04,42991.0,49812.095715
tinn,2022-05,35769.0,40992.34892
tinn,2022-06,31559.0,35677.493647
tinn,2022-07,25396.0,28713.605152
tinn,2022-08,24647.0,27876.639036
tinn,2022-09,21124.0,23840.7237
tinn,2022-10,19391.0,21796.428265
tinn,2022-11,21250.0,23910.184709
tinn,2022-12,24172.0,27281.733171
tinn,2023-01,28154.0,31523.972725
tinn,2023-02,26863.0,29911.473674
tinn,2023-03,24000.0,26635.391405
tinn,2023-04,25794.0,28482.293886
tinn,2023-05,25534.0,28124.36686
tinn,2023-06,27217.0,29881.618241
tinn,2023-07,28743.0,31496.936907
tinn,2023-08,26075.0,28449.067831
tinn,2023-09,25574.0,27833.283581
tinn,2023-10,24536.0,26713.825092
tinn,2023-11,24168.0,26366.293026
tinn,2023-12,24600.0,26864.272069
tinn,2024-01,25100.0,27261.78518
tinn,2024-02,26104.0,28177.844976
tinn,2024-03,27450.0,29440.470397
tinn,2024-04,31775.0,33946.922002
tinn,2024-05,32978.0,35173.705269
tinn,2024-06,32033.0,34154.259059
tinn,2024-07,31860.0,33930.383417
tinn,2024-08,31492.0,33511.19506
tinn,2024-09,31472.0,33436.273783
tinn,2024-10,32012.0,33970.866998
tinn,2024-11,29655.0,31486.695109
tinn,2024-12,28865.0,30637.023178
tinn,2025-01,29612.0,31225.474658
tinn,2025-02,31833.0,33419.053221
tinn,2025-03,34048.0,35664.273622
tinn,2025-04,32565.0,34004.96797
tinn,2025-05,31981.0,33325.542065
tinn,2025-06,32544.0,33796.984508
tinn,2025-07,33610.0,34851.408459
tinn,2025-08,33834.0,34983.188014
tinn,2025-09,34484.0,35564.810099
tinn,2025-10,36012.0,37140.701232
tinn,2025-11,36963.0,38201.250578
tinn,2025-12,41220.0,42609.798367
tinn,2026-01,49538.0,51019.637819
tinn,2026-02,48694.0,49915.131111
tinn,2026-03,47324.0,48007.175732
tinn,2026-04,48806.0,49093.249294
tinn,2026-05,53563.0,53540.144186
tinn,2026-06,53037.0,53200.263092
tinn,2026-07,52971.0,53139.470109
tinn,2026-08,55385.0,55385.0
tinn,2026-09,53712.0,53712.0
jernmalm,2010-01,125.7,194.321699
jernmalm,2010-02,127.5,197.055241
jernmalm,2010-03,139.7,215.027758
jernmalm,2010-04,172.5,265.053507
jernmalm,2010-05,161.4,247.805792
jernmalm,2010-06,143.6,220.691983
jernmalm,2010-07,126.4,194.217136
jernmalm,2010-08,145.3,222.949696
jernmalm,2010-09,140.6,215.612542
jernmalm,2010-10,148.5,227.444116
jernmalm,2010-11,156.1,238.983826
jernmalm,2010-12,163.1,249.27223
jernmalm,2011-01,179.2,272.580139
jernmalm,2011-02,187.2,283.351585
jernmalm,2011-03,169.4,253.932849
jernmalm,2011-04,179.3,267.053409
jernmalm,2011-05,177.1,262.541635
jernmalm,2011-06,170.9,253.622075
jernmalm,2011-07,173.0,256.511274
jernmalm,2011-08,177.5,262.459776
jernmalm,2011-09,177.2,261.618924
jernmalm,2011-10,150.4,222.510244
jernmalm,2011-11,135.5,200.635592
jernmalm,2011-12,136.4,202.467617
jernmalm,2012-01,140.3,207.344292
jernmalm,2012-02,140.4,206.582501
jernmalm,2012-03,144.7,211.304692
jernmalm,2012-04,147.6,214.890358
jernmalm,2012-05,136.6,199.109144
jernmalm,2012-06,134.7,196.628025
jernmalm,2012-07,127.9,187.006521
jernmalm,2012-08,107.5,156.309169
jernmalm,2012-09,99.5,144.034148
jernmalm,2012-10,114.0,165.088256
jernmalm,2012-11,120.4,175.186417
jernmalm,2012-12,128.5,187.477102
jernmalm,2013-01,150.5,218.926915
jernmalm,2013-02,154.6,223.064135
jernmalm,2013-03,139.9,201.327912
jernmalm,2013-04,137.4,197.935983
jernmalm,2013-05,124.0,178.314709
jernmalm,2013-06,114.8,164.689701
jernmalm,2013-07,127.2,182.406617
jernmalm,2013-08,137.1,196.367142
jernmalm,2013-09,134.2,191.990211
jernmalm,2013-10,132.6,190.191003
jernmalm,2013-11,136.3,195.898099
jernmalm,2013-12,135.8,195.196221
jernmalm,2014-01,128.1,183.445929
jernmalm,2014-02,121.4,173.21066
jernmalm,2014-03,111.8,158.492905
jernmalm,2014-04,114.6,161.928477
jernmalm,2014-05,100.6,141.651904
jernmalm,2014-06,92.7,130.285538
jernmalm,2014-07,96.1,135.116802
jernmalm,2014-08,92.6,130.413652
jernmalm,2014-09,82.4,115.961165
jernmalm,2014-10,81.1,114.419133
jernmalm,2014-11,73.7,104.54339
jernmalm,2014-12,68.4,97.578625
jernmalm,2015-01,68.2,97.753324
jernmalm,2015-02,62.8,89.624083
jernmalm,2015-03,58.1,82.425972
jernmalm,2015-04,52.3,74.047033
jernmalm,2015-05,60.3,84.940577
jernmalm,2015-06,62.6,87.872627
jernmalm,2015-07,52.4,73.549792
jernmalm,2015-08,56.2,78.995435
jernmalm,2015-09,57.0,80.244846
jernmalm,2015-10,53.1,74.788041
jernmalm,2015-11,46.9,66.195444
jernmalm,2015-12,40.5,57.358376
jernmalm,2016-01,41.9,59.2432
jernmalm,2016-02,46.8,66.116983
jernmalm,2016-03,56.2,79.056473
jernmalm,2016-04,60.9,85.263716
jernmalm,2016-05,55.1,76.832514
jernmalm,2016-06,52.0,72.272444
jernmalm,2016-07,57.3,79.767749
jernmalm,2016-08,60.9,84.701543
jernmalm,2016-09,57.8,80.197177
jernmalm,2016-10,59.1,81.898812
jernmalm,2016-11,73.1,101.457359
jernmalm,2016-12,80.0,110.997714
jernmalm,2017-01,80.4,110.90637
jernmalm,2017-02,89.4,122.934496
jernmalm,2017-03,87.7,120.498874
jernmalm,2017-04,70.2,96.168867
jernmalm,2017-05,62.4,85.410435
jernmalm,2017-06,57.5,78.632198
jernmalm,2017-07,67.7,92.644784
jernmalm,2017-08,76.1,103.828942
jernmalm,2017-09,71.5,97.039004
jernmalm,2017-10,61.7,83.791513
jernmalm,2017-11,64.2,87.18451
jernmalm,2017-12,72.3,98.242175
jernmalm,2018-01,76.3,103.115679
jernmalm,2018-02,77.5,104.264612
jernmalm,2018-03,70.4,94.498954
jernmalm,2018-04,65.8,87.974599
jernmalm,2018-05,66.1,88.009675
jernmalm,2018-06,65.0,86.407343
jernmalm,2018-07,64.6,85.869813
jernmalm,2018-08,67.2,89.276276
jernmalm,2018-09,68.4,90.765024
jernmalm,2018-10,73.4,97.228116
jernmalm,2018-11,73.3,97.421952
jernmalm,2018-12,69.2,92.267401
jernmalm,2019-01,76.2,101.407466
jernmalm,2019-02,88.2,116.883074
jernmalm,2019-03,86.5,113.987183
jernmalm,2019-04,93.7,122.824777
jernmalm,2019-05,100.2,131.066164
jernmalm,2019-06,108.9,142.417798
jernmalm,2019-07,120.2,156.933543
jernmalm,2019-08,93.1,121.557847
jernmalm,2019-09,93.1,121.462687
jernmalm,2019-10,88.5,115.197944
jernmalm,2019-11,85.0,110.701456
jernmalm,2019-12,92.7,120.839641
jernmalm,2020-01,95.8,124.398029
jernmalm,2020-02,87.7,113.568784
jernmalm,2020-03,89.0,115.503632
jernmalm,2020-04,84.7,110.663117
jernmalm,2020-05,93.7,122.419503
jernmalm,2020-06,103.3,134.22745
jernmalm,2020-07,108.5,140.274758
jernmalm,2020-08,121.1,156.0726
jernmalm,2020-09,123.8,159.330429
jernmalm,2020-10,119.8,154.118485
jernmalm,2020-11,124.4,160.134005
jernmalm,2020-12,155.4,199.850626
jernmalm,2021-01,169.6,217.188522
jernmalm,2021-02,163.8,208.619024
jernmalm,2021-03,168.2,212.716227
jernmalm,2021-04,179.8,225.532679
jernmalm,2021-05,207.7,258.457052
jernmalm,2021-06,214.4,264.338496
jernmalm,2021-07,214.1,262.704871
jernmalm,2021-08,162.2,198.612245
jernmalm,2021-09,124.5,152.036054
jernmalm,2021-10,122.9,148.845551
jernmalm,2021-11,96.2,115.939226
jernmalm,2021-12,117.0,140.575247
jernmalm,2022-01,132.5,157.870054
jernmalm,2022-02,142.8,168.602208
jernmalm,2022-03,152.1,177.216519
jernmalm,2022-04,151.3,175.305764
jernmalm,2022-05,131.2,150.359143
jernmalm,2022-06,130.7,147.756533
jernmalm,2022-07,108.6,122.786955
jernmalm,2022-08,108.9,123.169797
jernmalm,2022-09,99.8,112.635118
jernmalm,2022-10,92.6,104.086909
jernmalm,2022-11,93.3,104.979776
jernmalm,2022-12,111.8,126.183095
jernmalm,2023-01,122.2,136.827075
jernmalm,2023-02,127.6,142.080335
jernmalm,2023-03,128.4,142.499344
jernmalm,2023-04,117.4,129.635625
jernmalm,2023-05,105.2,115.872303
jernmalm,2023-06,113.5,124.611958
jernmalm,2023-07,114.4,125.360943
jernmalm,2023-08,110.2,120.233453
jernmalm,2023-09,121.0,131.689502
jernmalm,2023-10,119.0,129.562487
jernmalm,2023-11,131.1,143.024703
jernmalm,2023-12,137.1,149.719175
jernmalm,2024-01,135.8,147.496033
jernmalm,2024-02,124.4,134.283019
jernmalm,2024-03,109.8,117.761882
jernmalm,2024-04,112.8,120.510238
jernmalm,2024-05,118.9,126.81647
jernmalm,2024-06,107.5,114.618763
jernmalm,2024-07,106.9,113.846767
jernmalm,2024-08,99.9,106.30536
jernmalm,2024-09,92.8,98.591961
jernmalm,2024-10,101.4,107.604833
jernmalm,2024-11,100.5,106.707566
jernmalm,2024-12,102.2,108.474061
jernmalm,2025-01,99.6,105.026924
jernmalm,2025-02,105.1,110.336522
jernmalm,2025-03,100.1,104.851791
jernmalm,2025-04,97.2,101.498016
jernmalm,2025-05,97.0,101.078064
jernmalm,2025-06,92.3,95.853665
jernmalm,2025-07,97.3,100.893842
jernmalm,2025-08,99.7,103.086358
jernmalm,2025-09,103.3,106.537666
jernmalm,2025-10,103.5,106.743935
jernmalm,2025-11,102.5,105.933722
jernmalm,2025-12,104.6,108.126757
jernmalm,2026-01,105.5,108.655412
jernmalm,2026-02,98.8,101.277672
jernmalm,2026-03,104.5,106.008576
jernmalm,2026-04,106.1,106.724455
jernmalm,2026-05,108.6,108.553659
jernmalm,2026-06,100.8,101.110291
jernmalm,2026-07,98.2,98.512317
jernmalm,2026-08,96.3,96.3
jernmalm,2026-09,97.7,97.7
kull,2000-01,25.1,49.810415
kull,2000-02,25.1,49.517067
kull,2000-03,25.1,49.112138
kull,2000-04,25.1,49.083468
kull,2000-05,25.6,50.002845
kull,2000-06,25.6,49.74181
kull,2000-07,25.6,49.626667
kull,2000-08,25.6,49.626667
kull,2000-09,27.2,52.45513
kull,2000-10,27.2,52.36469
kull,2000-11,27.2,52.334612
kull,2000-12,30.8,59.29531
kull,2001-01,32.1,61.409812
kull,2001-02,32.1,61.16529
kull,2001-03,32.6,61.977003
kull,2001-04,33.5,63.436009
kull,2001-05,33.8,63.715948
kull,2001-06,33.9,63.796753
kull,2001-07,34.0,64.165183
kull,2001-08,33.8,63.787741
kull,2001-09,32.8,61.622793
kull,2001-10,32.4,61.076826
kull,2001-11,29.4,55.515287
kull,2001-12,27.4,51.943701
kull,2002-01,27.4,51.826381
kull,2002-02,28.1,52.941159
kull,2002-03,27.8,52.08302
kull,2002-04,27.1,50.489199
kull,2002-05,26.9,50.116585
kull,2002-06,24.9,46.364658
kull,2002-07,23.2,43.151227
kull,2002-08,22.3,41.339535
kull,2002-09,22.7,42.011304
kull,2002-10,24.5,45.267568
kull,2002-11,24.5,45.267568
kull,2002-12,24.5,45.367662
kull,2003-01,24.9,45.905349
kull,2003-02,25.2,46.1032
kull,2003-03,24.4,44.373029
kull,2003-04,23.5,42.829325
kull,2003-05,23.3,42.534245
kull,2003-06,24.1,43.94675
kull,2003-07,24.4,44.445416
kull,2003-08,25.3,45.910043
kull,2003-09,26.7,48.293553
kull,2003-10,27.5,49.794324
kull,2003-11,29.9,54.286732
kull,2003-12,34.0,61.797721
kull,2004-01,37.8,68.370648
kull,2004-02,41.8,75.199592
kull,2004-03,48.9,87.409402
kull,2004-04,53.3,94.970394
kull,2004-05,56.4,99.909424
kull,2004-06,59.6,105.244112
kull,2004-07,61.4,108.594361
kull,2004-08,59.3,104.824876
kull,2004-09,55.4,97.72455
kull,2004-10,56.6,99.318324
kull,2004-11,52.8,92.601801
kull,2004-12,52.3,92.062291
kull,2005-01,53.0,93.098794
kull,2005-02,49.9,87.150688
kull,2005-03,50.9,88.207356
kull,2005-04,51.3,88.30665
kull,2005-05,51.3,88.3975
kull,2005-06,51.0,87.835373
kull,2005-07,50.9,87.259376
kull,2005-08,49.1,83.745
kull,2005-09,45.3,76.330956
kull,2005-10,42.5,71.469127
kull,2005-11,38.1,64.588755
kull,2005-12,38.2,65.021524
kull,2006-01,43.2,72.975976
kull,2006-02,47.7,80.41543
kull,2006-03,49.8,83.493514
kull,2006-04,52.9,87.94264
kull,2006-05,52.6,87.012089
kull,2006-06,52.4,86.51036
kull,2006-07,52.8,86.91373
kull,2006-08,50.9,83.621785
kull,2006-09,47.1,77.760266
kull,2006-10,44.1,73.204252
kull,2006-11,46.0,76.471861
kull,2006-12,49.8,82.666026
kull,2007-01,51.3,84.896816
kull,2007-02,52.9,87.078767
kull,2007-03,55.4,90.371129
kull,2007-04,56.1,90.922356
kull,2007-05,56.0,90.209042
kull,2007-06,61.6,99.038013
kull,2007-07,67.3,108.229775
kull,2007-08,69.4,111.811983
kull,2007-09,68.4,109.89799
kull,2007-10,74.8,119.924302
kull,2007-11,84.6,134.835439
kull,2007-12,91.0,145.13312
kull,2008-01,91.8,145.684878
kull,2008-02,132.0,208.874927
kull,2008-03,118.3,185.58753
kull,2008-04,123.0,191.797619
kull,2008-05,133.2,205.968352
kull,2008-06,159.8,244.634984
kull,2008-07,180.0,274.119401
kull,2008-08,158.4,242.191797
kull,2008-09,150.0,229.665925
kull,2008-10,108.0,167.046862
kull,2008-11,92.3,145.550919
kull,2008-12,78.7,125.401593
kull,2009-01,79.4,125.968713
kull,2009-02,75.4,119.03075
kull,2009-03,61.0,96.064482
kull,2009-04,63.6,99.909623
kull,2009-05,64.5,101.031582
kull,2009-06,71.4,110.887103
kull,2009-07,73.8,114.796421
kull,2009-08,72.5,112.521892
kull,2009-09,67.6,104.851381
kull,2009-10,71.1,110.173969
kull,2009-11,78.8,122.019248
kull,2009-12,83.1,128.904686
kull,2010-01,97.0,149.953897
kull,2010-02,94.2,145.589049
kull,2010-03,94.4,145.301506
kull,2010-04,100.2,153.961515
kull,2010-05,100.1,153.688722
kull,2010-06,98.2,150.918891
kull,2010-07,96.0,147.506685
kull,2010-08,89.8,137.78997
kull,2010-09,94.9,145.530798
kull,2010-10,97.5,149.331995
kull,2010-11,107.2,164.119578
kull,2010-12,118.3,180.802604
kull,2011-01,132.5,201.545025
kull,2011-02,128.4,194.350126
kull,2011-03,126.1,189.025574
kull,2011-04,122.5,182.454225
kull,2011-05,119.1,176.55962
kull,2011-06,120.1,178.23295
kull,2011-07,120.8,179.113074
kull,2011-08,120.1,177.58546
kull,2011-09,123.1,181.745426
kull,2011-10,119.4,176.647095
kull,2011-11,113.8,168.504283
kull,2011-12,111.6,165.655323
kull,2012-01,116.5,172.171134
kull,2012-02,117.0,172.152084
kull,2012-03,107.5,156.981717
kull,2012-04,103.6,150.830902
kull,2012-05,95.8,139.63877
kull,2012-06,87.2,127.290006
kull,2012-07,88.2,128.959931
kull,2012-08,91.0,132.317529
kull,2012-09,89.0,128.834564
kull,2012-10,81.9,118.602878
kull,2012-11,85.9,124.987651
kull,2012-12,92.9,135.53792
kull,2013-01,92.8,134.992809
kull,2013-02,94.9,136.926174
kull,2013-03,91.0,130.956683
kull,2013-04,87.8,126.48311
kull,2013-05,87.7,126.114516
kull,2013-06,82.8,118.783164
kull,2013-07,77.3,110.849304
kull,2013-08,77.0,110.286433
kull,2013-09,77.6,111.016694
kull,2013-10,79.4,113.88511
kull,2013-11,82.3,118.286233
kull,2013-12,84.3,121.171144
kull,2014-01,81.6,116.855487
kull,2014-02,76.3,108.863043
kull,2014-03,73.3,103.913506
kull,2014-04,72.8,102.86556
kull,2014-05,73.7,103.774805
kull,2014-06,71.5,100.489924
kull,2014-07,68.8,96.732944
kull,2014-08,68.9,97.035644
kull,2014-09,65.9,92.740786
kull,2014-10,63.7,89.870515
kull,2014-11,62.6,88.798049
kull,2014-12,62.4,89.019096
kull,2015-01,61.4,88.006658
kull,2015-02,69.1,98.615034
kull,2015-03,64.8,91.931204
kull,2015-04,56.2,79.568705
kull,2015-05,61.2,86.208347
kull,2015-06,59.0,82.819249
kull,2015-07,59.9,84.076957
kull,2015-08,59.1,83.071712
kull,2015-09,57.7,81.23031
kull,2015-10,54.3,76.478166
kull,2015-11,52.5,74.099378
kull,2015-12,52.2,73.928574
kull,2016-01,49.0,69.282024
kull,2016-02,50.3,71.061629
kull,2016-03,52.2,73.429678
kull,2016-04,50.7,70.983094
kull,2016-05,51.3,71.53372
kull,2016-06,52.9,73.523314
kull,2016-07,61.2,85.196968
kull,2016-08,67.4,93.741938
kull,2016-09,72.7,100.870843
kull,2016-10,94.2,130.539224
kull,2016-11,103.4,143.511504
kull,2016-12,88.2,122.374979
kull,2017-01,83.7,115.458497
kull,2017-02,80.0,110.008497
kull,2017-03,80.9,111.155746
kull,2017-04,83.7,114.66288
kull,2017-05,74.4,101.835519
kull,2017-06,81.1,110.905587
kull,2017-07,87.5,119.740304
kull,2017-08,98.6,134.527381
kull,2017-09,97.8,132.733072
kull,2017-10,97.1,131.866385
kull,2017-11,96.6,131.18417
kull,2017-12,100.8,136.968344
kull,2018-01,106.5,143.929486
kull,2018-02,106.0,142.607082
kull,2018-03,96.7,129.80183
kull,2018-04,93.7,125.276899
kull,2018-05,105.3,140.203007
kull,2018-06,114.3,151.94399
kull,2018-07,119.6,158.978786
kull,2018-08,117.3,155.834929
kull,2018-09,114.2,151.540436
kull,2018-10,108.7,143.987686
kull,2018-11,100.7,133.838889
kull,2018-12,101.4,135.201076
kull,2019-01,98.6,131.217534
kull,2019-02,95.4,126.42455
kull,2019-03,93.1,122.684471
kull,2019-04,86.8,113.780049
kull,2019-05,82.3,107.652148
kull,2019-06,72.5,94.81442
kull,2019-07,72.1,94.134014
kull,2019-08,65.6,85.651931
kull,2019-09,66.0,86.106738
kull,2019-10,69.2,90.07568
kull,2019-11,67.0,87.258794
kull,2019-12,66.2,86.295407
kull,2020-01,69.7,90.506708
kull,2020-02,67.6,87.539907
kull,2020-03,66.7,86.562834
kull,2020-04,58.6,76.562676
kull,2020-05,52.5,68.591504
kull,2020-06,52.2,67.828392
kull,2020-07,51.6,66.711313
kull,2020-08,50.1,64.568433
kull,2020-09,54.6,70.270124
kull,2020-10,58.4,75.129545
kull,2020-11,64.4,82.898954
kull,2020-12,83.0,106.741325
kull,2021-01,86.8,111.155446
kull,2021-02,86.7,110.42289
kull,2021-03,94.9,120.016468
kull,2021-04,92.2,115.651351
kull,2021-05,107.0,133.148313
kull,2021-06,130.0,160.279872
kull,2021-07,152.0,186.506961
kull,2021-08,169.6,207.673469
kull,2021-09,185.7,226.771849
kull,2021-10,224.5,271.894435
kull,2021-11,157.5,189.81734
kull,2021-12,169.7,203.894183
kull,2022-01,197.0,234.720005
kull,2022-02,219.8,259.515163
kull,2022-03,314.0,365.851327
kull,2022-04,310.9,360.228433
kull,2022-05,371.9,426.208576
kull,2022-06,374.1,422.920573
kull,2022-07,402.2,454.741376
kull,2022-08,407.0,460.331565
kull,2022-09,430.8,486.204496
kull,2022-10,389.8,438.154182
kull,2022-11,342.2,385.038363
kull,2022-12,379.2,427.984164
kull,2023-01,318.0,356.06391
kull,2023-02,207.5,231.047567
kull,2023-03,187.2,207.756053
kull,2023-04,194.3,214.550271
kull,2023-05,160.5,176.782364
kull,2023-06,139.4,153.047639
kull,2023-07,140.6,154.071229
kull,2023-08,152.6,166.493873
kull,2023-09,162.5,176.855736
kull,2023-10,142.1,154.712852
kull,2023-11,126.8,138.33358
kull,2023-12,141.8,154.85178
kull,2024-01,124.9,135.65725
kull,2024-02,124.2,134.067129
kull,2024-03,131.5,141.035405
kull,2024-04,135.0,144.227678
kull,2024-05,142.0,151.454489
kull,2024-06,135.1,144.046465
kull,2024-07,137.6,146.541769
kull,2024-08,145.8,155.148363
kull,2024-09,139.2,147.887942
kull,2024-10,146.6,155.570695
kull,2024-11,142.1,150.877065
kull,2024-12,129.8,137.768426
kull,2025-01,118.6,125.062181
kull,2025-02,106.9,112.226205
kull,2025-03,104.0,108.936926
kull,2025-04,98.6,102.959921
kull,2025-05,104.4,108.789175
kull,2025-06,109.0,113.196636
kull,2025-07,112.9,117.070039
kull,2025-08,112.2,116.010927
kull,2025-09,106.3,109.631693
kull,2025-10,107.5,110.869304
kull,2025-11,112.6,116.37207
kull,2025-12,107.7,111.331278
kull,2026-01,109.8,113.084021
kull,2026-02,118.4,121.369194
kull,2026-03,138.6,140.600849
kull,2026-04,130.9,131.670416
kull,2026-05,136.9,136.841584
kull,2026-06,138.5,138.926343
kull,2026-07,131.9,132.319498
kull,2026-08,135.2,135.2
kull,2026-09,147.1,147.1
ttf,2000-01,3.36,6.667848
ttf,2000-02,3.46,6.825859
ttf,2000-03,3.51,6.867873
ttf,2000-04,3.68,7.196301
ttf,2000-05,3.55,6.933988
ttf,2000-06,3.6,6.994942
ttf,2000-07,3.96,7.676625
ttf,2000-08,4.01,7.773552
ttf,2000-09,4.03,7.771845
ttf,2000-10,4.31,8.297493
ttf,2000-11,4.39,8.446652
ttf,2000-12,4.44,8.547766
ttf,2001-01,4.65,8.895814
ttf,2001-02,4.59,8.746065
ttf,2001-03,4.57,8.688187
ttf,2001-04,4.48,8.483383
ttf,2001-05,4.36,8.21898
ttf,2001-06,4.33,8.148671
ttf,2001-07,3.75,7.077042
ttf,2001-08,3.79,7.152531
ttf,2001-09,3.79,7.120439
ttf,2001-10,3.52,6.635507
ttf,2001-11,3.46,6.533432
ttf,2001-12,3.4,6.445569
ttf,2002-01,3.06,5.78791
ttf,2002-02,3.03,5.708602
ttf,2002-03,2.97,5.564265
ttf,2002-04,2.81,5.235227
ttf,2002-05,2.83,5.272488
ttf,2002-06,2.9,5.3999
ttf,2002-07,2.95,5.486902
ttf,2002-08,3.01,5.57991
ttf,2002-09,3.08,5.700212
ttf,2002-10,3.28,6.060311
ttf,2002-11,3.34,6.17117
ttf,2002-12,3.36,6.221851
ttf,2003-01,3.61,6.655354
ttf,2003-02,3.67,6.714236
ttf,2003-03,3.74,6.80144
ttf,2003-04,4.03,7.344774
ttf,2003-05,4.04,7.375037
ttf,2003-06,4.05,7.385242
ttf,2003-07,4.04,7.358995
ttf,2003-08,3.98,7.222212
ttf,2003-09,3.97,7.180727
ttf,2003-10,3.88,7.025526
ttf,2003-11,3.9,7.080878
ttf,2003-12,3.97,7.215793
ttf,2004-01,3.87,6.999852
ttf,2004-02,3.89,6.99824
ttf,2004-03,3.86,6.899801
ttf,2004-04,3.92,6.984689
ttf,2004-05,3.95,6.997203
ttf,2004-06,4.01,7.081022
ttf,2004-07,4.28,7.56977
ttf,2004-08,4.34,7.671837
ttf,2004-09,4.41,7.779156
ttf,2004-10,4.83,8.475398
ttf,2004-11,4.96,8.698957
ttf,2004-12,5.01,8.818969
ttf,2005-01,5.46,9.590932
ttf,2005-02,5.49,9.588322
ttf,2005-03,5.52,9.565906
ttf,2005-04,5.86,10.08727
ttf,2005-05,5.89,10.149343
ttf,2005-06,5.91,10.17857
ttf,2005-07,6.42,11.005996
ttf,2005-08,6.56,11.188741
ttf,2005-09,6.58,11.087366
ttf,2005-10,7.28,12.242241
ttf,2005-11,7.46,12.646512
ttf,2005-12,7.49,12.748985
ttf,2006-01,7.96,13.446499
ttf,2006-02,7.95,13.402572
ttf,2006-03,7.99,13.395847
ttf,2006-04,8.24,13.698438
ttf,2006-05,8.28,13.69696
ttf,2006-06,8.29,13.686467
ttf,2006-07,8.58,14.123481
ttf,2006-08,8.71,14.309347
ttf,2006-09,8.77,14.478929
ttf,2006-10,8.97,14.889844
ttf,2006-11,8.99,14.945262
ttf,2006-12,8.92,14.806846
ttf,2007-01,8.59,14.215666
ttf,2007-02,8.56,14.090628
ttf,2007-03,8.37,13.653544
ttf,2007-04,8.0,12.965755
ttf,2007-05,7.98,12.854788
ttf,2007-06,8.03,12.910312
ttf,2007-07,8.13,13.074414
ttf,2007-08,8.34,13.436771
ttf,2007-09,8.54,13.721182
ttf,2007-10,9.16,14.685917
ttf,2007-11,9.47,15.093281
ttf,2007-12,9.49,15.135311
ttf,2008-01,10.7,16.980699
ttf,2008-02,10.84,17.153062
ttf,2008-03,11.04,17.319411
ttf,2008-04,12.19,19.008236
ttf,2008-05,12.38,19.143305
ttf,2008-06,12.63,19.335043
ttf,2008-07,14.37,21.883866
ttf,2008-08,14.64,22.384393
ttf,2008-09,14.85,22.736927
ttf,2008-10,15.93,24.639412
ttf,2008-11,15.81,24.931311
ttf,2008-12,15.5,24.697899
ttf,2009-01,13.89,22.036592
ttf,2009-02,11.04,17.428375
ttf,2009-03,10.9,17.165621
ttf,2009-04,8.51,13.36841
ttf,2009-05,8.09,12.672023
ttf,2009-06,7.95,12.346673
ttf,2009-07,6.67,10.375232
ttf,2009-08,6.92,10.740021
ttf,2009-09,7.13,11.059029
ttf,2009-10,7.6,11.776683
ttf,2009-11,7.81,12.093532
ttf,2009-12,8.01,12.425109
ttf,2010-01,8.8,13.604065
ttf,2010-02,8.8,13.600675
ttf,2010-03,8.93,13.745153
ttf,2010-04,7.52,11.554796
ttf,2010-05,7.27,11.162008
ttf,2010-06,7.74,11.895236
ttf,2010-07,8.04,12.353685
ttf,2010-08,8.45,12.96576
ttf,2010-09,8.28,12.697524
ttf,2010-10,8.29,12.697049
ttf,2010-11,8.59,13.151
ttf,2010-12,8.74,13.35769
ttf,2011-01,9.61,14.617718
ttf,2011-02,9.36,14.167579
ttf,2011-03,9.37,14.045754
ttf,2011-04,10.36,15.430414
ttf,2011-05,10.3,15.26922
ttf,2011-06,10.26,15.226229
ttf,2011-07,10.99,16.295138
ttf,2011-08,10.81,15.98417
ttf,2011-09,10.85,16.018992
ttf,2011-10,11.42,16.895392
ttf,2011-11,11.32,16.761586
ttf,2011-12,11.53,17.114748
ttf,2012-01,11.45,16.921541
ttf,2012-02,11.12,16.361805
ttf,2012-03,11.97,17.479732
ttf,2012-04,11.42,16.626341
ttf,2012-05,11.64,16.966548
ttf,2012-06,11.49,16.772502
ttf,2012-07,11.13,16.273515
ttf,2012-08,11.18,16.256154
ttf,2012-09,11.08,16.039179
ttf,2012-10,11.58,16.769491
ttf,2012-11,11.83,17.213084
ttf,2012-12,11.79,17.201206
ttf,2013-01,11.87,17.26686
ttf,2013-02,11.77,16.982308
ttf,2013-03,11.87,17.081932
ttf,2013-04,12.88,18.554698
ttf,2013-05,12.29,17.673289
ttf,2013-06,11.92,17.100185
ttf,2013-07,11.6,16.634566
ttf,2013-08,11.64,16.671871
ttf,2013-09,11.25,16.094559
ttf,2013-10,11.37,16.308233
ttf,2013-11,11.42,16.413472
ttf,2013-12,11.55,16.60174
ttf,2014-01,11.59,16.597489
ttf,2014-02,11.3,16.122574
ttf,2014-03,10.88,15.423996
ttf,2014-04,10.73,15.161366
ttf,2014-05,10.2,14.36232
ttf,2014-06,9.77,13.731281
ttf,2014-07,9.27,13.033639
ttf,2014-08,9.14,12.872363
ttf,2014-09,9.24,13.003412
ttf,2014-10,9.77,13.783908
ttf,2014-11,8.9,12.624643
ttf,2014-12,9.83,14.023361
ttf,2015-01,9.25,13.258332
ttf,2015-02,8.27,11.802407
ttf,2015-03,8.27,11.732578
ttf,2015-04,6.77,9.585056
ttf,2015-05,6.68,9.409669
ttf,2015-06,6.67,9.362786
ttf,2015-07,6.69,9.390231
ttf,2015-08,6.35,8.925641
ttf,2015-09,6.28,8.841011
ttf,2015-10,6.03,8.492879
ttf,2015-11,5.5,7.762792
ttf,2015-12,5.09,7.208744
ttf,2016-01,4.4,6.221243
ttf,2016-02,3.97,5.608642
ttf,2016-03,3.91,5.500192
ttf,2016-04,3.97,5.558242
ttf,2016-05,4.33,6.037836
ttf,2016-06,4.76,6.615708
ttf,2016-07,4.67,6.501141
ttf,2016-08,4.05,5.632861
ttf,2016-09,4.25,5.896851
ttf,2016-10,5.34,7.399994
ttf,2016-11,5.69,7.897296
ttf,2016-12,5.42,7.520095
ttf,2017-01,6.14,8.469715
ttf,2017-02,6.05,8.319393
ttf,2017-03,5.0,6.869947
ttf,2017-04,5.01,6.863334
ttf,2017-05,5.06,6.92591
ttf,2017-06,4.89,6.687156
ttf,2017-07,5.0,6.842303
ttf,2017-08,5.48,7.476775
ttf,2017-09,5.96,8.088846
ttf,2017-10,6.18,8.392732
ttf,2017-11,6.69,9.085115
ttf,2017-12,7.14,9.701924
ttf,2018-01,6.66,9.000661
ttf,2018-02,6.72,9.040751
ttf,2018-03,6.7,8.993508
ttf,2018-04,6.93,9.26541
ttf,2018-05,7.49,9.972654
ttf,2018-06,7.45,9.903611
ttf,2018-07,7.6,10.102331
ttf,2018-08,8.08,10.734409
ttf,2018-09,9.52,12.632793
ttf,2018-10,8.79,11.64353
ttf,2018-11,8.27,10.991535
ttf,2018-12,7.98,10.640085
ttf,2019-01,7.26,9.661656
ttf,2019-02,6.01,7.964482
ttf,2019-03,5.18,6.826053
ttf,2019-04,4.92,6.449284
ttf,2019-05,4.34,5.676918
ttf,2019-06,3.59,4.694949
ttf,2019-07,3.62,4.726285
ttf,2019-08,3.68,4.804864
ttf,2019-09,4.21,5.492566
ttf,2019-10,5.06,6.586459
ttf,2019-11,5.15,6.707206
ttf,2019-12,4.62,6.022429
ttf,2020-01,3.63,4.713621
ttf,2020-02,2.91,3.76836
ttf,2020-03,2.72,3.529999
ttf,2020-04,2.12,2.769844
ttf,2020-05,1.58,2.064278
ttf,2020-06,1.75,2.27394
ttf,2020-07,1.8,2.327139
ttf,2020-08,2.86,3.685942
ttf,2020-09,3.95,5.083645
ttf,2020-10,4.89,6.290813
ttf,2020-11,4.84,6.230294
ttf,2020-12,5.86,7.536195
ttf,2021-01,7.27,9.309909
ttf,2021-02,6.16,7.845502
ttf,2021-03,6.13,7.752381
ttf,2021-04,7.15,8.968624
ttf,2021-05,8.91,11.087397
ttf,2021-06,10.3,12.699098
ttf,2021-07,12.51,15.350014
ttf,2021-08,15.43,18.893878
ttf,2021-09,22.84,27.891594
ttf,2021-10,31.05,37.604999
ttf,2021-11,27.62,33.287333
ttf,2021-12,38.03,45.692963
ttf,2022-01,28.26,33.671002
ttf,2022-02,27.23,32.150127
ttf,2022-03,42.39,49.389929
ttf,2022-04,32.2,37.30896
ttf,2022-05,29.17,33.429697
ttf,2022-06,33.56,37.939627
ttf,2022-07,51.33,58.035492
ttf,2022-08,70.04,79.217747
ttf,2022-09,59.1,66.700756
ttf,2022-10,39.02,43.86038
ttf,2022-11,35.72,40.191614
ttf,2022-12,36.04,40.676554
ttf,2023-01,20.18,22.595502
ttf,2023-02,16.54,18.416996
ttf,2023-03,13.81,15.326448
ttf,2023-04,13.52,14.929077
ttf,2023-05,10.11,11.135637
ttf,2023-06,10.35,11.363293
ttf,2023-07,9.55,10.465009
ttf,2023-08,11.19,12.208823
ttf,2023-09,11.55,12.570362
ttf,2023-10,14.57,15.863239
ttf,2023-11,14.49,15.807993
ttf,2023-12,11.51,12.569422
ttf,2024-01,9.56,10.383373
ttf,2024-02,8.15,8.797481
ttf,2024-03,8.55,9.169983
ttf,2024-04,9.09,9.71133
ttf,2024-05,10.12,10.793799
ttf,2024-06,10.87,11.589823
ttf,2024-07,10.35,11.022582
ttf,2024-08,12.37,13.163136
ttf,2024-09,11.78,12.51523
ttf,2024-10,12.92,13.710596
ttf,2024-11,13.93,14.790412
ttf,2024-12,13.86,14.710866
ttf,2025-01,14.66,15.458782
ttf,2025-02,15.34,16.104303
ttf,2025-03,13.24,13.868509
ttf,2025-04,11.59,12.10249
ttf,2025-05,11.66,12.150209
ttf,2025-06,12.37,12.84626
ttf,2025-07,11.62,12.049193
ttf,2025-08,11.15,11.528715
ttf,2025-09,11.12,11.468527
ttf,2025-10,10.89,11.231318
ttf,2025-11,10.42,10.769067
ttf,2025-12,9.48,9.799633
ttf,2026-01,11.76,12.111731
ttf,2026-02,11.24,11.521873
ttf,2026-03,17.91,18.168551
ttf,2026-04,15.41,15.500696
ttf,2026-05,16.17,16.1631
ttf,2026-06,15.17,15.216698
ttf,2026-07,18.06,18.117438
ttf,2026-08,21.11,21.11
ttf,2026-09,25.42,25.42
kakao,1980-01,3.17,13.648928
kakao,1980-02,3.24,13.755833
kakao,1980-03,3.09,12.922449
kakao,1980-04,2.91,12.034467
kakao,1980-05,2.59,10.606335
kakao,1980-06,2.5,10.12636
kakao,1980-07,2.46,9.964339
kakao,1980-08,2.31,9.289361
kakao,1980-09,2.39,9.530979
kakao,1980-10,2.31,9.125045
kakao,1980-11,2.17,8.501832
kakao,1980-12,2.11,8.190125
kakao,1981-01,2.09,8.047221
kakao,1981-02,2.04,7.77428
kakao,1981-03,2.12,8.02438
kakao,1981-04,2.11,7.932747
kakao,1981-05,1.93,7.199459
kakao,1981-06,1.66,6.137603
kakao,1981-07,2.05,7.496823
kakao,1981-08,2.25,8.165818
kakao,1981-09,2.36,8.482326
kakao,1981-10,2.17,7.782726
kakao,1981-11,2.06,7.364555
kakao,1981-12,2.11,7.519232
kakao,1982-01,2.19,7.779493
kakao,1982-02,2.09,7.400721
kakao,1982-03,1.95,6.912286
kakao,1982-04,1.74,6.141888
kakao,1982-05,1.72,6.014255
kakao,1982-06,1.55,5.352773
kakao,1982-07,1.56,5.35968
kakao,1982-08,1.55,5.314422
kakao,1982-09,1.69,5.782597
kakao,1982-10,1.63,5.560259
kakao,1982-11,1.54,5.263971
kakao,1982-12,1.63,5.594441
kakao,1983-01,1.78,6.096773
kakao,1983-02,1.94,6.63801
kakao,1983-03,1.87,6.398494
kakao,1983-04,1.88,6.387043
kakao,1983-05,2.07,6.990006
kakao,1983-06,2.3,7.743256
kakao,1983-07,2.3,7.712252
kakao,1983-08,2.3,7.689162
kakao,1983-09,2.15,7.152006
kakao,1983-10,2.1,6.964931
kakao,1983-11,2.22,7.348375
kakao,1983-12,2.54,8.399301
kakao,1984-01,2.62,8.612832
kakao,1984-02,2.5,8.178223
kakao,1984-03,2.53,8.260228
kakao,1984-04,2.54,8.25266
kakao,1984-05,2.68,8.682267
kakao,1984-06,2.49,8.043396
kakao,1984-07,2.21,7.111487
kakao,1984-08,2.21,7.084266
kakao,1984-09,2.31,7.36956
kakao,1984-10,2.26,7.189504
kakao,1984-11,2.26,7.189504
kakao,1984-12,2.14,6.807761
kakao,1985-01,2.22,7.048868
kakao,1985-02,2.27,7.173628
kakao,1985-03,2.23,7.020727
kakao,1985-04,2.24,7.019225
kakao,1985-05,2.13,6.64965
kakao,1985-06,2.09,6.506582
kakao,1985-07,2.21,6.867401
kakao,1985-08,2.27,7.040783
kakao,1985-09,2.35,7.268726
kakao,1985-10,2.36,7.272795
kakao,1985-11,2.3,7.068385
kakao,1985-12,2.38,7.294167
kakao,1986-01,2.32,7.090818
kakao,1986-02,2.23,6.83445
kakao,1986-03,2.11,6.496395
kakao,1986-04,1.99,6.138215
kakao,1986-05,1.91,5.875223
kakao,1986-06,1.91,5.84303
kakao,1986-07,2.02,6.17954
kakao,1986-08,2.07,6.320954
kakao,1986-09,2.21,6.717838
kakao,1986-10,2.07,6.286569
kakao,1986-11,2.02,6.129163
kakao,1986-12,1.98,6.002357
kakao,1987-01,1.97,5.934448
kakao,1987-02,1.96,5.883161
kakao,1987-03,2.01,6.006332
kakao,1987-04,2.07,6.152694
kakao,1987-05,2.07,6.130934
kakao,1987-06,2.0,5.902731
kakao,1987-07,2.12,6.240401
kakao,1987-08,2.02,5.914857
kakao,1987-09,1.99,5.79661
kakao,1987-10,1.91,5.549105
kakao,1987-11,1.93,5.602352
kakao,1987-12,1.9,5.515269
kakao,1988-01,1.97,5.703635
kakao,1988-02,1.8,5.197966
kakao,1988-03,1.69,4.859367
kakao,1988-04,1.65,4.720043
kakao,1988-05,1.71,4.875028
kakao,1988-06,1.62,4.598878
kakao,1988-07,1.61,4.551205
kakao,1988-08,1.45,4.081689
kakao,1988-09,1.24,3.467239
kakao,1988-10,1.3,3.622912
kakao,1988-11,1.47,4.093272
kakao,1988-12,1.5,4.169876
kakao,1989-01,1.43,3.955585
kakao,1989-02,1.48,4.077059
kakao,1989-03,1.41,3.861993
kakao,1989-04,1.29,3.510351
kakao,1989-05,1.21,3.274037
kakao,1989-06,1.25,3.374093
kakao,1989-07,1.35,3.635233
kakao,1989-08,1.29,3.468091
kakao,1989-09,1.14,3.055018
kakao,1989-10,1.06,2.827061
kakao,1989-11,1.01,2.68729
kakao,1989-12,0.97,2.576769
kakao,1990-01,0.99,2.603063
kakao,1990-02,1.03,2.695542
kakao,1990-03,1.13,2.941161
kakao,1990-04,1.33,3.456349
kakao,1990-05,1.44,3.733523
kakao,1990-06,1.32,3.403954
kakao,1990-07,1.35,3.467968
kakao,1990-08,1.29,3.283619
kakao,1990-09,1.37,3.458347
kakao,1990-10,1.31,3.28707
kakao,1990-11,1.35,3.379843
kakao,1990-12,1.3,3.254664
kakao,1991-01,1.24,3.085997
kakao,1991-02,1.21,3.006868
kakao,1991-03,1.21,3.002413
kakao,1991-04,1.15,2.849312
kakao,1991-05,1.06,2.618575
kakao,1991-06,1.04,2.561612
kakao,1991-07,1.03,2.533256
kakao,1991-08,1.14,2.795587
kakao,1991-09,1.27,3.100762
kakao,1991-10,1.3,3.169389
kakao,1991-11,1.31,3.184498
kakao,1991-12,1.37,3.327938
kakao,1992-01,1.28,3.104811
kakao,1992-02,1.19,2.876091
kakao,1992-03,1.13,2.717354
kakao,1992-04,1.04,2.497342
kakao,1992-05,0.99,2.373874
kakao,1992-06,0.97,2.317622
kakao,1992-07,1.1,2.622619
kakao,1992-08,1.18,2.805368
kakao,1992-09,1.13,2.678892
kakao,1992-10,1.07,2.527705
kakao,1992-11,1.08,2.547735
kakao,1992-12,1.03,2.431497
kakao,1993-01,1.04,2.443052
kakao,1993-02,1.0,2.340881
kakao,1993-03,0.98,2.286075
kakao,1993-04,1.01,2.349512
kakao,1993-05,1.0,2.323024
kakao,1993-06,0.99,2.296608
kakao,1993-07,1.06,2.458994
kakao,1993-08,1.1,2.544738
kakao,1993-09,1.27,2.931941
kakao,1993-10,1.29,2.965849
kakao,1993-11,1.32,3.032741
kakao,1993-12,1.36,3.124642
kakao,1994-01,1.26,2.886969
kakao,1994-02,1.23,2.808626
kakao,1994-03,1.31,2.98114
kakao,1994-04,1.24,2.818014
kakao,1994-05,1.38,3.13405
kakao,1994-06,1.46,3.304532
kakao,1994-07,1.55,3.49878
kakao,1994-08,1.55,3.484691
kakao,1994-09,1.49,3.340831
kakao,1994-10,1.45,3.24897
kakao,1994-11,1.44,3.222253
kakao,1994-12,1.4,3.132745
kakao,1995-01,1.47,3.276251
kakao,1995-02,1.51,3.35202
kakao,1995-03,1.49,3.296699
kakao,1995-04,1.46,3.219689
kakao,1995-05,1.45,3.191334
kakao,1995-06,1.44,3.16309
kakao,1995-07,1.36,2.987363
kakao,1995-08,1.41,3.08909
kakao,1995-09,1.4,3.061175
kakao,1995-10,1.39,3.029422
kakao,1995-11,1.44,3.140438
kakao,1995-12,1.38,3.011547
kakao,1996-01,1.35,2.928905
kakao,1996-02,1.37,2.962702
kakao,1996-03,1.34,2.882936
kakao,1996-04,1.46,3.129052
kakao,1996-05,1.52,3.251402
kakao,1996-06,1.54,3.292082
kakao,1996-07,1.5,3.200446
kakao,1996-08,1.5,3.194342
kakao,1996-09,1.48,3.141764
kakao,1996-10,1.48,3.131841
kakao,1996-11,1.47,3.104796
kakao,1996-12,1.47,3.104796
kakao,1997-01,1.43,3.01082
kakao,1997-02,1.37,2.875455
kakao,1997-03,1.52,3.18231
kakao,1997-04,1.57,3.282888
kakao,1997-05,1.57,3.284938
kakao,1997-06,1.69,3.531604
kakao,1997-07,1.68,3.506333
kakao,1997-08,1.65,3.437295
kakao,1997-09,1.77,3.67813
kakao,1997-10,1.74,3.606839
kakao,1997-11,1.7,3.526105
kakao,1997-12,1.74,3.613547
kakao,1998-01,1.67,3.461736
kakao,1998-02,1.64,3.39325
kakao,1998-03,1.72,3.552192
kakao,1998-04,1.72,3.545634
kakao,1998-05,1.78,3.662558
kakao,1998-06,1.72,3.534758
kakao,1998-07,1.72,3.530426
kakao,1998-08,1.68,3.444103
kakao,1998-09,1.69,3.460368
kakao,1998-10,1.65,3.370226
kakao,1998-11,1.6,3.268098
kakao,1998-12,1.52,3.106587
kakao,1999-01,1.46,2.976694
kakao,1999-02,1.41,2.871257
kakao,1999-03,1.31,2.659538
kakao,1999-04,1.18,2.378318
kakao,1999-05,1.07,2.15661
kakao,1999-06,1.16,2.338007
kakao,1999-07,1.11,2.230521
kakao,1999-08,1.0,2.004668
kakao,1999-09,1.06,2.114823
kakao,1999-10,1.02,2.031389
kakao,1999-11,0.92,1.831144
kakao,1999-12,0.92,1.831144
kakao,2000-01,0.92,1.82572
kakao,2000-02,0.86,1.696601
kakao,2000-03,0.93,1.819693
kakao,2000-04,0.91,1.77952
kakao,2000-05,0.92,1.796977
kakao,2000-06,0.95,1.845887
kakao,2000-07,0.97,1.880385
kakao,2000-08,0.89,1.725302
kakao,2000-09,0.88,1.697078
kakao,2000-10,0.88,1.694152
kakao,2000-11,0.88,1.693179
kakao,2000-12,0.89,1.713403
kakao,2001-01,1.0,1.913078
kakao,2001-02,0.89,1.69586
kakao,2001-03,1.12,2.129271
kakao,2001-04,1.08,2.045101
kakao,2001-05,1.08,2.035894
kakao,2001-06,0.97,1.825453
kakao,2001-07,0.97,1.830595
kakao,2001-08,1.03,1.943828
kakao,2001-09,1.02,1.916319
kakao,2001-10,1.08,2.035894
kakao,2001-11,1.23,2.322578
kakao,2001-12,1.34,2.540312
kakao,2002-01,1.39,2.629149
kakao,2002-02,1.49,2.8072
kakao,2002-03,1.59,2.978849
kakao,2002-04,1.57,2.92502
kakao,2002-05,1.6,2.980912
kakao,2002-06,1.66,3.090977
kakao,2002-07,1.87,3.478138
kakao,2002-08,1.96,3.63343
kakao,2002-09,2.16,3.997551
kakao,2002-10,2.2,4.064843
kakao,2002-11,1.81,3.344257
kakao,2002-12,2.03,3.759035
kakao,2003-01,2.18,4.019023
kakao,2003-02,2.28,4.171242
kakao,2003-03,1.95,3.546205
kakao,2003-04,1.92,3.499247
kakao,2003-05,1.74,3.176377
kakao,2003-06,1.57,2.862921
kakao,2003-07,1.56,2.841592
kakao,2003-08,1.55,2.812671
kakao,2003-09,1.64,2.966346
kakao,2003-10,1.48,2.67984
kakao,2003-11,1.51,2.741571
kakao,2003-12,1.63,2.962655
kakao,2004-01,1.63,2.948258
kakao,2004-02,1.57,2.824482
kakao,2004-03,1.5,2.68127
kakao,2004-04,1.44,2.565804
kakao,2004-05,1.42,2.51545
kakao,2004-06,1.4,2.472177
kakao,2004-07,1.56,2.759075
kakao,2004-08,1.73,3.058129
kakao,2004-09,1.55,2.734171
kakao,2004-10,1.48,2.597016
kakao,2004-11,1.66,2.911345
kakao,2004-12,1.66,2.922054
kakao,2005-01,1.55,2.722701
kakao,2005-02,1.63,2.846806
kakao,2005-03,1.76,3.049999
kakao,2005-04,1.59,2.73699
kakao,2005-05,1.51,2.601954
kakao,2005-06,1.54,2.652284
kakao,2005-07,1.49,2.554351
kakao,2005-08,1.48,2.524289
kakao,2005-09,1.5,2.527515
kakao,2005-10,1.46,2.455175
kakao,2005-11,1.44,2.44115
kakao,2005-12,1.51,2.570223
kakao,2006-01,1.57,2.652136
kakao,2006-02,1.55,2.61308
kakao,2006-03,1.55,2.598694
kakao,2006-04,1.55,2.576769
kakao,2006-05,1.6,2.646756
kakao,2006-06,1.61,2.658047
kakao,2006-07,1.68,2.765437
kakao,2006-08,1.62,2.66144
kakao,2006-09,1.57,2.592009
kakao,2006-10,1.53,2.539739
kakao,2006-11,1.58,2.626642
kakao,2006-12,1.71,2.838532
kakao,2007-01,1.7,2.813345
kakao,2007-02,1.82,2.995905
kakao,2007-03,1.92,3.131996
kakao,2007-04,1.98,3.209024
kakao,2007-05,2.0,3.221751
kakao,2007-06,2.02,3.247675
kakao,2007-07,2.16,3.473645
kakao,2007-08,1.91,3.077246
kakao,2007-09,1.93,3.100923
kakao,2007-10,1.91,3.062238
kakao,2007-11,1.97,3.139785
kakao,2007-12,2.11,3.365175
kakao,2008-01,2.2,3.491359
kakao,2008-02,2.5,3.955965
kakao,2008-03,2.73,4.282789
kakao,2008-04,2.61,4.069852
kakao,2008-05,2.68,4.144108
kakao,2008-06,3.0,4.592647
kakao,2008-07,2.97,4.52297
kakao,2008-08,2.82,4.311748
kakao,2008-09,2.7,4.133987
kakao,2008-10,2.27,3.511078
kakao,2008-11,2.05,3.232713
kakao,2008-12,2.39,3.808257
kakao,2009-01,2.63,4.172515
kakao,2009-02,2.65,4.183441
kakao,2009-03,2.51,3.952817
kakao,2009-04,2.56,4.021519
kakao,2009-05,2.48,3.884625
kakao,2009-06,2.7,4.19321
kakao,2009-07,2.79,4.339865
kakao,2009-08,2.96,4.593997
kakao,2009-09,3.14,4.870316
kakao,2009-10,3.37,5.222029
kakao,2009-11,3.38,5.233821
kakao,2009-12,3.5,5.429199
kakao,2010-01,3.53,5.457085
kakao,2010-02,3.28,5.069343
kakao,2010-03,3.09,4.756162
kakao,2010-04,3.22,4.947665
kakao,2010-05,3.18,4.882419
kakao,2010-06,3.23,4.964033
kakao,2010-07,3.23,4.962985
kakao,2010-08,3.07,4.710637
kakao,2010-09,2.88,4.41653
kakao,2010-10,2.93,4.487618
kakao,2010-11,2.91,4.455112
kakao,2010-12,3.06,4.67672
kakao,2011-01,3.16,4.806659
kakao,2011-02,3.47,5.252297
kakao,2011-03,3.39,5.081655
kakao,2011-04,3.13,4.661892
kakao,2011-05,3.07,4.551117
kakao,2011-06,3.02,4.481794
kakao,2011-07,3.17,4.700235
kakao,2011-08,3.06,4.524659
kakao,2011-09,2.87,4.237282
kakao,2011-10,2.68,3.964943
kakao,2011-11,2.53,3.746185
kakao,2011-12,2.2,3.265607
kakao,2012-01,2.31,3.413865
kakao,2012-02,2.36,3.472469
kakao,2012-03,2.36,3.446296
kakao,2012-04,2.27,3.304886
kakao,2012-05,2.31,3.367073
kakao,2012-06,2.26,3.29903
kakao,2012-07,2.35,3.436007
kakao,2012-08,2.51,3.649637
kakao,2012-09,2.62,3.792658
kakao,2012-10,2.46,3.562431
kakao,2012-11,2.48,3.608491
kakao,2012-12,2.41,3.516108
kakao,2013-01,2.28,3.316634
kakao,2013-02,2.2,3.174263
kakao,2013-03,2.15,3.094032
kakao,2013-04,2.29,3.298933
kakao,2013-05,2.34,3.364971
kakao,2013-06,2.28,3.270841
kakao,2013-07,2.31,3.312573
kakao,2013-08,2.48,3.552083
kakao,2013-09,2.62,3.748244
kakao,2013-10,2.73,3.915697
kakao,2013-11,2.76,3.966829
kakao,2013-12,2.82,4.053412
kakao,2014-01,2.82,4.038388
kakao,2014-02,2.99,4.266062
kakao,2014-03,3.04,4.309646
kakao,2014-04,3.05,4.309615
kakao,2014-05,3.03,4.266454
kakao,2014-06,3.17,4.455288
kakao,2014-07,3.2,4.499207
kakao,2014-08,3.27,4.60532
kakao,2014-09,3.21,4.517419
kakao,2014-10,3.1,4.373604
kakao,2014-11,2.91,4.127833
kakao,2014-12,2.95,4.208435
kakao,2015-01,2.92,4.185333
kakao,2015-02,2.96,4.22432
kakao,2015-03,2.88,4.085831
kakao,2015-04,2.87,4.063384
kakao,2015-05,3.1,4.366763
kakao,2015-06,3.24,4.54804
kakao,2015-07,3.33,4.674061
kakao,2015-08,3.15,4.42768
kakao,2015-09,3.28,4.617598
kakao,2015-10,3.2,4.507001
kakao,2015-11,3.36,4.74236
kakao,2015-12,3.35,4.744458
kakao,2016-01,2.95,4.171061
kakao,2016-02,2.92,4.125248
kakao,2016-03,3.07,4.318565
kakao,2016-04,3.08,4.312188
kakao,2016-05,3.1,4.3227
kakao,2016-06,3.12,4.336347
kakao,2016-07,3.05,4.245927
kakao,2016-08,3.03,4.214215
kakao,2016-09,2.88,3.995984
kakao,2016-10,2.71,3.755428
kakao,2016-11,2.48,3.442055
kakao,2016-12,2.3,3.191184
kakao,2017-01,2.19,3.020957
kakao,2017-02,2.03,2.791466
kakao,2017-03,2.06,2.830418
kakao,2017-04,1.96,2.685057
kakao,2017-05,1.98,2.710139
kakao,2017-06,2.0,2.735033
kakao,2017-07,1.99,2.723237
kakao,2017-08,1.99,2.715106
kakao,2017-09,2.0,2.714378
kakao,2017-10,2.1,2.851899
kakao,2017-11,2.13,2.89257
kakao,2017-12,1.92,2.608921
kakao,2018-01,1.95,2.635329
kakao,2018-02,2.12,2.852142
kakao,2018-03,2.5,3.355787
kakao,2018-04,2.62,3.50294
kakao,2018-05,2.66,3.54169
kakao,2018-06,2.41,3.203718
kakao,2018-07,2.36,3.13704
kakao,2018-08,2.17,2.88288
kakao,2018-09,2.19,2.906073
kakao,2018-10,2.13,2.82147
kakao,2018-11,2.19,2.910697
kakao,2018-12,2.21,2.94669
kakao,2019-01,2.26,3.007623
kakao,2019-02,2.26,2.994963
kakao,2019-03,2.2,2.899096
kakao,2019-04,2.33,3.054234
kakao,2019-05,2.32,3.034666
kakao,2019-06,2.41,3.151762
kakao,2019-07,2.42,3.159561
kakao,2019-08,2.19,2.859417
kakao,2019-09,2.31,3.013736
kakao,2019-10,2.44,3.176079
kakao,2019-11,2.52,3.281973
kakao,2019-12,2.44,3.180677
kakao,2020-01,2.6,3.376147
kakao,2020-02,2.72,3.522316
kakao,2020-03,2.34,3.036837
kakao,2020-04,2.27,2.965824
kakao,2020-05,2.32,3.031091
kakao,2020-06,2.23,2.89765
kakao,2020-07,2.1,2.714995
kakao,2020-08,2.35,3.028659
kakao,2020-09,2.46,3.166017
kakao,2020-10,2.29,2.946004
kakao,2020-11,2.36,3.037912
kakao,2020-12,2.41,3.099357
kakao,2021-01,2.39,3.060617
kakao,2021-02,2.41,3.069425
kakao,2021-03,2.46,3.11107
kakao,2021-04,2.37,2.972817
kakao,2021-05,2.41,2.998948
kakao,2021-06,2.37,2.922025
kakao,2021-07,2.33,2.858955
kakao,2021-08,2.48,3.036735
kakao,2021-09,2.56,3.126203
kakao,2021-10,2.57,3.112555
kakao,2021-11,2.39,2.880403
kakao,2021-12,2.38,2.859565
kakao,2022-01,2.47,2.942936
kakao,2022-02,2.55,3.010754
kakao,2022-03,2.46,2.866224
kakao,2022-04,2.46,2.850312
kakao,2022-05,2.37,2.716091
kakao,2022-06,2.32,2.622763
kakao,2022-07,2.24,2.532622
kakao,2022-08,2.32,2.624003
kakao,2022-09,2.3,2.595799
kakao,2022-10,2.31,2.596552
kakao,2022-11,2.41,2.711696
kakao,2022-12,2.51,2.832912
kakao,2023-01,2.62,2.933608
kakao,2023-02,2.65,2.950728
kakao,2023-03,2.75,3.051972
kakao,2023-04,2.88,3.180158
kakao,2023-05,2.96,3.260285
kakao,2023-06,3.17,3.480352
kakao,2023-07,3.39,3.714804
kakao,2023-08,3.46,3.775025
kakao,2023-09,3.61,3.928918
kakao,2023-10,3.63,3.9522
kakao,2023-11,4.03,4.396564
kakao,2023-12,4.21,4.597503
kakao,2024-01,4.4,4.778958
kakao,2024-02,5.56,6.001717
kakao,2024-03,7.09,7.604114
kakao,2024-04,9.74,10.40576
kakao,2024-05,7.54,8.04202
kakao,2024-06,8.27,8.817648
kakao,2024-07,7.09,7.550735
kakao,2024-08,6.88,7.32113
kakao,2024-09,6.52,6.926935
kakao,2024-10,6.66,7.067536
kakao,2024-11,7.89,8.37734
kakao,2024-12,10.32,10.953545
kakao,2025-01,10.75,11.335737
kakao,2025-02,9.86,10.351266
kakao,2025-03,8.08,8.463561
kakao,2025-04,8.15,8.510379
kakao,2025-05,8.99,9.367957
kakao,2025-06,8.4,8.72341
kakao,2025-07,7.37,7.642216
kakao,2025-08,7.6,7.858138
kakao,2025-09,7.03,7.250337
kakao,2025-10,5.95,6.136487
kakao,2025-11,5.61,5.797933
kakao,2025-12,5.78,5.974882
kakao,2026-01,4.97,5.118648
kakao,2026-02,3.59,3.680029
kakao,2026-03,3.24,3.286773
kakao,2026-04,3.4,3.420011
kakao,2026-05,4.16,4.158225
kakao,2026-06,4.4,4.413544
kakao,2026-07,5.61,5.627842
kakao,2026-08,5.95,5.95
kakao,2026-09,5.92,5.92
palmeolje,1960-01,233.0,2663.83413
palmeolje,1960-02,229.0,2609.197959
palmeolje,1960-03,225.0,2563.622449
palmeolje,1960-04,225.0,2554.932203
palmeolje,1960-05,225.0,2554.932203
palmeolje,1960-06,219.0,2478.399324
palmeolje,1960-07,221.0,2501.033108
palmeolje,1960-08,225.0,2546.300676
palmeolje,1960-09,224.0,2534.983784
palmeolje,1960-10,222.0,2495.488591
palmeolje,1960-11,222.0,2495.488591
palmeolje,1960-12,223.0,2506.72953
palmeolje,1961-01,223.0,2506.72953
palmeolje,1961-02,228.0,2562.934228
palmeolje,1961-03,231.0,2596.657047
palmeolje,1961-04,233.0,2619.138926
palmeolje,1961-05,234.0,2630.379866
palmeolje,1961-06,233.0,2619.138926
palmeolje,1961-07,229.0,2557.014
palmeolje,1961-08,226.0,2531.955853
palmeolje,1961-09,226.0,2523.516
palmeolje,1961-10,226.0,2523.516
palmeolje,1961-11,226.0,2523.516
palmeolje,1961-12,226.0,2523.516
palmeolje,1962-01,236.0,2635.176
palmeolje,1962-02,237.0,2637.550166
palmeolje,1962-03,223.0,2481.745515
palmeolje,1962-04,220.0,2440.251656
palmeolje,1962-05,219.0,2429.159603
palmeolje,1962-06,216.0,2395.883444
palmeolje,1962-07,213.0,2354.809901
palmeolje,1962-08,209.0,2310.588119
palmeolje,1962-09,205.0,2258.911184
palmeolje,1962-10,197.0,2170.758553
palmeolje,1962-11,208.0,2291.968421
palmeolje,1962-12,211.0,2325.025658
palmeolje,1963-01,218.0,2402.159211
palmeolje,1963-02,218.0,2402.159211
palmeolje,1963-03,218.0,2394.283279
palmeolje,1963-04,218.0,2394.283279
palmeolje,1963-05,218.0,2394.283279
palmeolje,1963-06,220.0,2408.352941
palmeolje,1963-07,222.0,2422.330945
palmeolje,1963-08,225.0,2455.065147
palmeolje,1963-09,225.0,2455.065147
palmeolje,1963-10,227.0,2468.846104
palmeolje,1963-11,230.0,2501.474026
palmeolje,1963-12,232.0,2515.060194
palmeolje,1964-01,233.0,2525.900971
palmeolje,1964-02,233.0,2525.900971
palmeolje,1964-03,233.0,2525.900971
palmeolje,1964-04,233.0,2525.900971
palmeolje,1964-05,233.0,2525.900971
palmeolje,1964-06,234.0,2528.55871
palmeolje,1964-07,235.0,2531.199357
palmeolje,1964-08,236.0,2550.170323
palmeolje,1964-09,238.0,2563.51254
palmeolje,1964-10,251.0,2703.536334
palmeolje,1964-11,255.0,2737.817308
palmeolje,1964-12,261.0,2802.236538
palmeolje,1965-01,266.0,2855.919231
palmeolje,1965-02,283.0,3038.440385
palmeolje,1965-03,292.0,3125.053035
palmeolje,1965-04,298.0,3179.109554
palmeolje,1965-05,303.0,3232.450318
palmeolje,1965-06,295.0,3127.186709
palmeolje,1965-07,280.0,2968.177215
palmeolje,1965-08,258.0,2734.963291
palmeolje,1965-09,247.0,2618.356329
palmeolje,1965-10,250.0,2641.798107
palmeolje,1965-11,250.0,2641.798107
palmeolje,1965-12,249.0,2622.956604
palmeolje,1966-01,247.0,2601.888679
palmeolje,1966-02,248.0,2596.095
palmeolje,1966-03,245.0,2556.700935
palmeolje,1966-04,234.0,2426.790093
palmeolje,1966-05,226.0,2343.82291
palmeolje,1966-06,225.0,2326.25
palmeolje,1966-07,235.0,2422.163077
palmeolje,1966-08,240.0,2458.568807
palmeolje,1966-09,240.0,2458.568807
palmeolje,1966-10,231.0,2351.987234
palmeolje,1966-11,226.0,2301.078419
palmeolje,1966-12,231.0,2351.987234
palmeolje,1967-01,234.0,2382.532523
palmeolje,1967-02,231.0,2351.987234
palmeolje,1967-03,223.0,2263.652727
palmeolje,1967-04,223.0,2256.813897
palmeolje,1967-05,224.0,2260.106024
palmeolje,1967-06,229.0,2303.616216
palmeolje,1967-07,229.0,2296.719162
palmeolje,1967-08,229.0,2289.863284
palmeolje,1967-09,225.0,2243.169643
palmeolje,1967-10,222.0,2206.693175
palmeolje,1967-11,218.0,2160.521893
palmeolje,1967-12,195.0,1926.876106
palmeolje,1968-01,191.0,1876.280938
palmeolje,1968-02,191.0,1870.794737
palmeolje,1968-03,191.0,1865.340525
palmeolje,1968-04,189.0,1840.442442
palmeolje,1968-05,186.0,1805.97913
palmeolje,1968-06,175.0,1689.380403
palmeolje,1968-07,172.0,1650.904298
palmeolje,1968-08,150.0,1435.628571
palmeolje,1968-09,142.0,1355.189744
palmeolje,1968-10,142.0,1347.511615
palmeolje,1968-11,143.0,1353.167797
palmeolje,1968-12,153.0,1443.71662
palmeolje,1969-01,158.0,1486.708989
palmeolje,1969-02,158.0,1478.403352
palmeolje,1969-03,180.0,1670.260388
palmeolje,1969-04,170.0,1568.77686
palmeolje,1969-05,166.0,1527.656044
palmeolje,1969-06,165.0,1510.155738
palmeolje,1969-07,162.0,1474.640217
palmeolje,1969-08,171.0,1548.150811
palmeolje,1969-09,181.0,1634.269003
palmeolje,1969-10,203.0,1823.081501
palmeolje,1969-11,203.0,1813.3584
palmeolje,1969-12,255.0,2265.779841
palmeolje,1970-01,255.0,2259.785714
palmeolje,1970-02,256.0,2256.707368
palmeolje,1970-03,259.0,2271.199476
palmeolje,1970-04,268.0,2331.808831
palmeolje,1970-05,279.0,2421.228497
palmeolje,1970-06,277.0,2391.480928
palmeolje,1970-07,261.0,2241.789231
palmeolje,1970-08,240.0,2061.415385
palmeolje,1970-09,226.0,1931.262245
palmeolje,1970-10,257.0,2185.021827
palmeolje,1970-11,270.0,2283.954545
palmeolje,1970-12,272.0,2289.310553
palmeolje,1971-01,273.0,2297.727136
palmeolje,1971-02,273.0,2291.968421
palmeolje,1971-03,278.0,2328.111
palmeolje,1971-04,269.0,2247.122693
palmeolje,1971-05,243.0,2019.854591
palmeolje,1971-06,241.0,1988.428079
palmeolje,1971-07,263.0,2164.612776
palmeolje,1971-08,283.0,2323.513235
palmeolje,1971-09,272.0,2233.2
palmeolje,1971-10,254.0,2080.315892
palmeolje,1971-11,248.0,2031.174572
palmeolje,1971-12,234.0,1907.185401
palmeolje,1972-01,218.0,1776.779562
palmeolje,1972-02,185.0,1500.515738
palmeolje,1972-03,217.0,1755.813043
palmeolje,1972-04,227.0,1832.300241
palmeolje,1972-05,228.0,1835.948077
palmeolje,1972-06,216.0,1735.148201
palmeolje,1972-07,215.0,1718.871122
palmeolje,1972-08,221.0,1762.632857
palmeolje,1972-09,225.0,1790.273159
palmeolje,1972-10,224.0,1773.889362
palmeolje,1972-11,219.0,1730.203302
palmeolje,1972-12,213.0,1678.840941
palmeolje,1973-01,212.0,1667.03662
palmeolje,1973-02,259.0,2022.373427
palmeolje,1973-03,280.0,2166.152425
palmeolje,1973-04,290.0,2228.077982
palmeolje,1973-05,324.0,2472.289749
palmeolje,1973-06,371.0,2811.709955
palmeolje,1973-07,473.0,3576.648758
palmeolje,1973-08,536.0,3981.137029
palmeolje,1973-09,424.0,3142.290265
palmeolje,1973-10,435.0,3195.532895
palmeolje,1973-11,429.0,3130.858824
palmeolje,1973-12,497.0,3603.572727
palmeolje,1974-01,579.0,4162.090558
palmeolje,1974-02,667.0,4733.72161
palmeolje,1974-03,633.0,4436.032218
palmeolje,1974-04,614.0,4284.9525
palmeolje,1974-05,592.0,4080.414815
palmeolje,1974-06,603.0,4122.304898
palmeolje,1974-07,610.0,4136.392713
palmeolje,1974-08,728.0,4877.3088
palmeolje,1974-09,707.0,4680.451779
palmeolje,1974-10,840.0,5506.520548
palmeolje,1974-11,768.0,4995.429903
palmeolje,1974-12,689.0,4447.036994
palmeolje,1975-01,589.0,3787.009981
palmeolje,1975-02,498.0,3177.524571
palmeolje,1975-03,478.0,3038.33852
palmeolje,1975-04,451.0,2855.878639
palmeolje,1975-05,392.0,2468.273684
palmeolje,1975-06,356.0,2224.867164
palmeolje,1975-07,402.0,2484.538007
palmeolje,1975-08,473.0,2917.965746
palmeolje,1975-09,412.0,2527.687912
palmeolje,1975-10,412.0,2513.87541
palmeolje,1975-11,379.0,2295.794213
palmeolje,1975-12,368.0,2221.128649
palmeolje,1976-01,354.0,2132.786331
palmeolje,1976-02,366.0,2197.180645
palmeolje,1976-03,376.0,2253.174955
palmeolje,1976-04,348.0,2077.950802
palmeolje,1976-05,345.0,2045.453097
palmeolje,1976-06,395.0,2329.526408
palmeolje,1976-07,451.0,2645.814011
palmeolje,1976-08,431.0,2515.267944
palmeolje,1976-09,457.0,2657.740625
palmeolje,1976-10,444.0,2568.758549
palmeolje,1976-11,457.0,2639.411379
palmeolje,1976-12,457.0,2630.341237
palmeolje,1977-01,462.0,2645.483077
palmeolje,1977-02,507.0,2873.686294
palmeolje,1977-03,598.0,3366.689748
palmeolje,1977-04,647.0,3612.201
palmeolje,1977-05,659.0,3660.892537
palmeolje,1977-06,619.0,3416.023394
palmeolje,1977-07,520.0,2855.567213
palmeolje,1977-08,493.0,2698.45
palmeolje,1977-09,460.0,2509.62215
palmeolje,1977-10,450.0,2447.094156
palmeolje,1977-11,445.0,2408.17609
palmeolje,1977-12,501.0,2702.495652
palmeolje,1978-01,514.0,2754.87552
palmeolje,1978-02,558.0,2971.682671
palmeolje,1978-03,598.0,3159.590536
palmeolje,1978-04,603.0,3161.078873
palmeolje,1978-05,624.0,3240.736744
palmeolje,1978-06,654.0,3360.07546
palmeolje,1978-07,622.0,3171.347945
palmeolje,1978-08,585.0,2969.140909
palmeolje,1978-09,615.0,3097.935338
palmeolje,1978-10,623.0,3110.171982
palmeolje,1978-11,604.0,3001.897923
palmeolje,1978-12,604.0,2988.595569
palmeolje,1979-01,636.0,3119.286676
palmeolje,1979-02,694.0,3364.343271
palmeolje,1979-03,688.0,3301.808596
palmeolje,1979-04,666.0,3160.009632
palmeolje,1979-05,665.0,3115.548252
palmeolje,1979-06,675.0,3127.406639
palmeolje,1979-07,678.0,3106.928044
palmeolje,1979-08,652.0,2959.443902
palmeolje,1979-09,640.0,2873.823056
palmeolje,1979-10,602.0,2681.621809
palmeolje,1979-11,620.0,2736.332016
palmeolje,1979-12,630.0,2751.46545
palmeolje,1980-01,662.0,2850.343959
palmeolje,1980-02,672.0,2853.061597
palmeolje,1980-03,637.0,2663.948315
palmeolje,1980-04,611.0,2526.824444
palmeolje,1980-05,584.0,2391.544254
palmeolje,1980-06,555.0,2248.051995
palmeolje,1980-07,545.0,2207.546554
palmeolje,1980-08,518.0,2083.068908
palmeolje,1980-09,509.0,2029.819286
palmeolje,1980-10,507.0,2002.769575
palmeolje,1980-11,585.0,2291.968421
palmeolje,1980-12,619.0,2402.695481
palmeolje,1981-01,625.0,2406.465517
palmeolje,1981-02,640.0,2438.989761
palmeolje,1981-03,620.0,2346.752542
palmeolje,1981-04,588.0,2210.642424
palmeolje,1981-05,599.0,2234.44343
palmeolje,1981-06,640.0,2366.304636
palmeolje,1981-07,600.0,2194.19214
palmeolje,1981-08,531.0,1927.133044
palmeolje,1981-09,509.0,1829.450858
palmeolje,1981-10,513.0,1839.879443
palmeolje,1981-11,500.0,1787.51334
palmeolje,1981-12,483.0,1721.227021
palmeolje,1982-01,502.0,1783.244539
palmeolje,1982-02,528.0,1869.655814
palmeolje,1982-03,507.0,1797.194286
palmeolje,1982-04,509.0,1796.67882
palmeolje,1982-05,511.0,1786.793111
palmeolje,1982-06,494.0,1705.980619
palmeolje,1982-07,421.0,1446.426462
palmeolje,1982-08,396.0,1357.749028
palmeolje,1982-09,380.0,1300.228805
palmeolje,1982-10,355.0,1210.976578
palmeolje,1982-11,362.0,1237.375102
palmeolje,1982-12,376.0,1290.496721
palmeolje,1983-01,372.0,1274.157055
palmeolje,1983-02,367.0,1255.747293
palmeolje,1983-03,378.0,1293.385495
palmeolje,1983-04,419.0,1423.495132
palmeolje,1983-05,432.0,1458.783871
palmeolje,1983-06,394.0,1326.453467
palmeolje,1983-07,425.0,1425.09009
palmeolje,1983-08,559.0,1868.800599
palmeolje,1983-09,645.0,2145.601787
palmeolje,1983-10,671.0,2225.461188
palmeolje,1983-11,661.0,2187.962253
palmeolje,1983-12,695.0,2298.233959
palmeolje,1984-01,875.0,2876.422964
palmeolje,1984-02,875.0,2862.37793
palmeolje,1984-03,845.0,2758.850877
palmeolje,1984-04,841.0,2732.475073
palmeolje,1984-05,951.0,3080.908897
palmeolje,1984-06,783.0,2529.308968
palmeolje,1984-07,580.0,1866.363112
palmeolje,1984-08,562.0,1801.519234
palmeolje,1984-09,611.0,1949.264571
palmeolje,1984-10,615.0,1956.435897
palmeolje,1984-11,616.0,1959.617094
palmeolje,1984-12,592.0,1883.268376
palmeolje,1985-01,583.0,1851.121706
palmeolje,1985-02,595.0,1880.312264
palmeolje,1985-03,651.0,2049.548684
palmeolje,1985-04,653.0,2046.22956
palmeolje,1985-05,610.0,1904.359739
palmeolje,1985-06,556.0,1730.937546
palmeolje,1985-07,487.0,1513.3141
palmeolje,1985-08,404.0,1253.073333
palmeolje,1985-09,360.0,1113.506925
palmeolje,1985-10,356.0,1097.082613
palmeolje,1985-11,362.0,1112.502385
palmeolje,1985-12,390.0,1195.26258
palmeolje,1986-01,342.0,1045.284307
palmeolje,1986-02,283.0,867.331565
palmeolje,1986-03,243.0,748.163051
palmeolje,1986-04,242.0,746.456354
palmeolje,1986-05,238.0,732.095868
palmeolje,1986-06,243.0,743.380274
palmeolje,1986-07,221.0,676.078356
palmeolje,1986-08,197.0,601.559344
palmeolje,1986-09,207.0,629.227405
palmeolje,1986-10,272.0,826.061287
palmeolje,1986-11,303.0,919.374457
palmeolje,1986-12,293.0,888.227511
palmeolje,1987-01,350.0,1054.343525
palmeolje,1987-02,330.0,990.532258
palmeolje,1987-03,313.0,935.314362
palmeolje,1987-04,339.0,1007.615084
palmeolje,1987-05,341.0,1009.975066
palmeolje,1987-06,342.0,1009.367048
palmeolje,1987-07,300.0,883.075571
palmeolje,1987-08,308.0,901.869231
palmeolje,1987-09,335.0,975.811304
palmeolje,1987-10,353.0,1025.567563
palmeolje,1987-11,368.0,1068.220451
palmeolje,1987-12,432.0,1253.99792
palmeolje,1988-01,486.0,1407.089715
palmeolje,1988-02,403.0,1163.766724
palmeolje,1988-03,381.0,1095.513991
palmeolje,1988-04,403.0,1152.834671
palmeolje,1988-05,422.0,1203.077106
palmeolje,1988-06,496.0,1408.051525
palmeolje,1988-07,517.0,1461.473924
palmeolje,1988-08,450.0,1266.731092
palmeolje,1988-09,428.0,1196.756594
palmeolje,1988-10,431.0,1201.134609
palmeolje,1988-11,418.0,1163.937157
palmeolje,1988-12,411.0,1142.545892
palmeolje,1989-01,383.0,1059.433031
palmeolje,1989-02,401.0,1104.662664
palmeolje,1989-03,399.0,1092.861979
palmeolje,1989-04,391.0,1063.990089
palmeolje,1989-05,406.0,1098.561228
palmeolje,1989-06,373.0,1006.829492
palmeolje,1989-07,331.0,891.305305
palmeolje,1989-08,309.0,830.728892
palmeolje,1989-09,323.0,865.58832
palmeolje,1989-10,321.0,856.119268
palmeolje,1989-11,301.0,800.865608
palmeolje,1989-12,267.0,709.275654
palmeolje,1990-01,279.0,733.590424
palmeolje,1990-02,271.0,709.215469
palmeolje,1990-03,286.0,744.4
palmeolje,1990-04,267.0,693.86858
palmeolje,1990-05,281.0,728.555573
palmeolje,1990-06,272.0,701.420785
palmeolje,1990-07,279.0,716.713344
palmeolje,1990-08,291.0,740.723252
palmeolje,1990-09,284.0,716.912735
palmeolje,1990-10,290.0,727.67191
palmeolje,1990-11,331.0,828.687444
palmeolje,1990-12,346.0,866.241256
palmeolje,1991-01,349.0,868.558841
palmeolje,1991-02,338.0,839.935015
palmeolje,1991-03,348.0,863.504
palmeolje,1991-04,319.0,790.374408
palmeolje,1991-05,318.0,785.572566
palmeolje,1991-06,311.0,766.020441
palmeolje,1991-07,341.0,838.679736
palmeolje,1991-08,338.0,828.867057
palmeolje,1991-09,323.0,788.619096
palmeolje,1991-10,345.0,841.106987
palmeolje,1991-11,362.0,879.991001
palmeolje,1991-12,376.0,913.360986
palmeolje,1992-01,383.0,929.017668
palmeolje,1992-02,382.0,923.249351
palmeolje,1992-03,396.0,952.276238
palmeolje,1992-04,402.0,965.31871
palmeolje,1992-05,390.0,935.162491
palmeolje,1992-06,404.0,965.277603
palmeolje,1992-07,382.0,910.764128
palmeolje,1992-08,382.0,908.178566
palmeolje,1992-09,391.0,926.943949
palmeolje,1992-10,396.0,935.487165
palmeolje,1992-11,413.0,974.272817
palmeolje,1992-12,401.0,946.63129
palmeolje,1993-01,410.0,963.126227
palmeolje,1993-02,425.0,994.874214
palmeolje,1993-03,408.0,951.75376
palmeolje,1993-04,392.0,911.89
palmeolje,1993-05,371.0,861.841748
palmeolje,1993-06,356.0,825.85097
palmeolje,1993-07,362.0,839.769806
palmeolje,1993-08,356.0,823.569613
palmeolje,1993-09,352.0,812.632391
palmeolje,1993-10,333.0,765.602883
palmeolje,1993-11,357.0,820.218519
palmeolje,1993-12,411.0,944.285185
palmeolje,1994-01,404.0,925.662927
palmeolje,1994-02,387.0,883.689571
palmeolje,1994-03,395.0,898.893342
palmeolje,1994-04,434.0,986.304749
palmeolje,1994-05,488.0,1108.272814
palmeolje,1994-06,508.0,1149.796216
palmeolje,1994-07,494.0,1115.095148
palmeolje,1994-08,575.0,1292.708054
palmeolje,1994-09,614.0,1376.691566
palmeolje,1994-10,616.0,1380.25204
palmeolje,1994-11,707.0,1582.036473
palmeolje,1994-12,719.0,1608.888577
palmeolje,1995-01,655.0,1459.826347
palmeolje,1995-02,661.0,1467.341153
palmeolje,1995-03,687.0,1520.021532
palmeolje,1995-04,625.0,1378.291639
palmeolje,1995-05,611.0,1344.762024
palmeolje,1995-06,631.0,1386.048393
palmeolje,1995-07,655.0,1438.766557
palmeolje,1995-08,616.0,1349.559712
palmeolje,1995-09,586.0,1281.320366
palmeolje,1995-10,615.0,1340.355888
palmeolje,1995-11,607.0,1323.781641
palmeolje,1995-12,590.0,1287.545277
palmeolje,1996-01,535.0,1160.714378
palmeolje,1996-02,518.0,1120.204261
palmeolje,1996-03,519.0,1116.6
palmeolje,1996-04,562.0,1204.470633
palmeolje,1996-05,552.0,1180.772414
palmeolje,1996-06,508.0,1085.959413
palmeolje,1996-07,476.0,1015.608153
palmeolje,1996-08,513.0,1092.464971
palmeolje,1996-09,545.0,1156.93346
palmeolje,1996-10,532.0,1125.769804
palmeolje,1996-11,550.0,1161.65826
palmeolje,1996-12,561.0,1184.891425
palmeolje,1997-01,567.0,1193.800503
palmeolje,1997-02,580.0,1217.345865
palmeolje,1997-03,559.0,1170.336375
palmeolje,1997-04,562.0,1175.148315
palmeolje,1997-05,553.0,1157.051468
palmeolje,1997-06,533.0,1113.813724
palmeolje,1997-07,498.0,1039.377196
palmeolje,1997-08,504.0,1049.937313
palmeolje,1997-09,525.0,1090.970844
palmeolje,1997-10,547.0,1133.874134
palmeolje,1997-11,556.0,1153.243839
palmeolje,1997-12,566.0,1175.44129
palmeolje,1998-01,621.0,1287.268441
palmeolje,1998-02,659.0,1363.507227
palmeolje,1998-03,671.0,1385.768064
palmeolje,1998-04,688.0,1418.253785
palmeolje,1998-05,705.0,1450.619779
palmeolje,1998-06,633.0,1300.873252
palmeolje,1998-07,661.0,1356.751103
palmeolje,1998-08,674.0,1381.741248
palmeolje,1998-09,703.0,1439.431174
palmeolje,1998-10,694.0,1417.537317
palmeolje,1998-11,681.0,1390.984024
palmeolje,1998-12,663.0,1355.044173
palmeolje,1999-01,632.0,1288.541449
palmeolje,1999-02,561.0,1142.393799
palmeolje,1999-03,497.0,1009.000364
palmeolje,1999-04,509.0,1025.901444
palmeolje,1999-05,475.0,957.373646
palmeolje,1999-06,392.0,790.085199
palmeolje,1999-07,319.0,641.023515
palmeolje,1999-08,354.0,709.652424
palmeolje,1999-09,388.0,774.105063
palmeolje,1999-10,381.0,758.783472
palmeolje,1999-11,370.0,736.438503
palmeolje,1999-12,354.0,704.592513
palmeolje,2000-01,348.0,690.598578
palmeolje,2000-02,332.0,654.966784
palmeolje,2000-03,349.0,682.873949
palmeolje,2000-04,372.0,727.452189
palmeolje,2000-05,324.0,632.848513
palmeolje,2000-06,315.0,612.057425
palmeolje,2000-07,312.0,604.825
palmeolje,2000-08,306.0,593.19375
palmeolje,2000-09,288.0,555.407254
palmeolje,2000-10,255.0,490.918966
palmeolje,2000-11,257.0,494.485123
palmeolje,2000-12,265.0,510.17069
palmeolje,2001-01,254.0,485.921873
palmeolje,2001-02,240.0,457.31058
palmeolje,2001-03,254.0,482.888309
palmeolje,2001-04,251.0,475.296665
palmeolje,2001-05,234.0,441.110411
palmeolje,2001-06,255.0,479.887079
palmeolje,2001-07,330.0,622.779718
palmeolje,2001-08,362.0,683.170479
palmeolje,2001-09,310.0,582.410544
palmeolje,2001-10,277.0,522.169162
palmeolje,2001-11,323.0,609.912852
palmeolje,2001-12,360.0,682.471986
palmeolje,2002-01,374.0,707.41118
palmeolje,2002-02,353.0,665.06153
palmeolje,2002-03,359.0,672.582886
palmeolje,2002-04,360.0,670.705228
palmeolje,2002-05,385.0,717.28198
palmeolje,2002-06,426.0,793.226681
palmeolje,2002-07,422.0,784.905941
palmeolje,2002-08,446.0,826.790703
palmeolje,2002-09,425.0,786.555249
palmeolje,2002-10,427.0,788.949035
palmeolje,2002-11,465.0,859.159956
palmeolje,2002-12,489.0,905.501493
palmeolje,2003-01,486.0,895.98393
palmeolje,2003-02,477.0,872.667723
palmeolje,2003-03,454.0,825.629316
palmeolje,2003-04,443.0,807.378346
palmeolje,2003-05,454.0,828.778856
palmeolje,2003-06,466.0,849.758737
palmeolje,2003-07,458.0,834.262316
palmeolje,2003-08,439.0,796.62091
palmeolje,2003-09,441.0,797.657559
palmeolje,2003-10,515.0,932.511892
palmeolje,2003-11,548.0,994.954146
palmeolje,2003-12,540.0,981.493218
palmeolje,2004-01,527.0,953.209827
palmeolje,2004-02,564.0,1014.65478
palmeolje,2004-03,584.0,1043.907791
palmeolje,2004-04,575.0,1024.539894
palmeolje,2004-05,537.0,951.265256
palmeolje,2004-06,471.0,831.711017
palmeolje,2004-07,455.0,804.730201
palmeolje,2004-08,458.0,809.608654
palmeolje,2004-09,468.0,825.543128
palmeolje,2004-10,451.0,791.388057
palmeolje,2004-11,455.0,797.989005
palmeolje,2004-12,446.0,785.081871
palmeolje,2005-01,419.0,736.007446
palmeolje,2005-02,423.0,738.772367
palmeolje,2005-03,458.0,793.692913
palmeolje,2005-04,458.0,788.39075
palmeolje,2005-05,450.0,775.416667
palmeolje,2005-06,452.0,778.462519
palmeolje,2005-07,455.0,780.019959
palmeolje,2005-08,448.0,764.109165
palmeolje,2005-09,454.0,764.994567
palmeolje,2005-10,468.0,787.001205
palmeolje,2005-11,467.0,791.678441
palmeolje,2005-12,457.0,777.875305
palmeolje,2006-01,459.0,775.369743
palmeolje,2006-02,474.0,799.096729
palmeolje,2006-03,473.0,793.020721
palmeolje,2006-04,476.0,791.317519
palmeolje,2006-05,484.0,800.643556
palmeolje,2006-06,478.0,789.159389
palmeolje,2006-07,499.0,821.40059
palmeolje,2006-08,534.0,877.289456
palmeolje,2006-09,511.0,843.641104
palmeolje,2006-10,514.0,853.219623
palmeolje,2006-11,572.0,950.910968
palmeolje,2006-12,626.0,1039.135183
palmeolje,2007-01,638.0,1055.831752
palmeolje,2007-02,645.0,1061.735439
palmeolje,2007-03,661.0,1078.254802
palmeolje,2007-04,743.0,1204.194479
palmeolje,2007-05,816.0,1314.474607
palmeolje,2007-06,833.0,1339.264034
palmeolje,2007-07,855.0,1374.984517
palmeolje,2007-08,831.0,1338.843769
palmeolje,2007-09,852.0,1368.904792
palmeolje,2007-10,926.0,1484.624383
palmeolje,2007-11,999.0,1592.205712
palmeolje,2007-12,1002.0,1598.05919
palmeolje,2008-01,1122.0,1780.592951
palmeolje,2008-02,1269.0,2008.047597
palmeolje,2008-03,1377.0,2160.220018
palmeolje,2008-04,1320.0,2058.315916
palmeolje,2008-05,1326.0,2050.405665
palmeolje,2008-06,1293.0,1979.430752
palmeolje,2008-07,1213.0,1847.260188
palmeolje,2008-08,964.0,1473.945026
palmeolje,2008-09,826.0,1264.693692
palmeolje,2008-10,636.0,983.720408
palmeolje,2008-11,581.0,916.198093
palmeolje,2008-12,587.0,935.333352
palmeolje,2009-01,659.0,1045.508589
palmeolje,2009-02,656.0,1035.599101
palmeolje,2009-03,660.0,1039.386204
palmeolje,2009-04,800.0,1256.724817
palmeolje,2009-05,873.0,1367.450714
palmeolje,2009-06,789.0,1225.349084
palmeolje,2009-07,698.0,1085.743925
palmeolje,2009-08,746.0,1157.811466
palmeolje,2009-09,704.0,1091.943381
palmeolje,2009-10,725.0,1123.433575
palmeolje,2009-11,763.0,1181.480793
palmeolje,2009-12,822.0,1275.086062
palmeolje,2010-01,831.0,1284.656578
palmeolje,2010-02,830.0,1282.790981
palmeolje,2010-03,863.0,1328.338977
palmeolje,2010-04,863.0,1326.035806
palmeolje,2010-05,855.0,1312.725848
palmeolje,2010-06,826.0,1269.439956
palmeolje,2010-07,844.0,1296.82961
palmeolje,2010-08,944.0,1448.482539
palmeolje,2010-09,949.0,1455.307981
palmeolje,2010-10,1026.0,1571.432072
palmeolje,2010-11,1131.0,1731.522785
palmeolje,2010-12,1235.0,1887.499715
palmeolje,2011-01,1304.0,1983.507263
palmeolje,2011-02,1327.0,2008.58736
palmeolje,2011-03,1242.0,1861.77449
palmeolje,2011-04,1220.0,1817.095142
palmeolje,2011-05,1230.0,1823.411694
palmeolje,2011-06,1192.0,1768.973162
palmeolje,2011-07,1183.0,1754.062641
palmeolje,2011-08,1205.0,1781.769185
palmeolje,2011-09,1137.0,1678.672214
palmeolje,2011-10,1045.0,1546.031949
palmeolje,2011-11,1113.0,1648.025196
palmeolje,2011-12,1122.0,1665.459428
palmeolje,2012-01,1124.0,1661.11892
palmeolje,2012-02,1146.0,1686.207596
palmeolje,2012-03,1195.0,1745.052574
palmeolje,2012-04,1234.0,1796.57657
palmeolje,2012-05,1125.0,1639.808107
palmeolje,2012-06,1028.0,1500.620713
palmeolje,2012-07,1053.0,1539.623664
palmeolje,2012-08,1022.0,1486.027633
palmeolje,2012-09,1001.0,1449.026953
palmeolje,2012-10,886.0,1283.054337
palmeolje,2012-11,863.0,1255.696657
palmeolje,2012-12,844.0,1231.367111
palmeolje,2013-01,885.0,1287.37754
palmeolje,2013-02,920.0,1327.419174
palmeolje,2013-03,892.0,1283.663311
palmeolje,2013-04,874.0,1259.068769
palmeolje,2013-05,879.0,1264.021207
palmeolje,2013-06,877.0,1258.126028
palmeolje,2013-07,827.0,1185.92981
palmeolje,2013-08,819.0,1173.046601
palmeolje,2013-09,826.0,1181.69832
palmeolje,2013-10,860.0,1233.516309
palmeolje,2013-11,904.0,1299.280127
palmeolje,2013-12,886.0,1273.518788
palmeolje,2014-01,863.0,1235.861335
palmeolje,2014-02,904.0,1289.805904
palmeolje,2014-03,954.0,1352.434985
palmeolje,2014-04,927.0,1309.840302
palmeolje,2014-05,898.0,1264.447415
palmeolje,2014-06,862.0,1211.500904
palmeolje,2014-07,854.0,1200.725792
palmeolje,2014-08,779.0,1097.10837
palmeolje,2014-09,761.0,1070.952019
palmeolje,2014-10,764.0,1077.881845
palmeolje,2014-11,765.0,1085.151873
palmeolje,2014-12,720.0,1027.143417
palmeolje,2015-01,720.0,1031.999897
palmeolje,2015-02,723.0,1031.818662
palmeolje,2015-03,699.0,991.665304
palmeolje,2015-04,683.0,967.000452
palmeolje,2015-05,697.0,981.817287
palmeolje,2015-06,706.0,991.023559
palmeolje,2015-07,680.0,954.462946
palmeolje,2015-08,601.0,844.773242
palmeolje,2015-09,600.0,844.682595
palmeolje,2015-10,637.0,897.1748
palmeolje,2015-11,608.0,858.141369
palmeolje,2015-12,607.0,859.667519
palmeolje,2016-01,612.0,865.318341
palmeolje,2016-02,679.0,959.261359
palmeolje,2016-03,716.0,1007.196345
palmeolje,2016-04,775.0,1085.047291
palmeolje,2016-05,753.0,1049.997877
palmeolje,2016-06,718.0,997.915674
palmeolje,2016-07,678.0,943.848762
palmeolje,2016-08,771.0,1072.329883
palmeolje,2016-09,798.0,1107.220538
palmeolje,2016-10,750.0,1039.325029
palmeolje,2016-11,767.0,1064.538912
palmeolje,2016-12,811.0,1125.239322
palmeolje,2017-01,825.0,1138.031782
palmeolje,2017-02,809.0,1112.46093
palmeolje,2017-03,779.0,1070.337775
palmeolje,2017-04,752.0,1030.185013
palmeolje,2017-05,763.0,1044.36157
palmeolje,2017-06,735.0,1005.124615
palmeolje,2017-07,720.0,985.291642
palmeolje,2017-08,718.0,979.621292
palmeolje,2017-09,754.0,1023.320409
palmeolje,2017-10,747.0,1014.461269
palmeolje,2017-11,729.0,989.992338
palmeolje,2017-12,679.0,922.633983
palmeolje,2018-01,703.0,950.069755
palmeolje,2018-02,709.0,953.853031
palmeolje,2018-03,706.0,947.674171
palmeolje,2018-04,701.0,937.236994
palmeolje,2018-05,687.0,914.714772
palmeolje,2018-06,657.0,873.378838
palmeolje,2018-07,616.0,818.820504
palmeolje,2018-08,615.0,817.037351
palmeolje,2018-09,605.0,802.819295
palmeolje,2018-10,590.0,781.533899
palmeolje,2018-11,539.0,716.376975
palmeolje,2018-12,535.0,713.339012
palmeolje,2019-01,585.0,778.521882
palmeolje,2019-02,603.0,799.098569
palmeolje,2019-03,573.0,755.082729
palmeolje,2019-04,588.0,770.768075
palmeolje,2019-05,564.0,737.737688
palmeolje,2019-06,552.0,721.897378
palmeolje,2019-07,544.0,710.248313
palmeolje,2019-08,586.0,765.122428
palmeolje,2019-09,580.0,756.695578
palmeolje,2019-10,591.0,769.287963
palmeolje,2019-11,685.0,892.123495
palmeolje,2019-12,764.0,995.916785
palmeolje,2020-01,810.0,1051.799621
palmeolje,2020-02,729.0,944.032426
palmeolje,2020-03,636.0,825.396742
palmeolje,2020-04,609.0,795.67696
palmeolje,2020-05,577.0,753.853288
palmeolje,2020-06,656.0,852.402782
palmeolje,2020-07,694.0,897.241307
palmeolje,2020-08,760.0,979.481221
palmeolje,2020-09,796.0,1024.450899
palmeolje,2020-10,819.0,1053.614683
palmeolje,2020-11,918.0,1181.696275
palmeolje,2020-12,1016.0,1306.616706
palmeolje,2021-01,990.0,1267.786774
palmeolje,2021-02,1020.0,1299.092824
palmeolje,2021-03,1030.0,1302.60234
palmeolje,2021-04,1078.0,1352.19259
palmeolje,2021-05,1136.0,1413.611991
palmeolje,2021-06,1004.0,1237.853778
palmeolje,2021-07,1063.0,1304.321711
palmeolje,2021-08,1142.0,1398.367347
palmeolje,2021-09,1181.0,1442.205461
palmeolje,2021-10,1310.0,1586.555503
palmeolje,2021-11,1341.0,1616.159066
palmeolje,2021-12,1270.0,1525.902253
palmeolje,2022-01,1345.0,1602.529984
palmeolje,2022-02,1522.0,1797.006725
palmeolje,2022-03,1777.0,2070.438881
palmeolje,2022-04,1683.0,1950.030404
palmeolje,2022-05,1717.0,1967.733599
palmeolje,2022-06,1501.0,1696.8826
palmeolje,2022-07,1057.0,1195.081141
palmeolje,2022-08,1026.0,1160.442717
palmeolje,2022-09,909.0,1025.90503
palmeolje,2022-10,889.0,999.279291
palmeolje,2022-11,946.0,1064.425164
palmeolje,2022-12,940.0,1060.931209
palmeolje,2023-01,942.0,1054.755356
palmeolje,2023-02,950.0,1057.808137
palmeolje,2023-03,972.0,1078.733352
palmeolje,2023-04,1005.0,1109.742783
palmeolje,2023-05,934.0,1028.752199
palmeolje,2023-06,817.0,896.98652
palmeolje,2023-07,879.0,963.219133
palmeolje,2023-08,861.0,939.392038
palmeolje,2023-09,830.0,903.32468
palmeolje,2023-10,804.0,875.363359
palmeolje,2023-11,830.0,905.49583
palmeolje,2023-12,814.0,888.923474
palmeolje,2024-01,845.0,917.77723
palmeolje,2024-02,857.0,925.084782
palmeolje,2024-03,943.0,1011.379366
palmeolje,2024-04,936.0,999.978568
palmeolje,2024-05,859.0,916.193002
palmeolje,2024-06,874.0,931.877202
palmeolje,2024-07,896.0,954.225472
palmeolje,2024-08,933.0,992.821827
palmeolje,2024-09,983.0,1044.352349
palmeolje,2024-10,1077.0,1142.903404
palmeolje,2024-11,1169.0,1241.205415
palmeolje,2024-12,1190.0,1263.054134
palmeolje,2025-01,1070.0,1128.301293
palmeolje,2025-02,1067.0,1120.162403
palmeolje,2025-03,1068.0,1118.698432
palmeolje,2025-04,994.0,1037.952961
palmeolje,2025-05,908.0,946.174047
palmeolje,2025-06,935.0,970.998664
palmeolje,2025-07,976.0,1012.049231
palmeolje,2025-08,1026.0,1060.848581
palmeolje,2025-09,1037.0,1069.502032
palmeolje,2025-10,1038.0,1070.533374
palmeolje,2025-11,983.0,1015.930236
palmeolje,2025-12,980.0,1013.042271
palmeolje,2026-01,1013.0,1043.297935
palmeolje,2026-02,1064.0,1090.68262
palmeolje,2026-03,1167.0,1183.846972
palmeolje,2026-04,1181.0,1187.950814
palmeolje,2026-05,1168.0,1167.501604
palmeolje,2026-06,1142.0,1145.515403
palmeolje,2026-07,1133.0,1136.603418
palmeolje,2026-08,1132.0,1132.0
palmeolje,2026-09,1180.0,1180.0
